Tipo_Fundo_Classe;CNPJ_Fundo_Classe;Data_Referencia;Versao;Data_Entrega;Nome_Fundo_Classe;Data_Funcionamento;Publico_Alvo;Codigo_ISIN;Quantidade_Cotas_Emitidas;Fundo_Exclusivo;Cotistas_Vinculo_Familiar;Mandato;Segmento_Atuacao;Tipo_Gestao;Prazo_Duracao;Data_Prazo_Duracao;Encerramento_Exercicio_Social;Mercado_Negociacao_Bolsa;Mercado_Negociacao_MBO;Mercado_Negociacao_MB;Entidade_Administradora_BVMF;Entidade_Administradora_CETIP;Nome_Administrador;CNPJ_Administrador;Logradouro;Numero;Complemento;Bairro;Cidade;Estado;CEP;Telefone1;Telefone2;Telefone3;Site;Email;_data;_versao;_cnpj;Total_Numero_Cotistas;Numero_Cotistas_Pessoa_Fisica;Patrimonio_Liquido;Valor_Patrimonial_Cotas;Cotas_Emitidas;Percentual_Rentabilidade_Efetiva_Mes;Percentual_Dividend_Yield_Mes;Percentual_Amortizacao_Cotas_Mes;Percentual_Despesas_Taxa_Administracao
Classe;10.522.648/0001-81;2026-07-01;1;2026-08-14;DOVEL FII;2021-03-19;INVESTIDOR QUALIFICADO;BRDOVLCTF006;66406.0074;N;N;;Escritórios;Ativa;Determinado;2045-03-19;31/12;S;N;N;S;N;BRL TRUST DTVM S.A.;13486793000142;Rua Alves Guimarães;1216;;Pinheiros;São Paulo;SP;05410-002;(11) 3509-0600;;;www.apexgroup.com/apex-brazil/;infolegal@apexgroup.com;2026-07-01;1;10522648000181;101;;38751862.33;583.559588164609;66406.0074;0.013619;0.01104;;0.000961960219680622
Classe;11.945.604/0001-27;2026-07-01;2;2026-08-26;RB CAPITAL DESENVOLVIMENTO RESIDENCIAL II FII - FII;2010-09-27;INVESTIDOR QUALIFICADO;BRRBDSCTF006;126523;N;N;;Residencial;Ativa;Determinado;2026-12-31;30/06;S;N;N;S;N;OLIVEIRA TRUST DTVM S.A.;36113876000191;Av. das Américas;3434;Bl. 7 Grupo 201;Barra da Tijuca;Rio de Janeiro;RJ;22640-102;(21) 3514-0000;;;www.oliveiratrust.com.br;ger2.fundos@oliveiratrust.com.br;2026-07-01;2;11945604000127;806;;3114522.96;24.6162591781731;126523;-0.001581;0;0;0.001846
Classe;12.969.125/0001-03;2026-07-01;1;2026-08-12;FII CAIXA INCORPORAÇÃO;2012-05-31;INVESTIDOR PROFISSIONAL;BRINCPCTF008;467;N;N;;Residencial;Ativa;Determinado;2028-12-30;31/12;N;S;N;N;S;CAIXA ECONOMICA FEDERAL;00360305000104;AVENIDA PAULISTA;750;9º Andar;Jardim Paulista;São Paulo;SP;01310-908;(11) 3572-4400;;;www.caixa.gov.br;geafi06@caixa.gov.br;2026-07-01;1;12969125000103;1;;195466330.16;418557.452162741;467;0.013294;0;0;0.000545
Classe;12.989.974/0001-29;2026-07-01;1;2026-08-07;CAIXA FUNDO DE INVESTIMENTO IMOBILIARIO PORTO MARAVILHA;2011-05-27;INVESTIDOR QUALIFICADO;BRPMRVCTF001;4735662339.00747;N;N;;Multicategoria;Ativa;Determinado;2064-11-25;31/12;N;N;S;N;N;CAIXA ECONÔMICA FEDERAL;00360305000104;AVENIDA PAULISTA;750;9º ANDAR;BELA VISTA;SÃO PAULO;SP;01310-908;11 3572.4400;;;www.caixa.gov.br;geafi06@caixa.gov.br;2026-07-01;1;12989974000129;1;;6926790721.66;1.46268678503623;4735662339.00747;0.000322;0;0;0.000182508
Classe;13.020.465/0001-56;2026-07-01;1;2026-08-12;FII CAIXA DESENVOLVIMENTO IMOBILIARIO;2013-05-01;INVESTIDOR QUALIFICADO;BRCXDSCTF002;297.7;S;N;;Multicategoria;Ativa;Determinado;2029-06-30;31/12;N;S;N;N;S;CAIXA ECONOMICA FEDERAL;00360305000104;AVENIDA PAULISTA;750;9º Andar;Jardim Paulista;São Paulo;SP;01310-908;(11) 3572-4400;;;www.caixa.gov.br;geafi06@caixa.gov.br;2026-07-01;1;13020465000156;1;;-12883882.11;-43278.0722539469;297.7;-0.00572;0;0;0
Classe;13.509.993/0001-73;2026-07-01;1;2026-08-12;POLO MULTISETORIAL CI DE FI IMOBILIARIO - RL;2011-11-14;INVESTIDOR PROFISSIONAL;BRPLO4CTF008;106.95516384;S;N;;Multicategoria;Ativa;Determinado;2038-03-20;31/12;N;N;S;N;N;SANTANDER CACEIS BRASIL DTVM S.A.;62318407000119;Rua Amador Bueno;474;;Santo Amaro;São Paulo;SP;04752-005;(11) 5538-5489;;;www.s3dtvm.com.br;SC_fundosimobiliarios@s3caceis.com.br;2026-07-01;1;13509993000173;5;;18588944.29;173801.279177209;106.95516384;-0.001582;0;0.218243225171234;0.001076
Classe;13.842.683/0001-76;2026-07-01;1;2026-08-13;VECTOR QUELUZ LAJES CORPORATIVAS FUNDO DE INVESTIMENTO IMOB;2012-11-14;INVESTIDOR QUALIFICADO;BRVLJSCTF004;26068.6439189;N;N;;Escritórios;Definida;Determinado;2021-07-14;31/12;S;S;N;S;N;PLANNER CORRETORA DE VALORES S.A.;00806535000154;Avenida Brigadeiro Faria Lima;3900;10º andar;Itaim Bibi;São Paulo;SP;04538-132;(11) 2172-2600;0800 179 444;(11) 2172-2667;www.planner.com.br;informacoesregulatorias@planner.com.br;2026-07-01;1;13842683000176;9;0;16713684.45;641.141307618323;26068.6439189;0.122447;0;0;0.000418
Classe;14.088.246/0001-71;2026-07-01;1;2026-08-13;FUNDO DE INVESTIMENTO IMOBILIÁRIO RAILWAY MALL I - FII;2012-07-30;INVESTIDOR QUALIFICADO;BRRWYMCTF001;230.69976;N;N;;Shoppings;Ativa;Determinado;2026-07-30;31/12;N;S;N;N;S;PLANNER CORRETORA DE VALORES S.A.;00806535000154;Avenida Brigadeiro Faria Lima;3900;10º andar;Itaim Bibi;São Paulo;SP;04538-132;(11) 2172-2600;0800 179 444;(11) 2172-2667;www.planner.com.br;informacoesregulatorias@planner.com.br;2026-07-01;1;14088246000171;9;0;94593681.94;410029.390320996;230.69976;0.006734;0;0;0.000137
Classe;14.423.780/0001-97;2026-07-01;1;2026-08-14;KINEA II REAL ESTATE EQUITY FII RESPONSABILIDADE LIMITADA;2011-12-01;INVESTIDOR QUALIFICADO;BRKNRECTF006;18547161.2;N;N;;Residencial;Ativa;Determinado;2023-08-14;30/06;S;N;N;S;N;INTRAG DISTRIBUIDORA DE TÍTULOS E VALORES MOBILIÁRIOS LTDA;62418140000131;AV BRIGADEIRO FARIA LIMA;3400;10º Andar;ITAIM BIBI;SÃO PAULO;SP;04538132;55 (11) 30726012;;;www.intrag.com.br;produtosestruturados@itau-unibanco.com.br;2026-07-01;1;14423780000197;5264;;11933668.58;0.643422918004293;18547161.2;0.002325;0;0;4.3E-05
Classe;14.631.148/0001-39;2026-07-01;1;2026-08-07;HAZ FUNDO DE INVESTIMENTO IMOBILIARIO;2012-04-01;INVESTIDORES EM GERAL;BRATCRCTF008;928908.19633869;N;N;;Multicategoria;Ativa;Determinado;2023-11-09;30/06;S;N;N;S;N;RJI CTVM LTDA;42066258000130;AVENIDA RIO BRANCO;138;4º ANDAR - SALA 402;CENTRO;RIO DE JANERIO;RJ;20040-002;21-3500-4514;21-3500-4514;;www.rjicv.com.br;controladoria.fundos@rjicv.com.br;2026-07-01;1;14631148000139;33;;68965403.04;74.2435079288013;928908.19633869;0.003404;0;0;0.000182700302537084
Fundo;16.685.929/0001-31;2026-07-01;1;2026-08-11;FUNDO DE INVESTIMENTO IMOBILIÁRIO MACAM SHOPPING;2012-09-27;INVESTIDORES EM GERAL;BRFRLSCTF000;872900;N;N;;Shoppings;Ativa;Determinado;2026-09-27;31/12;S;N;N;S;N;MASTER SA CCTVM;33886862000112;PRAIA DE BOTAFOGO;228;1702;BOTAFOGO;RIO DE JANEIRO;RJ;22250906;2145020100;;;www.mastercctvm.com.br;contabilidade.fundos@mastercctvm.com.br;2026-07-01;1;16685929000131;120;87;468489330.16;536.704468049032;872900;-0.001024;0;0;0.03452
Classe;16.841.067/0001-99;2026-07-01;1;2026-08-13;SINGULARE FUNDO DE INVESTIMENTO IMOBILIÁRIO - FII;2014-03-10;INVESTIDORES EM GERAL;BRREITCTF007;26291;N;N;;Outros;Ativa;Determinado;2028-11-30;2026-12-31 00:00:00;S;S;N;S;S;QI CORRETORA DE TITULOS E VALORES MOBILIARIOS S.A;62285390000144;AVENIDA REBOUÇAS;2942;7º AO 12º ANDAR;JARDIM PAULISTANO;SÃO PAULO;SP;05402-500;(11) 2827-3500;;;https://qitech.com.br/dtvm/;fii.adm@qitech.com.br;2026-07-01;1;16841067000199;59;52;7806383.88;296.922288235518;26291;-0.011401;0;0;0.00185998
Classe;16.929.519/0001-99;2026-07-01;1;2026-08-13;HEDGE REALTY DEVELOPMENT FUNDO DE INVESTIMENTO IMOBILIÁRIO;2013-12-20;INVESTIDOR QUALIFICADO;BRHRDFCTF000;1517425;N;N;;Multicategoria;Ativa;Determinado;2024-12-02;31/12;S;N;N;S;N;HEDGE INVESTMENTS DTVM LTDA;07253654000176;AVENIDA BRIGADEIRO FARIA LIMA;3600;11º ANDAR CJ 112;ITAIM BIBI;SÃO PAULO;SP;04538-132;(11) 5412-5400;;;www.hedgeinvest.com.br;dtvm@hedgeinvest.com.br;2026-07-01;1;16929519000199;825;;12113412.1;7.9828736840371;1517425;-0.000266;0;0;0.000685
Classe;18.259.637/0001-62;2026-07-01;1;2026-08-14;ETR PROP FII RL;2013-09-05;INVESTIDOR QUALIFICADO;BRETPPCTF006;185;N;N;;Multicategoria;Definida;Determinado;2026-07-16;30/06;S;N;N;S;N;BTG PACTUAL SERVICOS FINANCEIROS S.A. DISTRIBUIDOR;59281253000123;Praia de Botafogo;501;6º Andar;Botafogo;Rio de Janeiro;RJ;22.250-040;55 11 3383-3102;;;www.btgpactual.com;ri.fundoslistados@btgpactual.com;2026-07-01;1;18259637000162;6;6;30743546.37;166181.33173;185;-0.051785;-0.055076;0;0.000755
Classe;19.249.989/0001-08;2026-07-01;2;2026-08-26;RB CAPITAL DESENVOLVIMENTO RESIDENCIAL III FII - FII;2019-04-30;INVESTIDOR QUALIFICADO;BRRSPDCTF006;149011;N;N;;Residencial;Ativa;Determinado;2027-04-30;30/06;S;N;N;S;N;OLIVEIRA TRUST DTVM S.A.;36113876000191;Av. das Américas;3434;Bl. 7 Grupo 201;Barra da Tijuca;Rio de Janeiro;RJ;22640-102;(21) 3514-0000;;;www.oliveiratrust.com.br;ger2.fundos@oliveiratrust.com.br;2026-07-01;2;19249989000108;192;;116503449.91;781.84462831603;149011;-0.001014;0;0;0.001504
Classe;20.019.120/0001-48;2026-07-01;1;2026-08-12;FII 4KIDS RL;2014-11-13;INVESTIDOR QUALIFICADO;BR00GECTF009;1648957;S;N;;Shoppings;Ativa;Determinado;2064-11-11;30/06;S;N;N;S;N;BTG PACTUAL SERVICOS FINANCEIROS S.A. DISTRIBUIDOR;59281253000123;Praia de Botafogo;501;6º Andar;Botafogo;Rio de Janeiro;RJ;22.250-040;55 11 3383-3102;;;www.btgpactual.com;ri.fundoslistados@btgpactual.com;2026-07-01;1;20019120000148;1;0;528565631.78;320.545431;1648957;-1E-06;-1E-06;0;0.000333
Classe;22.211.522/0001-75;2026-07-01;1;2026-08-14;FUNDO DE INVESTIMENTO IMOBILIÁRIO CAIXA CONVIDA SUAPE RL;2015-05-21;INVESTIDOR QUALIFICADO;BRCXSPCTF006;180;S;N;;Multicategoria;Ativa;Determinado;2027-04-22;31/12;N;S;N;N;S;CAIXA ECONÔMICA FEDERAL;00360305000104;AVENIDA PAULISTA;750;9 ANDAR;CERQUEIRA CÉSAR;SÃO PAULO;SP;01310300;11 3572.4400;;;www.caixa.gov.br;geafi06@caixa.gov.br;2026-07-01;1;22211522000175;1;;73464149.58;408134.164333333;180;0.000231;0;0;0.132549
Classe;23.964.843/0001-03;2026-06-01;1;2026-07-15;BRIO REAL ESTATE II;2018-07-06;INVESTIDORES EM GERAL;BRBRIMCTF008;0;N;N;;Residencial;Ativa;Determinado;2026-06-30;30/06;S;N;N;S;N;BRL TRUST DTVM S.A.;13486793000142;Rua Alves Guimarães;1216;;Pinheiros;São Paulo;SP;05410-002;(11) 3509-0600;;;www.apexgroup.com/apex-brazil/;infolegal@apexgroup.com;2026-06-01;1;23964843000103;714;680;0;0;0;0;0;;
Classe;23.964.908/0001-10;2026-01-01;1;2026-02-12;PRIME 16 - FI IMOBILIÁRIO RL;2016-01-04;INVESTIDOR PROFISSIONAL;BR00KGCTF006;542458.95695689;S;N;;Multicategoria;Definida;Determinado;2030-12-23;31/12;N;N;S;N;N;SANTANDER CACEIS BRASIL DTVM S.A.;62318407000119;Rua Amador Bueno;474;;Santo Amaro;São Paulo;SP;04752-005;(11) 5538-5489;;;www.s3dtvm.com.br;SC_fundosimobiliarios@s3caceis.com.br;2026-01-01;1;23964908000110;1;;21231406.84;39.1391948970755;542458.95695689;0.019272;0;0.19880661251642;0.00454
Classe;26.642.727/0001-66;2026-07-01;1;2026-08-14;DIAMANTE FII RL;2016-11-10;INVESTIDORES EM GERAL;BRDAMTCTF007;17779747;N;N;;Shoppings;Definida;Determinado;2027-02-14;31/12;S;N;N;S;N;BTG PACTUAL SERVICOS FINANCEIROS S.A. DISTRIBUIDOR;59281253000123;Praia de Botafogo;501;6º Andar;Botafogo;Rio de Janeiro;RJ;22.250-040;55 11 3383-3102;;;www.btgpactual.com;ri.fundoslistados@btgpactual.com;2026-07-01;1;26642727000166;581;579;258801445.93;14.555969;17779747;0.014549;0.007283;0;0.000124
Classe;28.899.178/0001-35;2026-07-01;1;2026-08-14;HIRE PROPERTIES I FII RESP LIMITADA;2019-07-01;INVESTIDORES EM GERAL;BRHYPICTF004;1306304.2006;N;N;;Multicategoria;Ativa;Determinado;2029-07-01;30/06;S;N;N;S;N;VÓRTX DTVM LTDA;22610500000188;Rua Gilberto Sabino;215;4º ANDAR;Pinheiros;São Paulo;SP;5425020;11 3030-7177;;;www.vortx.com.br;fundos@vortx.com.br;2026-07-01;1;28899178000135;105;99;2848487.22;2.18056959;1306304.2006;0.26290137;0;0;0.008444
Classe;29.299.737/0001-39;2026-07-01;2;2026-08-26;RB CAPITAL TFO SITUS FUNDO DE INVESTIMENTO IMOBILIÁRIO - FII;2018-07-30;INVESTIDOR QUALIFICADO;BRRBTSCTF002;56525;N;N;;Multicategoria;Ativa;Determinado;2027-06-30;31/12;S;N;N;S;N;OLIVEIRA TRUST DTVM S.A.;36113876000191;Av. das Américas;3434;Bl. 7 Grupo 201;Barra da Tijuca;Rio de Janeiro;RJ;22640-102;(21) 3514-0000;;;www.oliveiratrust.com.br;ger2.fundos@oliveiratrust.com.br;2026-07-01;2;29299737000139;123;;13963957.56;247.040381424149;56525;-0.001168;0;0;0.000937
Classe;30.816.679/0001-52;2026-07-01;1;2026-08-14;KINEA CO INVESTIMENTO FII RESPONSABILIDADE LIMITADA;2019-03-22;INVESTIDOR QUALIFICADO;BR003HCTF006;555995.18142;N;N;;Multicategoria;Ativa;Determinado;2033-03-21;30/06;S;N;N;S;N;INTRAG DISTRIBUIDORA DE TÍTULOS E VALORES MOBILIÁRIOS LTDA;62418140000131;AV BRIGADEIRO FARIA LIMA;3400;10º Andar;ITAIM BIBI;SÃO PAULO;SP;04538132;55 (11) 30726012;;;www.intrag.com.br;produtosestruturados@itau-unibanco.com.br;2026-07-01;1;30816679000152;5;;95867849.09;172.425683339837;555995.18142;0.032159;0;0;0.001723
Classe;31.161.410/0001-48;2026-07-01;2;2026-08-26;RB CAPITAL DESENVOLVIMENTO RESIDENCIAL IV FII;2020-02-20;INVESTIDORES EM GERAL;BRRBIRCTF007;1528615;S;N;;Residencial;Ativa;Determinado;2027-08-20;30/06;S;N;N;S;N;OLIVEIRA TRUST DTVM S.A.;36113876000191;Av. das Américas;3434;Bl. 7 Grupo 201;Barra da Tijuca;Rio de Janeiro;RJ;22640-102;(21) 3514-0000;;;www.oliveiratrust.com.br;ger2.fundos@oliveiratrust.com.br;2026-07-01;2;31161410000148;1445;;123751511.45;80.9566250821822;1528615;-0.000953;0;0;0.000167
Classe;31.772.231/0001-47;2026-07-01;1;2026-08-14;JACARANDA I FUNDO DE INVESTIMENTO IMOBILIARIO;2020-01-28;INVESTIDOR QUALIFICADO;BRJCDACTF009;15303215.9133521;N;N;;Outros;Ativa;Determinado;2023-11-15;31/12;N;N;S;N;N;BRL TRUST DTVM S.A.;13486793000142;Rua Alves Guimarães;1216;;Pinheiros;São Paulo;SP;05410-002;(11) 3509-0600;;;www.apexgroup.com/apex-brazil/;infolegal@apexgroup.com;2026-07-01;1;31772231000147;104;;441068549.81;28.8219516935108;15303215.9133521;-0.000228;;;0.000204963695640832
Classe;31.907.591/0001-09;2026-07-01;1;2026-08-14;SBC FUNDO DE INVESTIMENTO IMOBILIÁRIO;2019-11-08;INVESTIDOR PROFISSIONAL;BR0EZ0CTF005;134266;N;N;;Logística;Ativa;Determinado;2023-11-08;31/12;N;N;S;N;N;BRL TRUST DTVM S.A.;13486793000142;Rua Alves Guimarães;1216;;Pinheiros;São Paulo;SP;05410-002;(11) 3509-0600;;;www.apexgroup.com/apex-brazil/;infolegal@apexgroup.com;2026-07-01;1;31907591000109;1;;287117915.19;2138.42607354058;134266;0.00748;0.007204;;9.26743633617981E-05
Classe;32.274.197/0001-43;2026-07-01;1;2026-08-14;SNOWBIRD MASTER FII RESP LIMITADA;2019-09-02;INVESTIDORES EM GERAL;;746905018.8496;N;N;;Outros;Ativa;Determinado;2029-10-01;31/12;N;N;S;N;N;MAF DTVM;36864992000142;Rua Alves Guimarães;1216;;Pinheiros;São Paulo;SP;05410-002;(11) 3509-0600;;;www.apexgroup.com/apex-brazil/;infolegal@apexgroup.com;2026-07-01;1;32274197000143;3;;766424417.73;1.02613370962544;746905018.8496;0.008265;;;8.97283520841929E-05
Classe;32.317.313/0001-64;2026-07-01;1;2026-08-14;EVEN II KINEA FII RESPONSABILIDADE LIMITADA;2020-02-13;INVESTIDOR QUALIFICADO E PROFISSIONAL;BRKEVECTF007;147700.99711;N;N;;Residencial;Definida;Determinado;2027-02-13;30/06;S;N;N;S;N;INTRAG DISTRIBUIDORA DE TÍTULOS E VALORES MOBILIÁRIOS LTDA;62418140000131;AV BRIGADEIRO FARIA LIMA;3400;10º Andar;ITAIM BIBI;SÃO PAULO;SP;04538132;55 (11) 30726012;;;www.intrag.com.br;produtosestruturados@itau-unibanco.com.br;2026-07-01;1;32317313000164;416;;54180063.72;366.822599576965;147700.99711;0.029323;0.054004;0;0.001376
Classe;34.736.474/0001-18;2026-07-01;1;2026-08-14;RBR DESENVOLVIMENTO COMERCIAL I FII;2019-08-23;INVESTIDOR PROFISSIONAL;BRRDCICTF005;3054449;N;N;;Multicategoria;Ativa;Determinado;2025-09-25;30/06;N;N;S;N;N;BRL TRUST DTVM S.A.;13486793000142;Rua Alves Guimarães;1216;;Pinheiros;São Paulo;SP;05410-002;(11) 3509-0600;;;www.apexgroup.com/apex-brazil/;infolegal@apexgroup.com;2026-07-01;1;34736474000118;127;;272258970.89;89.1352158408931;3054449;0.000926;;;0.00142598147907074
Classe;34.895.752/0001-80;2026-07-01;1;2026-08-14;BRIO REAL ESTATE III FUNDO DE INVESTIMENTO IMOBILIÁRIO;2020-10-23;INVESTIDORES EM GERAL;BRBRIPCTF001;215475;N;N;;Residencial;Ativa;Determinado;2026-10-16;30/06;S;N;N;S;N;BRL TRUST DTVM S.A.;13486793000142;Rua Alves Guimarães;1216;;Pinheiros;São Paulo;SP;05410-002;(11) 3509-0600;;;www.apexgroup.com/apex-brazil/;infolegal@apexgroup.com;2026-07-01;1;34895752000180;384;;123449186.77;572.916518250377;215475;-0.003897;;;0.00182849661391901
Classe;34.895.894/0001-47;2026-07-01;1;2026-08-14;VBI OFFICE FUND II FII;2019-12-27;INVESTIDORES EM GERAL;BRBLMOCTF009;994814;N;N;;Escritórios;Ativa;Determinado;2023-12-27;31/12;S;N;N;S;N;BRL TRUST DTVM S.A.;13486793000142;Rua Alves Guimarães;1216;;Pinheiros;São Paulo;SP;05410-002;(11) 3509-0600;;;www.apexgroup.com/apex-brazil/;infolegal@apexgroup.com;2026-07-01;1;34895894000147;267;;98094452.02;98.6058218119166;994814;0.005945;0.003558;;0.000910730914545354
Classe;35.652.174/0001-13;2026-07-01;1;2026-08-12;PATRIA RBR FII;2020-08-12;INVESTIDOR PROFISSIONAL;BR04T0CTF001;461030;N;N;;Outros;Ativa;Determinado;2026-08-12;30/06;S;N;N;S;N;BTG PACTUAL SERVICOS FINANCEIROS S.A. DISTRIBUIDOR;59281253000123;Praia de Botafogo;501;6º Andar;Botafogo;Rio de Janeiro;RJ;22.250-040;55 11 3383-3102;;;www.btgpactual.com;ri.fundoslistados@btgpactual.com;2026-07-01;1;35652174000113;2;0;17458900.27;37.869337;461030;-2E-06;-2E-06;0;0.001146
Classe;35.688.460/0001-39;2026-07-01;1;2026-08-13;HEDGE PALADIN DESIGN OFFICES FUNDO DE INVESTIMENTO IMOB;2021-06-14;INVESTIDOR QUALIFICADO;BRHDOFCTF007;3370000;N;N;;Escritórios;Ativa;Determinado;2028-10-28;30/06;S;N;N;S;N;HEDGE INVESTMENTS DTVM LTDA;07253654000176;AVENIDA BRIGADEIRO FARIA LIMA;3600;11º ANDAR CJ 112;ITAIM BIBI;SÃO PAULO;SP;04538-132;(11) 5412-5400;;;www.hedgeinvest.com.br;dtvm@hedgeinvest.com.br;2026-07-01;1;35688460000139;120;;313078864.83;92.901740305638;3370000;-0.000778;0;0;0.000776
Classe;35.689.497/0001-81;2026-07-01;1;2026-08-13;HEDGE SEED FUNDO DE INVESTIMENTO IMOBILIÁRIO;2021-07-27;INVESTIDOR PROFISSIONAL;BRSEEDCTF008;1640000;N;N;;Multicategoria;Ativa;Determinado;2026-12-12;30/06;S;N;N;S;N;HEDGE INVESTMENTS DTVM LTDA;07253654000176;AVENIDA BRIGADEIRO FARIA LIMA;3600;11º ANDAR CJ 112;ITAIM BIBI;SÃO PAULO;SP;04538-132;(11) 5412-5400;;;www.hedgeinvest.com.br;dtvm@hedgeinvest.com.br;2026-07-01;1;35689497000181;131;;145829466.32;88.9204062926829;1640000;-0.026431;0.008466;0;0.000183
Classe;35.689.670/0001-41;2026-07-01;1;2026-08-12;PATRIA D FEEDER FII;2025-06-17;INVESTIDOR PROFISSIONAL;BRRCFFCTF006;323200;N;N;;Outros;Ativa;Determinado;2031-06-17;17/12;S;N;N;S;N;BTG PACTUAL SERVICOS FINANCEIROS S.A. DISTRIBUIDOR;59281253000123;Praia de Botafogo;501;6º Andar;Botafogo;Rio de Janeiro;RJ;22.250-040;55 11 3383-3102;;;www.btgpactual.com;ri.fundoslistados@btgpactual.com;2026-07-01;1;35689670000141;113;112;33389435.23;103.308896;323200;-3E-06;-3E-06;0;0.001005
Classe;36.200.654/0001-06;2026-07-01;1;2026-08-14;VINCI FULWOOD DESENV LOGÍSTICO FUNDO DE INVEST IMOBILIÁRIO;2021-02-25;INVESTIDOR QUALIFICADO;BR06X4CTF005;3156741.93823179;N;N;;Logística;Ativa;Determinado;2026-01-13;30/06;N;N;S;N;N;BRL TRUST DTVM S.A.;13486793000142;Rua Alves Guimarães;1216;;Pinheiros;São Paulo;SP;05410-002;(11) 3509-0600;;;www.apexgroup.com/apex-brazil/;infolegal@apexgroup.com;2026-07-01;1;36200654000106;111;;419558448.23;132.90869397611;3156741.93823179;0.001004;6E-06;;0.00130099077328261
Classe;36.200.701/0001-11;2026-07-01;1;2026-08-12;TELLUS DESENVOLVIMENTO LOGÍSTICO FUNDO DE INV. IMOBILIÁRIO;2021-07-08;INVESTIDOR PROFISSIONAL;BRTELDCTF001;469760.1875;N;N;;Multicategoria;Ativa;Determinado;2029-11-24;31/12;N;N;S;N;N;BRL TRUST DTVM S.A.;13486793000142;Rua Alves Guimarães;1216;;Pinheiros;São Paulo;SP;05410-002;(11) 3509-0600;;;www.apexgroup.com/apex-brazil/;infolegal@apexgroup.com;2026-07-01;1;36200701000111;2;;11596514.98;24.6860319128257;469760.1875;0.001596;;;0.000281811389511093
Classe;36.368.925/0001-37;2026-07-01;1;2026-08-14;TRX REAL ESTATE II FUNDO DE INVESTIMENTO IMOBILIÁRIO - FII;2020-03-16;INVESTIDOR PROFISSIONAL;BRTRXBCTF002;4066022;N;N;;Multicategoria;Definida;Determinado;2035-03-16;31/12;S;N;N;S;N;BRL TRUST DTVM S.A.;13486793000142;Rua Alves Guimarães;1216;;Pinheiros;São Paulo;SP;05410-002;(11) 3509-0600;;;www.apexgroup.com/apex-brazil/;infolegal@apexgroup.com;2026-07-01;1;36368925000137;906;;427069557.03;105.03375462061;4066022;-0.041359;0.009041;;0.00019192911002608
Classe;37.899.400/0001-90;2026-07-01;1;2026-08-14;PANORAMA DESENVOLVIMENTO LOGÍSTICO - FII;2024-09-03;INVESTIDOR PROFISSIONAL;BRPNDLCTF000;144332;N;N;;Multicategoria;Ativa;Determinado;2025-09-30;31/12;S;N;N;S;N;BRL TRUST DTVM S.A.;13486793000142;Rua Alves Guimarães;1216;;Pinheiros;São Paulo;SP;05410-002;(11) 3509-0600;;;www.apexgroup.com/apex-brazil/;infolegal@apexgroup.com;2026-07-01;1;37899400000190;57;;12974048.72;89.8903134440041;144332;3.8E-05;;;0
Classe;38.456.598/0001-09;2026-07-01;1;2026-08-14;FII ROOFTOP I;2020-11-26;INVESTIDOR QUALIFICADO;BRROOFCTF003;77495;N;N;;Multicategoria;Ativa;Determinado;2026-01-25;31/12;N;S;N;S;N;VÓRTX DTVM LTDA;22610500000188;Rua Gilberto Sabino;215;4º ANDAR;Pinheiros;São Paulo;SP;5425020;11 3030-7177;;;www.vortx.com.br;fundos@vortx.com.br;2026-07-01;1;38456598000109;82;51;21786752.1;281.13751984;77495;-0.00473877;0;0;0.000947
Classe;39.332.032/0001-20;2026-07-01;1;2026-08-14;BRIO CRÉDITO ESTRUTURADO - FUNDO DE INVESTIMENTO IMOBILIÁRIO;2021-02-22;INVESTIDORES EM GERAL;BRBICECTF007;133414;N;N;;Residencial;Ativa;Determinado;2028-02-22;30/06;S;S;N;S;N;BRL TRUST DTVM S.A.;13486793000142;Rua Alves Guimarães;1216;;Pinheiros;São Paulo;SP;05410-002;(11) 3509-0600;;;www.apexgroup.com/apex-brazil/;infolegal@apexgroup.com;2026-07-01;1;39332032000120;119;;106173431.32;795.819264245132;133414;0.00493;0.01204;;0.00082994623894576
Classe;40.011.279/0001-23;2026-07-01;1;2026-08-12;ALIANZA ITACA  FII;2021-04-14;INVESTIDOR QUALIFICADO;BR09T5CTF005;22980;N;N;;Residencial;Ativa;Determinado;2028-09-30;30/06;S;N;N;S;N;BTG PACTUAL SERVICOS FINANCEIROS S.A. DISTRIBUIDOR;59281253000123;Praia de Botafogo;501;6º Andar;Botafogo;Rio de Janeiro;RJ;22.250-040;55 11 3383-3102;;;www.btgpactual.com;ri.fundoslistados@btgpactual.com;2026-07-01;1;40011279000123;22;6;24015673.97;1045.068493;22980;-4.4E-05;-4.4E-05;0;0.000989
Classe;40.054.913/0001-05;2026-07-01;1;2026-08-14;BLUECAP DESENVOLVIMENTO LOGÍSTICO FII;2021-12-22;INVESTIDORES EM GERAL;;417875.0146;N;N;;Logística;Ativa;Determinado;2025-12-01;31/12;N;N;S;N;N;BRL TRUST DTVM S.A.;13486793000142;Rua Alves Guimarães;1216;;Pinheiros;São Paulo;SP;05410-002;(11) 3509-0600;;;www.apexgroup.com/apex-brazil/;infolegal@apexgroup.com;2026-07-01;1;40054913000105;11;;9813511;23.4843210460758;417875.0146;-0.00777;;;0.0875581838141313
Classe;41.076.748/0001-55;2026-07-01;1;2026-08-14;CATUAÍ VBI FII RL;2021-09-03;INVESTIDORES EM GERAL;BRBLCACTF009;1600000;N;N;;Escritórios;Ativa;Determinado;2032-03-03;31/12;S;N;N;S;N;BTG PACTUAL SERVICOS FINANCEIROS S.A. DISTRIBUIDOR;59281253000123;Praia de Botafogo;501;6º Andar;Botafogo;Rio de Janeiro;RJ;22.250-040;55 11 3383-3102;;;www.btgpactual.com;ri.fundoslistados@btgpactual.com;2026-07-01;1;41076748000155;491;452;199025658.15;124.391036;1600000;-0.019293;-0.014575;0;0.001005
Classe;41.080.968/0001-52;2026-07-01;1;2026-08-14;MAUA MPD FII RL;2021-09-17;INVESTIDOR PROFISSIONAL;BRMMPDCTF000;530497;N;N;;Multicategoria;Ativa;Determinado;2029-07-26;30/06;S;N;N;S;N;BTG PACTUAL SERVICOS FINANCEIROS S.A. DISTRIBUIDOR;59281253000123;Praia de Botafogo;501;6º Andar;Botafogo;Rio de Janeiro;RJ;22.250-040;55 11 3383-3102;;;www.btgpactual.com;ri.fundoslistados@btgpactual.com;2026-07-01;1;41080968000152;104;96;35100499.35;66.165312;530497;-2E-06;-2E-06;0;0.002026
Classe;41.081.336/0001-03;2026-07-01;1;2026-08-14;COSMIC FUNDO DE INVESTIMENTO IMOBILIÁRIO;2021-08-24;INVESTIDOR QUALIFICADO;BRCSMCCTF007;1886309.842;N;N;;Logística;Ativa;Determinado;2031-08-24;31/12;N;N;S;N;N;BRL TRUST DTVM S.A.;13486793000142;Rua Alves Guimarães;1216;;Pinheiros;São Paulo;SP;05410-002;(11) 3509-0600;;;www.apexgroup.com/apex-brazil/;infolegal@apexgroup.com;2026-07-01;1;41081336000103;1;;2052469565.37;1088.08718465564;1886309.842;-0.002038;;;3.39629542752483E-05
Classe;41.088.534/0001-07;2026-07-01;1;2026-08-12;LEBLON REALTY FII;2022-02-02;INVESTIDORES EM GERAL;BRLRDICTF006;370244;N;N;;Multicategoria;Ativa;Determinado;2027-12-31;31/12;S;N;N;S;N;BTG PACTUAL SERVICOS FINANCEIROS S.A. DISTRIBUIDOR;59281253000123;Praia de Botafogo;501;6º Andar;Botafogo;Rio de Janeiro;RJ;22.250-040;55 11 3383-3102;;;www.btgpactual.com;ri.fundoslistados@btgpactual.com;2026-07-01;1;41088534000107;147;144;28447701.11;76.835009;370244;-3E-06;-3E-06;0;0.002286
Classe;41.325.993/0001-59;2026-07-01;1;2026-08-13;CF3 FUNDO DE INVESTIMENTO IMOBILIÁRIO;2022-08-15;INVESTIDOR QUALIFICADO;BRCFIICTF009;126319;N;N;;Multicategoria;Ativa;Determinado;2027-08-14;2026-12-31 00:00:00;S;N;N;S;N;QI CORRETORA DE TITULOS E VALORES MOBILIARIOS S.A;62285390000155;AVENIDA REBOUÇAS;2942;7º AO 12º ANDAR;JARDIM PAULISTANO;SÃO PAULO;SP;05402-500;(11) 2827-3500;;;https://qitech.com.br/dtvm/;fii.adm@qitech.com.br;2026-07-01;1;41325993000159;106;86;25903852.01;205.06694962753;126319;0.176958;0.467225;0;0.00054337
Classe;41.978.154/0001-30;2026-07-01;1;2026-08-14;VINCI OPORTUNIDADE RESIDENCIAL FII RESP LTDA;2024-03-15;INVESTIDOR PROFISSIONAL;;390500;N;N;;Residencial;Ativa;Determinado;2030-03-15;31/12;N;N;S;N;N;BRL TRUST DTVM S.A.;13486793000142;Rua Alves Guimarães;1216;;Pinheiros;São Paulo;SP;05410-002;(11) 3509-0600;;;www.apexgroup.com/apex-brazil/;infolegal@apexgroup.com;2026-07-01;1;41978154000130;108;;49598889.47;127.013801459667;390500;0.006132;;;0.00128757681235237
Classe;42.537.601/0001-88;2026-07-01;1;2026-08-13;FII SPECIALE REAL ESTATE DEV;2023-06-30;INVESTIDOR QUALIFICADO E PROFISSIONAL;BRDVLPCTF003;711756;N;N;;Multicategoria;Definida;Determinado;2029-12-01;30/06;N;N;S;N;N;.BANCO DAYCOVAL S/A;62232889000190;Avenida Paulista;1793;2º Andar;Bela Vista;São Paulo;SP;01311200;0300 111 0500;11 3563-4389;11 3563-4318;www.daycoval.com.br/investimentos/servicos-fiduciarios;informes.regulatorios@bancodaycoval.com.br;2026-07-01;1;42537601000188;309;;104127135.68;146.29611226;711756;0.01259255;0;0;0.003277
Classe;42.737.059/0001-07;2026-07-01;1;2026-08-14;KINEA PREMIUM PROPERTIES FII RESPONSABILIDADE LIMITADA;2022-07-21;INVESTIDORES EM GERAL;BRKNPRCTF002;579911;N;N;;Multicategoria;Ativa;Determinado;2026-12-16;30/06;S;N;N;S;N;INTRAG DISTRIBUIDORA DE TÍTULOS E VALORES MOBILIÁRIOS LTDA;62418140000131;AV BRIGADEIRO FARIA LIMA;3400;10º Andar;ITAIM BIBI;SÃO PAULO;SP;04538132;55 (11) 30726012;;;www.intrag.com.br;produtosestruturados@itau-unibanco.com.br;2026-07-01;1;42737059000107;864;;16260867.45;28.0402810948577;579911;-0.248365;0;0.441877;0.001461
Classe;42.737.077/0001-99;2026-07-01;2;2026-08-14;ITAÚ TEMPUS FUNDO DE INVESTIMENTO IMOBILIÁRIO;2022-11-10;INVESTIDORES EM GERAL;BRTMPSCTF003;978968;N;N;;Outros;Ativa;Determinado;2028-11-10;30/06;S;N;N;S;N;INTRAG DISTRIBUIDORA DE TÍTULOS E VALORES MOBILIÁRIOS LTDA;62418140000131;AV BRIGADEIRO FARIA LIMA;3400;10º Andar;ITAIM BIBI;SÃO PAULO;SP;04538132;55 (11) 30726012;;;www.intrag.com.br;produtosestruturados@itau-unibanco.com.br;2026-07-01;2;42737077000199;1896;;75882180.49;77.5124217441224;978968;-0.005701;0.009025;0;0.000872
Classe;42.869.853/0001-04;2026-07-01;1;2026-08-14;FII HIRE RESIDENCIAL I - FII - RESP LIMI;2021-09-20;INVESTIDORES EM GERAL;BRHRESCTF001;468241.8656;N;N;;Multicategoria;Ativa;Determinado;2028-09-01;31/12;S;N;N;S;N;VÓRTX DTVM LTDA;22610500000188;Rua Gilberto Sabino;215;4º ANDAR;Pinheiros;São Paulo;SP;5425020;11 3030-7177;;;www.vortx.com.br;fundos@vortx.com.br;2026-07-01;1;42869853000104;133;121;36356119.12;77.64388832;468241.8656;-0.00191157;0;0.161145;0.000432
Classe;42.869.879/0001-52;2026-07-01;1;2026-08-12;JACARANDÁ 03 FUNDO DE INVESTIMENTO IMOBILIÁRIO - FII;2021-09-10;INVESTIDOR QUALIFICADO;BR0NP4CTF008;1354591.305;N;N;;Outros;Ativa;Determinado;2026-09-10;31/12;N;N;S;N;N;BRL TRUST DTVM S.A.;13486793000142;Rua Alves Guimarães;1216;;Pinheiros;São Paulo;SP;05410-002;(11) 3509-0600;;;www.apexgroup.com/apex-brazil/;infolegal@apexgroup.com;2026-07-01;1;42869879000152;49;;146990545.75;108.512837198523;1354591.305;-0.007349;;;0.000826951280300284
Classe;43.010.601/0001-98;2026-07-01;1;2026-08-12;CYRELA LOG FII RL;2022-06-21;INVESTIDOR QUALIFICADO;BRCYLDCTF005;1241847;N;N;;Logística;Ativa;Determinado;2029-05-30;31/12;S;N;N;S;N;BTG PACTUAL SERVICOS FINANCEIROS S.A. DISTRIBUIDOR;59281253000123;Praia de Botafogo;501;6º Andar;Botafogo;Rio de Janeiro;RJ;22.250-040;55 11 3383-3102;;;www.btgpactual.com;ri.fundoslistados@btgpactual.com;2026-07-01;1;43010601000198;122;109;156532302.06;126.047977;1241847;-1E-06;-1E-06;0;0.000662
Classe;43.011.068/0001-89;2026-07-01;1;2026-08-14;NM KSM FII RL;2022-03-03;INVESTIDOR QUALIFICADO;BRNMKSCTF023;305831;N;N;;Logística;Ativa;Determinado;2033-12-31;31/12;N;N;S;N;N;BTG PACTUAL SERVICOS FINANCEIROS S.A. DISTRIBUIDOR;59281253000123;Praia de Botafogo;501;6º Andar;Botafogo;Rio de Janeiro;RJ;22.250-040;55 11 3383-3102;;;www.btgpactual.com;ri.fundoslistados@btgpactual.com;2026-07-01;1;43011068000189;131;126;302556242.01;989.292263;305831;-3E-06;-3E-06;0;0.00078
Classe;43.164.799/0001-64;2026-07-01;1;2026-08-14;DJF JIVE PROPERTIES FII;2022-03-24;INVESTIDOR PROFISSIONAL;;42494086.2364356;N;N;;Outros;Ativa;Determinado;2030-12-01;31/12;N;S;N;N;S;MODAL DTVM LTDA;36864992000142;Rua Alves Guimarães;1216;;Pinheiros;Sâo Paulo;SP;05410-002;(11) 3509-0600;;;www.apexgroup.com/apex-brazil/;infolegal@apexgroup.com;2026-07-01;1;43164799000164;1;;990808.05;0.0233163750006808;42494086.2364356;-0.005667;;;0
Classe;44.514.162/0001-13;2026-07-01;1;2026-08-13;HEDGE DESENVOLVIMENTO LOGÍSTICO FUNDO DE INV IMOB;2022-09-09;INVESTIDOR QUALIFICADO;BRHDELCTF006;840000;N;N;;Logística;Definida;Determinado;2026-09-05;31/12;S;N;N;S;N;HEDGE INVESTMENTS DTVM LTDA;07253654000176;AVENIDA BRIGADEIRO FARIA LIMA;3600;11º ANDAR CJ 112;ITAIM BIBI;SÃO PAULO;SP;04538-132;(11) 5412-5400;;;www.hedgeinvest.com.br;dtvm@hedgeinvest.com.br;2026-07-01;1;44514162000113;133;;3835496.87;4.56606770238095;840000;0.015291;0;0;0.001356
Classe;44.669.639/0001-30;2026-07-01;1;2026-08-12;BRM FUNDO DE INVESTIMENTO IMOBILIARIO II;2022-09-02;INVESTIDOR QUALIFICADO E PROFISSIONAL;;197516.1;N;N;;Outros;Ativa;Determinado;2028-09-02;31/12;N;N;S;N;N;OURIBANK S.A. BANCO MULTIPLO;78632767000120;Av. Paulista;1728;Sobreloja, 2º, 3º, 4º, 5º e 7º andares;Bela Vista;São Paulo;SP;01310-919;4081-4402;4081-4576;4081-4444;ouribank.com;admfundos@ouribank.com;2026-07-01;1;44669639000130;2;0;19206209.45;97.2387033259567;197516.1;-0.072708;0;0;0.00024
Classe;45.120.786/0001-19;2026-07-01;1;2026-08-13;FII PLANTA DESENV URBANO RETROFIT;2022-09-16;INVESTIDOR QUALIFICADO;BR0DJMCTF005;84248.04;N;N;;Multicategoria;Definida;Determinado;2029-06-01;30/12;S;S;N;S;S;.BANCO DAYCOVAL S/A;62232889000190;Avenida Paulista;1793;2º Andar;Bela Vista;São Paulo;SP;01311200;0300 111 0500;11 3563-4389;11 3563-4318;www.daycoval.com.br/investimentos/servicos-fiduciarios;informes.regulatorios@bancodaycoval.com.br;2026-07-01;1;45120786000119;11;;95629871.34;1135.099064;84248.04;-0.00032567;0;0;0.000112
Classe;45.188.033/0001-45;2026-07-01;1;2026-08-14;DAYCOVAL RET FII RL;2022-09-01;INVESTIDOR QUALIFICADO;BRASRFCTF003;4000;N;N;;Multicategoria;Ativa;Determinado;2026-09-01;31/12;S;N;N;S;N;BTG PACTUAL SERVICOS FINANCEIROS S.A. DISTRIBUIDOR;59281253000123;Praia de Botafogo;501;6º Andar;Botafogo;Rio de Janeiro;RJ;22.250-040;55 11 3383-3102;;;www.btgpactual.com;ri.fundoslistados@btgpactual.com;2026-07-01;1;45188033000145;95;84;38003928.97;9500.982243;4000;-0.002826;-0.001348;0;0.00133
Classe;45.188.199/0001-61;2026-07-01;1;2026-08-12;BRICK 104 FII RL;2023-01-05;INVESTIDOR PROFISSIONAL;BR0EQDCTF007;15704;N;N;;Outros;Ativa;Determinado;2063-01-05;31/12;S;N;N;S;N;BTG PACTUAL SERVICOS FINANCEIROS S.A. DISTRIBUIDOR;59281253000123;Praia de Botafogo;501;6º Andar;Botafogo;Rio de Janeiro;RJ;22.250-040;55 11 3383-3102;;;www.btgpactual.com;ri.fundoslistados@btgpactual.com;2026-07-01;1;45188199000161;1;0;13697364.28;872.221363;15704;-6.4E-05;-6.4E-05;0;0.001595
Classe;45.338.646/0001-11;2026-07-01;1;2026-08-14;FII VBI CRÉDITO ALOCAÇÃO ESTRATÉGICA;2022-07-04;INVESTIDORES EM GERAL;BR0C9JCTF009;30213893;N;N;;Outros;Ativa;Determinado;2029-07-04;31/12;N;N;S;N;N;BRL TRUST DTVM S.A.;13486793000142;Rua Alves Guimarães;1216;;Pinheiros;São Paulo;SP;05410-002;(11) 3509-0600;;;www.apexgroup.com/apex-brazil/;infolegal@apexgroup.com;2026-07-01;1;45338646000111;1487;;288964931.32;9.56397546387021;30213893;0.01474;0.012056;;0.00100401885680278
Classe;46.322.850/0001-07;2026-07-01;1;2026-08-14;VALORA CRI INFRA FII;2022-05-23;INVESTIDOR QUALIFICADO E PROFISSIONAL;BR0CL2CTF009;1252026;N;N;;Outros;Definida;Determinado;2027-05-01;30/06;S;S;N;S;S;.BANCO DAYCOVAL S/A;62232889000190;Avenida Paulista;1793;2º Andar;Bela Vista;São Paulo;SP;01311200;0300 111 0500;11 3563-4389;11 3563-4318;www.daycoval.com.br/investimentos/servicos-fiduciarios;informes.regulatorios@bancodaycoval.com.br;2026-07-01;1;46322850000107;8;;96535922.3;77.103768;1252026;0.01863588;0.01071921;0;0.000838
Classe;46.449.786/0001-20;2026-07-01;1;2026-08-13;SPECIALE BLUE REAL ASSET FII;2023-09-11;INVESTIDOR PROFISSIONAL;BRLTMTCTF000;156501;N;N;;Multicategoria;Ativa;Determinado;2030-11-01;29/12;S;S;N;S;N;.BANCO DAYCOVAL S/A;62232889000190;Avenida Paulista;1793;2º Andar;Bela Vista;São Paulo;SP;01311200;0300 111 0500;11 3563-4389;11 3563-4318;www.daycoval.com.br/investimentos/servicos-fiduciarios;informes.regulatorios@bancodaycoval.com.br;2026-07-01;1;46449786000120;114;;14679969.18;93.80112063;156501;-0.00550703;0;0;0.001185
Classe;46.716.709/0001-99;2026-07-01;1;2026-08-14;CONSÓRCIO DO EMPREENDIMENTO NCPFI-RJ FII RESP LTDA;2022-07-25;INVESTIDORES EM GERAL;;32155.719;N;N;;Outros;Ativa;Determinado;2043-01-31;31/12;N;N;S;N;N;BRL TRUST DTVM S.A.;13486793000142;Rua Alves Guimarães;1216;;Pinheiros;São Paulo;SP;05410-002;(11) 3509-0600;;;www.apexgroup.com/apex-brazil/;infolegal@apexgroup.com;2026-07-01;1;46716709000199;3;;0;0;32155.719;0;;;0
Classe;50.399.189/0001-05;2026-07-01;1;2026-08-14;FUNDO DE INVESTIMENTO IMOBILIARIO DE UNIDADES AUTONOMAS III;2023-07-31;INVESTIDOR PROFISSIONAL;;1285088;N;N;;Multicategoria;Ativa;Determinado;2030-07-31;30/06;N;N;S;N;N;ID CORRETORA DE TITULOS E VALORES MOBILIARIOS S.A.;16695922000109;AV PRES JUSCELINO KUBITSCHEK;1726;19 ANDAR;VILA NOVA CONCEICAO;SÃO PAULO;SP;04543000;11 4637 6633;;;WWW.IDSF.COM.BR;administracao@idsf.com.br;2026-07-01;1;50399189000105;5;;13007059.85;10.1215324164571;1285088;-0.150531;0.012396;0.135729;0.0012
Classe;50.522.058/0001-73;2026-07-01;1;2026-08-14;SANTA CATARINA FII;2023-06-30;INVESTIDOR QUALIFICADO;BR0FIWCTF001;74340;N;N;;Multicategoria;Ativa;Determinado;2029-05-02;31/12;S;N;N;S;N;BTG PACTUAL SERVICOS FINANCEIROS S.A. DISTRIBUIDOR;59281253000123;Praia de Botafogo;501;6º Andar;Botafogo;Rio de Janeiro;RJ;22.250-040;55 11 3383-3102;;;www.btgpactual.com;ri.fundoslistados@btgpactual.com;2026-07-01;1;50522058000173;1385;1385;88047052.82;1184.383277;74340;0.054058;0.054056;0;0.001645
Classe;50.555.700/0001-10;2026-07-01;1;2026-08-14;DJF IV JIVE FUNDO DE INVESTIMENTO IMOBILIÁRIO;2023-06-29;INVESTIDOR QUALIFICADO E PROFISSIONAL;BR0FKECTF005;60692399.2357538;N;N;;Outros;Ativa;Determinado;2032-05-12;31/12;N;S;N;N;S;MODAL DTVM LTDA;36864992000142;Rua Alves Guimarães;1216;;Pinheiros;Sâo Paulo;SP;05410-002;(11) 3509-0600;;;www.apexgroup.com/apex-brazil/;infolegal@apexgroup.com;2026-07-01;1;50555700000110;4;;59370169.41;0.978214243588926;60692399.2357538;0.015316;;;0
Classe;51.385.048/0001-04;2026-07-01;1;2026-08-14;FII XP GRUPO CARNAÚBA;2023-07-11;INVESTIDOR QUALIFICADO;BRXPGCCTF001;211547;N;N;;Multicategoria;Ativa;Determinado;2031-09-05;31/12;S;S;N;S;N;XP INVESTIMENTOS CORRETORA DE CÂMBIO, TÍTULOS E VAL MOB S/A;02332886000104;AVENIDA ATAULFO DE PAIVA;153;5º e 8º andares;LEBLON;RIO DE JANEIRO;RJ;22440-033;(11) 3027-2237;;;www.xpi.com.br;adm.fundos.estruturados@xpi.com.br;2026-07-01;1;51385048000104;710;;231555612.11;1094.58234865065;211547;-0.001472;0;0;0.001603
Classe;51.385.174/0001-50;2026-07-01;1;2026-08-13;HEDGE YEES HABITAÇÕES ECONÔMICAS FII;2024-02-01;INVESTIDORES EM GERAL;BRYEESCTF004;300000;N;N;;Residencial;Ativa;Determinado;2031-02-01;31/12;S;N;N;S;N;HEDGE INVESTMENTS DTVM LTDA;07253654000176;AVENIDA BRIGADEIRO FARIA LIMA;3600;11º ANDAR CJ 112;ITAIM BIBI;SÃO PAULO;SP;04538-132;(11) 5412-5400;;;www.hedgeinvest.com.br;dtvm@hedgeinvest.com.br;2026-07-01;1;51385174000150;136;;30429596.48;101.431988266667;300000;-0.003218;0;0;0.001829
Classe;51.666.294/0001-26;2026-07-01;1;2026-08-14;BRPR E-TOWER FII SUB;2024-01-02;INVESTIDOR QUALIFICADO;BRBETWCTF028;2504500;N;N;;Escritórios;Definida;Determinado;2028-08-02;30/12;S;N;N;S;N;BTG PACTUAL SERVICOS FINANCEIROS S.A. DISTRIBUIDOR;59281253000123;Praia de Botafogo;501;6º Andar;Botafogo;Rio de Janeiro;RJ;22.250-040;55 11 3383-3102;;;www.btgpactual.com;ri.fundoslistados@btgpactual.com;2026-07-01;1;51666294000126;2;0;276022601.48;110.210661;2504500;0.004902;0.005315;0;0.000125
Classe;51.734.924/0001-52;2026-07-01;1;2026-08-14;KINEA DESENVOLVIMENTO LOGÍSTICO FII;2023-12-15;INVESTIDOR QUALIFICADO;BRKLOGCTF002;440449711;N;N;;Logística;Ativa;Determinado;2029-12-15;30/06;S;N;N;S;N;INTRAG DISTRIBUIDORA DE TÍTULOS E VALORES MOBILIÁRIOS LTDA;62418140000131;AV BRIGADEIRO FARIA LIMA;3400;10º Andar;ITAIM BIBI;SÃO PAULO;SP;04538132;55 (11) 30726012;;;www.intrag.com.br;produtosestruturados@itau-unibanco.com.br;2026-07-01;1;51734924000152;355;;417249027.61;0.947325011662909;440449711;0.004589;0;0;0.000728
Classe;51.753.261/0001-13;2026-06-01;1;2026-07-08;JALAPÃO FII RESP LIMITADA;2023-09-27;INVESTIDOR QUALIFICADO;;10113.5522;N;N;;Residencial;Ativa;Determinado;2035-09-30;31/12;N;N;S;N;N;BRL TRUST DTVM S.A.;13486793000142;Rua Alves Guimarães;1216;;Pinheiros;São Paulo;SP;05410-002;(11) 3509-0600;;;www.apexgroup.com/apex-brazil/;infolegal@apexgroup.com;2026-06-01;1;51753261000113;41;40;11459349.05;1133.06866107835;10113.5522;-0.003809;;;0.0143429089456002
Classe;51.802.350/0001-02;2026-07-01;1;2026-08-14;VBI CRED MULT FII RL;2023-10-05;INVESTIDORES EM GERAL;BR0GOKCTF010;3492678;N;N;;Multicategoria;Ativa;Determinado;2028-10-05;31/12;S;N;N;S;N;BTG PACTUAL SERVICOS FINANCEIROS S.A. DISTRIBUIDOR;59281253000123;Praia de Botafogo;501;6º Andar;Botafogo;Rio de Janeiro;RJ;22.250-040;55 11 3383-3102;;;www.btgpactual.com;ri.fundoslistados@btgpactual.com;2026-07-01;1;51802350000102;8263;8259;359772833.85;103.00773;3492678;0.019591;0.012666;0;0.000997
Classe;51.817.522/0001-11;2026-07-01;1;2026-08-14;BRIO REAL ESTATE V - FII;2024-10-04;INVESTIDOR QUALIFICADO;BRBIPECTF009;96250;N;N;;Residencial;Ativa;Determinado;2031-10-04;30/06;S;N;N;S;N;BRL TRUST DTVM S.A.;13486793000142;Rua Alves Guimarães;1216;;Pinheiros;São Paulo;SP;05410-002;(11) 3509-0600;;;www.apexgroup.com/apex-brazil/;infolegal@apexgroup.com;2026-07-01;1;51817522000111;104;;104229443.83;1082.90331251948;96250;-0.002231;;;0.00182570656627862
Classe;51.991.713/0001-03;2026-07-01;1;2026-08-14;BRIO COINVESTIMENTO JARDINS FII;2023-10-06;INVESTIDORES EM GERAL;BR0NP3CTF000;10500;N;N;;Outros;Ativa;Determinado;2030-10-31;30/06;N;S;N;N;S;BRL TRUST DTVM S.A.;13486793000142;Rua Alves Guimarães;1216;;Pinheiros;São Paulo;SP;05410-002;(11) 3509-0600;;;www.apexgroup.com/apex-brazil/;infolegal@apexgroup.com;2026-07-01;1;51991713000103;3;;10028192.56;955.065958095238;10500;-0.002024;;;0.00182731931904586
Classe;52.635.194/0001-03;2026-07-01;1;2026-08-13;INTER DESENVOLVIMENTO FII;2023-12-18;INVESTIDORES EM GERAL;BRINDECTF000;447921;N;N;;Residencial;Ativa;Determinado;2029-12-01;31/12;S;N;N;S;N;INTER DTVM LTDA.;18945670000146;AV BARBACENA;1219;21º ANDAR;SANTO AGOSTINHO;Belo Horizonte;MG;30190131;(31) 3614-5332;;;http://www.bancointer.com.br/inter-dtvm;ri.fii@interdtvm.com.br;2026-07-01;1;52635194000103;181;;49807283.7;111.19658087;447921;-0.00032624;0;0;6E-05
Classe;52.714.934/0001-99;2026-07-01;1;2026-08-12;VERA CRUZ THREE FII;2023-11-08;INVESTIDOR QUALIFICADO;BRVCTHR02M12;715952;N;N;;Outros;Ativa;Determinado;2028-11-08;31/12;S;N;N;S;N;BTG PACTUAL SERVICOS FINANCEIROS S.A. DISTRIBUIDOR;59281253000123;Praia de Botafogo;501;6º Andar;Botafogo;Rio de Janeiro;RJ;22.250-040;55 11 3383-3102;;;www.btgpactual.com;ri.fundoslistados@btgpactual.com;2026-07-01;1;52714934000199;176;166;67842531.17;94.758491;715952;-1E-06;-1E-06;0;0.002091
Classe;53.087.126/0001-01;2026-07-01;1;2026-08-14;LCP SPECIAL OPPORTUNITIES I FII RESPONSABILIDADE ILIMITADA;2023-12-28;INVESTIDORES EM GERAL;BRLSOICTF001;5365285;N;N;;Residencial;Ativa;Determinado;2028-12-28;31/12;S;S;N;S;N;XP INVESTIMENTOS CORRETORA DE CÂMBIO, TÍTULOS E VAL MOB S/A;02332886000104;AVENIDA ATAULFO DE PAIVA;153;5º e 8º andares;LEBLON;RIO DE JANEIRO;RJ;22440-033;(11) 3027-2237;;;www.xpi.com.br;adm.fundos.estruturados@xpi.com.br;2026-07-01;1;53087126000101;40;;71298448.94;13.2888465272581;5365285;0.002116;0;0;0.00021
Classe;53.178.634/0001-03;2026-07-01;1;2026-08-14;ROMA FI IMOBILIARIO RESP LTDA;2024-02-08;INVESTIDOR QUALIFICADO;BR0LVFCTF007;100880;N;N;;Multicategoria;Ativa;Determinado;2027-02-08;28/06;N;S;N;S;N;VÓRTX DTVM LTDA;22610500000188;Rua Gilberto Sabino;215;4º ANDAR;Pinheiros;São Paulo;SP;5425020;11 3030-7177;;;www.vortx.com.br;fundos@vortx.com.br;2026-07-01;1;53178634000103;28;23;8844574.17;87.67420866;100880;-0.00394359;0;0;0.001773
Classe;53.251.006/0001-06;2026-07-01;1;2026-08-13;NAVI RESIDENCIAL PRIME OPPORTUNITIES FII;2024-02-05;INVESTIDOR QUALIFICADO;BR0HRPCTF002;144426;N;N;;Multicategoria;Ativa;Determinado;2029-02-01;31/12;S;S;N;S;S;.BANCO DAYCOVAL S/A;62232889000190;Avenida Paulista;1793;2º Andar;Bela Vista;São Paulo;SP;01311200;0300 111 0500;11 3563-4389;11 3563-4318;www.daycoval.com.br/investimentos/servicos-fiduciarios;informes.regulatorios@bancodaycoval.com.br;2026-07-01;1;53251006000106;1673;;166340022.1;1151.731836;144426;0.00071618;0.01238605;0;0.000836
Classe;53.645.729/0001-81;2026-07-01;1;2026-08-14;FII DE UNIDADES AUTÔNOMAS V RESP LIMITADA;2024-01-31;INVESTIDOR QUALIFICADO E PROFISSIONAL;;500399;N;N;;Multicategoria;Ativa;Determinado;2031-01-31;30/06;N;N;S;N;N;ID CORRETORA DE TITULOS E VALORES MOBILIARIOS S.A.;16695922000109;AV PRES JUSCELINO KUBITSCHEK;1726;19 ANDAR;VILA NOVA CONCEICAO;SÃO PAULO;SP;04543000;11 4637 6633;;;WWW.IDSF.COM.BR;administracao@idsf.com.br;2026-07-01;1;53645729000181;2;;7892545.24;15.7725040217906;500399;-0.024537;0.012452;0.011709;0.0018
Classe;53.654.501/0001-58;2026-07-01;1;2026-08-14;KINEA AQUISIÇÕES RESIDENCIAIS FII RESPONSABILIDADE LIMITADA;2024-10-08;INVESTIDOR QUALIFICADO;BRKRESCTF005;245099742;N;N;;Residencial;Ativa;Determinado;2030-10-08;30/06;S;N;N;S;N;INTRAG DISTRIBUIDORA DE TÍTULOS E VALORES MOBILIÁRIOS LTDA;62418140000131;AV BRIGADEIRO FARIA LIMA;3400;10º Andar;ITAIM BIBI;SÃO PAULO;SP;04538132;55 (11) 30726012;;;www.intrag.com.br;produtosestruturados@itau-unibanco.com.br;2026-07-01;1;53654501000158;131;;244292755.03;0.996707516036471;245099742;-0.000699;0;0;0.001142
Classe;53.866.393/0001-87;2026-07-01;2;2026-08-25;FII DE DESENVO DE ESCRITÓRIOS BOUTIQUE RESPONSABILIDADE LTDA;2024-06-17;INVESTIDOR PROFISSIONAL;BREGDBCTF009;114212.3382004;N;N;;Escritórios;Ativa;Determinado;2031-06-17;30/06;S;N;N;S;N;BRL TRUST DTVM S.A.;13486793000142;Rua Alves Guimarães;1216;;Pinheiros;São Paulo;SP;05410-002;(11) 3509-0600;;;www.apexgroup.com/apex-brazil/;infolegal@apexgroup.com;2026-07-01;2;53866393000187;2768;;163117902.58;1428.19860927625;114212.3382004;-0.004253;;;0.000944217204634927
Classe;54.089.708/0001-90;2026-07-01;1;2026-08-14;EB JHSF CAPITAL FII RESIDENCIAL ALTO PADRÃO RESP LIMITADA;2024-07-23;INVESTIDOR QUALIFICADO E PROFISSIONAL;BR0IURCTF000;622900;N;N;;Multicategoria;Definida;Determinado;2031-07-01;31/12;N;S;N;N;S;BANCO DAYCOVAL S.A.;62232889000190;Avenida Paulista;1793;2º Andar;Bela Vista;São Paulo;SP;01311200;0300 111 0500;11 4090-2223;11 3138-4061;https://www.daycoval.com.br/investimento;informes.regulatorios@bancodaycoval.com.br;2026-07-01;1;54089708000190;589;15;54231819.65;87.0634446139027;622900;0.0012314;0;;0.0055
Classe;54.134.474/0001-55;2026-07-01;1;2026-08-12;RAIZZ DESENV II FII;2024-04-05;INVESTIDOR QUALIFICADO;BRRZZICTF009;111541;N;N;;Logística;Definida;Determinado;2031-03-12;31/12;N;N;N;N;S;BTG PACTUAL SERVICOS FINANCEIROS S.A. DISTRIBUIDOR;59281253000123;Praia de Botafogo;501;6º Andar;Botafogo;Rio de Janeiro;RJ;22.250-040;55 11 3383-3102;;;www.btgpactual.com;ri.fundoslistados@btgpactual.com;2026-07-01;1;54134474000155;116;108;145663433.03;1305.918299;111541;-9E-06;-9E-06;0;0.000192
Classe;54.620.584/0001-27;2026-07-01;1;2026-08-14;TISHMAN SPEYER JARDINS FII ORIZ XP FEEDER FII;2024-06-12;INVESTIDOR QUALIFICADO;BR0J4ACTF002;12889.17378;N;N;;Multicategoria;Ativa;Determinado;2032-06-12;30/06;S;N;N;S;N;XP INVESTIMENTOS CORRETORA DE CÂMBIO, TÍTULOS E VAL MOB S/A;02332886000104;AVENIDA ATAULFO DE PAIVA;153;5º e 8º andares;LEBLON;RIO DE JANEIRO;RJ;22440-033;(11) 3027-2237;;;www.xpi.com.br;adm.fundos.estruturados@xpi.com.br;2026-07-01;1;54620584000127;143;;7229024.71;560.860209769008;12889.17378;-0.023268;0;0;0.001037
Classe;54.635.245/0001-14;2026-07-01;1;2026-08-14;PERSEVERA PLANO E PLANO;2025-06-04;INVESTIDOR QUALIFICADO;BR0NDZCTF033;13750000;N;N;;Multicategoria;Definida;Determinado;2030-06-01;31/12;N;S;N;N;S;.BANCO DAYCOVAL S/A;62232889000190;Avenida Paulista;1793;2º Andar;Bela Vista;São Paulo;SP;01311200;0300 111 0500;11 3563-4389;11 3563-4318;www.daycoval.com.br/investimentos/servicos-fiduciarios;informes.regulatorios@bancodaycoval.com.br;2026-07-01;1;54635245000114;1520;;137776811.37;10.020132;13750000;0.00575767;0.00638364;0;0.001104
Classe;54.698.848/0001-65;2026-07-01;1;2026-08-14;MAUÁ CAPITAL HIGH GRADE FUNDO DE INVESTIMENTO IMOBILIÁRIO;2024-05-06;INVESTIDOR QUALIFICADO;BRMCFACTF008;8938436;N;N;;Outros;Ativa;Determinado;2029-05-06;31/12;S;N;N;S;N;XP INVESTIMENTOS CORRETORA DE CÂMBIO, TÍTULOS E VAL MOB S/A;02332886000104;AVENIDA ATAULFO DE PAIVA;153;5º e 8º andares;LEBLON;RIO DE JANEIRO;RJ;22440-033;(11) 3027-2237;;;www.xpi.com.br;adm.fundos.estruturados@xpi.com.br;2026-07-01;1;54698848000165;1272;;44751059.63;5.00658724076561;8938436;0.01095;0.008627;0.042879;0.000223
Classe;54.869.435/0001-04;2026-07-01;1;2026-08-12;ARX CHILLON REC FII;2024-06-05;INVESTIDORES EM GERAL;BR0JDNCTF003;721132;N;N;;Multicategoria;Ativa;Determinado;2031-06-29;31/12;S;N;N;S;N;BTG PACTUAL SERVICOS FINANCEIROS S.A. DISTRIBUIDOR;59281253000123;Praia de Botafogo;501;6º Andar;Botafogo;Rio de Janeiro;RJ;22.250-040;55 11 3383-3102;;;www.btgpactual.com;ri.fundoslistados@btgpactual.com;2026-07-01;1;54869435000104;2173;2173;68998842.21;95.681293;721132;-1E-06;-1E-06;0;0.00113
Classe;55.296.764/0001-68;2026-07-01;1;2026-08-14;AUGME CRÉDITO ESTRUTURADO FUNDO DE INVESTIMENTO IMOBILIÁRIO;2024-08-05;INVESTIDOR QUALIFICADO;BRAUGMCTF008;16946435;N;N;;Multicategoria;Ativa;Determinado;2029-08-05;30/06;N;S;N;S;N;XP INVESTIMENTOS CORRETORA DE CÂMBIO, TÍTULOS E VAL MOB S/A;02332886000104;AVENIDA ATAULFO DE PAIVA;153;5º e 8º andares;LEBLON;RIO DE JANEIRO;RJ;22440-033;(11) 3027-2237;;;www.xpi.com.br;adm.fundos.estruturados@xpi.com.br;2026-07-01;1;55296764000168;3309;;128528722.45;7.58441067103494;16946435;0.014149;0.014942;0.042732;0.000117
Classe;55.302.190/0001-93;2026-07-01;1;2026-08-14;JARDIM PAULISTANO FII;2024-11-18;INVESTIDORES EM GERAL;BRJPAUCTF005;788799.9998;N;N;;Multicategoria;Ativa;Determinado;2031-05-09;31/12;N;N;S;N;N;VÓRTX DTVM LTDA;22610500000188;Rua Gilberto Sabino;215;4º ANDAR;Pinheiros;São Paulo;SP;5425020;11 3030-7177;;;www.vortx.com.br;fundos@vortx.com.br;2026-07-01;1;55302190000193;4;0;105853330.7;134.19539899;788799.9998;-0.00079068;0;0;0.000141
Classe;55.753.193/0001-43;2026-07-01;1;2026-08-14;KINEA FÊNIX FII RESPONSABILIDADE LIMITADA;2024-08-19;INVESTIDOR QUALIFICADO E PROFISSIONAL;BRKFENCTF001;178651;N;N;;Multicategoria;Ativa;Determinado;2039-08-19;30/06;S;N;N;S;N;INTRAG DISTRIBUIDORA DE TÍTULOS E VALORES MOBILIÁRIOS LTDA;62418140000131;AV BRIGADEIRO FARIA LIMA;3400;10º Andar;ITAIM BIBI;SÃO PAULO;SP;04538132;55 (11) 30726012;;;www.intrag.com.br;produtosestruturados@itau-unibanco.com.br;2026-07-01;1;55753193000143;129;;165462631.64;926.178032252828;178651;0.018735;0.011882;0;0.000613
Classe;55.985.359/0001-57;2026-07-01;1;2026-08-13;BASILICA PARTNERS GDR FII RESP LTDA CONSOLIDADA;2025-03-19;INVESTIDOR PROFISSIONAL;BRBPDRCTF002;160;N;N;;Multicategoria;Ativa;Determinado;2033-05-01;30/06;S;N;N;S;N;.BANCO DAYCOVAL S/A;62232889000190;Avenida Paulista;1793;2º Andar;Bela Vista;São Paulo;SP;01311200;0300 111 0500;11 3563-4389;11 3563-4318;www.daycoval.com.br/investimentos/servicos-fiduciarios;informes.regulatorios@bancodaycoval.com.br;2026-07-01;1;55985359000157;46;;1583827.65;9898.922813;160;-0.00566208;0;0;0.003871
Classe;56.012.069/0001-90;2026-07-01;1;2026-08-10;CASAS AAA SP FUNDO DE INVESTIMENTO IMOBILIÁRIO;2024-10-09;INVESTIDOR PROFISSIONAL;0;1629051.3882;N;N;;Outros;Ativa;Determinado;2029-10-09;31/12;N;S;N;N;S;OSLO CAPITAL DTVM;13673855000125;Rua Dr. Eduardo de Souza Aranha;153;4º andar;Itaim Bibi;São Paulo;SP;04543-120;113513-3144;;;www.oslodtvm.com;admfundos@oslodtvm.com;2026-07-01;1;56012069000190;2;;183901821.46;112.888901352093;1629051.3882;0.008867;0;0;0.000809
Classe;56.053.824/0001-84;2026-07-01;1;2026-08-12;FII RIO BRAVO HEDGE;2024-08-30;INVESTIDOR QUALIFICADO;BR0L9CCTF003;2423669;N;N;;Outros;Ativa;Determinado;2029-07-30;31/12;S;N;N;S;N;BTG PACTUAL SERVICOS FINANCEIROS S.A. DISTRIBUIDOR;59281253000123;Praia de Botafogo;501;6º Andar;Botafogo;Rio de Janeiro;RJ;22.250-040;55 11 3383-3102;;;www.btgpactual.com;ri.fundoslistados@btgpactual.com;2026-07-01;1;56053824000184;6835;6835;245345243.68;101.228857;2423669;0;0;0;0.000915
Classe;56.061.587/0001-01;2026-07-01;1;2026-08-14;FII GALAPAGOS DESENVOLVIMENTO RESP LTDA;2024-08-19;INVESTIDORES EM GERAL;BRGCDLCTF002;396111;N;N;;Logística;Ativa;Determinado;2029-08-19;30/06;S;N;N;S;N;VÓRTX DTVM LTDA;22610500000188;Rua Gilberto Sabino;215;4º ANDAR;Pinheiros;São Paulo;SP;5425020;11 3030-7177;;;www.vortx.com.br;fundos@vortx.com.br;2026-07-01;1;56061587000101;2026;1974;44855656.95;113.24011944;396111;0.01448086;0;0;0.000352
Classe;56.414.379/0001-30;2026-07-01;1;2026-08-14;FII DCT - RESPONSABILIDADE LIMITADA;2024-08-27;INVESTIDOR QUALIFICADO;;30767.23531698;N;N;;Outros;Ativa;Determinado;2023-08-30;31/12;N;N;S;N;N;MAF DISTRIBUIDORA DE TITULOS E VALORES MOBILIARIOS S.A;36864992000142;Rua Alves Guimarães;1216;;Pinheiros;São Paulo;SP;05410-002;(11) 3509-0600;;;www.apexgroup.com/apex-brazil/;infolegal@apexgroup.com;2026-07-01;1;56414379000130;3;;37344047.67;1213.76026429617;30767.23531698;-0.004997;;;0.000321336350736294
Classe;57.109.239/0001-11;2026-07-01;1;2026-08-13;ARCH VANGUARDA UNIDADES RESIDENCIAIS FII;2026-02-03;INVESTIDOR PROFISSIONAL;BRAVURCTF006;251500;N;N;;Multicategoria;Ativa;Determinado;2030-02-01;31/12;S;N;N;S;N;.BANCO DAYCOVAL S/A;62232889000190;Avenida Paulista;1793;2º Andar;Bela Vista;São Paulo;SP;01311200;0300 111 0500;11 3563-4389;11 3563-4318;www.daycoval.com.br/investimentos/servicos-fiduciarios;informes.regulatorios@bancodaycoval.com.br;2026-07-01;1;57109239000111;23;;23384220.64;92.97900851;251500;0.01701733;0.01503328;-98.934876;0.002042
Classe;57.216.258/0001-47;2026-07-01;2;2026-08-20;BGR B32 FUNDO DE INVESTIMENTO IMOBILIÁRIO;2024-09-09;INVESTIDOR QUALIFICADO;BR0LU9CTF002;2320087;N;N;;Escritórios;Definida;Determinado;2030-09-09;30/06;S;N;N;S;N;XP INVESTIMENTOS CORRETORA DE CÂMBIO, TÍTULOS E VAL MOB S/A;02332886000104;AVENIDA ATAULFO DE PAIVA;153;5º e 8º andares;LEBLON;RIO DE JANEIRO;RJ;22440-033;(11) 3027-2237;;;www.xpi.com.br;adm.fundos.estruturados@xpi.com.br;2026-07-01;2;57216258000147;381;;280967304.57;121.102055470334;2320087;0.002169;0.005678;0;7.2E-05
Classe;57.231.494/0001-32;2026-07-01;1;2026-08-14;INVISTA GALPÕES FII - RESPONSABILIDADE LIMITADA;2023-06-28;INVESTIDOR PROFISSIONAL;;976000;S;N;;Multicategoria;Definida;Determinado;2099-12-31;31/12;N;N;S;N;N;BRL TRUST DTVM S.A.;13486793000142;Rua Alves Guimarães;1216;;Pinheiros;São Paulo;SP;05410-002;(11) 3509-0600;;;www.apexgroup.com/apex-brazil/;infolegal@apexgroup.com;2026-07-01;1;57231494000132;1;;105938923.84;108.543979344262;976000;-0.006455;;;0.000141591017317247
Classe;57.378.678/0001-20;2026-07-01;1;2026-08-12;SPX RE BRAD FII;2024-12-16;INVESTIDOR PROFISSIONAL;BRSPXMCTF005;1108208;N;N;;Logística;Ativa;Determinado;2031-12-16;31/12;S;N;N;S;N;BTG PACTUAL SERVICOS FINANCEIROS S.A. DISTRIBUIDOR;59281253000123;Praia de Botafogo;501;6º Andar;Botafogo;Rio de Janeiro;RJ;22.250-040;55 11 3383-3102;;;www.btgpactual.com;ri.fundoslistados@btgpactual.com;2026-07-01;1;57378678000120;198;198;8985840.59;8.108442;1108208;-1E-06;-1E-06;0;0.007211
Classe;57.519.008/0001-86;2026-07-01;1;2026-08-12;STARBOARD III FII;2024-10-01;INVESTIDOR PROFISSIONAL;BR0M5TCTF004;36179;N;N;;Residencial;Ativa;Determinado;2031-10-01;28/12;S;N;N;S;N;BTG PACTUAL SERVICOS FINANCEIROS S.A. DISTRIBUIDOR;59281253000123;Praia de Botafogo;501;6º Andar;Botafogo;Rio de Janeiro;RJ;22.250-040;55 11 3383-3102;;;www.btgpactual.com;ri.fundoslistados@btgpactual.com;2026-07-01;1;57519008000186;222;113;29495253.12;815.258938;36179;-2.8E-05;-2.8E-05;0;3E-06
Classe;57.640.413/0001-58;2026-07-01;1;2026-08-14;SÃO BENEDITO FUNDO DE INVESTIMENTO IMOBILIÁRIO RESP LIMITADA;2024-10-22;INVESTIDOR QUALIFICADO;;700000;N;N;;Residencial;Ativa;Determinado;2029-07-31;31/12;N;N;S;N;N;ID CORRETORA DE TITULOS E VALORES MOBILIARIOS S.A.;16695922000109;AV PRES JUSCELINO KUBITSCHEK;1726;19 ANDAR;VILA NOVA CONCEICAO;SÃO PAULO;SP;04543000;11 4637 6633;;;WWW.IDSF.COM.BR;administracao@idsf.com.br;2026-07-01;1;57640413000158;1;1;24073086.47;34.3901235285714;700000;0.011401;0;0;0.0003
Classe;57.909.000/0001-26;2026-07-01;1;2026-08-12;VINCI OPORT LOG FII;2026-01-15;INVESTIDOR QUALIFICADO;BRVIOLCTF005;280863;N;N;;Logística;Ativa;Determinado;2030-11-11;31/12;N;S;N;S;N;BTG PACTUAL SERVICOS FINANCEIROS S.A. DISTRIBUIDOR;59281253000123;Praia de Botafogo;501;6º Andar;Botafogo;Rio de Janeiro;RJ;22.250-040;55 11 3383-3102;;;www.btgpactual.com;ri.fundoslistados@btgpactual.com;2026-07-01;1;57909000000126;9;0;27630575.05;98.377412;280863;-4E-06;-4E-06;0;0.000671
Classe;57.965.466/0001-49;2026-07-01;1;2026-08-14;WHG SP REALTY II FUNDO DE INVESTIMENTO IMOBILIÁRIO;2024-11-25;INVESTIDOR QUALIFICADO;BR0MIGCTF000;111500.00122399;N;N;;Outros;Ativa;Determinado;2030-11-25;30/06;N;S;N;N;S;XP INVESTIMENTOS CORRETORA DE CÂMBIO, TÍTULOS E VAL MOB S/A;02332886000104;AVENIDA ATAULFO DE PAIVA;153;5º e 8º andares;LEBLON;RIO DE JANEIRO;RJ;22440-033;(11) 3027-2237;;;www.xpi.com.br;adm.fundos.estruturados@xpi.com.br;2026-07-01;1;57965466000149;131;;119503472.85;1071.78001379509;111500.00122399;0.001043;0.015712;0;5.5E-05
Classe;57.976.696/0001-03;2026-07-01;1;2026-08-14;BRIO REAL ESTATE COINVESTIMENTO FII;2024-11-27;INVESTIDOR QUALIFICADO;;25400;N;N;;Residencial;Ativa;Determinado;2030-11-27;30/06;N;S;N;N;S;BRL TRUST DTVM S.A.;13486793000142;Rua Alves Guimarães;1216;;Pinheiros;São Paulo;SP;05410-002;(11) 3509-0600;;;www.apexgroup.com/apex-brazil/;infolegal@apexgroup.com;2026-07-01;1;57976696000103;4;;26454672.03;1041.52252086614;25400;0.002043;;;0.00181657440113046
Classe;57.979.459/0001-04;2026-07-01;1;2026-08-14;MAUÁ CAPITAL LOGÍSTICA FEEDER FII;2024-11-04;INVESTIDORES EM GERAL;BRMCLGCTF003;80000000;N;N;;Outros;Ativa;Determinado;2029-11-04;31/12;S;N;N;S;N;XP INVESTIMENTOS CORRETORA DE CÂMBIO, TÍTULOS E VAL MOB S/A;02332886000104;AVENIDA ATAULFO DE PAIVA;153;5º e 8º andares;LEBLON;RIO DE JANEIRO;RJ;22440-033;(11) 3027-2237;;;www.xpi.com.br;adm.fundos.estruturados@xpi.com.br;2026-07-01;1;57979459000104;14225;;875205466.61;10.940068332625;80000000;0.013667;0.007205;0;1.1E-05
Classe;58.099.321/0001-75;2026-07-01;1;2026-08-14;KINEA PRIME RESIDENCIAL I PVT FII RESPONSABILIDADE LIMITADA;2025-05-27;INVESTIDOR QUALIFICADO E PROFISSIONAL;BRKPRPCTF007;38988189;N;N;;Residencial;Ativa;Determinado;2031-05-27;30/06;S;N;N;S;N;INTRAG DISTRIBUIDORA DE TÍTULOS E VALORES MOBILIÁRIOS LTDA;62418140000131;AV BRIGADEIRO FARIA LIMA;3400;10º Andar;ITAIM BIBI;SÃO PAULO;SP;04538132;55 (11) 30726012;;;www.intrag.com.br;produtosestruturados@itau-unibanco.com.br;2026-07-01;1;58099321000175;276;;40108058.45;1.02872330002299;38988189;-0.001503;0;0;0.001827
Classe;58.198.613/0001-65;2026-07-01;1;2026-08-14;ARX FUNDO DE INVESTIMENTO IMOBILIÁRIO PORTFÓLIO RENDA CDI+;2024-11-22;INVESTIDORES EM GERAL;BR0MONCTF004;1938966;N;N;;Outros;Ativa;Determinado;2031-11-22;31/12;N;S;N;S;N;XP INVESTIMENTOS CORRETORA DE CÂMBIO, TÍTULOS E VAL MOB S/A;02332886000104;AVENIDA ATAULFO DE PAIVA;153;5º e 8º andares;LEBLON;RIO DE JANEIRO;RJ;22440-033;(11) 3027-2237;;;www.xpi.com.br;adm.fundos.estruturados@xpi.com.br;2026-07-01;1;58198613000165;4811;;192440668.8;99.2491197885884;1938966;0.013081;0.011305;0;0.00091
Classe;58.239.657/0001-96;2026-07-01;1;2026-08-12;JUBARTE BGS LOG FII;2025-09-01;INVESTIDOR QUALIFICADO;BRBGS1CTF011;143756;N;N;;Logística;Ativa;Determinado;2031-09-01;31/12;N;S;N;S;N;BTG PACTUAL SERVICOS FINANCEIROS S.A. DISTRIBUIDOR;59281253000123;Praia de Botafogo;501;6º Andar;Botafogo;Rio de Janeiro;RJ;22.250-040;55 11 3383-3102;;;www.btgpactual.com;ri.fundoslistados@btgpactual.com;2026-07-01;1;58239657000196;100;95;44052.61;0.30644;143756;-7E-06;-7E-06;0;0.454003
Classe;58.250.751/0001-46;2026-07-01;1;2026-08-14;FII HCO LOGISTICS OPPS;2025-03-27;INVESTIDOR QUALIFICADO;BR0NOSCTF001;295360.7545;N;N;;Logística;Ativa;Determinado;2032-03-01;31/12;N;N;S;N;N;VÓRTX DTVM LTDA;22610500000188;Rua Gilberto Sabino;215;4º ANDAR;Pinheiros;São Paulo;SP;5425020;11 3030-7177;;;www.vortx.com.br;fundos@vortx.com.br;2026-07-01;1;58250751000146;1;0;27555426.82;93.29413744;295360.7545;0.00667699;0.0340745;0;0.000583
Classe;58.290.688/0001-71;2026-07-01;1;2026-08-12;SPX RE RENDA I FII;2025-02-05;INVESTIDORES EM GERAL;BR0MSMCTF007;1273090;N;N;;Multicategoria;Ativa;Determinado;2031-02-05;31/12;S;N;N;S;N;BTG PACTUAL SERVICOS FINANCEIROS S.A. DISTRIBUIDOR;59281253000123;Praia de Botafogo;501;6º Andar;Botafogo;Rio de Janeiro;RJ;22.250-040;55 11 3383-3102;;;www.btgpactual.com;ri.fundoslistados@btgpactual.com;2026-07-01;1;58290688000171;2928;0;126015700.48;98.984126;1273090;-1E-06;-1E-06;0;0.000788
Classe;58.350.082/0001-84;2026-07-01;1;2026-08-12;RB DESENV V FII;2025-07-22;INVESTIDOR QUALIFICADO;BRDRIMR03M12;69323;N;N;;Residencial;Ativa;Determinado;2031-12-19;31/12;S;N;N;S;N;BTG PACTUAL SERVICOS FINANCEIROS S.A. DISTRIBUIDOR;59281253000123;Praia de Botafogo;501;6º Andar;Botafogo;Rio de Janeiro;RJ;22.250-040;55 11 3383-3102;;;www.btgpactual.com;ri.fundoslistados@btgpactual.com;2026-07-01;1;58350082000184;238;233;66052235.52;952.81848;69323;-1.4E-05;-1.4E-05;0;0.000959
Classe;58.478.226/0001-82;2026-07-01;1;2026-08-14;FII MANATI TURMALINA;2025-02-13;INVESTIDOR PROFISSIONAL;BR0NAKCTF007;492440.5407;N;N;;Multicategoria;Definida;Determinado;2030-02-01;31/12;S;S;N;S;N;.BANCO DAYCOVAL S/A;62232889000190;Avenida Paulista;1793;2º Andar;Bela Vista;São Paulo;SP;01311200;0300 111 0500;11 3563-4389;11 3563-4318;www.daycoval.com.br/investimentos/servicos-fiduciarios;informes.regulatorios@bancodaycoval.com.br;2026-07-01;1;58478226000182;4;;63019541.6;127.9739103;492440.5407;0.01706214;0;0;8.7E-05
Classe;58.863.998/0001-38;2026-07-01;1;2026-08-14;XP LOGÍSTICO PRIME YIELD FUNDO DE INVESTIMENTO IMOBILIÁRIO;2025-01-14;INVESTIDORES EM GERAL;BR0N40CTF006;44375000;N;N;;Logística;Ativa;Determinado;2030-01-14;31/12;S;S;N;S;N;XP INVESTIMENTOS CORRETORA DE CÂMBIO, TÍTULOS E VAL MOB S/A;02332886000104;AVENIDA ATAULFO DE PAIVA;153;5º e 8º andares;LEBLON;RIO DE JANEIRO;RJ;22440-033;(11) 3027-2237;;;www.xpi.com.br;adm.fundos.estruturados@xpi.com.br;2026-07-01;1;58863998000138;12334;;499750845.32;11.2619908804507;44375000;0.003803;0.010583;0;0.001111
Classe;59.137.587/0001-28;2026-07-01;1;2026-08-14;VALORA CRI PRÉ I FEEDER II FII - RL;2025-12-01;INVESTIDOR PROFISSIONAL;BR0QJJCTF003;2429401.3206;N;N;;Outros;Ativa;Determinado;2030-12-01;30/06;S;N;N;S;S;.BANCO DAYCOVAL S/A;62232889000190;Avenida Paulista;1793;2º Andar;Bela Vista;São Paulo;SP;01311200;0300 111 0500;11 3563-4389;11 3563-4318;www.daycoval.com.br/investimentos/servicos-fiduciarios;informes.regulatorios@bancodaycoval.com.br;2026-07-01;1;59137587000128;162;;203486785.36;83.760054;2429401.3206;0.02342818;0.01871246;0;3.2E-05
Classe;59.158.574/0001-35;2026-07-01;1;2026-08-14;LCP RENDA IMOBILIARIA MASTER FII;2025-01-29;INVESTIDOR PROFISSIONAL;BR0N7HCTF004;4268696;N;N;;Outros;Ativa;Determinado;2030-01-29;31/12;N;S;N;N;S;XP INVESTIMENTOS CORRETORA DE CÂMBIO, TÍTULOS E VAL MOB S/A;02332886000104;AVENIDA ATAULFO DE PAIVA;153;5º e 8º andares;LEBLON;RIO DE JANEIRO;RJ;22440-033;(11) 3027-2237;;;www.xpi.com.br;adm.fundos.estruturados@xpi.com.br;2026-07-01;1;59158574000135;116;;422079423.82;98.8778361869761;4268696;0.009733;0.009293;0;0.001364
Classe;59.196.234/0001-07;2026-07-01;1;2026-08-14;LCP RENDA IMOBILIÁRIA FEEDER FII;2025-01-30;INVESTIDORES EM GERAL;BR0N81CTF000;3049473;N;N;;Outros;Ativa;Determinado;2030-01-30;31/12;N;S;N;N;S;XP INVESTIMENTOS CORRETORA DE CÂMBIO, TÍTULOS E VAL MOB S/A;02332886000104;AVENIDA ATAULFO DE PAIVA;153;5º e 8º andares;LEBLON;RIO DE JANEIRO;RJ;22440-033;(11) 3027-2237;;;www.xpi.com.br;adm.fundos.estruturados@xpi.com.br;2026-07-01;1;59196234000107;8064;;329886504;108.178201282648;3049473;0.014757;0.008316;0;3E-05
Classe;59.306.587/0001-04;2026-07-01;1;2026-08-14;VINCI MOZAK RESIDENCIAL II FII RESP LTDA;2025-02-05;INVESTIDOR QUALIFICADO;BRVIMOCTF029;342044.44027413;N;N;;Residencial;Ativa;Determinado;2031-02-05;31/12;N;N;S;N;N;BRL TRUST DTVM S.A.;13486793000142;Rua Alves Guimarães;1216;;Pinheiros;São Paulo;SP;05410-002;(11) 3509-0600;;;www.apexgroup.com/apex-brazil/;infolegal@apexgroup.com;2026-07-01;1;59306587000104;130;;37489364.93;109.603783940924;342044.44027413;0.009884;0.001653;;0.0013729571065316
Classe;59.337.307/0001-25;2026-07-01;1;2026-08-12;RIZA ONYX FII;2025-03-10;INVESTIDOR QUALIFICADO;BR0NBVCTF002;577656;N;N;;Multicategoria;Ativa;Determinado;2030-03-10;30/06;S;N;N;S;N;BTG PACTUAL SERVICOS FINANCEIROS S.A. DISTRIBUIDOR;59281253000123;Praia de Botafogo;501;6º Andar;Botafogo;Rio de Janeiro;RJ;22.250-040;55 11 3383-3102;;;www.btgpactual.com;ri.fundoslistados@btgpactual.com;2026-07-01;1;59337307000125;499;498;56445766.75;97.715192;577656;-2E-06;-2E-06;0;0.001301
Classe;59.436.431/0001-48;2026-07-01;1;2026-08-14;KINEA DESENVOLVIMENTO LOGÍSTICO II FII;2026-05-25;INVESTIDORES EM GERAL;BRKDLGCTF013;44960007.73865;N;N;;Logística;Ativa;Determinado;2031-05-29;30/06;S;N;N;S;N;INTRAG DISTRIBUIDORA DE TÍTULOS E VALORES MOBILIÁRIOS LTDA;62418140000131;AV BRIGADEIRO FARIA LIMA;3400;10º Andar;ITAIM BIBI;SÃO PAULO;SP;04538132;55 (11) 30726012;;;www.intrag.com.br;produtosestruturados@itau-unibanco.com.br;2026-07-01;1;59436431000148;3930;;465596482.64;10.355791870555;44960007.73865;0.025374;0;0;0.001132
Classe;59.604.698/0001-05;2026-07-01;1;2026-08-14;MANATÍ RENDA CDI FUNDO DE INVESTIMENTO IMOBILIÁRIO;2025-02-21;INVESTIDORES EM GERAL;BR0NETCTF000;1814210;N;N;;Outros;Ativa;Determinado;2031-04-03;31/12;N;N;S;N;N;XP INVESTIMENTOS CORRETORA DE CÂMBIO, TÍTULOS E VAL MOB S/A;02332886000104;AVENIDA ATAULFO DE PAIVA;153;5º e 8º andares;LEBLON;RIO DE JANEIRO;RJ;22440-033;(11) 3027-2237;;;www.xpi.com.br;adm.fundos.estruturados@xpi.com.br;2026-07-01;1;59604698000105;6089;;181908703.64;100.268824248571;1814210;0.013828;0.01199;0;0.0011
Classe;59.658.166/0001-42;2026-07-01;1;2026-08-14;BTG AAA CAJAMAR FII;2025-03-28;INVESTIDOR QUALIFICADO;BR0NIQCTF007;79185608;N;N;;Logística;Ativa;Determinado;2029-03-28;30/06;S;N;N;S;N;BTG PACTUAL SERVICOS FINANCEIROS S.A. DISTRIBUIDOR;59281253000123;Praia de Botafogo;501;6º Andar;Botafogo;Rio de Janeiro;RJ;22.250-040;55 11 3383-3102;;;www.btgpactual.com;ri.fundoslistados@btgpactual.com;2026-07-01;1;59658166000142;10038;9334;856559923.33;10.817116;79185608;0;0;0;0.000838
Classe;59.663.265/0001-12;2026-07-01;1;2026-08-14;VERTENTE DESENVOLVIMENTO FI IMOBILIÁRIO RESP LIMITADA;2025-06-30;INVESTIDORES EM GERAL;;57154.43176634;N;N;;Residencial;Ativa;Determinado;2029-12-05;30/06;N;N;S;N;N;ID CORRETORA DE TITULOS E VALORES MOBILIARIOS S.A.;16695922000109;AV PRES JUSCELINO KUBITSCHEK;1726;19 ANDAR;VILA NOVA CONCEICAO;SÃO PAULO;SP;04543000;11 4637 6633;;;WWW.IDSF.COM.BR;administracao@idsf.com.br;2026-07-01;1;59663265000112;1;;57732749.75;1010.118515149;57154.43176634;0.012463;0;0;0.0001
Classe;59.669.570/0001-11;2026-07-01;1;2026-08-14;FII GALAPAGOS HEDGE FUND;2025-04-04;INVESTIDOR PROFISSIONAL;BRGLCRCTF002;498110;S;N;;Multicategoria;Ativa;Determinado;2035-04-01;31/12;S;N;N;S;N;VÓRTX DTVM LTDA;22610500000188;Rua Gilberto Sabino;215;4º ANDAR;Pinheiros;São Paulo;SP;5425020;11 3030-7177;;;www.vortx.com.br;fundos@vortx.com.br;2026-07-01;1;59669570000111;908;877;49221125.53;98.81577469;498110;0.0171917;0.00918082;0;0.000338
Classe;59.678.443/0001-89;2026-07-01;1;2026-08-14;OPORTUNIDADES IMOBILIÁRIAS I  FII;2025-02-26;INVESTIDOR PROFISSIONAL;BR0NFYCTF007;26401271;N;N;;Outros;Ativa;Determinado;2031-04-11;31/12;S;S;N;S;N;XP INVESTIMENTOS CORRETORA DE CÂMBIO, TÍTULOS E VAL MOB S/A;02332886000104;AVENIDA ATAULFO DE PAIVA;153;5º e 8º andares;LEBLON;RIO DE JANEIRO;RJ;22440-033;(11) 3027-2237;;;www.xpi.com.br;adm.fundos.estruturados@xpi.com.br;2026-07-01;1;59678443000189;114;;2590906288.45;98.1356650765033;26401271;0.004285;0.005427;0;6.4E-05
Classe;59.718.930/0001-28;2026-07-01;1;2026-08-12;SPX FEEDER GALAP FII;2025-03-21;INVESTIDOR PROFISSIONAL;BRSPXDCTF004;1474171;N;N;;Outros;Ativa;Determinado;2032-03-13;31/12;S;N;N;S;N;BTG PACTUAL SERVICOS FINANCEIROS S.A. DISTRIBUIDOR;59281253000123;Praia de Botafogo;501;6º Andar;Botafogo;Rio de Janeiro;RJ;22.250-040;55 11 3383-3102;;;www.btgpactual.com;ri.fundoslistados@btgpactual.com;2026-07-01;1;59718930000128;1;0;13723659.26;9.309408;1474171;-1E-06;-1E-06;0;0.006332
Classe;60.027.987/0001-60;2026-07-01;2;2026-08-13;BTG CRD IMOB CDI FII;2025-04-29;INVESTIDOR QUALIFICADO;BRBTDICTF011;58377030;N;N;;Multicategoria;Ativa;Determinado;2030-04-29;31/12;S;N;N;S;N;BTG PACTUAL SERVICOS FINANCEIROS S.A. DISTRIBUIDOR;59281253000123;Praia de Botafogo;501;6º Andar;Botafogo;Rio de Janeiro;RJ;22.250-040;55 11 3383-3102;;;www.btgpactual.com;ri.fundoslistados@btgpactual.com;2026-07-01;2;60027987000160;8131;8129;586037356.57;10.038835;58377030;0;0;0;0.000932
Classe;60.079.651/0001-40;2026-07-01;1;2026-08-14;VERDE A&I CEDRO PORTFOLIO RENDA FII;2025-05-06;INVESTIDORES EM GERAL;BRVDCDCTF008;1660390;N;N;;Outros;Ativa;Determinado;2031-05-06;31/12;S;S;N;S;S;XP INVESTIMENTOS CORRETORA DE CÂMBIO, TÍTULOS E VAL MOB S/A;02332886000104;AVENIDA ATAULFO DE PAIVA;153;5º e 8º andares;LEBLON;RIO DE JANEIRO;RJ;22440-033;(11) 3027-2237;;;www.xpi.com.br;adm.fundos.estruturados@xpi.com.br;2026-07-01;1;60079651000140;4164;;165878592.23;99.9033915104283;1660390;0.013114;0.01252;0;0.001134
Classe;60.127.177/0001-85;2026-07-01;1;2026-08-12;REC ONE FII;2025-04-28;INVESTIDOR QUALIFICADO;BR0NQ4CTF007;5762063;N;N;;Outros;Ativa;Determinado;2029-04-28;31/12;S;N;N;S;N;BTG PACTUAL SERVICOS FINANCEIROS S.A. DISTRIBUIDOR;59281253000123;Praia de Botafogo;501;6º Andar;Botafogo;Rio de Janeiro;RJ;22.250-040;55 11 3383-3102;;;www.btgpactual.com;ri.fundoslistados@btgpactual.com;2026-07-01;1;60127177000185;455;454;55932726.61;9.707066;5762063;0;0;0;0.001188
Classe;60.195.941/0001-50;2026-07-01;1;2026-08-13;HEDGE PALADIN DES RES FII DE RL;2026-02-24;INVESTIDOR QUALIFICADO;;400000;N;N;;Residencial;Ativa;Determinado;2030-02-24;30/06;N;N;S;N;N;HEDGE INVESTMENTS DTVM LTDA;07253654000176;AVENIDA BRIGADEIRO FARIA LIMA;3600;11º ANDAR CJ 112;ITAIM BIBI;SÃO PAULO;SP;04538-132;(11) 5412-5400;;;www.hedgeinvest.com.br;dtvm@hedgeinvest.com.br;2026-07-01;1;60195941000150;3;;39497028.64;98.7425716;400000;-0.001767;0;0;0.001849
Classe;60.329.826/0001-20;2026-07-01;1;2026-08-14;BTG HOSP RET TOT FII;2025-10-22;INVESTIDORES EM GERAL;BRBTHRCTF005;33675336;N;N;;Hotel;Ativa;Determinado;2030-10-23;30/06;S;N;N;S;N;BTG PACTUAL SERVICOS FINANCEIROS S.A. DISTRIBUIDOR;59281253000123;Praia de Botafogo;501;6º Andar;Botafogo;Rio de Janeiro;RJ;22.250-040;55 11 3383-3102;;;www.btgpactual.com;ri.fundoslistados@btgpactual.com;2026-07-01;1;60329826000120;24;0;397081019.39;11.791449;33675336;0.044404;0.022202;0;0.001076
Classe;60.513.922/0001-24;2026-07-01;1;2026-08-14;FUNDO DE INVESTIMENTO IMOBILIÁRIO TG RENDA URBANA FEEDER FII;2025-04-23;INVESTIDORES EM GERAL;BR0NYJCTF009;2396872;N;N;;Multicategoria;Ativa;Determinado;2030-04-24;30/06;N;S;N;N;S;XP INVESTIMENTOS CORRETORA DE CÂMBIO, TÍTULOS E VAL MOB S/A;02332886000104;AVENIDA ATAULFO DE PAIVA;153;5º e 8º andares;LEBLON;RIO DE JANEIRO;RJ;22440-033;(11) 3027-2237;;;www.xpi.com.br;adm.fundos.estruturados@xpi.com.br;2026-07-01;1;60513922000124;6225;;234760637.43;97.944586707175;2396872;0.013982;0.013565;0.001483;5.5E-05
Classe;60.535.430/0001-30;2026-07-01;1;2026-08-14;VALORA CRI CDI RENDA MAIS FII;2025-07-03;INVESTIDORES EM GERAL;BR0O5KCTF001;4017685;N;N;;Outros;Ativa;Determinado;2030-07-03;31/12;N;S;N;S;S;XP INVESTIMENTOS CORRETORA DE CÂMBIO, TÍTULOS E VAL MOB S/A;02332886000104;AVENIDA ATAULFO DE PAIVA;153;5º e 8º andares;LEBLON;RIO DE JANEIRO;RJ;22440-033;(11) 3027-2237;;;www.xpi.com.br;adm.fundos.estruturados@xpi.com.br;2026-07-01;1;60535430000130;9305;;407179958.96;101.346909715421;4017685;0.0157;0.013449;0;0.00109
Classe;60.551.924/0001-08;2026-07-01;1;2026-08-14;FUNDO DE INVESTIMENTO IMOBILIÁRIO TG RENDA URBANA MASTER FII;2025-04-25;INVESTIDOR QUALIFICADO;BR0NYJCTF009;3195829;N;N;;Multicategoria;Definida;Determinado;2030-04-25;30/06;N;S;N;N;S;XP INVESTIMENTOS CORRETORA DE CÂMBIO, TÍTULOS E VAL MOB S/A;02332886000104;AVENIDA ATAULFO DE PAIVA;153;5º e 8º andares;LEBLON;RIO DE JANEIRO;RJ;22440-033;(11) 3027-2237;;;www.xpi.com.br;adm.fundos.estruturados@xpi.com.br;2026-07-01;1;60551924000108;2;;356435132.72;111.531353123086;3195829;0.002647;0.005649;0.000974;0.000523
Classe;60.871.972/0001-83;2026-07-01;1;2026-08-12;CENTRAL RE HY FII;2025-07-14;INVESTIDOR PROFISSIONAL;BRCDHYCTF003;123016;N;N;;Multicategoria;Ativa;Determinado;2029-06-02;30/06;S;N;N;S;N;BTG PACTUAL SERVICOS FINANCEIROS S.A. DISTRIBUIDOR;59281253000123;Praia de Botafogo;501;6º Andar;Botafogo;Rio de Janeiro;RJ;22.250-040;55 11 3383-3102;;;www.btgpactual.com;ri.fundoslistados@btgpactual.com;2026-07-01;1;60871972000183;346;309;146184357.95;1188.336135;123016;-8E-06;-8E-06;0;0.000129
Classe;60.922.008/0001-37;2026-07-01;1;2026-08-12;PRIME LOGISTICA FII;2025-06-27;INVESTIDOR QUALIFICADO;BR0OC1CTF008;99666523;N;N;;Logística;Ativa;Determinado;2030-06-27;30/06;S;N;N;S;N;BTG PACTUAL SERVICOS FINANCEIROS S.A. DISTRIBUIDOR;59281253000123;Praia de Botafogo;501;6º Andar;Botafogo;Rio de Janeiro;RJ;22.250-040;55 11 3383-3102;;;www.btgpactual.com;ri.fundoslistados@btgpactual.com;2026-07-01;1;60922008000137;13207;11237;1111742843.22;11.154627;99666523;0;0;0;0.000598
Classe;60.958.603/0001-22;2026-07-01;1;2026-08-14;HIRE RESIDENCIAL II FUNDO DE INVESTIMENTO IMOBILIÁRIO;2025-09-11;INVESTIDOR QUALIFICADO;BR0O6UCTF008;418861.14435213;N;N;;Multicategoria;Ativa;Determinado;2033-09-11;31/12;N;N;S;N;N;XP INVESTIMENTOS CORRETORA DE CÂMBIO, TÍTULOS E VAL MOB S/A;02332886000104;AVENIDA ATAULFO DE PAIVA;153;5º e 8º andares;LEBLON;RIO DE JANEIRO;RJ;22440-033;(11) 3027-2237;;;www.xpi.com.br;adm.fundos.estruturados@xpi.com.br;2026-07-01;1;60958603000122;386;;40825718.67;97.4683835454512;418861.14435213;-0.001666;0;0;0.000367
Classe;61.232.706/0001-73;2026-07-01;1;2026-08-14;EXA RENDA HIGH GRADE FUNDO DE INVESTIMENTO IMOBILIÁRIO;2025-08-05;INVESTIDORES EM GERAL;BR0OE1CTF006;1025388;N;N;;Multicategoria;Ativa;Determinado;2030-08-05;30/06;N;N;S;N;N;XP INVESTIMENTOS CORRETORA DE CÂMBIO, TÍTULOS E VAL MOB S/A;02332886000104;AVENIDA ATAULFO DE PAIVA;153;5º e 8º andares;LEBLON;RIO DE JANEIRO;RJ;22440-033;(11) 3027-2237;;;www.xpi.com.br;adm.fundos.estruturados@xpi.com.br;2026-07-01;1;61232706000173;1447;;100687718.07;98.1947497630165;1025388;0.013;0.010717;0;0.001099
Classe;61.238.364/0001-07;2026-07-01;1;2026-08-14;XP CDI I FII;2025-07-16;INVESTIDOR QUALIFICADO;BR0OF0CTF007;7070000;N;N;;Outros;Ativa;Determinado;2026-07-16;31/12;N;S;N;S;S;XP INVESTIMENTOS CORRETORA DE CÂMBIO, TÍTULOS E VAL MOB S/A;02332886000104;AVENIDA ATAULFO DE PAIVA;153;5º e 8º andares;LEBLON;RIO DE JANEIRO;RJ;22440-033;(11) 3027-2237;;;www.xpi.com.br;adm.fundos.estruturados@xpi.com.br;2026-07-01;1;61238364000107;213;;727914795.77;102.958245512023;7070000;0.014739;0.011384;0.000344;0.000181
Classe;61.271.000/0001-10;2026-07-01;1;2026-08-14;RIO DAS PEDRAS I FII FI IMOBILIÁRIO RESP LIMITADA;2025-06-25;INVESTIDOR QUALIFICADO;;32725;N;N;;Residencial;Ativa;Determinado;2029-06-11;30/06;N;N;S;N;N;ID CORRETORA DE TITULOS E VALORES MOBILIARIOS S.A.;16695922000109;AV PRES JUSCELINO KUBITSCHEK;1726;19 ANDAR;VILA NOVA CONCEICAO;SÃO PAULO;SP;04543000;11 4637 6633;;;WWW.IDSF.COM.BR;administracao@idsf.com.br;2026-07-01;1;61271000000110;99;99;25010447.76;764.261199694423;32725;0.010954;0;0;0.0005
Classe;61.272.325/0001-18;2026-07-01;1;2026-08-13;INTER OPORTUNIDADE COTA SUB;2025-08-18;INVESTIDOR QUALIFICADO;BRINOICTF016;2800000;N;N;;Logística;Ativa;Determinado;2029-08-01;31/12;N;N;S;N;N;INTER DTVM LTDA.;18945670000146;AV BARBACENA;1219;21º ANDAR;SANTO AGOSTINHO;Belo Horizonte;MG;30190131;(31) 3614-5332;;;http://www.bancointer.com.br/inter-dtvm;ri.fii@interdtvm.com.br;2026-07-01;1;61272325000118;354;;301730406.34;107.76085941;2800000;0.0167997;0.00935029;0;0.000918
Classe;61.305.758/0001-22;2026-07-01;1;2026-08-12;KINEA GUARARA FII;2025-11-06;INVESTIDOR QUALIFICADO;BRKNGRCTF001;2764682;N;N;;Outros;Ativa;Determinado;2031-06-26;30/06;S;N;N;S;N;BTG PACTUAL SERVICOS FINANCEIROS S.A. DISTRIBUIDOR;59281253000123;Praia de Botafogo;501;6º Andar;Botafogo;Rio de Janeiro;RJ;22.250-040;55 11 3383-3102;;;www.btgpactual.com;ri.fundoslistados@btgpactual.com;2026-07-01;1;61305758000122;101;98;26369528.46;9.537997;2764682;0;0;0;0.003037
Classe;61.305.996/0001-38;2026-07-01;1;2026-08-12;KINEA GUARARA JD FII;2025-11-06;INVESTIDOR QUALIFICADO;BRKGUJCTF003;2935609;N;N;;Outros;Ativa;Determinado;2031-06-26;30/06;S;N;N;S;N;BTG PACTUAL SERVICOS FINANCEIROS S.A. DISTRIBUIDOR;59281253000123;Praia de Botafogo;501;6º Andar;Botafogo;Rio de Janeiro;RJ;22.250-040;55 11 3383-3102;;;www.btgpactual.com;ri.fundoslistados@btgpactual.com;2026-07-01;1;61305996000138;120;120;29364848.11;10.002983;2935609;0;0;0;0.002248
Classe;61.424.730/0001-04;2026-07-01;1;2026-08-14;FII XP RENDA IMOBILIÁRIA FEEDER;2025-08-05;INVESTIDORES EM GERAL;BR0OLZCTF000;34774460;N;N;;Outros;Definida;Determinado;2030-08-05;31/12;N;N;S;N;N;XP INVESTIMENTOS CORRETORA DE CÂMBIO, TÍTULOS E VAL MOB S/A;02332886000104;AVENIDA ATAULFO DE PAIVA;153;5º e 8º andares;LEBLON;RIO DE JANEIRO;RJ;22440-033;(11) 3027-2237;;;www.xpi.com.br;adm.fundos.estruturados@xpi.com.br;2026-07-01;1;61424730000104;9773;;366159576.79;10.5295546441268;34774460;0.013599;0.007211;0;3.3E-05
Classe;61.453.937/0001-07;2026-07-01;2;2026-08-26;FII TG RENDA IMOBILIÁRIA FEEDER;2025-08-05;INVESTIDORES EM GERAL;BR0OKWCTF009;16788734;N;N;;Outros;Definida;Determinado;2034-08-05;31/12;S;S;N;S;N;XP INVESTIMENTOS CORRETORA DE CÂMBIO, TÍTULOS E VAL MOB S/A;02332886000104;AVENIDA ATAULFO DE PAIVA;153;5º e 8º andares;LEBLON;RIO DE JANEIRO;RJ;22440-033;(11) 3027-2237;;;www.xpi.com.br;adm.fundos.estruturados@xpi.com.br;2026-07-01;2;61453937000107;4183;;170669235.93;10.1657001611914;16788734;0.01372;0.011729;0;7.6E-05
Classe;61.458.257/0001-86;2026-07-01;1;2026-08-14;HCO OPPS AERO II FII RESP LTDA;2025-09-16;INVESTIDOR QUALIFICADO;BR0RUVCTF003;104;N;N;;Logística;Ativa;Determinado;2032-09-01;31/12;N;N;S;N;N;VÓRTX DTVM LTDA;22610500000188;Rua Gilberto Sabino;215;4º ANDAR;Pinheiros;São Paulo;SP;5425020;11 3030-7177;;;www.vortx.com.br;fundos@vortx.com.br;2026-07-01;1;61458257000186;1;0;6998758.95;67295.75913462;104;0.10340144;0.08743619;0;0.003108
Classe;61.458.298/0001-72;2026-07-01;1;2026-08-14;HCO OPPS AERO II FEEDER FUNDO DE INVESTI;2025-09-05;INVESTIDOR QUALIFICADO;BR00000000;65.1394;N;N;;Logística;Ativa;Determinado;2032-09-01;31/12;N;N;S;N;N;VÓRTX DTVM LTDA;22610500000188;Rua Gilberto Sabino;215;4º ANDAR;Pinheiros;São Paulo;SP;5425020;11 3030-7177;;;www.vortx.com.br;fundos@vortx.com.br;2026-07-01;1;61458298000172;9;3;8445195.73;129648.13145586;65.1394;0.08979052;0;0;0.000833
Classe;61.516.271/0001-99;2026-07-01;1;2026-08-14;FII XP RENDA IMOBILIARIA MASTER;2025-08-19;INVESTIDOR PROFISSIONAL;BR0P1YCTF000;40856670;N;N;;Multicategoria;Ativa;Determinado;2030-08-19;30/06;S;S;N;S;N;XP INVESTIMENTOS CORRETORA DE CÂMBIO, TÍTULOS E VAL MOB S/A;02332886000104;AVENIDA ATAULFO DE PAIVA;153;5º e 8º andares;LEBLON;RIO DE JANEIRO;RJ;22440-033;(11) 3027-2237;;;www.xpi.com.br;adm.fundos.estruturados@xpi.com.br;2026-07-01;1;61516271000199;2;;443533275.9;10.8558351892115;40856670;0.010488;0.004987;0;0.000948
Classe;61.667.274/0001-23;2026-07-01;1;2026-08-14;RAIZZ DESENVOLVIMENTO III FUNDO DE INVES;2025-11-05;INVESTIDOR PROFISSIONAL;BR0OSFCTF023;36737.7801;N;N;;Logística;Ativa;Determinado;2032-11-05;30/06;N;N;S;N;N;VÓRTX DTVM LTDA;22610500000188;Rua Gilberto Sabino;215;4º ANDAR;Pinheiros;São Paulo;SP;5425020;11 3030-7177;;;www.vortx.com.br;fundos@vortx.com.br;2026-07-01;1;61667274000123;107;103;40546056.25;1103.66103174;36737.7801;-0.00156338;0;0;0.000491
Classe;61.816.615/0001-85;2026-07-01;1;2026-08-12;LB REALTY DSV II FII;2025-08-22;INVESTIDOR PROFISSIONAL;BR0PYOCTF004;81990;N;N;;Outros;Ativa;Determinado;2033-12-31;30/06;S;N;N;S;N;BTG PACTUAL SERVICOS FINANCEIROS S.A. DISTRIBUIDOR;59281253000123;Praia de Botafogo;501;6º Andar;Botafogo;Rio de Janeiro;RJ;22.250-040;55 11 3383-3102;;;www.btgpactual.com;ri.fundoslistados@btgpactual.com;2026-07-01;1;61816615000185;27;27;8207483.6;100.103471;81990;-1E-06;-1E-06;0;0.003338
Classe;61.820.010/0001-68;2026-07-01;1;2026-08-14;PATRIA OPORTUNIDADES IMOBILIÁRIAS FII;2025-12-05;INVESTIDOR PROFISSIONAL;BR0OZ4CTF021;2206809;N;N;;Multicategoria;Ativa;Determinado;2031-12-05;31/12;S;S;N;S;S;XP INVESTIMENTOS CORRETORA DE CÂMBIO, TÍTULOS E VAL MOB S/A;02332886000104;AVENIDA ATAULFO DE PAIVA;153;5º e 8º andares;LEBLON;RIO DE JANEIRO;RJ;22440-033;(11) 3027-2237;;;www.xpi.com.br;adm.fundos.estruturados@xpi.com.br;2026-07-01;1;61820010000168;4;;223136499.17;101.11273751829;2206809;0.014541;0.014472;0;7.3E-05
Classe;61.848.349/0001-72;2026-07-01;1;2026-08-14;AZ QUEST PANORAMA RENDA CDI;2025-09-03;INVESTIDORES EM GERAL;BR0OVBCTF000;4374650;N;N;;Multicategoria;Ativa;Determinado;2030-09-03;30/06;N;N;S;N;N;XP INVESTIMENTOS CORRETORA DE CÂMBIO, TÍTULOS E VAL MOB S/A;02332886000104;AVENIDA ATAULFO DE PAIVA;153;5º e 8º andares;LEBLON;RIO DE JANEIRO;RJ;22440-033;(11) 3027-2237;;;www.xpi.com.br;adm.fundos.estruturados@xpi.com.br;2026-07-01;1;61848349000172;8991;;430460370.28;98.3988136833804;4374650;0.02059;0.012296;0;0.001092
Classe;61.865.925/0001-90;2026-07-01;1;2026-08-14;FOF JIVE FII;2025-07-29;INVESTIDOR QUALIFICADO;BR0OV9CTF032;9191130.20014366;N;N;;Multicategoria;Ativa;Determinado;2028-07-31;31/12;N;S;N;S;S;XP INVESTIMENTOS CORRETORA DE CÂMBIO, TÍTULOS E VAL MOB S/A;02332886000104;AVENIDA ATAULFO DE PAIVA;153;5º e 8º andares;LEBLON;RIO DE JANEIRO;RJ;22440-033;(11) 3027-2237;;;www.xpi.com.br;adm.fundos.estruturados@xpi.com.br;2026-07-01;1;61865925000190;2;;237650015.79;25.8564518851322;9191130.20014366;0.000418;0;0.090024;8.4E-05
Classe;61.911.799/0001-62;2026-07-01;1;2026-08-14;SC JIVEMAUÁ CORPORATE FII;2025-11-26;INVESTIDOR QUALIFICADO;BR0QCYCTF007;9071428;N;N;;Multicategoria;Ativa;Determinado;2030-11-26;30/06;S;S;N;S;N;XP INVESTIMENTOS CORRETORA DE CÂMBIO, TÍTULOS E VAL MOB S/A;02332886000104;AVENIDA ATAULFO DE PAIVA;153;5º e 8º andares;LEBLON;RIO DE JANEIRO;RJ;22440-033;(11) 3027-2237;;;www.xpi.com.br;adm.fundos.estruturados@xpi.com.br;2026-07-01;1;61911799000162;2;;913333751.51;100.682467138581;9071428;0.002462;0.005708;0;0.000748
Classe;61.912.292/0001-23;2026-07-01;1;2026-08-14;VALORA FII;2025-07-30;INVESTIDOR PROFISSIONAL;BR0OZCCTF017;1950000.078;N;N;;Outros;Definida;Determinado;2030-07-30;31/12;N;S;N;S;S;XP INVESTIMENTOS CORRETORA DE CÂMBIO, TÍTULOS E VAL MOB S/A;02332886000104;AVENIDA ATAULFO DE PAIVA;153;5º e 8º andares;LEBLON;RIO DE JANEIRO;RJ;22440-033;(11) 3027-2237;;;www.xpi.com.br;adm.fundos.estruturados@xpi.com.br;2026-07-01;1;61912292000123;4;;193102455.2;99.0268961414883;1950000.078;-0.006915;0.007727;0;0.000826
Classe;61.918.522/0001-61;2026-07-01;1;2026-08-14;LCP PREFIXADO MASTER FUNDO DE INVESTIMENTO IMOBILIÁRIO;2025-09-02;INVESTIDOR PROFISSIONAL;BR0OXGCTF005;7500000;N;N;;Multicategoria;Ativa;Determinado;2030-09-02;30/06;N;N;S;N;N;XP INVESTIMENTOS CORRETORA DE CÂMBIO, TÍTULOS E VAL MOB S/A;02332886000104;AVENIDA ATAULFO DE PAIVA;153;5º e 8º andares;LEBLON;RIO DE JANEIRO;RJ;22440-033;(11) 3027-2237;;;www.xpi.com.br;adm.fundos.estruturados@xpi.com.br;2026-07-01;1;61918522000161;22;;712133559.62;94.9511412826667;7500000;0.011669;0.010171;0;0.001364
Classe;61.922.643/0001-87;2026-07-01;1;2026-08-14;LCP PREFIXADO FEEDER FUNDO DE INVESTIMENTO IMOBILIÁRIO;2025-09-01;INVESTIDORES EM GERAL;BR0OXECTF000;5625000;N;N;;Multicategoria;Definida;Determinado;2030-09-01;30/06;N;N;S;N;N;XP INVESTIMENTOS CORRETORA DE CÂMBIO, TÍTULOS E VAL MOB S/A;02332886000104;AVENIDA ATAULFO DE PAIVA;153;5º e 8º andares;LEBLON;RIO DE JANEIRO;RJ;22440-033;(11) 3027-2237;;;www.xpi.com.br;adm.fundos.estruturados@xpi.com.br;2026-07-01;1;61922643000187;12974;;569847249.54;101.306177696;5625000;0.013787;0.012741;0;2.3E-05
Classe;61.974.505/0001-41;2026-07-01;1;2026-08-14;BRIO BS COINVESTIMENTO FII RESP LIMITADA;2025-08-15;INVESTIDOR QUALIFICADO;BR0P53CTF004;38416;N;N;;Residencial;Ativa;Determinado;2032-08-15;30/06;N;N;S;N;N;BRL TRUST DTVM S.A.;13486793000142;Rua Alves Guimarães;1216;;Pinheiros;São Paulo;SP;05410-002;(11) 3509-0600;;;www.apexgroup.com/apex-brazil/;infolegal@apexgroup.com;2026-07-01;1;61974505000141;1;;40724259.09;1060.08587801958;38416;0.002712;;;0.000872383213196967
Classe;62.017.234/0001-07;2026-07-01;1;2026-08-14;XP HABITAT RENDA IMOBILIÁRIA MASTER FII;2025-09-03;INVESTIDOR QUALIFICADO;BR0P36CTF009;5936500;N;N;;Outros;Ativa;Determinado;2030-09-03;30/06;N;N;S;N;N;XP INVESTIMENTOS CORRETORA DE CÂMBIO, TÍTULOS E VAL MOB S/A;02332886000104;AVENIDA ATAULFO DE PAIVA;153;5º e 8º andares;LEBLON;RIO DE JANEIRO;RJ;22440-033;(11) 3027-2237;;;www.xpi.com.br;adm.fundos.estruturados@xpi.com.br;2026-07-01;1;62017234000107;2;;573285565.98;96.5696228383728;5936500;0.013477;0.013386;0;0.001181
Classe;62.021.906/0001-40;2026-07-01;1;2026-08-14;XP HABITAT RENDA IMOBILIÁRIA FEEDER FII;2025-09-02;INVESTIDORES EM GERAL;BR0P1MCTF005;5000000;N;N;;Outros;Ativa;Determinado;2030-09-02;30/06;N;N;S;N;N;XP INVESTIMENTOS CORRETORA DE CÂMBIO, TÍTULOS E VAL MOB S/A;02332886000104;AVENIDA ATAULFO DE PAIVA;153;5º e 8º andares;LEBLON;RIO DE JANEIRO;RJ;22440-033;(11) 3027-2237;;;www.xpi.com.br;adm.fundos.estruturados@xpi.com.br;2026-07-01;1;62021906000140;13554;;507513921.16;101.502784232;5000000;0.01541;0.014387;0;3E-05
Classe;62.064.773/0001-99;2026-07-01;1;2026-08-13;HEDGE OPPORTUNITIES FII RESP LTDA;2025-08-11;INVESTIDOR PROFISSIONAL;BR0P2ICTF019;3200000;N;N;;Multicategoria;Ativa;Determinado;2030-08-12;31/12;N;S;N;N;S;HEDGE INVESTMENTS DTVM LTDA;07253654000176;AVENIDA BRIGADEIRO FARIA LIMA;3600;11º ANDAR CJ 112;ITAIM BIBI;SÃO PAULO;SP;04538-132;(11) 5412-5400;;;www.hedgeinvest.com.br;dtvm@hedgeinvest.com.br;2026-07-01;1;62064773000199;3;;325414046.2;101.6918894375;3200000;0.010443;0.006418;0;0.000227
Classe;62.206.618/0001-60;2026-07-01;1;2026-08-14;JS RENDA ATIVA FI IMOBILIARIO RESP LIMITADA;2025-10-31;INVESTIDORES EM GERAL;BR0PI5CTF002;23392154;N;N;;Multicategoria;Ativa;Determinado;2032-12-31;31/12;N;S;N;N;S;BANCO J SAFRA S.A;03017677000120;AV PAULISTA;2150;;BELA VISTA;SÃO PAULO;SP;01311-300;0300 105 1234;0800 772 5755;;https://www.safra.com.br/safra-asset/fundo-imobiliario/js-renda-ativa.htm;SAFRA.ASSET@SAFRA.COM.BR;2026-07-01;1;62206618000160;11365;;2435450327.86;104.113983169741;23392154;0.012527;0.006976;0;0.000139
Classe;62.235.730/0001-29;2026-07-01;1;2026-08-14;CVPAR FUNDO DE INVESTIMENTO IMOBILIARIO;2025-09-04;INVESTIDOR QUALIFICADO;BR0P7VCTF011;532500;N;N;;Hotel;Definida;Determinado;2030-09-01;31/12;N;N;S;N;N;VÓRTX DTVM LTDA;22610500000188;Rua Gilberto Sabino;215;4º ANDAR;Pinheiros;São Paulo;SP;5425020;(11) 3030-7177;;;www.vortx.com.br;regulatorio.funds@vortx.com.br;2026-07-01;1;62235730000129;138;125;76517293.85;143.69444854;532500;0.00348305;0;0;0.000315
Classe;62.252.669/0001-28;2026-07-01;1;2026-08-14;HEDGE CRÉDITO CDI RENDA MAIS FII;2025-11-04;INVESTIDORES EM GERAL;BR0P89CTF008;1173156;N;N;;Multicategoria;Ativa;Determinado;2032-11-04;30/06;N;S;N;N;S;XP INVESTIMENTOS CORRETORA DE CÂMBIO, TÍTULOS E VAL MOB S/A;02332886000104;AVENIDA ATAULFO DE PAIVA;153;5º e 8º andares;LEBLON;RIO DE JANEIRO;RJ;22440-033;(11) 3027-2237;;;www.xpi.com.br;adm.fundos.estruturados@xpi.com.br;2026-07-01;1;62252669000128;2164;;116793384.74;99.5548628997337;1173156;0.003239;0;0;0.000818
Classe;62.293.353/0001-84;2026-07-01;1;2026-08-13;FII PATRIA HEALTH SUBORDINADA;2025-12-29;INVESTIDOR PROFISSIONAL;;1800000;N;N;;Outros;Ativa;Determinado;2032-12-01;30/06;N;S;N;N;S;.BANCO DAYCOVAL S/A;62232889000190;Avenida Paulista;1793;2º Andar;Bela Vista;São Paulo;SP;01311200;0300 111 0500;11 3563-4389;11 3563-4318;www.daycoval.com.br/investimentos/servicos-fiduciarios;informes.regulatorios@bancodaycoval.com.br;2026-07-01;1;62293353000184;2;;187620957.79;104.23386544;1800000;0.00743377;0;0;0.000692
Classe;62.305.611/0001-03;2026-07-01;1;2026-08-14;RIZA TRAKTOS FII;2025-10-03;INVESTIDOR QUALIFICADO;BR0PAFCTF002;1883652;N;N;;Outros;Ativa;Determinado;2030-10-03;30/06;S;N;N;S;N;BTG PACTUAL SERVICOS FINANCEIROS S.A. DISTRIBUIDOR;59281253000123;Praia de Botafogo;501;6º Andar;Botafogo;Rio de Janeiro;RJ;22.250-040;55 11 3383-3102;;;www.btgpactual.com;ri.fundoslistados@btgpactual.com;2026-07-01;1;62305611000103;5623;5623;189859813.85;100.793466;1883652;0.003219;0.01023;0;0.001284
Classe;62.308.074/0001-47;2026-07-01;1;2026-08-14;FUNDO DE INVESTIMENTO IMOBILIÁRIO JHSF CAPITAL MALLS FEEDER;2025-08-20;INVESTIDORES EM GERAL;BR0P94CTF008;68616846;N;N;;Outros;Ativa;Determinado;2030-08-20;31/12;N;S;N;S;N;XP INVESTIMENTOS CORRETORA DE CÂMBIO, TÍTULOS E VAL MOB S/A;02332886000104;AVENIDA ATAULFO DE PAIVA;153;5º e 8º andares;LEBLON;RIO DE JANEIRO;RJ;22440-033;(11) 3027-2237;;;www.xpi.com.br;adm.fundos.estruturados@xpi.com.br;2026-07-01;1;62308074000147;16527;;794647654.77;11.5809411404599;68616846;-0.002435;0.00854;0;5.5E-05
Classe;62.334.936/0001-06;2026-07-01;1;2026-08-14;BRIO TPG COINVESTIMENTO FII RESP LIMITADA;2025-09-05;INVESTIDOR QUALIFICADO;;27500;N;N;;Residencial;Ativa;Determinado;2032-09-05;31/12;N;N;S;N;N;BRL TRUST DTVM S.A.;13486793000142;Rua Alves Guimarães;1216;;Pinheiros;São Paulo;SP;05410-002;(11) 3509-0600;;;www.apexgroup.com/apex-brazil/;infolegal@apexgroup.com;2026-07-01;1;62334936000106;1;;27500210.13;1000.00764109091;27500;0.007508;0.007391;;0.000955532335054198
Classe;62.452.316/0001-71;2026-07-01;1;2026-08-12;BOCOM BBM RESIDENCIAL FII;2025-11-19;INVESTIDOR PROFISSIONAL;BR0PDPCTF005;353779.6771095;N;N;;Outros;Ativa;Determinado;2030-11-19;30/06;N;S;N;N;S;BEM DTVM LTDA;00066670000100;Núcleo Cidade de Deus;S/N;Prédio Prata - 4º Andar;Vila Yara;Osasco;SP;06029-900;(11) 3684-4522;;;www.bradescobemdtvm.com.br;bemdtvm@bradesco.com.br;2026-07-01;1;62452316000171;105;;37918092.89;107.179963529289;353779.6771095;-0.010477;0;0;0.000252
Classe;62.526.654/0001-00;2026-07-01;1;2026-08-14;MAUÁ CAPITAL LAJES CORPORATIVAS FEEDER FII;2025-09-02;INVESTIDORES EM GERAL;BR0PFBCTF000;8761367;N;N;;Outros;Ativa;Determinado;2030-09-02;30/06;S;N;N;S;N;XP INVESTIMENTOS CORRETORA DE CÂMBIO, TÍTULOS E VAL MOB S/A;02332886000104;AVENIDA ATAULFO DE PAIVA;153;5º e 8º andares;LEBLON;RIO DE JANEIRO;RJ;22440-033;(11) 3027-2237;;;www.xpi.com.br;adm.fundos.estruturados@xpi.com.br;2026-07-01;1;62526654000100;20433;;947117211.72;108.101533895338;8761367;0.006334;0;0;1.3E-05
Classe;62.662.477/0001-90;2026-07-01;1;2026-08-14;RIO BRAVO FOR YOU FII;2025-09-10;INVESTIDORES EM GERAL;BRRBFYCTF009;969847;N;N;;Residencial;Ativa;Determinado;2028-09-10;31/12;S;N;N;S;N;RIO BRAVO INVESTIMENTOS DTVM LTDA;72600026000181;AV. CHEDID JAFET;222;Conjunto 32 - BLOCO B;VILA OLÍMPIA;SÃO PAULO;SP;04551-065;(11) 3509-6600;;;www.riobravo.com.br;fundosimobiliarios@riobravo.com.br;2026-07-01;1;62662477000190;84;;91366184.99;94.2068027121804;969847;-0.000133;0;0;0.000834
Classe;62.683.216/0001-56;2026-07-01;1;2026-08-14;FII WINGS RENDA IMOBILIÁRIA MASTER;2025-12-18;INVESTIDOR QUALIFICADO;BR0PJZCTF035;3700000;N;N;;Multicategoria;Ativa;Determinado;2030-12-18;30/06;S;S;N;S;S;XP INVESTIMENTOS CORRETORA DE CÂMBIO, TÍTULOS E VAL MOB S/A;02332886000104;AVENIDA ATAULFO DE PAIVA;153;5º e 8º andares;LEBLON;RIO DE JANEIRO;RJ;22440-033;(11) 3027-2237;;;www.xpi.com.br;adm.fundos.estruturados@xpi.com.br;2026-07-01;1;62683216000156;3;;359434057.11;97.1443397594595;3700000;0.008532;0.007178;0;0.000137
Classe;62.731.360/0001-10;2026-07-01;1;2026-08-14;TRIPLO A RESIDENCIAL FUNDO DE INVESTIMENTO IMOBILIÁRIO;2025-09-15;INVESTIDORES EM GERAL;BR0PJWCTF024;1664396;N;N;;Residencial;Ativa;Determinado;2028-09-15;30/06;S;N;N;S;N;XP INVESTIMENTOS CORRETORA DE CÂMBIO, TÍTULOS E VAL MOB S/A;02332886000104;AVENIDA ATAULFO DE PAIVA;153;5º e 8º andares;LEBLON;RIO DE JANEIRO;RJ;22440-033;(11) 3027-2237;;;www.xpi.com.br;adm.fundos.estruturados@xpi.com.br;2026-07-01;1;62731360000110;2319;;175141312.42;105.228150283947;1664396;0.006063;0;0;0.001638
Classe;62.739.410/0001-06;2026-07-01;1;2026-08-14;FII WINGS RENDA IMOBILIÁRIA FEEDER;2025-12-02;INVESTIDORES EM GERAL;BR0PJXCTF014;2775000;N;N;;Multicategoria;Ativa;Determinado;2030-12-02;30/06;S;S;N;S;S;XP INVESTIMENTOS CORRETORA DE CÂMBIO, TÍTULOS E VAL MOB S/A;02332886000104;AVENIDA ATAULFO DE PAIVA;153;5º e 8º andares;LEBLON;RIO DE JANEIRO;RJ;22440-033;(11) 3027-2237;;;www.xpi.com.br;adm.fundos.estruturados@xpi.com.br;2026-07-01;1;62739410000106;6897;;297765788.45;107.302986828829;2775000;0.014216;0.008993;0;4.4E-05
Classe;62.808.826/0001-39;2026-07-01;1;2026-08-12;BRM MCASA MVIDA FII;2025-11-28;INVESTIDOR QUALIFICADO;BRMCMVR03M11;285590;N;N;;Outros;Ativa;Determinado;2030-09-18;30/06;S;N;N;S;N;BTG PACTUAL SERVICOS FINANCEIROS S.A. DISTRIBUIDOR;59281253000123;Praia de Botafogo;501;6º Andar;Botafogo;Rio de Janeiro;RJ;22.250-040;55 11 3383-3102;;;www.btgpactual.com;ri.fundoslistados@btgpactual.com;2026-07-01;1;62808826000139;351;345;25039096.49;87.674976;285590;-4E-06;-4E-06;0;0.008823
Classe;62.864.543/0001-04;2026-07-01;1;2026-08-14;RAIZZ RENDA UBERLANDIA FUNDO DE INVESTIM;2026-01-27;INVESTIDOR PROFISSIONAL;BR0PP3CTF008;1052849.0004;N;N;;Logística;Ativa;Determinado;2033-01-26;30/06;N;N;S;S;N;VÓRTX DTVM LTDA;22610500000188;Rua Gilberto Sabino;215;4º ANDAR;Pinheiros;São Paulo;SP;5425020;11 3030-7177;;;www.vortx.com.br;fundos@vortx.com.br;2026-07-01;1;62864543000104;44;43;113269220.5;107.58353805;1052849.0004;0.0014549;0.00074394;0;0.00022
Classe;62.883.138/0001-33;2026-07-01;1;2026-08-14;BGR GALPÕES LOGÍSTICOS I FEEDER FII;2025-11-26;INVESTIDORES EM GERAL;BR0PVPCTF015;2532000;N;N;;Logística;Ativa;Determinado;2030-11-26;31/12;S;S;N;S;N;XP INVESTIMENTOS CORRETORA DE CÂMBIO, TÍTULOS E VAL MOB S/A;02332886000104;AVENIDA ATAULFO DE PAIVA;153;5º e 8º andares;LEBLON;RIO DE JANEIRO;RJ;22440-033;(11) 3027-2237;;;www.xpi.com.br;adm.fundos.estruturados@xpi.com.br;2026-07-01;1;62883138000133;6834;;263233434.25;103.962651757504;2532000;0.014165;0.010238;0;0
Classe;62.950.991/0001-20;2026-07-01;1;2026-08-14;JS RENDA IMOBILIARIA FI IMOBILIARIO RESP LIMITADA;2025-12-16;INVESTIDORES EM GERAL;BR0Q8XCTF014;24518902;N;N;;Multicategoria;Ativa;Determinado;2032-12-16;31/12;N;S;N;N;S;BANCO J SAFRA S.A;03017677000120;AV PAULISTA;2150;;BELA VISTA;SÃO PAULO;SP;01311-300;0300 105 1234;0800 772 5755;;https://www.safra.com.br/safra-asset/fundo-imobiliario/js-renda-ativa.htm;SAFRA.ASSET@SAFRA.COM.BR;2026-07-01;1;62950991000120;2;;1894413241.27;77.2633799535558;24518902;0.014257;0.012576;0;0.000726
Classe;62.951.756/0001-73;2026-07-01;1;2026-08-14;GALAPAGOS SP SURF FUNDO DE INVESTIMENTO;2025-10-15;INVESTIDOR PROFISSIONAL;BRGSRFCTF034;87430;N;N;;Residencial;Ativa;Determinado;2027-10-01;30/06;S;N;N;S;N;VÓRTX DTVM LTDA;22610500000188;Rua Gilberto Sabino;215;4º ANDAR;Pinheiros;São Paulo;SP;5425020;11 3030-7177;;;www.vortx.com.br;fundos@vortx.com.br;2026-07-01;1;62951756000173;2817;2739;1230499.28;14.0741082;87430;0.0836106;0;0.863053;0.014392
Classe;62.992.889/0001-98;2026-07-01;1;2026-08-12;RIZA MALLS MAST FII;2025-10-06;INVESTIDOR PROFISSIONAL;BR0PRQCTF011;11914710;N;N;;Multicategoria;Ativa;Determinado;2030-10-06;31/12;S;N;N;S;N;BTG PACTUAL SERVICOS FINANCEIROS S.A. DISTRIBUIDOR;59281253000123;Praia de Botafogo;501;6º Andar;Botafogo;Rio de Janeiro;RJ;22.250-040;55 11 3383-3102;;;www.btgpactual.com;ri.fundoslistados@btgpactual.com;2026-07-01;1;62992889000198;2;0;1173478814.28;98.489918;11914710;0;0;0;0.000928
Classe;62.995.712/0001-45;2026-07-01;1;2026-08-14;FUNDO DE INVESTIMENTO IMOBILIÁRIO RIZA MALLS FEEDER;2025-10-01;INVESTIDORES EM GERAL;BR0PRPCTF005;10000000;N;N;;Multicategoria;Ativa;Determinado;2030-10-01;31/12;S;S;N;S;N;XP INVESTIMENTOS CORRETORA DE CÂMBIO, TÍTULOS E VAL MOB S/A;02332886000104;AVENIDA ATAULFO DE PAIVA;153;5º e 8º andares;LEBLON;RIO DE JANEIRO;RJ;22440-033;(11) 3027-2237;;;www.xpi.com.br;adm.fundos.estruturados@xpi.com.br;2026-07-01;1;62995712000145;23656;;1060889249.43;106.088924943;10000000;0.01443;0.008015;0;2.7E-05
Classe;63.009.499/0001-18;2026-07-01;1;2026-08-12;TIVIO OPPORTUNITIES IPCA FII;2025-11-19;INVESTIDORES EM GERAL;BRTVOICTF008;3000000;N;N;;Multicategoria;Definida;Determinado;2030-11-19;31/12;S;N;N;S;N;BEM DTVM LTDA;00066670000100;Núcleo Cidade de Deus;S/N;Prédio Prata - 4º Andar;Vila Yara;Osasco;SP;06029-900;(11) 3684-4522;;;www.bradescobemdtvm.com.br;bemdtvm@bradesco.com.br;2026-07-01;1;63009499000118;1911;;313872451.06;104.624150353333;3000000;0.013789;0.007168;0;0
Classe;63.032.672/0001-07;2026-07-01;1;2026-08-12;J SAFRA FII RL;2025-10-27;INVESTIDOR QUALIFICADO;BR0PZRCTF004;1427983;N;N;;Outros;Ativa;Determinado;2032-10-10;31/12;S;N;N;S;N;BTG PACTUAL SERVICOS FINANCEIROS S.A. DISTRIBUIDOR;59281253000123;Praia de Botafogo;501;6º Andar;Botafogo;Rio de Janeiro;RJ;22.250-040;55 11 3383-3102;;;www.btgpactual.com;ri.fundoslistados@btgpactual.com;2026-07-01;1;63032672000107;335;335;148663250.17;104.107157;1427983;-1E-06;-1E-06;0;0.000176
Classe;63.225.091/0001-83;2026-07-01;1;2026-08-14;PATRIA OPORTUNIDADES IMOBILIÁRIAS FEEDER FII;2025-12-05;INVESTIDOR QUALIFICADO;BR0Q2MCTF002;661953.99998579;N;N;;Multicategoria;Definida;Determinado;2031-12-05;31/12;S;S;N;S;S;XP INVESTIMENTOS CORRETORA DE CÂMBIO, TÍTULOS E VAL MOB S/A;02332886000104;AVENIDA ATAULFO DE PAIVA;153;5º e 8º andares;LEBLON;RIO DE JANEIRO;RJ;22440-033;(11) 3027-2237;;;www.xpi.com.br;adm.fundos.estruturados@xpi.com.br;2026-07-01;1;63225091000183;2;;65907593.47;99.5652167241452;661953.99998579;0.012978;0.015555;0;0.000182
Classe;63.240.822/0001-60;2026-07-01;1;2026-08-14;RIZA ATRIA FII;2025-11-28;INVESTIDOR PROFISSIONAL;BR0R5LCTF006;11470415;N;N;;Multicategoria;Ativa;Determinado;2030-11-28;31/12;S;N;N;S;N;BTG PACTUAL SERVICOS FINANCEIROS S/A DTVM;59281253000123;Praia de Botafogo;501;6º Andar;Botafogo;Rio de Janeiro;RJ;22.250-040;55 11 3383-3102;;;www.btgpactual.com;ri.fundoslistados@btgpactual.com;2026-07-01;1;63240822000160;1;0;1165802691.34;101.635616;11470415;0.01042;0.009683;0;0
Classe;63.352.779/0001-24;2026-07-01;1;2026-08-14;ALIANZA CRÉDITO RENDA MAIS FII MASTER;2026-02-04;INVESTIDOR PROFISSIONAL;BR0Q47CTF004;1812500;N;N;;Multicategoria;Ativa;Determinado;2033-02-04;31/12;S;S;N;S;S;XP INVESTIMENTOS CORRETORA DE CÂMBIO, TÍTULOS E VAL MOB S/A;02332886000104;AVENIDA ATAULFO DE PAIVA;153;5º e 8º andares;LEBLON;RIO DE JANEIRO;RJ;22440-033;(11) 3027-2237;;;www.xpi.com.br;adm.fundos.estruturados@xpi.com.br;2026-07-01;1;63352779000124;8;;179347635.17;98.9504194041379;1812500;0.003721;0.009469;0;0.001187
Classe;63.416.131/0001-74;2026-07-01;1;2026-08-14;TREVISO RESIDENCIAL FII RESP LIMITADA;2025-11-14;INVESTIDOR PROFISSIONAL;BR0QBBCTF023;185589;N;N;;Logística;Ativa;Determinado;2027-11-01;31/12;S;N;N;S;N;VÓRTX DTVM LTDA;22610500000188;Rua Gilberto Sabino;215;4º ANDAR;Pinheiros;São Paulo;SP;5425020;11 3030-7177;;;www.vortx.com.br;fundos@vortx.com.br;2026-07-01;1;63416131000174;5;2;54114174.98;291.58072397;185589;0.02433028;0;0;0.000205
Classe;63.441.263/0001-56;2026-07-01;1;2026-08-12;MANATI FII;2025-12-05;INVESTIDOR QUALIFICADO;BR0Q6ICTF001;2480106;N;N;;Multicategoria;Ativa;Determinado;2030-10-31;29/06;S;N;N;S;N;BTG PACTUAL SERVICOS FINANCEIROS S.A. DISTRIBUIDOR;59281253000123;Praia de Botafogo;501;6º Andar;Botafogo;Rio de Janeiro;RJ;22.250-040;55 11 3383-3102;;;www.btgpactual.com;ri.fundoslistados@btgpactual.com;2026-07-01;1;63441263000156;6682;6682;251293946.42;101.323873;2480106;0;0;0;0.001249
Classe;63.492.653/0001-55;2026-07-01;1;2026-08-14;PERMUTA RESIDENCIAL FUNDO DE INVESTIMENT;2025-11-28;INVESTIDOR PROFISSIONAL;BR0QHTCTF006;394163;N;N;;Multicategoria;Ativa;Determinado;2030-11-01;30/06;S;N;N;N;N;VÓRTX DTVM LTDA;22610500000188;Rua Gilberto Sabino;215;4º ANDAR;Pinheiros;São Paulo;SP;5425020;11 3030-7177;;;www.vortx.com.br;fundos@vortx.com.br;2026-07-01;1;63492653000155;8;3;33938515.59;86.10274326;394163;0.00013268;0;0;0.000489
Classe;63.496.639/0001-20;2026-07-01;1;2026-08-14;VALORA CRI PRÉ I FEEDER FUNDO DE INVESTIMENTO IMOBILIÁRIO RL;2025-12-02;INVESTIDORES EM GERAL;BR0QBFCTF016;5623589;N;N;;Multicategoria;Ativa;Determinado;2030-12-02;30/06;S;S;N;S;S;XP INVESTIMENTOS CORRETORA DE CÂMBIO, TÍTULOS E VAL MOB S/A;02332886000104;AVENIDA ATAULFO DE PAIVA;153;5º e 8º andares;LEBLON;RIO DE JANEIRO;RJ;22440-033;(11) 3027-2237;;;www.xpi.com.br;adm.fundos.estruturados@xpi.com.br;2026-07-01;1;63496639000120;10100;;569888246.26;101.338886298412;5623589;0.007003;0.011494;0;2.8E-05
Classe;63.573.987/0001-53;2026-07-01;1;2026-08-12;OCCASIO FII RL;2025-11-28;INVESTIDOR PROFISSIONAL;BR0R5JCTF059;102632;N;N;;Multicategoria;Ativa;Determinado;2030-11-12;31/12;S;N;N;S;N;BTG PACTUAL SERVICOS FINANCEIROS S.A. DISTRIBUIDOR;59281253000123;Praia de Botafogo;501;6º Andar;Botafogo;Rio de Janeiro;RJ;22.250-040;55 11 3383-3102;;;www.btgpactual.com;ri.fundoslistados@btgpactual.com;2026-07-01;1;63573987000153;114;112;87148019.14;849.131062;102632;-1E-05;-1E-05;0;0.000172
Classe;63.616.390/0001-49;2026-07-01;1;2026-08-13;REBOUÇAS CORPORATE FII - SUBORDINADA;2026-01-29;INVESTIDOR PROFISSIONAL;BR0R7ECTF015;12869000;N;N;;Outros;Ativa;Determinado;2041-07-01;31/12;S;N;N;S;N;.BANCO DAYCOVAL S/A;62232889000190;Avenida Paulista;1793;2º Andar;Bela Vista;São Paulo;SP;01311200;0300 111 0500;11 3563-4389;11 3563-4318;www.daycoval.com.br/investimentos/servicos-fiduciarios;informes.regulatorios@bancodaycoval.com.br;2026-07-01;1;63616390000149;6;;126136186.56;9.801553;12869000;0.01347878;0.01393007;-99.69584;0.000399
Classe;63.638.500/0001-73;2026-07-01;1;2026-08-14;XP CDI 98 II FUNDO DE INVESTIMENTO IMOBILIÁRIO;2025-11-24;INVESTIDORES EM GERAL;BR0QCHCTF002;3000000;N;N;;Multicategoria;Ativa;Determinado;2026-11-24;31/12;S;S;N;S;S;XP INVESTIMENTOS CORRETORA DE CÂMBIO, TÍTULOS E VAL MOB S/A;02332886000104;AVENIDA ATAULFO DE PAIVA;153;5º e 8º andares;LEBLON;RIO DE JANEIRO;RJ;22440-033;(11) 3027-2237;;;www.xpi.com.br;adm.fundos.estruturados@xpi.com.br;2026-07-01;1;63638500000173;224;;303647460.6;101.2158202;3000000;0.012967;0.012023;0;2.6E-05
Classe;63.638.558/0001-17;2026-07-01;1;2026-08-14;XP CDI 93 II FUNDO DE INVESTIMENTO IMOBILIÁRIO;2025-11-24;INVESTIDORES EM GERAL;BR0QCICTF000;7000000;N;N;;Multicategoria;Ativa;Determinado;2026-11-24;31/12;S;S;N;S;S;XP INVESTIMENTOS CORRETORA DE CÂMBIO, TÍTULOS E VAL MOB S/A;02332886000104;AVENIDA ATAULFO DE PAIVA;153;5º e 8º andares;LEBLON;RIO DE JANEIRO;RJ;22440-033;(11) 3027-2237;;;www.xpi.com.br;adm.fundos.estruturados@xpi.com.br;2026-07-01;1;63638558000117;5464;;708106648.81;101.158092687143;7000000;0.012359;0.011459;0;1.1E-05
Classe;63.669.622/0001-27;2026-07-01;1;2026-08-14;ALIANZA CRÉDITO RENDA MAIS FII FEEDER;2026-02-03;INVESTIDORES EM GERAL;BR0QDWCTF009;1377500;N;N;;Multicategoria;Ativa;Determinado;2032-02-03;31/12;S;S;N;S;S;XP INVESTIMENTOS CORRETORA DE CÂMBIO, TÍTULOS E VAL MOB S/A;02332886000104;AVENIDA ATAULFO DE PAIVA;153;5º e 8º andares;LEBLON;RIO DE JANEIRO;RJ;22440-033;(11) 3027-2237;;;www.xpi.com.br;adm.fundos.estruturados@xpi.com.br;2026-07-01;1;63669622000127;3845;;143813836.82;104.402059397459;1377500;0.014142;0.007624;0;4.5E-05
Classe;63.680.695/0001-10;2026-07-01;1;2026-08-14;HCO SAO PAULO CL;2026-02-26;INVESTIDOR PROFISSIONAL;;560759.4447;N;N;;Multicategoria;Ativa;Determinado;2036-02-01;31/12;N;N;S;N;N;VÓRTX DTVM LTDA;22610500000188;Rua Gilberto Sabino;215;4º ANDAR;Pinheiros;São Paulo;SP;5425020;11 3030-7177;;;www.vortx.com.br;fundos@vortx.com.br;2026-07-01;1;63680695000110;8;0;54782208.77;97.69288648;560759.4447;0.01441611;0;0;0
Classe;63.756.393/0001-88;2026-07-01;1;2026-08-14;RIZA TERRAX INSTITUCIONAL FEEDER FII RL;2025-12-02;INVESTIDOR QUALIFICADO;BR0QJLCTF025;356446;N;N;;Outros;Ativa;Determinado;2032-12-02;30/06;S;S;N;S;S;XP INVESTIMENTOS CORRETORA DE CÂMBIO, TÍTULOS E VAL MOB S/A;02332886000104;AVENIDA ATAULFO DE PAIVA;153;5º e 8º andares;LEBLON;RIO DE JANEIRO;RJ;22440-033;(11) 3027-2237;;;www.xpi.com.br;adm.fundos.estruturados@xpi.com.br;2026-07-01;1;63756393000188;95;;37752174.92;105.912746727415;356446;0.011518;0.030834;0;9.3E-05
Classe;63.757.906/0001-75;2026-07-01;1;2026-08-12;RIZA CORP FII RL;2025-11-28;INVESTIDOR QUALIFICADO;BR0QIRCTF024;66604;N;N;;Escritórios;Ativa;Determinado;2032-11-27;30/06;S;N;N;S;N;BTG PACTUAL SERVICOS FINANCEIROS S.A. DISTRIBUIDOR;59281253000123;Praia de Botafogo;501;6º Andar;Botafogo;Rio de Janeiro;RJ;22.250-040;55 11 3383-3102;;;www.btgpactual.com;ri.fundoslistados@btgpactual.com;2026-07-01;1;63757906000175;56;52;85773434.15;1287.812056;66604;-1.5E-05;-1.5E-05;0;0.000961
Classe;63.812.442/0001-52;2026-07-01;1;2026-08-12;RIZA JESUINO FII RL;2025-11-27;INVESTIDOR PROFISSIONAL;BR0R5MCTF004;0;N;N;;Multicategoria;Ativa;Determinado;2032-11-26;30/06;S;N;N;S;N;BTG PACTUAL SERVICOS FINANCEIROS S.A. DISTRIBUIDOR;59281253000123;Praia de Botafogo;501;6º Andar;Botafogo;Rio de Janeiro;RJ;22.250-040;55 11 3383-3102;;;www.btgpactual.com;ri.fundoslistados@btgpactual.com;2026-07-01;1;63812442000152;0;0;0;0;0;0;0;0;0
Classe;63.918.369/0001-06;2026-07-01;1;2026-08-14;LCP PREFIXADO II FEEDER FII;2025-12-30;INVESTIDORES EM GERAL;BR0QTDCTF005;7500000;N;N;;Outros;Ativa;Determinado;2032-12-30;31/12;S;N;N;S;N;XP INVESTIMENTOS CORRETORA DE CÂMBIO, TÍTULOS E VAL MOB S/A;02332886000104;AVENIDA ATAULFO DE PAIVA;153;5º e 8º andares;LEBLON;RIO DE JANEIRO;RJ;22440-033;(11) 3027-2237;;;www.xpi.com.br;adm.fundos.estruturados@xpi.com.br;2026-07-01;1;63918369000106;16292;;760164188.38;101.355225117333;7500000;0.009518;0.012646;0;1.7E-05
Classe;63.946.968/0001-25;2026-07-01;1;2026-08-14;VALORA CRI II CDI FL MENSAL 26/03 FEEDER;2026-03-13;INVESTIDORES EM GERAL;BRVGRMCTF000;3749000;N;N;;Multicategoria;Definida;Determinado;2031-03-01;31/12;S;N;N;S;N;.BANCO DAYCOVAL S/A;62232889000190;Avenida Paulista;1793;2º Andar;Bela Vista;São Paulo;SP;01311200;0300 111 0500;11 3563-4389;11 3563-4318;www.daycoval.com.br/investimentos/servicos-fiduciarios;informes.regulatorios@bancodaycoval.com.br;2026-07-01;1;63946968000125;2926;;380119420.71;101.392217;3749000;0.02745746;0.01290798;0;1.8E-05
Classe;63.954.054/0001-06;2026-07-01;1;2026-08-14;LCP PREFIXADO II MASTER FII;2026-01-06;INVESTIDOR QUALIFICADO;BR0QTTCTF001;10000000;N;N;;Outros;Ativa;Determinado;2033-01-06;31/12;S;S;N;S;S;XP INVESTIMENTOS CORRETORA DE CÂMBIO, TÍTULOS E VAL MOB S/A;02332886000104;AVENIDA ATAULFO DE PAIVA;153;5º e 8º andares;LEBLON;RIO DE JANEIRO;RJ;22440-033;(11) 3027-2237;;;www.xpi.com.br;adm.fundos.estruturados@xpi.com.br;2026-07-01;1;63954054000106;7;;955967208.74;95.596720874;10000000;0.000836;0.010023;0;0
Classe;64.030.930/0001-70;2026-07-01;1;2026-08-14;XP CDI 96 III FUNDO DE INVESTIMENTO IMOBILIÁRIO;2025-12-23;INVESTIDORES EM GERAL;BR0QWNCTF008;2400000;N;N;;Multicategoria;Ativa;Determinado;2027-12-23;31/12;S;S;N;S;N;XP INVESTIMENTOS CORRETORA DE CÂMBIO, TÍTULOS E VAL MOB S/A;02332886000104;AVENIDA ATAULFO DE PAIVA;153;5º e 8º andares;LEBLON;RIO DE JANEIRO;RJ;22440-033;(11) 3027-2237;;;www.xpi.com.br;adm.fundos.estruturados@xpi.com.br;2026-07-01;1;64030930000170;1390;;242852655.9;101.188606625;2400000;0.012681;0.011757;0;3.3E-05
Classe;64.030.981/0001-00;2026-07-01;1;2026-08-14;XP CDI 98 III FUNDO DE INVESTIMENTO IMOBILIÁRIO;2025-12-23;INVESTIDORES EM GERAL;BR0QWOCTF006;2200000;N;N;;Multicategoria;Ativa;Determinado;2027-12-23;31/12;S;N;N;S;N;XP INVESTIMENTOS CORRETORA DE CÂMBIO, TÍTULOS E VAL MOB S/A;02332886000104;AVENIDA ATAULFO DE PAIVA;153;5º e 8º andares;LEBLON;RIO DE JANEIRO;RJ;22440-033;(11) 3027-2237;;;www.xpi.com.br;adm.fundos.estruturados@xpi.com.br;2026-07-01;1;64030981000100;393;;222666503.93;101.212047240909;2200000;0.012929;0.011987;0;4.4E-05
Classe;64.031.021/0001-57;2026-07-01;1;2026-08-14;XP CDI 93 III FUNDO DE INVESTIMENTO IMOBILIÁRIO;2025-12-23;INVESTIDORES EM GERAL;BR0QWPCTF003;9000000;N;N;;Multicategoria;Ativa;Determinado;2027-12-23;31/12;S;S;N;S;S;XP INVESTIMENTOS CORRETORA DE CÂMBIO, TÍTULOS E VAL MOB S/A;02332886000104;AVENIDA ATAULFO DE PAIVA;153;5º e 8º andares;LEBLON;RIO DE JANEIRO;RJ;22440-033;(11) 3027-2237;;;www.xpi.com.br;adm.fundos.estruturados@xpi.com.br;2026-07-01;1;64031021000157;11396;;910409233.3;101.156581477778;9000000;0.012343;0.011444;0;9E-06
Classe;64.089.566/0001-14;2026-07-01;1;2026-08-14;BRASIL INCORPORAÇÃO FI IMOBILIÁRIO RESP LIMITADA;2025-12-23;INVESTIDOR QUALIFICADO;BR0QXNCTF006;316918;N;N;;Residencial;Ativa;Determinado;2028-12-31;31/07;S;S;N;S;N;ID CORRETORA DE TITULOS E VALORES MOBILIARIOS S.A.;16695922000109;AV PRES JUSCELINO KUBITSCHEK;1726;19 ANDAR;VILA NOVA CONCEICAO;SÃO PAULO;SP;04543000;11 4637 6633;;;WWW.IDSF.COM.BR;administracao@idsf.com.br;2026-07-01;1;64089566000114;1;;32389006.4;102.199958348847;316918;0.018968;0;0;0.0002
Classe;64.099.959/0001-09;2026-07-01;2;2026-08-26;FII TG RENDA IMOBILIÁRIA FEEDER PRÉ - RL;2026-02-04;INVESTIDORES EM GERAL;BR0R5TCTF017;62500000;N;N;;Multicategoria;Ativa;Determinado;2033-02-03;31/12;S;S;N;S;S;XP INVESTIMENTOS CORRETORA DE CÂMBIO, TÍTULOS E VAL MOB S/A;02332886000104;AVENIDA ATAULFO DE PAIVA;153;5º e 8º andares;LEBLON;RIO DE JANEIRO;RJ;22440-033;(11) 3027-2237;;;www.xpi.com.br;adm.fundos.estruturados@xpi.com.br;2026-07-01;2;64099959000109;14011;;634245372.69;10.14792596304;62500000;0.012679;0.010762;0;1.3E-05
Classe;64.137.795/0001-67;2026-07-01;1;2026-08-14;BRIO RENDA MAIS FII;2026-03-04;INVESTIDORES EM GERAL;BR0QDWCTF009;785865;N;N;;Outros;Ativa;Determinado;2033-03-04;31/12;S;S;N;S;S;XP INVESTIMENTOS CORRETORA DE CÂMBIO, TÍTULOS E VAL MOB S/A;02332886000104;AVENIDA ATAULFO DE PAIVA;153;5º e 8º andares;LEBLON;RIO DE JANEIRO;RJ;22440-033;(11) 3027-2237;;;www.xpi.com.br;adm.fundos.estruturados@xpi.com.br;2026-07-01;1;64137795000167;2371;;79049068.29;100.58861037201;785865;0.014529;0.005517;0;0.00109
Classe;64.607.978/0001-07;2026-07-01;1;2026-08-14;RIZA KRÍOS FII;2026-02-19;INVESTIDOR QUALIFICADO;BR0RILCTF009;1900000;N;N;;Multicategoria;Ativa;Determinado;2033-02-01;31/12;N;S;N;N;N;.BANCO DAYCOVAL S/A;62232889000190;Avenida Paulista;1793;2º Andar;Bela Vista;São Paulo;SP;01311200;0300 111 0500;11 3563-4389;11 3563-4318;www.daycoval.com.br/investimentos/servicos-fiduciarios;informes.regulatorios@bancodaycoval.com.br;2026-07-01;1;64607978000107;3;;296525324.67;156.06596035;1900000;0.00090897;0;0;0.000986
Classe;64.634.907/0001-95;2026-07-01;1;2026-08-12;RIZA FORTIX PRE FII;2026-03-27;INVESTIDOR PROFISSIONAL;BR0RBACTF007;3800000;N;N;;Multicategoria;Ativa;Determinado;2031-01-22;22/12;S;N;N;S;N;BTG PACTUAL SERVICOS FINANCEIROS S.A. DISTRIBUIDOR;59281253000123;Praia de Botafogo;501;6º Andar;Botafogo;Rio de Janeiro;RJ;22.250-040;55 11 3383-3102;;;www.btgpactual.com;ri.fundoslistados@btgpactual.com;2026-07-01;1;64634907000195;1;0;393921674.86;103.663599;3800000;0;0;0;2E-05
Classe;64.635.947/0001-51;2026-07-01;1;2026-08-13;RIZA FORTIX PR FII F;2026-03-04;INVESTIDOR QUALIFICADO;BR0RBBCTF005;3999250;N;N;;Multicategoria;Ativa;Determinado;2031-01-22;22/12;S;N;N;S;N;BTG PACTUAL SERVICOS FINANCEIROS S.A. DISTRIBUIDOR;59281253000123;Praia de Botafogo;501;6º Andar;Botafogo;Rio de Janeiro;RJ;22.250-040;55 11 3383-3102;;;www.btgpactual.com;ri.fundoslistados@btgpactual.com;2026-07-01;1;64635947000151;10064;10064;423821399.2;105.97522;3999250;0;0;0;0.001266
Classe;64.722.519/0001-66;2026-07-01;1;2026-08-14;XP LOGÍSTICO PRIME YIELD II FII RL;2026-03-04;INVESTIDORES EM GERAL;BR0QDWCTF009;47775000;N;N;;Logística;Ativa;Determinado;2032-03-04;31/12;S;S;N;S;S;XP INVESTIMENTOS CORRETORA DE CÂMBIO, TÍTULOS E VAL MOB S/A;02332886000104;AVENIDA ATAULFO DE PAIVA;153;5º e 8º andares;LEBLON;RIO DE JANEIRO;RJ;22440-033;(11) 3027-2237;;;www.xpi.com.br;adm.fundos.estruturados@xpi.com.br;2026-07-01;1;64722519000166;7891;;520295115.39;10.8905309343799;47775000;0.018897;0.013843;0;0.001096
Classe;64.739.777/0001-55;2026-07-01;1;2026-08-14;JS CRÉDITO ESTRUTURADO II FII IMOBILIÁRIO RL;2026-03-31;INVESTIDORES EM GERAL;BR0RFXCTF000;749630;N;N;;Multicategoria;Ativa;Determinado;2027-03-31;31/12;N;S;N;N;S;BANCO J SAFRA S.A;03017677000120;AVENIDA PAULISTA;2150;;BELA VISTA;SÃO PAULO;SP;01311-300;0300 105 1234;0800 772 5755;;https://www.safra.com.br/safra-asset/fundo-imobiliario/js-credito-est.htm;SAFRA.ASSET@SAFRA.COM.BR;2026-07-01;1;64739777000155;;;741441425.75;989.076512079292;749630;0.007784;0.010087;0;0
Classe;64.776.566/0001-92;2026-07-01;1;2026-08-14;FUNDO DE INVESTIMENTO IMOBILIÁRIO TG EUROGARDEN MASTER;2026-04-02;INVESTIDORES EM GERAL;BR0RL1CTF020;2201368;N;N;;Multicategoria;Ativa;Determinado;2033-04-04;31/12;S;S;N;S;S;XP INVESTIMENTOS CORRETORA DE CÂMBIO, TÍTULOS E VAL MOB S/A;02332886000104;AVENIDA ATAULFO DE PAIVA;153;5º e 8º andares;LEBLON;RIO DE JANEIRO;RJ;22440-033;(11) 3027-2237;;;www.xpi.com.br;adm.fundos.estruturados@xpi.com.br;2026-07-01;1;64776566000192;5834;;223704331.89;101.620597687438;2201368;0.013546;0.010268;0;2.9E-05
Classe;65.055.239/0001-04;2026-07-01;1;2026-08-12;GUARDIAN CORE RESIDENCIAL FII RESPONSABILIDADE LIMITADA;2026-02-26;INVESTIDOR QUALIFICADO;;1600836;N;N;;Residencial;Ativa;Determinado;2030-02-26;31/12;N;N;S;N;N;OURIBANK S.A. BANCO MULTIPLO;78632767000120;Av. Paulista;1728;Sobreloja, 2º, 3º, 4º, 5º e 7º andares;Bela Vista;São Paulo;SP;01310-919;4081-4402;4081-4576;4081-4444;ouribank.com;admfundos@ouribank.com;2026-07-01;1;65055239000104;6;0;156625245.78;97.8396573915129;1600836;-0.072674;0;0;0
Classe;65.196.656/0001-77;2026-07-01;1;2026-08-14;XP HABITAT RENDA IMOBILIÁRIA II FEEDER FII;2026-04-06;INVESTIDORES EM GERAL;BR0RJICTF003;7500000;N;N;;Outros;Ativa;Determinado;2033-04-06;31/12;S;S;N;S;S;XP INVESTIMENTOS CORRETORA DE CÂMBIO, TÍTULOS E VAL MOB S/A;02332886000104;AVENIDA ATAULFO DE PAIVA;153;5º e 8º andares;LEBLON;RIO DE JANEIRO;RJ;22440-033;(11) 3027-2237;;;www.xpi.com.br;adm.fundos.estruturados@xpi.com.br;2026-07-01;1;65196656000177;18064;;760919056.96;101.455874261333;7500000;0.014231;0.014376;0;1.1E-05
Classe;65.254.272/0001-63;2026-07-01;1;2026-08-14;WHG REALTY III FUNDO DE INVESTIMENTO IMOBILIÁRIO;2026-05-12;INVESTIDOR PROFISSIONAL;BR0RJKCTF009;77731.92;N;N;;Multicategoria;Ativa;Determinado;2032-05-12;31/12;S;S;N;S;S;XP INVESTIMENTOS CORRETORA DE CÂMBIO, TÍTULOS E VAL MOB S/A;02332886000104;AVENIDA ATAULFO DE PAIVA;153;5º e 8º andares;LEBLON;RIO DE JANEIRO;RJ;22440-033;(11) 3027-2237;;;www.xpi.com.br;adm.fundos.estruturados@xpi.com.br;2026-07-01;1;65254272000163;189;;76652363.63;986.111801046468;77731.92;-0.007057;0;0;8.5E-05
Classe;65.261.977/0001-08;2026-07-01;1;2026-08-12;LCP RENDA PRE FII;2026-04-06;INVESTIDOR QUALIFICADO;BR0RKJCTF025;15859551;N;N;;Multicategoria;Ativa;Determinado;2031-02-24;24/06;S;N;N;S;N;BTG PACTUAL SERVICOS FINANCEIROS S.A. DISTRIBUIDOR;59281253000123;Praia de Botafogo;501;6º Andar;Botafogo;Rio de Janeiro;RJ;22.250-040;55 11 3383-3102;;;www.btgpactual.com;ri.fundoslistados@btgpactual.com;2026-07-01;1;65261977000108;3382;3382;157331848.15;9.920322;15859551;0;0;0;0.000825
Classe;65.326.215/0001-42;2026-07-01;1;2026-08-14;VERDE A&I CEDRO II PORTFOLIO RENDA FII;2026-05-06;INVESTIDORES EM GERAL;BR0RNPCTF000;2859373;N;N;;Multicategoria;Ativa;Determinado;2033-05-06;31/12;S;S;N;S;S;XP INVESTIMENTOS CORRETORA DE CÂMBIO, TÍTULOS E VAL MOB S/A;02332886000104;AVENIDA ATAULFO DE PAIVA;153;5º e 8º andares;LEBLON;RIO DE JANEIRO;RJ;22440-033;(11) 3027-2237;;;www.xpi.com.br;adm.fundos.estruturados@xpi.com.br;2026-07-01;1;65326215000142;5981;;287951086.86;100.704275678619;2859373;0.007239;0.00646;0;0.000683
Classe;65.331.709/0001-15;2026-07-01;1;2026-08-12;BTG PRIME HOSP FII;2026-03-31;INVESTIDOR QUALIFICADO;BRPRHOCTF014;62787666;N;N;;Hotel;Ativa;Determinado;2031-02-26;26/06;S;N;N;S;N;BTG PACTUAL SERVICOS FINANCEIROS S.A. DISTRIBUIDOR;59281253000123;Praia de Botafogo;501;6º Andar;Botafogo;Rio de Janeiro;RJ;22.250-040;55 11 3383-3102;;;www.btgpactual.com;ri.fundoslistados@btgpactual.com;2026-07-01;1;65331709000115;7610;7608;652055519.84;10.385089;62787666;0;0;0;0.000569
Classe;65.511.886/0001-83;2026-07-01;1;2026-08-12;MAUA CRED180 FII;2026-04-01;INVESTIDOR QUALIFICADO;BRPRHOCTF014;1108519;N;N;;Multicategoria;Ativa;Determinado;2036-03-06;31/12;S;N;N;S;N;BTG PACTUAL SERVICOS FINANCEIROS S.A. DISTRIBUIDOR;59281253000123;Praia de Botafogo;501;6º Andar;Botafogo;Rio de Janeiro;RJ;22.250-040;55 11 3383-3102;;;www.btgpactual.com;ri.fundoslistados@btgpactual.com;2026-07-01;1;65511886000183;1118;0;116045335.68;104.685022;1108519;-1E-06;-1E-06;0;0.000993
Classe;65.600.446/0001-00;2026-07-01;1;2026-08-14;XP HABITAT RENDA IMOBILIÁRIA II MASTER FII;2026-04-02;INVESTIDOR PROFISSIONAL;BR0ROZCTF007;8905250;N;N;;Outros;Ativa;Determinado;2033-04-02;31/12;S;S;N;S;S;XP INVESTIMENTOS CORRETORA DE CÂMBIO, TÍTULOS E VAL MOB S/A;02332886000104;AVENIDA ATAULFO DE PAIVA;153;5º e 8º andares;LEBLON;RIO DE JANEIRO;RJ;22440-033;(11) 3027-2237;;;www.xpi.com.br;adm.fundos.estruturados@xpi.com.br;2026-07-01;1;65600446000100;2;;886114848.97;99.5047695426855;8905250;0.005557;0.012264;0;0.00113
Classe;65.629.469/0001-30;2026-07-01;1;2026-08-12;ARTON CAPIT FOF FII;2026-04-30;INVESTIDOR QUALIFICADO;BR0RPOCTF008;10001800;N;N;;Multicategoria;Ativa;Determinado;2031-03-13;13/12;N;N;N;N;N;BTG PACTUAL SERVICOS FINANCEIROS S.A. DISTRIBUIDOR;59281253000123;Praia de Botafogo;501;6º Andar;Botafogo;Rio de Janeiro;RJ;22.250-040;55 11 3383-3102;;;www.btgpactual.com;ri.fundoslistados@btgpactual.com;2026-07-01;1;65629469000130;237;235;95875973.56;9.585872;10001800;0;0;0;0.000968
Classe;65.787.500/0001-60;2026-07-01;1;2026-08-12;RBR RENDA FIXA FII;2026-05-06;INVESTIDORES EM GERAL;BR0RSVCTF007;1548017;N;N;;Multicategoria;Ativa;Determinado;2031-03-19;19/12;S;N;N;S;N;BTG PACTUAL SERVICOS FINANCEIROS S.A. DISTRIBUIDOR;59281253000123;Praia de Botafogo;501;6º Andar;Botafogo;Rio de Janeiro;RJ;22.250-040;55 11 3383-3102;;;www.btgpactual.com;ri.fundoslistados@btgpactual.com;2026-07-01;1;65787500000160;4149;0;158146038.26;102.160402;1548017;-1E-06;-1E-06;0;0.000124
Classe;65.837.970/0001-91;2026-07-01;1;2026-08-13;MANATÍ RENDA CDI PLUS FII;2026-06-03;INVESTIDORES EM GERAL;BRMARECTF017;3750000;N;N;;Multicategoria;Ativa;Determinado;2032-06-01;31/12;S;N;N;S;N;.BANCO DAYCOVAL S/A;62232889000190;Avenida Paulista;1793;2º Andar;Bela Vista;São Paulo;SP;01311200;0300 111 0500;11 3563-4389;11 3563-4318;www.daycoval.com.br/investimentos/servicos-fiduciarios;informes.regulatorios@bancodaycoval.com.br;2026-07-01;1;65837970000191;1;0;376587260.52;100.42326947;3750000;0.01517383;0.01099936;0;0.001241
Classe;65.838.122/0001-05;2026-07-01;1;2026-08-14;FII CF4;2026-05-14;INVESTIDOR PROFISSIONAL;BR09XMCTF008;65963;N;N;;Multicategoria;Ativa;Determinado;2032-05-01;31/12;S;N;N;S;N;.BANCO DAYCOVAL S/A;62232889000190;Avenida Paulista;1793;2º Andar;Bela Vista;São Paulo;SP;01311200;0300 111 0500;11 4090-2223;11 3138-4061;https://www.daycoval.com.br/investimento;informes.regulatorios@bancodaycoval.com.br;2026-07-01;1;65838122000105;31;;65668191.52;995.5306993;65963;0.00347553;0;0;0.001807
Classe;65.870.565/0001-75;2026-07-01;1;2026-08-14;SC RENDA IMOBILIÁRIA FUNDO DE INVESTIMENTO IMOBILIÁRIO;2026-05-06;INVESTIDOR QUALIFICADO;BR0S4JCTF010;7914180;N;N;;Multicategoria;Ativa;Determinado;2033-05-06;31/12;S;S;N;S;S;XP INVESTIMENTOS CORRETORA DE CÂMBIO, TÍTULOS E VAL MOB S/A;02332886000104;AVENIDA ATAULFO DE PAIVA;153;5º e 8º andares;LEBLON;RIO DE JANEIRO;RJ;22440-033;(11) 3027-2237;;;www.xpi.com.br;adm.fundos.estruturados@xpi.com.br;2026-07-01;1;65870565000175;2;;801709906.18;101.300438728965;7914180;0.004587;0.010027;0;0.000752
Classe;65.920.467/0001-03;2026-07-01;1;2026-08-12;SPX RENDA II FII;2026-04-29;INVESTIDOR QUALIFICADO;BR0RXTCTF019;2716956;N;N;;Multicategoria;Ativa;Determinado;2031-03-30;30/06;S;N;N;S;N;BTG PACTUAL SERVICOS FINANCEIROS S.A. DISTRIBUIDOR;59281253000123;Praia de Botafogo;501;6º Andar;Botafogo;Rio de Janeiro;RJ;22.250-040;55 11 3383-3102;;;www.btgpactual.com;ri.fundoslistados@btgpactual.com;2026-07-01;1;65920467000103;4327;4326;273030062.84;100.491161;2716956;0;0;0;0.000767
Classe;65.923.811/0001-00;2026-07-01;1;2026-08-14;FII RIVIERA RESIDENCIAL RESPONSABILIDADE LIMITADA;2026-05-11;INVESTIDOR QUALIFICADO;BRKISUCTF000;1710342;N;N;;Residencial;Ativa;Determinado;2030-05-11;31/12;S;N;N;S;N;BRL TRUST DTVM S.A.;13486793000142;Rua Alves Guimarães;1216;;Pinheiros;São Paulo;SP;05410-002;(11) 3509-0600;;;www.apexgroup.com/apex-brazil/;infolegal@apexgroup.com;2026-07-01;1;65923811000100;104;;16958220.87;9.91510520702877;1710342;0.019477;0.020158;;0.000589684500317515
Classe;66.038.922/0001-04;2026-07-01;1;2026-08-14;KINEA CRÉDITO RESIDENCIAL PULVERIZADO FII;2026-06-26;INVESTIDORES EM GERAL;BR0RWHCTF008;2130991.00007;N;N;;Multicategoria;Ativa;Determinado;2031-04-02;30/06;N;S;N;N;S;INTRAG DISTRIBUIDORA DE TÍTULOS E VALORES MOBILIÁRIOS LTDA;62418140000131;AV BRIGADEIRO FARIA LIMA;3400;10º Andar;ITAIM BIBI;SÃO PAULO;SP;04538132;55 (11) 30726012;;;www.intrag.com.br;produtosestruturados@itau-unibanco.com.br;2026-07-01;1;66038922000104;2007;;210192301.77;98.6359406318917;2130991.00007;0.002173;0.012046;0;5.1E-05
Classe;66.173.986/0001-00;2026-07-01;1;2026-08-12;RBR TESOURARIA FII CDI+ FUNDO DE INVESTIMENTO IMOBILIÁRIO;2026-07-17;INVESTIDORES EM GERAL;BRTPOSCTF009;299257.00014;N;N;;Outros;Ativa;Determinado;2031-04-10;30/06;S;N;N;S;N;INTRAG DISTRIBUIDORA DE TÍTULOS E VALORES MOBILIÁRIOS LTDA;62418140000131;AV BRIGADEIRO FARIA LIMA;3400;10º Andar;ITAIM BIBI;SÃO PAULO;SP;04538132;55 (11) 30726012;;;www.intrag.com.br;produtosestruturados@itau-unibanco.com.br;2026-07-01;1;66173986000100;110;;30050793.75;100.418014402141;299257.00014;0;0;0;0.000229
Classe;66.174.532/0001-53;2026-07-01;1;2026-08-12;RBR TESOURARIA FII IPCA+ FII;2026-07-17;INVESTIDORES EM GERAL;BRTINFCTF003;156036.00006;N;N;;Outros;Ativa;Determinado;2031-04-10;30/06;S;N;N;S;N;INTRAG DISTRIBUIDORA DE TÍTULOS E VALORES MOBILIÁRIOS LTDA;62418140000131;AV BRIGADEIRO FARIA LIMA;3400;10º Andar;ITAIM BIBI;SÃO PAULO;SP;04538132;55 (11) 30726012;;;www.intrag.com.br;produtosestruturados@itau-unibanco.com.br;2026-07-01;1;66174532000153;94;;15550598.62;99.6603259120997;156036.00006;0;0;0;0.000229
Classe;66.287.781/0001-55;2026-05-01;1;2026-06-15;FII REC LOGISTICA II RESPONSABILIDADE LIMITADA;2026-04-15;INVESTIDORES EM GERAL;BRRLGXCTF008;976183;N;N;;Multicategoria;Ativa;Determinado;2028-04-15;31/12;S;S;N;S;N;BRL TRUST DTVM S.A.;13486793000142;Rua Alves Guimarães;1216;;Pinheiros;São Paulo;SP;05410-002;(11) 3509-0600;;;www.apexgroup.com/apex-brazil/;infolegal@apexgroup.com;2026-05-01;1;66287781000155;257;;93007000.41;95.2761935108479;976183;0;;;9.52817525663066E-05
Classe;66.298.955/0001-85;2026-07-01;1;2026-08-12;SPX RENDA III FII;2026-06-22;INVESTIDORES EM GERAL;BRSPXTCTF000;2427628;N;N;;Multicategoria;Ativa;Determinado;2032-04-22;22/06;S;N;N;S;N;BTG PACTUAL SERVICOS FINANCEIROS S.A. DISTRIBUIDOR;59281253000123;Praia de Botafogo;501;6º Andar;Botafogo;Rio de Janeiro;RJ;22.250-040;55 11 3383-3102;;;www.btgpactual.com;ri.fundoslistados@btgpactual.com;2026-07-01;1;66298955000185;1827;1825;245090391.48;100.958792;2427628;0;0;0;0.000765
Classe;66.334.070/0001-94;2026-07-01;1;2026-08-12;FARIA LIMA PLAZA FII;2026-06-03;INVESTIDOR QUALIFICADO;BR0S2MCTF000;217770;N;N;;Escritórios;Definida;Determinado;2030-04-24;24/06;S;N;N;S;N;BTG PACTUAL SERVICOS FINANCEIROS S.A. DISTRIBUIDOR;59281253000123;Praia de Botafogo;501;6º Andar;Botafogo;Rio de Janeiro;RJ;22.250-040;55 11 3383-3102;;;www.btgpactual.com;ri.fundoslistados@btgpactual.com;2026-07-01;1;66334070000194;6969;6969;219568224.16;1008.257447;217770;-5E-06;-5E-06;0;0.000149
Classe;66.362.379/0001-98;2026-07-01;1;2026-08-12;ITAÚ LOG CP FII RESPONSABILIDADE LIMITADA;2026-06-01;INVESTIDOR QUALIFICADO;BR0S46CTF002;10439021.66555;N;N;;Logística;Definida;Determinado;2031-04-22;30/06;S;N;N;S;N;INTRAG DISTRIBUIDORA DE TÍTULOS E VALORES MOBILIÁRIOS LTDA;62418140000131;AV BRIGADEIRO FARIA LIMA;3400;10º Andar;ITAIM BIBI;SÃO PAULO;SP;04538132;55 (11) 30726012;;;www.intrag.com.br;produtosestruturados@itau-unibanco.com.br;2026-07-01;1;66362379000198;558;;1056213413.61;101.179348740661;10439021.66555;0.007742;0;0;0.000957
Classe;66.392.053/0001-03;2026-07-01;1;2026-08-14;BRIO INHAMBU COINVESTIMENTO FII RESP LTDA;2026-05-13;INVESTIDOR QUALIFICADO;;48149.516;N;N;;Residencial;Ativa;Determinado;2031-05-13;30/06;N;N;S;N;N;BRL TRUST DTVM S.A.;13486793000142;Rua Alves Guimarães;1216;;Pinheiros;São Paulo;SP;05410-002;(11) 3509-0600;;;www.apexgroup.com/apex-brazil/;infolegal@apexgroup.com;2026-07-01;1;66392053000103;4;;48267458.01;1002.4494952348;48149.516;8.1E-05;0;;0.000145025246586422
Classe;66.425.993/0001-51;2026-07-01;1;2026-08-12;VALORA CRI180 FII;2026-06-02;INVESTIDOR QUALIFICADO;BR0S3UCTF001;822745;N;N;;Multicategoria;Ativa;Determinado;2036-04-29;29/12;S;N;N;S;N;BTG PACTUAL SERVICOS FINANCEIROS S.A. DISTRIBUIDOR;59281253000123;Praia de Botafogo;501;6º Andar;Botafogo;Rio de Janeiro;RJ;22.250-040;55 11 3383-3102;;;www.btgpactual.com;ri.fundoslistados@btgpactual.com;2026-07-01;1;66425993000151;685;0;82912726.2;100.775728;822745;-1E-06;-1E-06;0;0.001073
Classe;66.722.105/0001-62;2026-07-01;1;2026-08-14;VALORA EDIFÍCIOS CORP MASTER FII RL - CL;2026-07-28;INVESTIDOR PROFISSIONAL;BR0SRMCTF006;1891838;N;N;;Escritórios;Ativa;Determinado;3035-07-01;31/12;S;S;N;S;N;.BANCO DAYCOVAL S/A;62232889000190;Avenida Paulista;1793;2º Andar;Bela Vista;São Paulo;SP;01311200;0300 111 0500;11 3563-4389;11 3563-4318;www.daycoval.com.br/investimentos/servicos-fiduciarios;informes.regulatorios@bancodaycoval.com.br;2026-07-01;1;66722105000162;3;;1891686161.8;999.9197404;1891838;0;0;0;0
Classe;66.813.698/0001-72;2026-07-01;1;2026-08-14;KINEA PLATAFORMA RESIDENCIAL FII;2026-07-15;INVESTIDORES EM GERAL;BRKNPLCTF005;6063116;N;N;;Outros;Ativa;Determinado;2031-06-30;30/06;S;S;N;S;N;INTRAG DISTRIBUIDORA DE TÍTULOS E VALORES MOBILIÁRIOS LTDA;62418140000131;AV BRIGADEIRO FARIA LIMA;3400;10º Andar;ITAIM BIBI;SÃO PAULO;SP;04538132;55 (11) 30726012;;;www.intrag.com.br;produtosestruturados@itau-unibanco.com.br;2026-07-01;1;66813698000172;5806;;606768786.07;100.075404473541;6063116;0;0;0;0
Classe;66.833.974/0001-64;2026-07-01;1;2026-08-13;FII AZ QUEST PAN RENDA SÊNIOR FEEDER;2026-07-03;INVESTIDORES EM GERAL;BR0SFLCTF003;3600000;N;N;;Multicategoria;Definida;Determinado;2031-07-01;30/06;S;N;N;S;N;.BANCO DAYCOVAL S/A;62232889000190;Avenida Paulista;1793;2º Andar;Bela Vista;São Paulo;SP;01311200;0300 111 0500;11 3563-4389;11 3563-4318;www.daycoval.com.br/investimentos/servicos-fiduciarios;informes.regulatorios@bancodaycoval.com.br;2026-07-01;1;66833974000164;1;0;360211798.8;100.058833;3600000;0;0;0;0
Classe;66.834.081/0001-33;2026-07-01;1;2026-08-14;PERSEVERA PLANO E PLANO II FII;2026-06-08;INVESTIDOR QUALIFICADO;BR0SF7CTF016;1081505;N;N;;Multicategoria;Ativa;Determinado;2030-06-01;30/06;S;N;N;S;N;.BANCO DAYCOVAL S/A;62232889000190;Avenida Paulista;1793;2º Andar;Bela Vista;São Paulo;SP;01311200;0300 111 0500;11 3563-4389;11 3563-4318;www.daycoval.com.br/investimentos/servicos-fiduciarios;informes.regulatorios@bancodaycoval.com.br;2026-07-01;1;66834081000133;2;;108634371.88;100.447406;1081505;0.00467864;0;0;0.001548
Classe;66.834.129/0001-03;2026-07-01;1;2026-08-13;AZ QUEST PANORAMA VINTAGE II FII RL;2026-06-01;INVESTIDOR PROFISSIONAL;BR0SFPCTF004;3000000;N;N;;Multicategoria;Ativa;Determinado;2031-06-01;31/12;S;N;N;S;N;.BANCO DAYCOVAL S/A;62232889000190;Avenida Paulista;1793;2º Andar;Bela Vista;São Paulo;SP;01311200;0300 111 0500;11 3563-4389;11 3563-4318;www.daycoval.com.br/investimentos/servicos-fiduciarios;informes.regulatorios@bancodaycoval.com.br;2026-07-01;1;66834129000103;2;0;30002519.83;10.00084;3000000;0.01217883;0.01219873;0;0.000734
Classe;66.868.478/0001-46;2026-07-01;1;2026-08-12;RIO BRAVO FII RL;2026-07-03;INVESTIDOR QUALIFICADO;BR0SE2CTF000;2031470;N;N;;Multicategoria;Ativa;Determinado;2031-07-03;22/06;S;N;N;S;N;BTG PACTUAL SERVICOS FINANCEIROS S.A. DISTRIBUIDOR;59281253000123;Praia de Botafogo;501;6º Andar;Botafogo;Rio de Janeiro;RJ;22.250-040;55 11 3383-3102;;;www.btgpactual.com;ri.fundoslistados@btgpactual.com;2026-07-01;1;66868478000146;5486;5486;205007078.85;100.915632;2031470;0;0;0;0.001036
Classe;66.992.565/0001-00;2026-07-01;1;2026-08-12;BTG R METRO FII;2026-06-30;INVESTIDOR PROFISSIONAL;BR0SX8CTF004;31114914;N;N;;Multicategoria;Ativa;Determinado;2031-06-15;15/06;S;N;N;S;N;BTG PACTUAL SERVICOS FINANCEIROS S.A. DISTRIBUIDOR;59281253000123;Praia de Botafogo;501;6º Andar;Botafogo;Rio de Janeiro;RJ;22.250-040;55 11 3383-3102;;;www.btgpactual.com;ri.fundoslistados@btgpactual.com;2026-07-01;1;66992565000100;4;0;315127687.57;10.127866;31114914;0;0;0;0
Classe;67.045.944/0001-56;2026-07-01;1;2026-08-12;CIX MCMV FEEDER FII;2026-07-02;INVESTIDORES EM GERAL;BR0SH0CTF001;2806876;N;N;;Residencial;Ativa;Determinado;2031-06-01;01/06;S;N;N;S;N;BTG PACTUAL SERVICOS FINANCEIROS S.A. DISTRIBUIDOR;59281253000123;Praia de Botafogo;501;6º Andar;Botafogo;Rio de Janeiro;RJ;22.250-040;55 11 3383-3102;;;www.btgpactual.com;ri.fundoslistados@btgpactual.com;2026-07-01;1;67045944000156;6701;0;292482598.14;104.20218;2806876;0;0;0;7.4E-05
Classe;67.064.406/0001-09;2026-07-01;1;2026-08-14;XP CDI 94 CRI JUN/27 FUNDO DE INVESTIMENTO IMOBILIÁRIO;2026-06-29;INVESTIDORES EM GERAL;BR0SH8CTF004;11250000;N;N;;Multicategoria;Ativa;Determinado;2027-06-29;31/12;S;S;N;S;S;XP INVESTIMENTOS CORRETORA DE CÂMBIO, TÍTULOS E VAL MOB S/A;02332886000104;AVENIDA ATAULFO DE PAIVA;153;5º e 8º andares;LEBLON;RIO DE JANEIRO;RJ;22440-033;(11) 3027-2237;;;www.xpi.com.br;adm.fundos.estruturados@xpi.com.br;2026-07-01;1;67064406000109;7612;;1138258748.41;101.178555414222;11250000;0.023164;0.011781;0;4E-06
Classe;67.091.763/0001-66;2026-07-01;2;2026-08-14;JHSF SCJ FII;2026-06-30;INVESTIDOR QUALIFICADO;BRJCSCCTF003;4001100;N;N;;Shoppings;Ativa;Determinado;2031-06-02;02/12;S;N;N;S;N;BTG PACTUAL SERVICOS FINANCEIROS S.A. DISTRIBUIDOR;59281253000123;Praia de Botafogo;501;6º Andar;Botafogo;Rio de Janeiro;RJ;22.250-040;55 11 3383-3102;;;www.btgpactual.com;ri.fundoslistados@btgpactual.com;2026-07-01;2;67091763000166;1879;1871;400561633.36;100.112877;4001100;0.008611;0.007483;0;0.000597
Classe;67.108.880/0001-95;2026-07-01;1;2026-08-12;CIX MCMV FII;2026-07-02;INVESTIDOR QUALIFICADO;BR0SHFCTF001;3301285;N;N;;Residencial;Ativa;Determinado;2031-06-08;08/06;S;N;N;S;N;BTG PACTUAL SERVICOS FINANCEIROS S.A. DISTRIBUIDOR;59281253000123;Praia de Botafogo;501;6º Andar;Botafogo;Rio de Janeiro;RJ;22.250-040;55 11 3383-3102;;;www.btgpactual.com;ri.fundoslistados@btgpactual.com;2026-07-01;1;67108880000195;92;0;332585456.02;100.744242;3301285;0;0;0;0.001655
Classe;67.149.599/0001-09;2026-07-01;1;2026-08-17;HSI RENDA LOGISTICA CDI CETIPADO FII RESP LIMITADA;2026-07-24;INVESTIDOR PROFISSIONAL;BRHSAFCTF004;102827;N;N;;Outros;Ativa;Determinado;2032-07-24;31/12;S;S;N;S;N;BRL TRUST DTVM S.A.;13486793000142;Rua Alves Guimarães;1216;;Pinheiros;São Paulo;SP;05410-002;(11) 3509-0600;;;www.apexgroup.com/apex-brazil/;infolegal@apexgroup.com;2026-07-01;1;67149599000109;3;;702095111.01;6827.92565192022;102827;0;0;;4.6444846985319E-06
Classe;67.224.455/0001-61;2026-07-01;1;2026-08-12;RIZA PACTUS FII;2026-06-29;INVESTIDOR QUALIFICADO;BR0SIJCTF001;1487118;N;N;;Multicategoria;Ativa;Determinado;2031-06-09;09/06;S;N;N;S;N;BTG PACTUAL SERVICOS FINANCEIROS S.A. DISTRIBUIDOR;59281253000123;Praia de Botafogo;501;6º Andar;Botafogo;Rio de Janeiro;RJ;22.250-040;55 11 3383-3102;;;www.btgpactual.com;ri.fundoslistados@btgpactual.com;2026-07-01;1;67224455000161;3272;3272;149817961.91;100.743829;1487118;-1E-06;-1E-06;0;0.001042
Classe;67.455.686/0001-86;2026-07-01;1;2026-08-18;KATCH REAL ESTATE FUNDO DE INVESTIMENTO IMOBILIÁRIO;2026-07-01;INVESTIDOR PROFISSIONAL;BR0SM5CTF003;14500.00001;N;N;;Multicategoria;Ativa;Determinado;2028-07-01;30/12;N;S;N;S;S;QORE DISTRIBUIDORA DE TÍTULOS E VALORES MOBILIÁRIOS LTDA.;62264924000152;RUA FIDÊNCIO RAMOS,;302;TORRE B -10 ANDAR CJTO 101;VILA OLÍMPIA;SÃO PAULO;SP;04551-010;(11) 4858-3270;;;qore.com.br;informesregulatorios@qore.com.br;2026-07-01;1;67455686000186;1;;14488682.47;999.219480000538;14500.00001;-0.00078;0;0;3E-06
Classe;67.523.141/0001-60;2026-07-01;1;2026-08-14;JS CRÉDITO ESTRUTURADO III FII IMOBILIÁRIO RL;2026-07-31;INVESTIDORES EM GERAL;BR0SLZCTF001;636072;N;N;;Multicategoria;Ativa;Determinado;2027-03-31;31/12;N;S;N;N;S;BANCO J SAFRA S.A;03017677000120;AVENIDA PAULISTA;2150;;BELA VISTA;SÃO PAULO;SP;01311-300;0300 105 1234;0800 772 5755;;https://www.safra.com.br/safra-asset/fundo-imobiliario/js-credito-est.htm;SAFRA.ASSET@SAFRA.COM.BR;2026-07-01;1;67523141000160;3932;;636072000;1000;636072;0;0;0;0
Classe;67.809.994/0001-62;2026-07-01;1;2026-08-14;PULVERIZADO FUNDO DE INVESTIMENTO IMOBILIÁRIO;2026-07-06;INVESTIDOR PROFISSIONAL;BR0SR0CTF009;3375609;N;N;;Multicategoria;Ativa;Determinado;2031-07-09;31/12;S;S;N;S;S;XP INVESTIMENTOS CORRETORA DE CÂMBIO, TÍTULOS E VAL MOB S/A;02332886000104;AVENIDA ATAULFO DE PAIVA;153;5º e 8º andares;LEBLON;RIO DE JANEIRO;RJ;22440-033;(11) 3027-2237;;;www.xpi.com.br;adm.fundos.estruturados@xpi.com.br;2026-07-01;1;67809994000162;1;;339642592.74;100.616686571223;3375609;0.006167;0;0;4.4E-05
