Tipo_Fundo_Classe;CNPJ_Fundo_Classe;Data_Referencia;Versao;Data_Entrega;Nome_Fundo_Classe;Data_Funcionamento;Publico_Alvo;Codigo_ISIN;Quantidade_Cotas_Emitidas;Fundo_Exclusivo;Cotistas_Vinculo_Familiar;Mandato;Segmento_Atuacao;Tipo_Gestao;Prazo_Duracao;Data_Prazo_Duracao;Encerramento_Exercicio_Social;Mercado_Negociacao_Bolsa;Mercado_Negociacao_MBO;Mercado_Negociacao_MB;Entidade_Administradora_BVMF;Entidade_Administradora_CETIP;Nome_Administrador;CNPJ_Administrador;Logradouro;Numero;Complemento;Bairro;Cidade;Estado;CEP;Telefone1;Telefone2;Telefone3;Site;Email;_data;_versao;_cnpj;Total_Numero_Cotistas;Numero_Cotistas_Pessoa_Fisica;Patrimonio_Liquido;Valor_Patrimonial_Cotas;Cotas_Emitidas;Percentual_Rentabilidade_Efetiva_Mes;Percentual_Dividend_Yield_Mes;Percentual_Amortizacao_Cotas_Mes;Percentual_Despesas_Taxa_Administracao
Classe;00.332.266/0001-31;2026-07-01;1;2026-08-13;VIA PARQUE SHOPPING FII RESP LTDA;1994-11-24;INVESTIDORES EM GERAL;BRFVPQCTF015;2800149;N;N;;Shoppings;Definida;Indeterminado;;31/12;S;N;N;S;N;HEDGE INVESTMENTS DTVM LTDA;07253654000176;AVENIDA BRIGADEIRO FARIA LIMA;3600;11º ANDAR CJ 112;ITAIM BIBI;SÃO PAULO;SP;04538-132;(11) 5412-5400;;;www.hedgeinvest.com.br;dtvm@hedgeinvest.com.br;2026-07-01;1;00332266000131;3332;;258037314.58;92.1512800140278;2800149;0.003494;0.004877;0;0.000226
Classe;00.613.094/0001-74;2026-07-01;1;2026-08-14;FII PANAMBY;1995-03-14;INVESTIDORES EM GERAL;BRPABYCTF012;758400;N;N;;Multicategoria;Ativa;Indeterminado;;31/12;N;N;S;N;N;BANCO GENIAL S.A.;45246410000155;Praia de Botafogo;228;9º Andar;Botafogo;Rio de Janeiro;RJ;22250-906;(21) 3923-3000;(21) 3923-3046;;www.genialinvestimentos.com.br;structured-funds@genial.com.vc;2026-07-01;1;00613094000174;586;570;-27306336.01;-36.0051898866034;758400;0.007954;-0.000827;0;0
Classe;00.762.723/0001-28;2026-07-01;1;2026-08-14;FUNDO DE INV. IMOBILIARIO CENTRO TEXTIL INTERNACIONAL;1995-08-18;INVESTIDORES EM GERAL;BRCTXTCTF014;6213646;N;N;;Escritórios;Definida;Indeterminado;;31/12;S;N;N;S;N;RIO BRAVO INVESTIMENTOS - DTVM LTDA;72600026000181;AVENIDA CHEDID JAFET;222;BLOCO B - CONJUNTO 32;VILA OLIMPIA;SÃO PAULO;SP;04551-065;(11) 3509-6600;;;www.riobravo.com.br;fundosimobiliarios@riobravo.com.br;2026-07-01;1;00762723000128;2209;;96509765.35;15.5319059614919;6213646;-0.033565;0;0;0.000542
Classe;00.868.235/0001-08;2026-07-01;1;2026-08-10;HERMES FII DE RESPONSABILIDADE LIMITADA;1995-10-03;INVESTIDORES EM GERAL;BRHERMCTF004;54316;N;N;;Outros;Definida;Indeterminado;;31/12;N;S;N;S;N;RIO BRAVO INVESTIMENTOS DTVM LTDA;72600026000181;Avenida Chedid Jafet;222;Conjunto 32, Bloco B;Vila Olímpia;São Paulo;SP;04551-065;11 3509-6600;;;www.riobravo.com.br;ri@riobravo.com.br;2026-07-01;1;00868235000108;5;;122205482.55;2249.89841943442;54316;0.006436;0.002677;0;0.000593
Classe;01.201.140/0001-90;2026-07-01;1;2026-08-13;GRAND PLAZA SHOPPING FII DE RESPONSABILIDADE LIMITADA;1996-05-17;INVESTIDORES EM GERAL;BRABCPCTF000;4709082;N;N;;Shoppings;Definida;Indeterminado;;31/12;S;N;N;S;N;RIO BRAVO INVESTIMENTOS DTVM LTDA;72600026000181;AV. CHEDID JAFET;222;Conjunto 32 - Bloco B;Vila Olímpia;São Paulo;SP;04551-065;(11) 3509-6600;;;www.riobravo.com.br;ri@riobravo.com.br;2026-07-01;1;01201140000190;13150;;521436008.46;110.729863795109;4709082;0.004748;0.004966;0;0.000198
Classe;01.235.622/0001-61;2026-07-01;2;2026-08-20;OPPORTUNITY FUNDO DE INVESTIMENTO IMOBILIÁRIO;1996-10-07;INVESTIDOR QUALIFICADO;BRFTCECTF005;1354138.00003178;N;N;;Multicategoria;Ativa;Indeterminado;;31/12;S;N;N;S;N;BRL TRUST DTVM S.A.;13486793000142;Rua Alves Guimarães;1216;;Pinheiros;São Paulo;SP;05410-002;(11) 3509-0600;;;www.apexgroup.com/apex-brazil/;infolegal@apexgroup.com;2026-07-01;2;01235622000161;124;;4004146606.96;2956.97086033036;1354138.00003178;0.050167;0.042959;;0.00104767896927354
Fundo;01.356.517/0001-80;2026-07-01;1;2026-08-11;LAGRA FUNDO DE INVESTIMENTO IMOBILIARIO;1996-08-12;INVESTIDORES EM GERAL;0;56701;S;S;;Multicategoria;Definida;Indeterminado;;31/12;N;N;S;N;N;MOMENTO DISTRIBUIDORA DE TÍTULOS E VALORES MOBILIÁRIOS LRDA.;97447304000133;RUA DA AJUDA;35;SALA 1901 PARTE;CENTRO;RIO DE JANEIRO;RJ;20040-915;(21) 3266-6666;;;http://fnet.bmfbovespa.com.br;lagra@saoclementesa.com.br;2026-07-01;1;01356517000180;5;5;175114232.67;3088.3799698418;56701;0.056427;0;0;0.0004
Classe;01.497.954/0001-14;2026-07-01;1;2026-08-11;FUNDO DE INVESTIMENTO IMOBILIÁRIO MISTRAL;1996-10-22;INVESTIDORES EM GERAL;BRMISTCTF016;8703994;N;N;;Outros;Definida;Indeterminado;;31/12;N;N;S;N;N;CORRETORA GERAL DE VALORES E CÂMBIO LTDA;92858380000118;RUA DR. JOSÉ MONTAURY;139;5º AO 8º ANDAR;CENTRO HISTÓRICO;PORTO ALEGRE;RS;90.010-090;(51) 3213-2727;;;www.geralinvestimentos.com.br;edegasperin@geralinvestimentos.com.br;2026-07-01;1;01497954000114;5;;163852186.77;18.8249425229383;8703994;0.002243;0.002973;0;0.000136
Classe;01.601.918/0001-59;2026-07-01;1;2026-08-14;FORTALEZA FUNDO DE INVESTIMENTO IMOBILIÁRIO DE RESP LTDA;1997-01-14;INVESTIDORES EM GERAL;BRFTLZCTF001;500000;S;N;;Outros;Definida;Indeterminado;;31/12;N;N;S;N;N;RIO BRAVO INVESTIMENTOS DTVM LTDA;72600026000181;AV. CHEDID JAFET;222;Conjunto 32 - BLOCO B;VILA OLÍMPIA;SÃO PAULO;SP;04551-065;(11) 3509-6600;;;www.riobravo.com.br;fundosimobiliarios@riobravo.com.br;2026-07-01;1;01601918000159;1;;47370834.65;94.7416693;500000;0.00703;0;0;0.001344
Classe;01.633.741/0001-72;2026-07-01;1;2026-08-13;FII MEMORIAL OFFICE RESP LTDA;1997-03-18;INVESTIDORES EM GERAL;BRFMOFCTF010;508008;N;N;;Escritórios;Definida;Indeterminado;;31/12;S;N;N;S;N;HEDGE INVESTMENTS DTVM LTDA;07253654000176;AVENIDA BRIGADEIRO FARIA LIMA;3600;11º ANDAR CJ 112;ITAIM BIBI;SÃO PAULO;SP;04538-132;(11) 5412-5400;;;www.hedgeinvest.com.br;dtvm@hedgeinvest.com.br;2026-07-01;1;01633741000172;373;;22832894.5;44.9459349065369;508008;-0.056176;0;0;0.000939
Classe;01.636.325/0001-28;2026-07-01;1;2026-08-14;PATEO MOINHOS FII RL;1998-03-11;INVESTIDOR QUALIFICADO;BRPMOVCTF008;234900;N;N;;Multicategoria;Definida;Indeterminado;;31/12;S;N;N;S;N;BTG PACTUAL SERVICOS FINANCEIROS S.A. DISTRIBUIDOR;59281253000123;Praia de Botafogo;501;6º Andar;Botafogo;Rio de Janeiro;RJ;22.250-040;55 11 3383-3102;;;www.btgpactual.com;ri.fundoslistados@btgpactual.com;2026-07-01;1;01636325000128;4;0;308608026.33;1313.784701;234900;-4.7E-05;0.005326;0;7.1E-05
Classe;01.657.856/0001-05;2026-07-01;1;2026-08-14;SCP - FUNDO DE INVESTIMENTO IMOBILIARIO;1996-10-31;INVESTIDORES EM GERAL;BRRTELCTF001;4200000;N;N;;Shoppings;Ativa;Indeterminado;;31/12;N;N;S;N;N;BR-CAPITAL DIST. DE TÍTULOS E VALORES MOBILIÁRIOS S/A;44077014000189;RUA SURUBIM;577;CONJ. 101;CIDADE MONÇÕES;SÃO PAULO;SP;04571-050;(11) 5508-3500;;;www.brcapital.com.br;fundos@brcapital.com.br;2026-07-01;1;01657856000105;4240;2237;41463691.42;9.87230748095238;4200000;0.001306;0;0;0.000442
Fundo;01.964.775/0001-40;2026-07-01;1;2026-08-10;FUNDO DE INVESTIMENTO IMOBILIÁRIO GEO GUARARAPES;2005-11-03;INVESTIDOR QUALIFICADO E PROFISSIONAL;BRGEOGCTF005;12583000;S;S;;Educacional;Definida;Indeterminado;;31/12;S;N;N;S;N;BANCO BMG CONSIGNADO S.A.;50585090000106;AVENIDA JUSCELINO KUBITSCHEK;1830;SALA 101 BL 01;ITAIM BIBI;SÃO PAULO;SP;04543-000;11 2847-7491;;;N/C;barbara.foliveira@bancobmg.com.br;2026-07-01;1;01964775000140;6;;1581187.76;0.125660634188985;12583000;0.0059;0;0;0.0006
Classe;02.508.235/0001-14;2026-07-01;1;2026-08-14;LOGINVEST FII INDUSTRIAL DE RESPONSABILIDADE LIMITADA;1998-06-10;INVESTIDORES EM GERAL;BRLGVTCTF016;17100;N;N;;Logística;Definida;Indeterminado;;31/12;N;N;S;N;N;RIO BRAVO INVESTIMENTOS DTVM LTDA;72600026000181;AV. CHEDID JAFET;222;Conjunto 32 - BLOCO B;VILA OLÍMPIA;SÃO PAULO;SP;04551-065;(11) 3509-6600;;;www.riobravo.com.br;ri@riobravo.com.br;2026-07-01;1;02508235000114;6;;262424523.13;15346.4633409357;17100;0.004853;0.005016;0;0.000264
Classe;03.251.720/0001-18;2026-07-01;1;2026-08-12;FII PROJ AGUA BRANCA;2023-12-29;INVESTIDORES EM GERAL;BRFPABCTF011;750000;N;N;;Escritórios;Definida;Indeterminado;;31/12;S;N;N;S;N;BTG PACTUAL SERVICOS FINANCEIROS S.A. DISTRIBUIDOR;59281253000123;Praia de Botafogo;501;6º Andar;Botafogo;Rio de Janeiro;RJ;22.250-040;55 11 3383-3102;;;www.btgpactual.com;ri.fundoslistados@btgpactual.com;2026-07-01;1;03251720000118;649;638;268631047.68;358.17473;750000;-1E-06;-1E-06;0;0.00035
Classe;03.507.519/0001-59;2026-07-01;1;2026-08-14;SHOPPING PÁTIO HIGIENÓPOLIS FII DE RESPONSABILIDADE LIMITADA;1999-10-15;INVESTIDORES EM GERAL;BRSHPHCTF008;608950;N;N;;Shoppings;Definida;Indeterminado;;31/12;S;N;N;S;N;RIO BRAVO INVESTIMENTOS DTVM LTDA;72600026000181;AV. CHEDID JAFET;222;Conjunto 32 - BLOCO B;VILA OLÍMPIA;SÃO PAULO;SP;04551-065;(11) 3509-6600;;;www.riobravo.com.br;ri@riobravo.com.br;2026-07-01;1;03507519000159;2033;;628839781.49;1032.66242136464;608950;0.0052;0.004362;0;0.000153
Classe;03.683.056/0001-86;2026-07-01;1;2026-08-14;FUNDO DE INV. IMOBILIÁRIO RIO BRAVO RENDA CORPORATIVA;2000-01-12;INVESTIDORES EM GERAL;BRRCRBCTF000;3690695;N;N;;Escritórios;Ativa;Indeterminado;;31/12;S;N;N;S;N;RIO BRAVO INVESTIMENTOS - DTVM LTDA;72600026000181;AVENIDA CHEDID JAFET;222;BLOCO B - CONJUNTO 32;VILA OLIMPIA;SÃO PAULO;SP;04551-065;(11) 3509-6600;;;www.riobravo.com.br;fundosimobiliarios@riobravo.com.br;2026-07-01;1;03683056000186;24069;;705549167.77;191.16973030012;3690695;0.014726;0.006854;0;0.000417
Classe;03.855.441/0001-63;2026-07-01;1;2026-08-11;RB LOGISTICA FII DE RESPONSABILIDADE LIMITADA;2000-05-02;INVESTIDOR QUALIFICADO;0;144210661;N;N;;Logística;Definida;Indeterminado;;31/12;N;N;S;N;N;RIO BRAVO INVESTIMENTOS DTVM LTDA;72600026000181;AV. CHEDID JAFET;222;Conjunto 32 - Bloco B;Vila Olímpia;São Paulo;SP;04551-065;(11) 3509-6600;;;www.riobravo.com.br;ri@riobravo.com.br;2026-07-01;1;03855441000163;2;;140997375.74;0.977718115722388;144210661;0.020404;0;0;0.001307
Classe;04.066.582/0001-60;2026-07-01;1;2026-08-12;HOSPITAL CRIANCA FII;2000-10-03;INVESTIDORES EM GERAL;BRHCRICTF006;200000;N;N;;Hospital;Definida;Indeterminado;;31/12;S;N;N;S;N;BTG PACTUAL SERVICOS FINANCEIROS S.A. DISTRIBUIDOR;59281253000123;Praia de Botafogo;501;6º Andar;Botafogo;Rio de Janeiro;RJ;22.250-040;55 11 3383-3102;;;www.btgpactual.com;ri.fundoslistados@btgpactual.com;2026-07-01;1;04066582000160;3015;3006;65911171.51;329.555858;200000;-5E-06;-5E-06;0;0.000379
Classe;04.141.645/0001-03;2026-07-01;1;2026-08-12;FII CONTINENTAL SQUARE FARIA LIMA - RESP. LIMITADA;2000-08-29;INVESTIDORES EM GERAL;BRFLMACTF009;1380670;N;N;;Escritórios;Ativa;Indeterminado;;31/12;S;N;N;S;N;BR-CAPITAL DIST. DE TÍTULOS E VALORES MOBILIÁRIOS S/A;44077014000189;RUA SURUBIM;577;CONJ. 101;CIDADE MONÇÕES;SÃO PAULO;SP;04571-050;(11) 5508-3500;;;www.brcapital.com.br;fundos@brcapital.com.br;2026-07-01;1;04141645000103;10634;;345893884.73;250.526110316006;1380670;0.004688;0.004591;0;0.000104
Classe;04.644.612/0001-78;2026-07-01;1;2026-08-07;STARK FUNDO DE INVESTIMENTO IMOBILIÁRIO-FII;2021-09-13;INVESTIDOR PROFISSIONAL;BROLMPCTF009;2081002.66324455;N;N;;Hotel;Ativa;Indeterminado;;31/12;S;N;N;S;N;RJI CTVM LTDA;42066258000130;AVENIDA RIO BRANCO;138;4º ANDAR - SALA 402;CENTRO;RIO DE JANERIO;RJ;20040-002;21-3500-4514;21-3500-4514;;www.rjicv.com.br;controladoria.fundos@rjicv.com.br;2026-07-01;1;04644612000178;2;;28499071.57;13.6948751067749;2081002.66324455;-0.001011;0;0;0.000635854047227125
Classe;04.722.883/0001-02;2026-07-01;1;2026-08-14;TORRE NORTE FII;2001-10-10;INVESTIDORES EM GERAL;BRTRNTCTF013;3935562;N;N;;Escritórios;Definida;Indeterminado;;31/12;S;N;N;S;N;BTG PACTUAL SERVICOS FINANCEIROS S.A. DISTRIBUIDOR;59281253000123;Praia de Botafogo;501;6º Andar;Botafogo;Rio de Janeiro;RJ;22.250-040;55 11 3383-3102;;;www.btgpactual.com;ri.fundoslistados@btgpactual.com;2026-07-01;1;04722883000102;491;470;657832229.02;167.150773;3935562;-0.00049;-0.006403;0;0.000144
Fundo;05.437.916/0001-27;2026-07-01;1;2026-08-11;F.I.I EUROPAR RESPONSABILIDADE LIMITADA;2002-12-10;INVESTIDORES EM GERAL;BREUROCTF011;409883;N;N;;Logística;Definida;Indeterminado;;31/12;S;N;N;S;N;COINVALORES CCVM LTDA;00336036000140;Avenida Brigadeiro faria lima;1800;2º andar;Jardim Paulistano;são Paulo;SP;01451-001;(11)3035-4143;(11)3035-4141;;www.coinvalores.com.br;admfundoimobiliario@coinvalores.com.br;2026-07-01;1;05437916000127;1916;1904;161895063.69;394.978722440306;409883;0.006398;0.004818;0;0.000396
Classe;05.562.312/0001-02;2026-07-01;1;2026-08-14;FII EDIFÍCIO ALMIRANTE BARROSO RL;2003-03-17;INVESTIDORES EM GERAL;BRFAMBCTF018;122538;N;N;;Residencial;Definida;Indeterminado;;31/12;S;N;N;S;N;ACTUAL DISTRIBUIDORA DE TITULOS E VALORES MOBILIARIOS S.A.;44782130000101;o:RUA MARTIM DE CARVALHO;723;SALA 1001;SANTO AGOSTINHO;BELO HORIZONTE;MG;30190-094;+55(31)3658-3032;;;www.actualdtvm.com;admfiduciario@actualdtvm.com.br;2026-07-01;1;05562312000102;1881;1833;118966996.75;970.857993030733;122538;-0.001296;0;0;0.0003
Classe;06.175.262/0001-73;2026-07-01;1;2026-08-14;FII EDIFÍCIO OURINVEST;2004-04-19;INVESTIDORES EM GERAL;BREDFOCTF004;298500;N;N;;Residencial;Definida;Indeterminado;;31/12;S;N;N;S;N;OLIVEIRA TRUST DTVM S.A.;36113876000191;Av. das Américas;3434;Bl. 7 Grupo 201;Barra da Tijuca;Rio de Janeiro;RJ;22640-102;(21) 3514-0000;;;www.oliveiratrust.com.br;ger2.fundos@oliveiratrust.com.br;2026-07-01;1;06175262000173;442;;56811116.92;190.321999731993;298500;0.003003;0.004494;0;0
Classe;07.000.400/0001-46;2026-01-01;1;2026-02-13;BB PROGRESSIVO FII;2004-09-03;INVESTIDORES EM GERAL;BRBBFICTF006;130000;N;N;;Escritórios;Definida;Indeterminado;;31/12;S;N;N;S;N;BTG PACTUAL SERVICOS FINANCEIROS S/A DTVM;59281253000123;Praia de Botafogo;501;6º Andar;Botafogo;Rio de Janeiro;RJ;22.250-040;55 11 3383-3102;;;www.btgpactual.com;ri.fundoslistados@btgpactual.com;2026-01-01;1;07000400000146;5522;5390;4408674.69;33.912882;130000;-0.672338;-0.19896;0;0.37315
Classe;07.122.725/0001-00;2026-07-01;2;2026-08-18;TORRE ALMIRANTE FII;2004-11-19;INVESTIDORES EM GERAL;BRALMICTF003;111177;N;N;;Escritórios;Definida;Indeterminado;;31/12;S;N;N;S;N;BTG PACTUAL SERVICOS FINANCEIROS S.A. DISTRIBUIDOR;59281253000123;Praia de Botafogo;501;6º Andar;Botafogo;Rio de Janeiro;RJ;22.250-040;55 11 3383-3102;;;www.btgpactual.com;ri.fundoslistados@btgpactual.com;2026-07-01;2;07122725000100;1829;1768;232330696.5;2089.737054;111177;-9E-06;-9E-06;0;0.000466
Classe;07.224.019/0001-60;2026-07-01;1;2026-08-14;SPDP FII RL;2005-01-28;INVESTIDORES EM GERAL;BRSHDPCTF007;1189725;N;N;;Shoppings;Definida;Indeterminado;;31/12;S;N;N;S;N;BTG PACTUAL SERVICOS FINANCEIROS S.A. DISTRIBUIDOR;59281253000123;Praia de Botafogo;501;6º Andar;Botafogo;Rio de Janeiro;RJ;22.250-040;55 11 3383-3102;;;www.btgpactual.com;ri.fundoslistados@btgpactual.com;2026-07-01;1;07224019000160;2;0;889876464.68;747.968198;1189725;-0.079776;0.004762;0;0.000176
Classe;07.583.627/0001-61;2026-07-01;1;2026-08-14;PENINSULA FII RL;2005-07-13;INVESTIDOR QUALIFICADO;BRXPMLCTF000;224952;N;N;;Multicategoria;Ativa;Indeterminado;;14/12;S;N;N;S;N;BTG PACTUAL SERVICOS FINANCEIROS S.A. DISTRIBUIDOR;59281253000123;Praia de Botafogo;501;6º Andar;Botafogo;Rio de Janeiro;RJ;22.250-040;55 11 3383-3102;;;www.btgpactual.com;ri.fundoslistados@btgpactual.com;2026-07-01;1;07583627000161;11;10;5072222384.55;22548.020842;224952;0.008863;0.006393;0;5.1E-05
Classe;07.789.135/0001-27;2026-07-01;1;2026-08-14;FUNDO DE INVESTIMENTO IMOBILIÁRIO ANCAR IC;2005-12-21;INVESTIDORES EM GERAL;BRANCRCTF001;35856709.9610135;N;N;;Shoppings;Ativa;Indeterminado;;31/12;S;N;N;S;N;GENIAL INVESTIMENTOS CORRETORA DE VALORES MOBILIÁRIOS S.A.;27652684000162;Praia de Botafogo;228;9º;Botafogo;Rio de Janeiro;RJ;20091-020;(21) 3923-3000;(21) 3923-3046;;www.genialinvestimentos.com.br;Structured-Funds@genial.com.vc;2026-07-01;1;07789135000127;250;244;4313209299.56;120.290157804486;35856709.9610135;0;0;0;2.50137896185576E-05
Classe;08.014.513/0001-63;2026-07-01;1;2026-08-14;HNS LOURDES FII;2006-04-20;INVESTIDORES EM GERAL;BRNSLUCTF008;1293286;N;N;;Hospital;Definida;Indeterminado;;31/12;S;N;N;S;N;BTG PACTUAL SERVICOS FINANCEIROS S.A. DISTRIBUIDOR;59281253000123;Praia de Botafogo;501;6º Andar;Botafogo;Rio de Janeiro;RJ;22.250-040;55 11 3383-3102;;;www.btgpactual.com;ri.fundoslistados@btgpactual.com;2026-07-01;1;08014513000163;5217;5199;327478149.68;253.214022;1293286;-1E-06;-1E-06;0;0.000437
Classe;08.098.114/0001-28;2026-07-01;1;2026-08-14;BTG RENDA URB FII;2006-06-26;INVESTIDORES EM GERAL;BRBTRUCTF008;8898724;N;N;;Outros;Ativa;Indeterminado;;01/06;S;N;N;S;N;BTG PACTUAL SERVICOS FINANCEIROS S.A. DISTRIBUIDOR;59281253000123;Praia de Botafogo;501;6º Andar;Botafogo;Rio de Janeiro;RJ;22.250-040;55 11 3383-3102;;;www.btgpactual.com;ri.fundoslistados@btgpactual.com;2026-07-01;1;08098114000128;785;760;772974188.15;86.863486;8898724;0;0;0;0.001654
Classe;08.417.532/0001-30;2026-07-01;1;2026-08-11;FCM FII DE RESPONSABILIDADE LIMITADA;2006-08-14;INVESTIDOR QUALIFICADO;;46971;N;N;;Outros;Definida;Indeterminado;;31/12;N;N;S;N;N;RIO BRAVO INVESTIMENTOS DTVM LTDA;72600026000181;Avenida Chedid Jafet;222;Bloco B - Conjunto 32;Vila Olímpia;São Paulo;SP;04551-065;11 3509-6600;;;www.riobravo.com.br;ri@riobravo.com.br;2026-07-01;1;08417532000130;2;;183868932.69;3914.52029315961;46971;0.014657;0;0;0.000715
Classe;08.431.747/0001-06;2026-07-01;1;2026-08-13;HEDGE BRASIL SHOPPING FUNDO DE INVESTIMENTO IMOBILIÁRIO;2006-12-28;INVESTIDORES EM GERAL;BRHGBSCTF000;144355726;N;N;;Shoppings;Ativa;Indeterminado;;31/12;S;N;N;S;N;HEDGE INVESTMENTS DTVM LTDA;07253654000176;AVENIDA BRIGADEIRO FARIA LIMA;3600;11º ANDAR CJ 112;ITAIM BIBI;SÃO PAULO;SP;04538-132;(11) 5412-5400;;;www.hedgeinvest.com.br;dtvm@hedgeinvest.com.br;2026-07-01;1;08431747000106;198399;;2922626205.6;20.2460012261654;144355726;0.005789;0.008375;0;0.000521
Classe;08.693.497/0001-82;2026-07-01;1;2026-08-14;FUNDO DE INVESTIMENTO IMOBILIÁRIO VEREDA;2007-05-31;INVESTIDORES EM GERAL;BRVERECTF002;640565.5375;N;N;;Multicategoria;Ativa;Indeterminado;;30/12;N;N;S;N;N;VÓRTX DTVM LTDA;22610500000188;Rua Gilberto Sabino;215;4º ANDAR;Pinheiros;;SP;5425020;11 3030-7177;;;www.vortx.com.br;fundos@vortx.com.br;2026-07-01;1;08693497000182;109;107;336746416.18;525.701737699;640565.5375;0.00143857;0.00568244;0;0.000137
Classe;08.696.175/0001-97;2026-07-01;1;2026-08-07;RB CAPITAL RENDA I FUNDO DE INVESTIMENTO IMOBILIÁRIO - FII;2007-01-30;INVESTIDORES EM GERAL;BRHUSCCTF009;927162;N;N;;Logística;Ativa;Indeterminado;;30/06;S;N;N;S;N;OLIVEIRA TRUST DIST. DE TÍTULOS E VALORES MOBILIÁRIOS S/A;36113876000191;AVENIDA DAS AMÉRICAS;3434;BLOCO 07 - SALA 201;BARRA DA TIJUCA;RIO DE JANEIRO;RJ;22640-102;(21) 3514-0000;;;www.oliveiratrust.com.br;ger2.fundos@oliveiratrust.com.br;2026-07-01;1;08696175000197;5816;;185396155.2;199.96090780252;927162;0.008449;0.007111;0;0.000142
Classe;08.706.065/0001-69;2026-07-01;1;2026-08-14;HOTEL MAXINVEST FII;2007-02-13;INVESTIDORES EM GERAL;BRHTMXCTF000;2888094;N;N;;Hotel;Ativa;Indeterminado;;31/12;S;N;N;S;N;BTG PACTUAL SERVICOS FINANCEIROS S.A. DISTRIBUIDOR;59281253000123;Praia de Botafogo;501;6º Andar;Botafogo;Rio de Janeiro;RJ;22.250-040;55 11 3383-3102;;;www.btgpactual.com;ri.fundoslistados@btgpactual.com;2026-07-01;1;08706065000169;33399;33330;428115267.02;148.234534;2888094;0.003083;0.007254;0;0.001223
Classe;08.924.783/0001-01;2026-07-01;1;2026-08-14;BC FUND FII;2007-07-20;INVESTIDORES EM GERAL;BRBRCRCTF000;26638202;N;N;;Multicategoria;Ativa;Indeterminado;;31/12;S;N;N;S;N;BTG PACTUAL SERVICOS FINANCEIROS S.A. DISTRIBUIDOR;59281253000123;Praia de Botafogo;501;6º Andar;Botafogo;Rio de Janeiro;RJ;22.250-040;55 11 3383-3102;;;www.btgpactual.com;ri.fundoslistados@btgpactual.com;2026-07-01;1;08924783000101;110207;109953;2157913144.8;81.008213;26638202;0.018154;0.004485;0;0.00015
Classe;08.971.868/0001-40;2026-07-01;1;2026-08-07;FUNDO DE INVESTIMENTO IMOBILIÁRIO RIO GRANDE;2024-12-20;INVESTIDOR PROFISSIONAL;;27423.30802067;S;N;;Outros;Ativa;Indeterminado;;30/06;N;S;N;N;S;INTRA INVESTIMENTOS DTVM LTDA;15489568000195;RUA JOAQUIM FLORIANO;1120;5º ANDAR;ITAIM BIBI;SÃO PAULO;SP;04534004;(11) 31985151;;;www.intrainvestimentos.com.br;administracao.fundos@intrainvestimentos.com.br;2026-07-01;1;08971868000140;1;0;3542400.51;129.174806603564;27423.30802067;-0.049436;0;0;0.000254
Classe;09.006.914/0001-34;2026-07-01;1;2026-08-13;RB CAPITAL RENDA II - FII;2024-08-30;INVESTIDORES EM GERAL;BRRBRDCTF008;1851786;N;N;;Multicategoria;Ativa;Indeterminado;;31/12;S;N;N;S;N;.BANCO DAYCOVAL S/A;62232889000190;Avenida Paulista;1793;2º Andar;Bela Vista;São Paulo;SP;01311200;0300 111 0500;11 3563-4389;11 3563-4318;www.daycoval.com.br/investimentos/servicos-fiduciarios;informes.regulatorios@bancodaycoval.com.br;2026-07-01;1;09006914000134;7403;;133967894.97;72.345236;1851786;0.00833973;0;0;9.5E-05
Classe;09.072.017/0001-29;2026-07-01;1;2026-08-14;PÁTRIA ESCRITÓRIOS FUNDO DE INVESTIMENTO IMOBILIÁRIO;2008-04-17;INVESTIDORES EM GERAL;BRHGRECTF006;11817767;N;N;;Escritórios;Ativa;Indeterminado;;31/12;S;N;N;S;N;BANCO GENIAL S.A.;45246410000155;Praia de Botafogo;228;9 ANDAR;Botafogo;Rio de Janeiro;RJ;222050-906;(11) 3524-8888;;;www.genialinvestimentos.com.br;structured-funds@genial.com.vc;2026-07-01;1;09072017000129;144538;;1732940877.68;146.638605895682;11817767;0.00632;0.005801;0;0.000761
Classe;09.150.967/0001-24;2026-07-01;1;2026-08-12;FUNDO DE INVESTIMENTO IMOBILIÁRIO PATRIMONIAL IV;2007-12-17;INVESTIDOR QUALIFICADO;;73305;N;N;;Outros;Ativa;Indeterminado;;31/12;N;N;S;N;N;OSLO CAPITAL DTVM;13673855000125;Rua Dr. Eduardo de Souza Aranha;153;4º andar;Vila Nova Conceição;São Paulo;SP;04543120;35133144;;;www.oslodtvm.com;fiduciario@oslodtvm.com;2026-07-01;1;09150967000124;14;;4558115.16;62.1801399631676;73305;-0.01101;0;0;0.00474
Classe;09.276.964/0001-31;2026-07-01;1;2026-08-04;FII PLANNER 0418 - PROPERTY INVEST FII;2008-01-11;INVESTIDOR QUALIFICADO;BRPRPYCTF008;1206868.34768904;N;N;;Shoppings;Definida;Indeterminado;;31/12;N;N;S;N;N;PLANNER CORRETORA DE VALORES S.A.;00806535000154;Avenida Brigadeiro Faria Lima;3900;10º andar;Jardim Paulistano;São Paulo;SP;04538-132;(11) 3504-6800;;;www.planner.com.br;informacoesregulatorias@planner.com.br;2026-07-01;1;09276964000131;1;0;464346395.25;384.753147382769;1206868.34768904;-9.8E-05;0;0;4.49311983756592E-05
Classe;09.326.861/0001-39;2026-07-01;1;2026-08-13;SHOPPING WEST PLAZA FUNDO DE INVESTIMENTO IMOBILIARIO;2008-01-17;INVESTIDORES EM GERAL;BRWPLZCTF004;1186683;N;N;;Shoppings;Definida;Indeterminado;;31/12;S;N;N;S;N;HEDGE INVESTMENTS DTVM LTDA;07253654000176;AVENIDA BRIGADEIRO FARIA LIMA;3600;11º ANDAR CJ 112;ITAIM BIBI;SÃO PAULO;SP;04538-132;(11) 5412-5400;;;www.hedgeinvest.com.br;dtvm@hedgeinvest.com.br;2026-07-01;1;09326861000139;1424;;64824245.18;54.6264210239803;1186683;0.006282;0.00677;0;0.000438
Classe;09.517.273/0001-82;2026-07-01;1;2026-08-14;SEQUÓIA III RENDA IMOBILIÁRIA FII;2019-12-31;INVESTIDORES EM GERAL;BRSEQRCTF002;1665695.3525;N;N;;Logística;Ativa;Indeterminado;;30/12;S;N;N;S;N;VÓRTX DTVM LTDA;22610500000188;Rua Gilberto Sabino;215;4º ANDAR;Pinheiros;São Paulo;SP;5425020;11 3030-7177;;;www.vortx.com.br;fundos@vortx.com.br;2026-07-01;1;09517273000182;3961;3938;162080722.7;97.30514194;1665695.3525;0.00650348;0.00604868;0;0.000219
Classe;09.552.812/0001-14;2026-07-01;1;2026-08-12;BTG CRÉDITO IMOB FII;2008-05-19;INVESTIDORES EM GERAL;BRFEXCCTF007;99521172;N;N;;Outros;Ativa;Indeterminado;;31/12;S;N;N;S;N;BTG PACTUAL SERVICOS FINANCEIROS S.A. DISTRIBUIDOR;59281253000123;Praia de Botafogo;501;6º Andar;Botafogo;Rio de Janeiro;RJ;22.250-040;55 11 3383-3102;;;www.btgpactual.com;ri.fundoslistados@btgpactual.com;2026-07-01;1;09552812000114;214866;214584;1003960405.43;10.087908;99521172;0;0;0;0.000876
Classe;10.347.985/0001-80;2026-07-01;1;2026-08-14;CIDADE JARDIM CONTINENTAL TOWER FII;2010-12-22;INVESTIDOR QUALIFICADO;BRCJCTCTF001;3140000;N;N;;Escritórios;Definida;Indeterminado;;31/12;S;N;N;S;N;HEDGE INVESTMENTS DTVM LTDA;07253654000176;AVENIDA BRIGADEIRO FARIA LIMA;3600;11º ANDAR CJ 112;ITAIM BIBI;SÃO PAULO;SP;04538-132;(11) 5412-5400;;;www.hedgeinvest.com.br;dtvm@hedgeinvest.com.br;2026-07-01;1;10347985000180;774;;231671567.99;73.7807541369427;3140000;0.003659;0.003254;0;0.000639
Classe;10.375.382/0001-91;2026-07-01;1;2026-08-13;HEDGE FLORIPA SHOPPING FII;2009-09-21;INVESTIDORES EM GERAL;BRFLRPCTF006;7750000;N;N;;Shoppings;Definida;Indeterminado;;31/12;S;N;N;S;N;HEDGE INVESTMENTS DTVM LTDA;07253654000176;AVENIDA BRIGADEIRO FARIA LIMA;3600;11º ANDAR CJ 112;ITAIM BIBI;SÃO PAULO;SP;04538-132;(11) 5412-5400;;;www.hedgeinvest.com.br;dtvm@hedgeinvest.com.br;2026-07-01;1;10375382000191;1841;;162703416.95;20.993989283871;7750000;0.006253;0.007139;0;0.000532
Classe;10.427.246/0001-06;2026-07-01;1;2026-08-14;PRIME P FII;2009-02-03;INVESTIDOR QUALIFICADO;BRPMEPCTF001;12140378;N;N;;Multicategoria;Ativa;Indeterminado;;31/12;N;N;S;N;N;BTG PACTUAL SERVICOS FINANCEIROS S.A. DISTRIBUIDOR;59281253000123;Praia de Botafogo;501;6º Andar;Botafogo;Rio de Janeiro;RJ;22.250-040;55 11 3383-3102;;;www.btgpactual.com;ri.fundoslistados@btgpactual.com;2026-07-01;1;10427246000106;1;0;194032413.56;15.982403;12140378;-0.009841;-0.002489;0;0.000264
Classe;10.456.799/0001-89;2026-07-01;1;2026-08-14;PHORBIS FII - RESPONSABILIDADE LIMITADA;2008-12-09;INVESTIDOR QUALIFICADO;0;97036;N;N;;Multicategoria;Ativa;Indeterminado;;31/12;N;N;S;N;N;RIO BRAVO INESTIMENTOS DTVM LTDA;72600026000181;Avenida Chedid Jafet;222;Conjunto 32 Bloco B;Vila Olímpia;SÃO PAULO;SP;04551-065;11 35096600;;;www.riobravo.com.br;ri@riobravo.com.bbr;2026-07-01;1;10456799000189;2;;1121793914.3;11560.5951842615;97036;-0.031114;0;0;5.6E-05
Classe;10.522.648/0001-81;2026-07-01;1;2026-08-14;DOVEL FII;2021-03-19;INVESTIDOR QUALIFICADO;BRDOVLCTF006;66406.0074;N;N;;Escritórios;Ativa;Determinado;2045-03-19;31/12;S;N;N;S;N;BRL TRUST DTVM S.A.;13486793000142;Rua Alves Guimarães;1216;;Pinheiros;São Paulo;SP;05410-002;(11) 3509-0600;;;www.apexgroup.com/apex-brazil/;infolegal@apexgroup.com;2026-07-01;1;10522648000181;101;;38751862.33;583.559588164609;66406.0074;0.013619;0.01104;;0.000961960219680622
Classe;10.869.155/0001-12;2026-07-01;1;2026-08-14;PDPSC FII;2009-06-16;INVESTIDORES EM GERAL;BRPQDPCTF004;259104;N;N;;Shoppings;Definida;Indeterminado;;31/12;S;N;N;S;N;BTG PACTUAL SERVICOS FINANCEIROS S.A. DISTRIBUIDOR;59281253000123;Praia de Botafogo;501;6º Andar;Botafogo;Rio de Janeiro;RJ;22.250-040;55 11 3383-3102;;;www.btgpactual.com;ri.fundoslistados@btgpactual.com;2026-07-01;1;10869155000112;2951;2917;672144640.22;2594.1114;259104;0.006843;0.005078;0;0.000205
Classe;10.991.914/0001-15;2026-07-01;1;2026-08-07;FUNDO DE INVESTIMENTO IMOBILIARIO CAIXA CEDAE;2009-07-13;INVESTIDORES EM GERAL;BRCXCECTF004;1712950;N;N;;Escritórios;Definida;Indeterminado;;31/12;S;N;N;S;N;CAIXA ECONOMICA FEDERAL;00360305000104;Avenida Paulista;750;9º Andar;Cerqueira Cesar;São Paulo;SP;01310-300;(11) 3572-4400;(11) 3572-4600;;www.caixa.gov.br;geafi06@caixa.gov.br;2026-07-01;1;10991914000115;2793;2781;108187944.52;63.158845570507;1712950;0.008011;0.007594;0;0.000515
Classe;11.044.355/0001-07;2026-07-01;1;2026-08-13;STARX FII RESPONSABILIDADE LIMITADA;2021-08-02;INVESTIDORES EM GERAL;BRSTRXCTF006;1613559;N;N;;Shoppings;Definida;Indeterminado;;31/12;S;N;N;S;N;INTER DTVM LTDA.;18945670000146;AV BARBACENA;1219;21º ANDAR;SANTO AGOSTINHO;Belo Horizonte;MG;30190131;(31) 3614-5332;;;http://www.bancointer.com.br/inter-dtvm;ri.fii@interdtvm.com.br;2026-07-01;1;11044355000107;111;;247860998.16;153.61136355;1613559;0.00737789;0.00534898;0;0.000119
Classe;11.160.521/0001-22;2026-07-01;1;2026-08-14;PÁTRIA RECEBÍVEIS IMOBILIÁRIOS - FII;2009-12-22;INVESTIDORES EM GERAL;BRHGCRCTF000;15418106;N;N;;Outros;Ativa;Indeterminado;;31/12;S;N;N;S;N;BANCO GENIAL S.A.;45246410000155;Praia de Botafogo;228;9 ANDAR;Botafogo;Rio de Janeiro;RJ;222050-906;(11) 3524-8888;;;www.genialinvestimentos.com.br;structured-funds@genial.com.vc;2026-07-01;1;11160521000122;104326;104051;1501746013.56;97.4014586201444;15418106;0.009563;0.01026;0;0.000701
Classe;11.179.118/0001-45;2026-07-01;1;2026-08-12;ANHANGUERA FII;2009-12-16;INVESTIDORES EM GERAL;BRFAEDCTF003;692377;S;N;;Outros;Definida;Indeterminado;;31/12;S;N;N;S;N;BTG PACTUAL SERVICOS FINANCEIROS S.A. DISTRIBUIDOR;59281253000123;Praia de Botafogo;501;6º Andar;Botafogo;Rio de Janeiro;RJ;22.250-040;55 11 3383-3102;;;www.btgpactual.com;ri.fundoslistados@btgpactual.com;2026-07-01;1;11179118000145;3885;3879;154944944.09;223.78696;692377;-1E-06;-1E-06;0;0.000375
Classe;11.233.841/0001-65;2026-07-01;1;2026-08-14;REAL MINAS FUNDO DE INVESTIMENTO IMOBILIÁRIO - FII;2009-12-01;INVESTIDOR QUALIFICADO;BRRLMICTF007;1529229.79730436;N;N;;Multicategoria;Ativa;Indeterminado;;31/12;S;N;N;S;N;OLIVEIRA TRUST DTVM S.A.;36113876000191;Av. das Américas;3434;Bl. 7 Grupo 201;Barra da Tijuca;Rio de Janeiro;RJ;22640-102;(21) 3514-0000;;;www.oliveiratrust.com.br;ger2.fundos@oliveiratrust.com.br;2026-07-01;1;11233841000165;1;;405133804.43;264.926700450218;1529229.79730436;0.009883;0;0;0
Classe;11.260.134/0001-68;2026-06-01;1;2026-07-15;PÁTRIA PRIME OFFICES - FUNDO DE INVESTIMENTO IMOBILIÁRIO;2010-10-07;INVESTIDORES EM GERAL;BRHGPOCTF009;1753057;N;N;;Escritórios;Definida;Indeterminado;;31/12;S;N;N;S;N;BANCO GENIAL S.A.;45246410000155;Praia de Botafogo;228;9 ANDAR;Botafogo;Rio de Janeiro;RJ;222050-906;(11) 3524-8888;;;www.genialinvestimentos.com.br;structured-funds@genial.com.vc;2026-06-01;1;11260134000168;7984;7931;88394914.2;50.4232972458967;1753057;0.024395;0.00271;0;0
Classe;11.268.335/0001-01;2026-07-01;1;2026-08-12;JPP FII;2012-01-02;INVESTIDOR PROFISSIONAL;BRJPPDCTF009;220.4949061;N;N;;Multicategoria;Ativa;Indeterminado;;31/12;N;S;N;N;S;BEM DTVM LTDA;00066670000100;Núcleo Cidade de Deus;S/N;Prédio Prata - 4º Andar;Vila Yara;Osasco;SP;06029-900;(11) 3684-4522;;;www.bradescobemdtvm.com.br;bemdtvm@bradesco.com.br;2026-07-01;1;11268335000101;1;;153212732.62;694858.377138718;220.4949061;0.004432;0;0;7.6E-05
Classe;11.274.415/0001-70;2026-07-01;1;2026-08-14;MAX RETAIL FII;2010-04-20;INVESTIDORES EM GERAL;BRMAXRCTF009;1125655;N;N;;Multicategoria;Definida;Indeterminado;;31/12;S;N;N;S;N;BTG PACTUAL SERVICOS FINANCEIROS S.A. DISTRIBUIDOR;59281253000123;Praia de Botafogo;501;6º Andar;Botafogo;Rio de Janeiro;RJ;22.250-040;55 11 3383-3102;;;www.btgpactual.com;ri.fundoslistados@btgpactual.com;2026-07-01;1;11274415000170;3414;3393;105325112.54;93.567845;1125655;0.015067;0.010751;0;0.000679
Classe;11.281.322/0001-72;2026-07-01;1;2026-08-13;PRESIDENTE VARGAS FUNDO DE INVESTIMENTO IMOBILIÁRIO;2011-01-03;INVESTIDORES EM GERAL;BRPRSVCTF008;317000;N;N;;Escritórios;Definida;Indeterminado;;31/12;S;N;N;S;N;HEDGE INVESTMENTS DTVM LTDA;07253654000176;AVENIDA BRIGADEIRO FARIA LIMA;3600;11º ANDAR CJ 112;ITAIM BIBI;SÃO PAULO;SP;04538-132;(11) 5412-5400;;;www.hedgeinvest.com.br;dtvm@hedgeinvest.com.br;2026-07-01;1;11281322000172;772;;29958111.91;94.5050848895899;317000;-0.008089;0;0;0.002486
Classe;11.326.746/0001-06;2026-07-01;1;2026-08-14;TAG GR IV FUNDO DE INVESTIMENTO IMOB;2010-05-28;INVESTIDOR QUALIFICADO;BRGRIVCTF008;17450;N;N;;Multicategoria;Definida;Indeterminado;;31/12;N;N;S;N;N;VÓRTX DTVM LTDA;22610500000188;Rua Gilberto Sabino;215;4º ANDAR;Pinheiros;São Paulo;SP;5425020;11 3030-7177;;;www.vortx.com.br;fundos@vortx.com.br;2026-07-01;1;11326746000106;1;0;421495627;24154.47719198;17450;0.00698539;0;0;6.4E-05
Classe;11.602.654/0001-01;2026-07-01;1;2026-08-12;CAMPUS FARIA LIM FII;2010-06-08;INVESTIDORES EM GERAL;BRFCFLCTF009;3474010;N;N;;Multicategoria;Ativa;Indeterminado;;31/12;S;N;N;S;N;BTG PACTUAL SERVICOS FINANCEIROS S.A. DISTRIBUIDOR;59281253000123;Praia de Botafogo;501;6º Andar;Botafogo;Rio de Janeiro;RJ;22.250-040;55 11 3383-3102;;;www.btgpactual.com;ri.fundoslistados@btgpactual.com;2026-07-01;1;11602654000101;2813;2797;434612477.42;125.10398;3474010;0;0;0;0.00027
Classe;11.664.201/0001-00;2026-07-01;1;2026-08-14;FATOR VERITA FII;2023-12-28;INVESTIDORES EM GERAL;BRVRTACTF008;15592424;N;N;;Outros;Ativa;Indeterminado;;31/12;S;N;N;S;N;BANCO FATOR S.A.;33644196000106;R. DR. RENATO PAES DE BARROS;1017;12º andar;ITAIM BIBI;SÃO PAULO;SP;04530-001;55-(11)30499100;;;www.bancofator.com.br;fundosimobiliarios@fator.com.br;2026-07-01;1;11664201000100;101282;;1296540830.94;83.1519737367327;15592424;0.013419;0.010255;0;0.000787
Classe;11.728.688/0001-47;2026-07-01;1;2026-08-14;PÁTRIA LOG - FUNDO DE INVESTIMENTO IMOBILIÁRIO;2010-05-03;INVESTIDORES EM GERAL;BRHGLGCTF004;45601745;N;N;;Multicategoria;Ativa;Indeterminado;;31/12;S;N;N;S;N;BANCO GENIAL S.A.;45246410000155;Praia de Botafogo;228;9 ANDAR;Botafogo;Rio de Janeiro;RJ;222050-906;(11) 3524-8888;;;https://www.bancogenial.com/;structured-funds@genial.com.vc;2026-07-01;1;11728688000147;608345;;7589554105.43;166.431221117306;45601745;0.005991;0.007023;0;0.000489
Classe;11.769.604/0001-13;2026-07-01;1;2026-08-04;FII PLANNER 2557 - GSFI FII;2010-05-19;INVESTIDORES EM GERAL;BRGSFICTF009;96110102.7882761;N;N;;Shoppings;Definida;Indeterminado;;31/12;N;N;S;N;N;PLANNER CORRETORA DE VALORES S.A.;00806535000154;Avenida Brigadeiro Faria Lima;3900;10º andar;Jardim Paulistano;São Paulo;SP;04538-132;(11) 3504-6800;;;www.planner.com.br;informacoesregulatorias@planner.com.br;2026-07-01;1;11769604000113;7000;6968;1219824372.36;12.6919474329061;96110102.7882761;-0.003211;0;0;9.09675790337887E-05
Classe;11.827.568/0001-05;2026-07-01;1;2026-08-07;INCENTIVO FUNDO DE INVESTIMENTO IMOBILIÁRIO-FII;2010-06-23;INVESTIDOR QUALIFICADO E PROFISSIONAL;BRINC1CTF005;37122134.4905246;N;N;;Multicategoria;Ativa;Indeterminado;;30/06;S;N;N;S;N;RJI CTVM LTDA;42066258000130;AVENIDA RIO BRANCO;138;4º ANDAR - SALA 402;CENTRO;RIO DE JANERIO;RJ;20040-002;21-3500-4514;21-3500-4514;;www.rjicv.com.br;controladoria.fundos@rjicv.com.br;2026-07-01;1;11827568000105;1;;52377930.4;1.41096224985041;37122134.4905246;0.005402;0;0;0.0013649134178085
Classe;11.839.593/0001-09;2026-07-01;1;2026-08-14;BTGP LOGISTICA FII;2010-08-06;INVESTIDORES EM GERAL;BRBTLGCTF000;70940261;N;N;;Multicategoria;Ativa;Indeterminado;;30/06;S;N;N;S;N;BTG PACTUAL SERVICOS FINANCEIROS S.A. DISTRIBUIDOR;59281253000123;Praia de Botafogo;501;6º Andar;Botafogo;Rio de Janeiro;RJ;22.250-040;55 11 3383-3102;;;www.btgpactual.com;ri.fundoslistados@btgpactual.com;2026-07-01;1;11839593000109;515243;514237;7580921710.93;106.86346;70940261;0.015447;0.009476;0;0.000707
Classe;11.945.604/0001-27;2026-07-01;2;2026-08-26;RB CAPITAL DESENVOLVIMENTO RESIDENCIAL II FII - FII;2010-09-27;INVESTIDOR QUALIFICADO;BRRBDSCTF006;126523;N;N;;Residencial;Ativa;Determinado;2026-12-31;30/06;S;N;N;S;N;OLIVEIRA TRUST DTVM S.A.;36113876000191;Av. das Américas;3434;Bl. 7 Grupo 201;Barra da Tijuca;Rio de Janeiro;RJ;22640-102;(21) 3514-0000;;;www.oliveiratrust.com.br;ger2.fundos@oliveiratrust.com.br;2026-07-01;2;11945604000127;806;;3114522.96;24.6162591781731;126523;-0.001581;0;0;0.001846
Classe;12.005.956/0001-65;2026-07-01;1;2026-08-14;KINEA RENDA IMOBILIARIA FII RESPONSABILIDADE LIMITADA;2010-08-11;INVESTIDORES EM GERAL;BRKNRICTF007;28204047;N;N;;Multicategoria;Ativa;Indeterminado;;30/06;S;N;N;S;N;INTRAG DISTRIBUIDORA DE TÍTULOS E VALORES MOBILIÁRIOS LTDA;62418140000131;AV BRIGADEIRO FARIA LIMA;3400;10º Andar;ITAIM BIBI;SÃO PAULO;SP;04538132;55 (11) 30726012;;;www.intrag.com.br;produtosestruturados@itau-unibanco.com.br;2026-07-01;1;12005956000165;313347;;4608084808.54;163.383815398549;28204047;0.005928;0.006727;0;0.000967
Classe;12.323.955/0001-69;2026-07-01;1;2026-08-14;SABIÁ FUNDO DE INVESTIMENTO IMOBILIÁRIO;2010-07-30;INVESTIDOR QUALIFICADO;;5834008.97421913;N;N;;Outros;Ativa;Indeterminado;;31/12;N;N;S;N;N;GENIAL INVESTIMENTOS CORRETORA DE VALORES MOBILIÁRIOS S.A.;27652684000162;PRAIA DE BOTAFOGO;228;9º ANDAR;BOTAFOGO;RIO DE JANEIRO;RJ;22250-906;(21) 3923-3000;0800 605 8888;;www.genial.com.vc;middleadm@genial.com.vc;2026-07-01;1;12323955000169;1;;184258678.91;31.5835439616653;5834008.97421913;0.001108;0;0;0.00568742583089868
Classe;12.401.858/0001-47;2026-07-01;1;2026-08-14;ATRIUM FII;2012-08-15;INVESTIDOR QUALIFICADO;BRATRNCTF005;2626000;N;N;;Multicategoria;Definida;Indeterminado;;31/12;N;N;S;N;N;BTG PACTUAL SERVICOS FINANCEIROS S.A. DISTRIBUIDOR;59281253000123;Praia de Botafogo;501;6º Andar;Botafogo;Rio de Janeiro;RJ;22.250-040;55 11 3383-3102;;;www.btgpactual.com;ri.fundoslistados@btgpactual.com;2026-07-01;1;12401858000147;1;0;306257263.27;116.625005;2626000;-0.00282;-0.000161;0;0.000167
Classe;12.516.185/0001-70;2026-07-01;1;2026-08-14;VINCI OFFICES FUNDO DE INVESTIMENTO IMOBILIÁRIO;2013-07-24;INVESTIDORES EM GERAL;BRVINOCTF001;82826295;N;N;;Multicategoria;Ativa;Indeterminado;;31/12;S;N;N;S;N;BRL TRUST DTVM S.A.;13486793000142;Rua Alves Guimarães;1216;;Pinheiros;São Paulo;SP;05410-002;(11) 3509-0600;;;www.apexgroup.com/apex-brazil/;infolegal@apexgroup.com;2026-07-01;1;12516185000170;123845;;813695317.48;9.82411826437486;82826295;0.008789;0.004294;;0.000516367356397289
Classe;12.681.340/0001-04;2026-07-01;1;2026-08-12;BB RENDA CORPORATIVA FUNDO DE INVESTIMENTO IMOBILIÁRIO - FII;2011-06-13;INVESTIDOR PROFISSIONAL;BRBBRCCTF004;1590000;N;N;;Outros;Definida;Indeterminado;;31/12;S;S;N;S;S;BEM DTVM LTDA;00066670000100;Núcleo Cidade de Deus;S/N;Prédio Prata - 4º Andar;Vila Yara;Osasco;SP;06029-900;(11) 3684-4522;;;www.bradescobemdtvm.com.br;bemdtvm@bradesco.com.br;2026-07-01;1;12681340000104;8481;;164723350.5;103.599591509434;1590000;-0.007217;0;0;8.5E-05
Classe;12.804.013/0001-00;2026-07-01;1;2026-08-12;FII SC 401 - RESPONSABILIDADE LIMITADA;2010-10-25;INVESTIDORES EM GERAL;BRFISCCTF008;1699996;N;S;;Escritórios;Ativa;Indeterminado;;31/12;S;N;N;S;N;BR-CAPITAL DIST. DE TÍTULOS E VALORES MOBILIÁRIOS S/A;44077014000189;RUA SURUBIM;577;CONJ. 101;CIDADE MONÇÕES;SÃO PAULO;SP;04571-050;(11) 5508-3500;;;www.brcapital.com.br;fundos@brcapital.com.br;2026-07-01;1;12804013000100;208;;188888624.17;111.111216832275;1699996;0.006042;0.005487;0;0.000259
Classe;12.809.972/0001-00;2026-07-01;1;2026-08-13;HEDGE ATRIUM SHOPPING SANTO ANDRÉ FUNDO DE INVEST IMOB;2011-03-23;INVESTIDORES EM GERAL;BRATSACTF000;1751141;N;N;;Shoppings;Definida;Indeterminado;;31/12;S;N;N;S;N;HEDGE INVESTMENTS DTVM LTDA;07253654000176;AVENIDA BRIGADEIRO FARIA LIMA;3600;11º ANDAR CJ 112;ITAIM BIBI;SÃO PAULO;SP;04538-132;(11) 5412-5400;;;www.hedgeinvest.com.br;dtvm@hedgeinvest.com.br;2026-07-01;1;12809972000100;304;;129301512.47;73.8384358940828;1751141;0.004813;0.002714;0;0.00037
Classe;12.811.222/0001-73;2026-07-01;1;2026-08-04;FII PLANNER 2481 - FII OAR;2011-04-25;INVESTIDOR PROFISSIONAL;BRTAGICTF008;130657.83128704;N;N;;Multicategoria;Ativa;Indeterminado;;31/12;N;N;S;N;N;PLANNER CORRETORA DE VALORES S.A.;00806535000154;Avenida Brigadeiro Faria Lima;3900;10º andar;Jardim Paulistano;São Paulo;SP;04538-132;(11) 3504-6800;;;www.planner.com.br;informacoesregulatorias@planner.com.br;2026-07-01;1;12811222000173;1;1;15216721.42;116.462375581381;130657.83128704;-0.001317;0;0;0.0018838926736427
Classe;12.887.506/0001-43;2026-07-01;2;2026-08-14;FUNDO DE INVESTIMENTO IMOBILIARIO CAIXA SEQ LOGISTICA RENDA;2011-12-07;INVESTIDORES EM GERAL;BRCXTLCTF003;53597;N;N;;Logística;Definida;Indeterminado;;31/12;S;N;N;S;N;CAIXA ECONÔMICA FEDERAL;00360305000104;AVENIDA PAULISTA;750;9º andar;BELA VISTA;SÃO PAULO;SP;01310-300;(11) 3572-4266;;;www.caixa.gov.br;geafi06@caixa.gov.br;2026-07-01;2;12887506000143;555;;22181157.37;413.850726160046;53597;0.008259;0.002405;0;0.000946
Classe;12.969.125/0001-03;2026-07-01;1;2026-08-12;FII CAIXA INCORPORAÇÃO;2012-05-31;INVESTIDOR PROFISSIONAL;BRINCPCTF008;467;N;N;;Residencial;Ativa;Determinado;2028-12-30;31/12;N;S;N;N;S;CAIXA ECONOMICA FEDERAL;00360305000104;AVENIDA PAULISTA;750;9º Andar;Jardim Paulista;São Paulo;SP;01310-908;(11) 3572-4400;;;www.caixa.gov.br;geafi06@caixa.gov.br;2026-07-01;1;12969125000103;1;;195466330.16;418557.452162741;467;0.013294;0;0;0.000545
Classe;12.978.943/0001-72;2026-07-01;1;2026-08-13;PARQUE ANHANGUERA FUNDO DE INVESTIMENTO IMOBILIÁRIO;2011-03-31;INVESTIDORES EM GERAL;BRPQAGCTF009;13991890;N;N;;Logística;Ativa;Indeterminado;;30/06;S;N;N;S;N;HEDGE INVESTMENTS DTVM LTDA;07253654000176;AVENIDA BRIGADEIRO FARIA LIMA;3600;11º ANDAR CJ 112;ITAIM BIBI;SÃO PAULO;SP;04538-132;(11) 5412-5400;;;www.hedgeinvest.com.br;dtvm@hedgeinvest.com.br;2026-07-01;1;12978943000172;456;;790269517.93;56.4805410798684;13991890;0.009043;0.008679;0;0.000183
Classe;12.989.974/0001-29;2026-07-01;1;2026-08-07;CAIXA FUNDO DE INVESTIMENTO IMOBILIARIO PORTO MARAVILHA;2011-05-27;INVESTIDOR QUALIFICADO;BRPMRVCTF001;4735662339.00747;N;N;;Multicategoria;Ativa;Determinado;2064-11-25;31/12;N;N;S;N;N;CAIXA ECONÔMICA FEDERAL;00360305000104;AVENIDA PAULISTA;750;9º ANDAR;BELA VISTA;SÃO PAULO;SP;01310-908;11 3572.4400;;;www.caixa.gov.br;geafi06@caixa.gov.br;2026-07-01;1;12989974000129;1;;6926790721.66;1.46268678503623;4735662339.00747;0.000322;0;0;0.000182508
Classe;13.000.836/0001-38;2026-07-01;1;2026-08-13;OSASCO PROPERTIES FUNDO DE INVESTIMENTO IMOBILIÁRIO - FII;2018-03-01;INVESTIDOR QUALIFICADO;BRBRTYCTF000;24.07829606;N;N;;Multicategoria;Ativa;Indeterminado;;30/06;N;S;N;N;S;PLANNER CORRETORA DE VALORES S.A.;00806535000154;Avenida Brigadeiro Faria Lima;3900;10º andar;Itaim Bibi;São Paulo;SP;04538-132;(11) 2172-2600;0800 179 444;(11) 2172-2667;www.planner.com.br;informacoesregulatorias@planner.com.br;2026-07-01;1;13000836000138;1;0;91500986.31;3800143.75111891;24.07829606;-0.000685;0;0;0.000219
Classe;13.020.465/0001-56;2026-07-01;1;2026-08-12;FII CAIXA DESENVOLVIMENTO IMOBILIARIO;2013-05-01;INVESTIDOR QUALIFICADO;BRCXDSCTF002;297.7;S;N;;Multicategoria;Ativa;Determinado;2029-06-30;31/12;N;S;N;N;S;CAIXA ECONOMICA FEDERAL;00360305000104;AVENIDA PAULISTA;750;9º Andar;Jardim Paulista;São Paulo;SP;01310-908;(11) 3572-4400;;;www.caixa.gov.br;geafi06@caixa.gov.br;2026-07-01;1;13020465000156;1;;-12883882.11;-43278.0722539469;297.7;-0.00572;0;0;0
Classe;13.022.994/0001-99;2026-07-01;1;2026-08-14;FII ELDORADO FII  RESPONSABILIDADE LIMITADA;2010-11-18;INVESTIDORES EM GERAL;BRELDOCTF002;787256;N;S;;Shoppings;Definida;Indeterminado;;31/12;S;N;N;S;N;RIO BRAVO INVESTIMENTOS DTVM LTDA;72600026000181;AV. CHEDID JAFET;222;Conjunto 32 - BLOCO B;VILA OLÍMPIA;SÃO PAULO;SP;04551-065;(11) 3509-6600;;;www.riobravo.com.br;fundosimobiliarios@riobravo.com.br;2026-07-01;1;13022994000199;112;;1355948362.21;1722.37285229963;787256;0.005957;0.005773;0;5.5E-05
Classe;13.125.823/0001-95;2026-07-01;1;2026-08-14;PSG FUNDO DE INVESTIMENTO IMOBILIÁRIO;2014-11-26;INVESTIDOR QUALIFICADO;;1546.2948;N;N;;Outros;Definida;Indeterminado;;31/12;N;N;S;N;N;BRL TRUST DTVM S.A.;13486793000142;Rua Alves Guimarães;1216;;Pinheiros;São Paulo;SP;05410-002;(11) 3509-0600;;;www.apexgroup.com/apex-brazil/;infolegal@apexgroup.com;2026-07-01;1;13125823000195;1;;7361838.51;4760.95406257591;1546.2948;0.128566;;;0.00175317619130985
Classe;13.320.290/0001-00;2026-07-01;1;2026-08-12;FII TERRA RL;2011-12-20;INVESTIDOR QUALIFICADO;BRTRRFCTF005;165834;N;N;;Multicategoria;Ativa;Indeterminado;;02/12;S;S;N;S;N;BTG PACTUAL SERVICOS FINANCEIROS S.A. DISTRIBUIDOR;59281253000123;Praia de Botafogo;501;6º Andar;Botafogo;Rio de Janeiro;RJ;22.250-040;55 11 3383-3102;;;www.btgpactual.com;ri.fundoslistados@btgpactual.com;2026-07-01;1;13320290000100;1;0;329450887.29;1986.63053;165834;-6E-06;-6E-06;0;4.3E-05
Classe;13.371.132/0001-71;2026-07-01;1;2026-08-14;JS REAL ESTATE MULTIGESTÃO FUNDO DE INVESTIMENTO IMOBILIÁRIO;2011-06-06;INVESTIDORES EM GERAL;BRJSRECTF007;20767328;N;N;;Multicategoria;Ativa;Indeterminado;;31/01;S;N;N;S;N;BANCO J SAFRA S.A;03017677000120;AVENIDA PAULISTA;2150;;BELA VISTA;SÃO PAULO;SP;01311-300;0300 105 1234;0800 772 5755;;https://www.safra.com.br/sobre/safra-asset/js-real-estate.htm;SAFRA.ASSET@SAFRA.COM.BR;2026-07-01;1;13371132000171;87207;;2109718538.65;101.588347747481;20767328;0.004388;0.004919;0;0.00053
Classe;13.500.306/0001-59;2026-07-01;1;2026-08-11;FUNDO DE INVESTIMENTO IMOBILIÁRIO RB OPORTUNIDADES - FII;2011-04-08;INVESTIDORES EM GERAL;BRRBOPCTF009;101664;N;N;;Outros;Ativa;Indeterminado;;31/12;S;N;N;S;N;RIO BRAVO INVESTIMENTOS DTVM LTDA;72600026000181;AV. CHEDID JAFET;222;Conjunto 32 - BLOCO B;VILA OLÍMPIA;SÃO PAULO;SP;04551-065;(11) 3509-6600;;;www.riobravo.com.br;fundosimobiliarios@riobravo.com.br;2026-07-01;1;13500306000159;2495;;74574128.49;733.535258203494;101664;-0.000126;0.001973;0;0.000918
Classe;13.509.993/0001-73;2026-07-01;1;2026-08-12;POLO MULTISETORIAL CI DE FI IMOBILIARIO - RL;2011-11-14;INVESTIDOR PROFISSIONAL;BRPLO4CTF008;106.95516384;S;N;;Multicategoria;Ativa;Determinado;2038-03-20;31/12;N;N;S;N;N;SANTANDER CACEIS BRASIL DTVM S.A.;62318407000119;Rua Amador Bueno;474;;Santo Amaro;São Paulo;SP;04752-005;(11) 5538-5489;;;www.s3dtvm.com.br;SC_fundosimobiliarios@s3caceis.com.br;2026-07-01;1;13509993000173;5;;18588944.29;173801.279177209;106.95516384;-0.001582;0;0.218243225171234;0.001076
Classe;13.551.286/0001-45;2026-07-01;1;2026-08-12;CENESP FII;2011-07-19;INVESTIDORES EM GERAL;BRCNESCTF001;34134825;N;N;;Escritórios;Ativa;Indeterminado;;31/12;S;N;N;S;N;BTG PACTUAL SERVICOS FINANCEIROS S.A. DISTRIBUIDOR;59281253000123;Praia de Botafogo;501;6º Andar;Botafogo;Rio de Janeiro;RJ;22.250-040;55 11 3383-3102;;;www.btgpactual.com;ri.fundoslistados@btgpactual.com;2026-07-01;1;13551286000145;73704;73579;218145756.42;6.39071;34134825;0;0;0;0.000442
Classe;13.555.918/0001-49;2026-07-01;1;2026-08-07;AQUILLA FUNDO DE INVESTIMENTO IMOBILIÁRIO;2011-03-11;INVESTIDOR QUALIFICADO E PROFISSIONAL;BRAQLLCTF008;145817.99700065;N;N;;Outros;Ativa;Indeterminado;;31/12;S;N;N;S;N;RJI CTVM LTDA;42066258000130;AVENIDA RIO BRANCO;138;4º ANDAR - SALA 402;CENTRO;RIO DE JANERIO;RJ;20040-002;21-3500-4514;21-3500-4514;;www.rjicv.com.br;controladoria.fundos@rjicv.com.br;2026-07-01;1;13555918000149;83;29;111714708.33;766.124282515703;145817.99700065;-0.001462;0;0;0.000223784319663183
Classe;13.584.584/0001-31;2026-07-01;1;2026-08-14;BRAZILIAN GRAVEYARD AND DEATH CARE SERVICES FUNDO DE INV.;2011-12-12;INVESTIDORES EM GERAL;BRCARECTF000;36006138.3999669;N;N;;Multicategoria;Ativa;Indeterminado;;31/12;S;N;N;S;N;MÉRITO DISTRIBUIDORA DE TÍTULOS E VALORES MOBILIÁRIOS LTDA.;41592532000142;Rua Funchal;418;21 andar;Vila Olimpia;São Paulo;SP;04551060;(11) 3386-2555;;;www.meritodtvm.com.br;marcos.ikuno@meritodtvm.com.br;2026-07-01;1;13584584000131;6893;0;249012074.89;6.91582285564477;36006138.3999669;0.153741;0.154587;0;0.001563
Classe;13.598.226/0001-88;2026-07-01;1;2026-08-14;FII ESTADO DE SÃO PAULO;2019-04-18;INVESTIDOR QUALIFICADO;BRFISPCTF018;847864.1401;N;N;;Multicategoria;Ativa;Indeterminado;;30/06;N;N;S;N;N;VÓRTX DTVM LTDA;22610500000188;Rua Gilberto Sabino;215;4º ANDAR;Pinheiros;São Paulo;SP;5425020;11 3030-7177;;;www.vortx.com.br;fundos@vortx.com.br;2026-07-01;1;13598226000188;1;0;447209522.8;527.45422485;847864.1401;-0.00029448;0;0;0.000121
Classe;13.703.596/0001-38;2026-07-01;1;2026-08-14;TREVISO FUNDO DE INVESTIMENTO IMOBILIÁRI;2012-07-01;INVESTIDOR QUALIFICADO;BRTREVCTF000;1064.3855;N;N;;Multicategoria;Ativa;Indeterminado;;30/12;N;N;S;N;N;VÓRTX DTVM LTDA;22610500000188;Rua Gilberto Sabino;215;4º ANDAR;Pinheiros;São Paulo;SP;5425020;11 3030-7177;;;www.vortx.com.br;fundos@vortx.com.br;2026-07-01;1;13703596000138;1;0;7803482.89;7331.44405744;1064.3855;-0.02380706;0;0;0.003317
Classe;13.726.079/0001-84;2026-07-01;1;2026-08-14;SONDA FDO INVEST IMOB RESP LTDA;2024-11-26;INVESTIDOR QUALIFICADO;BRFNDACTF004;301209.9213;N;N;;Multicategoria;Ativa;Indeterminado;;31/12;N;N;S;N;N;VÓRTX DTVM LTDA;22610500000188;Rua Gilberto Sabino;215;4º ANDAR;Pinheiros;São Paulo;SP;5425020;11 3030-7177;;;www.vortx.com.br;fundos@vortx.com.br;2026-07-01;1;13726079000184;2;0;1251277542.33;4154.17107465;301209.9213;0.00823488;0;0;7.7E-05
Classe;13.842.683/0001-76;2026-07-01;1;2026-08-13;VECTOR QUELUZ LAJES CORPORATIVAS FUNDO DE INVESTIMENTO IMOB;2012-11-14;INVESTIDOR QUALIFICADO;BRVLJSCTF004;26068.6439189;N;N;;Escritórios;Definida;Determinado;2021-07-14;31/12;S;S;N;S;N;PLANNER CORRETORA DE VALORES S.A.;00806535000154;Avenida Brigadeiro Faria Lima;3900;10º andar;Itaim Bibi;São Paulo;SP;04538-132;(11) 2172-2600;0800 179 444;(11) 2172-2667;www.planner.com.br;informacoesregulatorias@planner.com.br;2026-07-01;1;13842683000176;9;0;16713684.45;641.141307618323;26068.6439189;0.122447;0;0;0.000418
Classe;13.920.018/0001-53;2026-07-01;1;2026-08-04;FII PLANNER 2478 - CICA JUNDIAI FII;2013-07-01;INVESTIDOR PROFISSIONAL;BRRGCCCTF001;40501.13111128;N;N;;Multicategoria;Ativa;Indeterminado;;31/12;N;N;S;N;N;PLANNER CORRETORA DE VALORES S.A.;00806535000154;Avenida Brigadeiro Faria Lima;3900;10º andar;Jardim Paulistano;São Paulo;SP;04538-132;(11) 3504-6800;;;www.planner.com.br;informacoesregulatorias@planner.com.br;2026-07-01;1;13920018000153;26;16;82604527.43;2039.56099900118;40501.13111128;-0.002835;0;0;0.000221941830192491
Classe;13.974.819/0001-00;2026-07-01;1;2026-08-14;FII OURINVEST LOGISTICA - RESPONSABILIDADE LIMITADA;2013-01-23;INVESTIDORES EM GERAL;BROULGCTF001;2468098.99;N;N;;Logística;Ativa;Indeterminado;;31/12;S;N;N;S;N;OURIBANK S.A. BANCO MULTIPLO;78632767000120;AV PAULISTA;1728;SLJ 1 2 3 4 5 7 ANDAR;BELA VISTA;SAO PAULO;SP;01.310-919;4081-4402;4081-4576;4081-4444;ouribank.com;admfundos@ouribank.com;2026-07-01;1;13974819000100;2780;0;67169531.99;27.2150883178312;2468098.99;-0.038838;0;0;0.000692
Classe;14.056.001/0001-62;2026-07-01;1;2026-08-14;PERSONALE I FUNDO DE INVESTIMENTO IMOBILIÁRIO - FII;2011-08-19;INVESTIDOR QUALIFICADO;BRPRSNCTF005;323124.7;N;N;;Multicategoria;Ativa;Indeterminado;;30/06;N;N;S;N;N;OLIVEIRA TRUST DTVM S.A.;36113876000191;Av. das Américas;3434;Bl. 7 Grupo 201;Barra da Tijuca;Rio de Janeiro;RJ;22640-102;(21) 3514-0000;;;www.oliveiratrust.com.br;ger2.fundos@oliveiratrust.com.br;2026-07-01;1;14056001000162;485;;8379160.01;25.9316604704004;323124.7;-0.004807;0;0;0.000389
Classe;14.074.706/0001-02;2026-07-01;1;2026-08-13;SUPREME REALTY FUNDO DE INVESTIMENTO IMOBILIÁRIO - FII;2020-12-29;INVESTIDOR QUALIFICADO E PROFISSIONAL;0;43785754.8497037;N;N;;Multicategoria;Ativa;Indeterminado;;31/12;N;N;S;N;N;SEFER INVESTIMENTOS DTVM LTDA;00329598000167;AV BRIGADEIRO FARIA LIMA;3900;6º ANDAR;ITAIM BIBI;SÃO PAULO;SP;01451-000;11 3113-0060;;;www.seferinvestimentos.com.br;informeslegais@seferinvestimentos.com.br;2026-07-01;1;14074706000102;18;0;732524004.39;16.7297333779997;43785754.8497037;-0.0047;0;0;0.00016
Classe;14.080.689/0001-16;2026-07-01;1;2026-08-14;POLO FII RECEBIVEIS IMOBILIARIOS I;2011-10-31;INVESTIDOR QUALIFICADO;BRPLRICTF000;954304;N;N;;Multicategoria;Ativa;Indeterminado;;30/06;S;N;N;S;N;OLIVEIRA TRUST DTVM S.A.;36113876000191;Av. das Américas;3434;Bl. 7 Grupo 201;Barra da Tijuca;Rio de Janeiro;RJ;22640-102;(21) 3514-0000;;;www.oliveiratrust.com.br;ger2.fundos@oliveiratrust.com.br;2026-07-01;1;14080689000116;728;;12873902.45;13.4903578419455;954304;0.004907;0;0;0.001347
Classe;14.088.246/0001-71;2026-07-01;1;2026-08-13;FUNDO DE INVESTIMENTO IMOBILIÁRIO RAILWAY MALL I - FII;2012-07-30;INVESTIDOR QUALIFICADO;BRRWYMCTF001;230.69976;N;N;;Shoppings;Ativa;Determinado;2026-07-30;31/12;N;S;N;N;S;PLANNER CORRETORA DE VALORES S.A.;00806535000154;Avenida Brigadeiro Faria Lima;3900;10º andar;Itaim Bibi;São Paulo;SP;04538-132;(11) 2172-2600;0800 179 444;(11) 2172-2667;www.planner.com.br;informacoesregulatorias@planner.com.br;2026-07-01;1;14088246000171;9;0;94593681.94;410029.390320996;230.69976;0.006734;0;0;0.000137
Classe;14.149.745/0001-21;2026-07-01;1;2026-08-13;ARENA FUNDO DE INVESTIMENTO IMOBILIÁRIO - FII;2012-02-07;INVESTIDOR PROFISSIONAL;0;1309714340.81;N;N;;Outros;Definida;Indeterminado;;31/12;N;N;S;N;N;GENIAL INVESTIMENTOS CORRETORA DE VALORES MOBILIÁRIOS S.A.;27652684000162;PRAIA DE BOTAFOGO;228;9 ANDAR;BOTAGOFO;RIO DE JANEIRO;RJ;22250-906;(21) 3923-3000;;;www.genial.com.vc;middleadm@genial.com.vc;2026-07-01;1;14149745000121;3;;687686001.87;0.525065642516136;1309714340.81;-0.013492;0;0;0.000606
Fundo;14.217.108/0001-45;2026-07-01;1;2026-08-11;F.I.I. INDUSTRIAL DO BRASIL RESPONSABILIDADE LIMITADA;2011-08-19;INVESTIDORES EM GERAL;BRFIIBCTF001;685000;N;N;;Logística;Definida;Indeterminado;;31/12;S;N;N;S;N;COINVALORES C. C. V. M. LTDA.;00336036000140;Avenida Brigadeiro Faria Lima;1.800;2º andar;Jardim Paulistano;São Paulo;SP;01451-001;(11)3035-4141;;;www.coinvalores.com.br;admfundoimobiliario@coinvalores.com.br;2026-07-01;1;14217108000145;13795;13767;407861235.81;595.41786249635;685000;0.006921;0.004545;0;0.000167
Classe;14.376.247/0001-11;2026-07-01;1;2026-08-12;BM BRASCAN LAJES FII;2012-01-10;INVESTIDORES EM GERAL;BRBMLCCTF004;998405;N;N;;Outros;Ativa;Indeterminado;;31/12;S;N;N;S;N;BTG PACTUAL SERVICOS FINANCEIROS S.A. DISTRIBUIDOR;59281253000123;Praia de Botafogo;501;6º Andar;Botafogo;Rio de Janeiro;RJ;22.250-040;55 11 3383-3102;;;www.btgpactual.com;ri.fundoslistados@btgpactual.com;2026-07-01;1;14376247000111;1187;1168;109929761.85;110.10538;998405;-1E-06;-1E-06;0;0.00057
Classe;14.410.722/0001-29;2026-07-01;1;2026-08-12;TIVIO RENDA IMOBILIÁRIA;2023-09-18;INVESTIDORES EM GERAL;BRBBPOCTF003;15919690;S;N;;Escritórios;Ativa;Indeterminado;;30/06;S;S;N;S;S;BEM DTVM LTDA;00066670000100;Núcleo Cidade de Deus;S/N;Prédio Prata - 4º Andar;Vila Yara;Osasco;SP;06029-900;(11) 3684-4522;;;www.bradescobemdtvm.com.br;bemdtvm@bradesco.com.br;2026-07-01;1;14410722000129;58307;;1598815417.44;100.430059721012;15919690;0.009537;0.010444;0;0.000209
Classe;14.413.342/0001-48;2026-07-01;1;2026-08-14;FII RENDA CORPORATIVA ANGICO;2014-12-18;INVESTIDOR PROFISSIONAL;BRANGCCTF004;25944;N;N;;Escritórios;Ativa;Indeterminado;;31/12;N;N;S;N;N;BRL TRUST DTVM S.A.;13486793000142;Rua Alves Guimarães;1216;;Pinheiros;São Paulo;SP;05410-002;(11) 3509-0600;;;www.apexgroup.com/apex-brazil/;infolegal@apexgroup.com;2026-07-01;1;14413342000148;3;;315389478.66;12156.5478977798;25944;-0.071878;;;0.000751919788217326
Classe;14.423.780/0001-97;2026-07-01;1;2026-08-14;KINEA II REAL ESTATE EQUITY FII RESPONSABILIDADE LIMITADA;2011-12-01;INVESTIDOR QUALIFICADO;BRKNRECTF006;18547161.2;N;N;;Residencial;Ativa;Determinado;2023-08-14;30/06;S;N;N;S;N;INTRAG DISTRIBUIDORA DE TÍTULOS E VALORES MOBILIÁRIOS LTDA;62418140000131;AV BRIGADEIRO FARIA LIMA;3400;10º Andar;ITAIM BIBI;SÃO PAULO;SP;04538132;55 (11) 30726012;;;www.intrag.com.br;produtosestruturados@itau-unibanco.com.br;2026-07-01;1;14423780000197;5264;;11933668.58;0.643422918004293;18547161.2;0.002325;0;0;4.3E-05
Classe;14.609.653/0001-87;2026-07-01;1;2026-08-14;JHSF CATARINA FII LTDA;2025-10-07;INVESTIDOR QUALIFICADO;BRJCATCTF005;71134.9855;N;N;;Outros;Ativa;Indeterminado;;31/12;N;S;N;N;S;.BANCO DAYCOVAL S/A;62232889000190;Avenida Paulista;1793;2º Andar;Bela Vista;São Paulo;SP;01311200;0300 111 0500;11 4090-2223;11 3138-4061;https://www.daycoval.com.br/investimento;informes.regulatorios@bancodaycoval.com.br;2026-07-01;1;14609653000187;24;;49326799.64;693.425314;71134.9855;-0.00063131;0;0;0.000593
Classe;14.631.148/0001-39;2026-07-01;1;2026-08-07;HAZ FUNDO DE INVESTIMENTO IMOBILIARIO;2012-04-01;INVESTIDORES EM GERAL;BRATCRCTF008;928908.19633869;N;N;;Multicategoria;Ativa;Determinado;2023-11-09;30/06;S;N;N;S;N;RJI CTVM LTDA;42066258000130;AVENIDA RIO BRANCO;138;4º ANDAR - SALA 402;CENTRO;RIO DE JANERIO;RJ;20040-002;21-3500-4514;21-3500-4514;;www.rjicv.com.br;controladoria.fundos@rjicv.com.br;2026-07-01;1;14631148000139;33;;68965403.04;74.2435079288013;928908.19633869;0.003404;0;0;0.000182700302537084
Classe;14.721.889/0001-00;2026-07-01;1;2026-08-14;FUNDO DE INVESTIMENTO IMOBILIARIO POLO SHOPPING INDAIATUBA;2012-12-20;INVESTIDOR PROFISSIONAL;BRVPSICTF007;8071897;N;N;;Shoppings;Ativa;Indeterminado;;31/12;S;N;N;S;N;BRL TRUST DTVM S.A.;13486793000142;Rua Alves Guimarães;1216;;Pinheiros;São Paulo;SP;05410-002;(11) 3509-0600;;;www.apexgroup.com/apex-brazil/;infolegal@apexgroup.com;2026-07-01;1;14721889000100;125;;271256473.22;33.6050463998735;8071897;0.00855;0.008547;;0.000125158561552428
Classe;14.788.492/0001-36;2026-07-01;1;2026-08-14;PATEO BANDEIRANT FII;2013-01-21;INVESTIDOR QUALIFICADO;BRPATBCTF004;4126575;N;N;;Multicategoria;Ativa;Indeterminado;;30/06;S;N;N;S;N;BTG PACTUAL SERVICOS FINANCEIROS S.A. DISTRIBUIDOR;59281253000123;Praia de Botafogo;501;6º Andar;Botafogo;Rio de Janeiro;RJ;22.250-040;55 11 3383-3102;;;www.btgpactual.com;ri.fundoslistados@btgpactual.com;2026-07-01;1;14788492000136;1;0;951435015.23;230.56288;4126575;0.067635;0.005176;0;0.000396
Classe;14.793.782/0001-78;2026-07-01;2;2026-08-14;NEWPORT RENDA URBANA FII;2011-12-20;INVESTIDOR QUALIFICADO;BRNEWUCTF005;762705;N;N;;Multicategoria;Ativa;Indeterminado;;31/12;S;N;N;S;N;BANCO GENIAL S.A.;45246410000155;Praia de Botafogo;228;9º Andar;Botafogo;Rio de Janeiro;RJ;22250-906;(21) 3923-3000;(21) 3923-3046;;www.genialinvestimentos.com.br;structured-funds@genial.com.vc;2026-07-01;2;14793782000178;1041;1025;71817523.22;94.1616001206233;762705;-0.000733;0.007374;0;0.00155889516903894
Classe;15.006.267/0001-63;2026-07-01;1;2026-08-12;V2 ED CORP FII RL;2012-11-08;INVESTIDORES EM GERAL;BRXTEDCTF006;9900000;N;N;;Multicategoria;Ativa;Indeterminado;;31/12;S;N;N;S;N;BTG PACTUAL SERVICOS FINANCEIROS S.A. DISTRIBUIDOR;59281253000123;Praia de Botafogo;501;6º Andar;Botafogo;Rio de Janeiro;RJ;22.250-040;55 11 3383-3102;;;www.btgpactual.com;ri.fundoslistados@btgpactual.com;2026-07-01;1;15006267000163;2433;2426;146189801.1;14.766647;9900000;0;0;0;0.001067
Classe;15.006.286/0001-90;2026-07-01;1;2026-08-10;FUNDO DE INVESTIMENTO IMOBILIÁRIO RIO NEGRO;2012-04-20;INVESTIDORES EM GERAL;BRRNGOCTF003;2676000;N;N;;Escritórios;Definida;Indeterminado;;31/12;S;N;N;S;N;RIO BRAVO INVESTIMENTOS DTVM LTDA;72600026000181;AV. CHEDID JAFET;222;Conjunto 32 - BLOCO B;VILA OLÍMPIA;SÃO PAULO;SP;04551-065;(11) 3509-6600;;;www.riobravo.com.br;fundosimobiliarios@riobravo.com.br;2026-07-01;1;15006286000190;6391;;225181949.59;84.1487106091181;2676000;0.00735;0.006187;0;0.000292
Classe;15.098.422/0001-19;2026-07-01;1;2026-08-14;PLUS FII;2013-12-06;INVESTIDORES EM GERAL;BRVTPLCTF009;1386242;N;N;;Outros;Ativa;Indeterminado;;31/12;S;N;N;S;N;BTG PACTUAL SERVICOS FINANCEIROS S.A. DISTRIBUIDOR;59281253000123;Praia de Botafogo;501;6º Andar;Botafogo;Rio de Janeiro;RJ;22.250-040;55 11 3383-3102;;;www.btgpactual.com;ri.fundoslistados@btgpactual.com;2026-07-01;1;15098422000119;125;123;166822814.27;120.341769;1386242;0.004989;0.00424;0;0.00025
Classe;15.333.306/0001-37;2026-07-01;1;2026-08-14;GALERIA FII;2012-08-27;INVESTIDORES EM GERAL;BREDGACTF001;3812055;N;N;;Multicategoria;Definida;Indeterminado;;31/12;S;N;N;S;N;BTG PACTUAL SERVICOS FINANCEIROS S.A. DISTRIBUIDOR;59281253000123;Praia de Botafogo;501;6º Andar;Botafogo;Rio de Janeiro;RJ;22.250-040;55 11 3383-3102;;;www.btgpactual.com;ri.fundoslistados@btgpactual.com;2026-07-01;1;15333306000137;3477;3455;162749617.62;42.693408;3812055;0;0;0;0.000257
Classe;15.348.117/0001-38;2026-07-01;1;2026-08-04;FII PLANNER 2472 - SUCESS FII;2012-09-14;INVESTIDOR PROFISSIONAL;BRBRSSCTF004;1000.5181519;N;N;;Outros;Ativa;Indeterminado;;31/12;N;N;S;N;N;PLANNER CORRETORA DE VALORES S.A.;00806535000154;Avenida Brigadeiro Faria Lima;3900;10º andar;Jardim Paulistano;São Paulo;SP;04538-132;(11) 3504-6800;;;www.planner.com.br;informacoesregulatorias@planner.com.br;2026-07-01;1;15348117000138;3;0;100662380.16;100610.248768441;1000.5181519;-0.000804;0;0;0.000387433715932512
Classe;15.447.108/0001-02;2026-07-01;1;2026-08-14;GAZIT MALLS FII;2018-03-01;INVESTIDOR QUALIFICADO;BRISSHCTF000;23297836;N;N;;Multicategoria;Ativa;Indeterminado;;31/12;N;N;S;N;N;BTG PACTUAL SERVICOS FINANCEIROS S.A. DISTRIBUIDOR;59281253000123;Praia de Botafogo;501;6º Andar;Botafogo;Rio de Janeiro;RJ;22.250-040;55 11 3383-3102;;;www.btgpactual.com;ri.fundoslistados@btgpactual.com;2026-07-01;1;15447108000102;7836;7756;2024450865.6;86.894374;23297836;0.003202;0.003614;0;3.6E-05
Classe;15.447.110/0001-73;2026-07-01;1;2026-08-14;SHOPP CIDADE JD FII;2012-04-12;INVESTIDOR QUALIFICADO;BRALVSCTF003;458982590;N;N;;Shoppings;Definida;Indeterminado;;31/12;N;N;S;N;N;BTG PACTUAL SERVICOS FINANCEIROS S.A. DISTRIBUIDOR;59281253000123;Praia de Botafogo;501;6º Andar;Botafogo;Rio de Janeiro;RJ;22.250-040;55 11 3383-3102;;;www.btgpactual.com;ri.fundoslistados@btgpactual.com;2026-07-01;1;15447110000173;3;0;1040518523.4;2.267011;458982590;0.003175;0.005059;0;0.000292
Classe;15.461.076/0001-91;2026-07-01;1;2026-08-07;FUNDO DE INVESTIMENTO IMOBILIÁRIO BR HOTÉIS;2012-08-22;INVESTIDOR QUALIFICADO E PROFISSIONAL;BRBRHTCTF005;1841677;N;N;;Multicategoria;Ativa;Indeterminado;;31/12;S;N;N;S;N;RJI CTVM LTDA;42066258000130;AVENIDA RIO BRANCO;138;4º ANDAR - SALA 402;CENTRO;RIO DE JANERIO;RJ;20040-002;21-3500-4514;21-3500-4514;;www.rjicv.com.br;controladoria.fundos@rjicv.com.br;2026-07-01;1;15461076000191;11;;107791308.5;58.5288888876823;1841677;-0.000833;0;0;0.000231929645793287
Classe;15.463.207/0001-70;2026-07-01;1;2026-08-14;INHAUMA FII;2023-12-28;INVESTIDOR QUALIFICADO;BR0NDOCTF003;10933;N;N;;Outros;Ativa;Indeterminado;;31/12;N;N;S;N;N;BANCO FATOR S.A.;33644196000106;R. DR. RENATO PAES DE BARROS;1017;12º andar;ITAIM BIBI;SÃO PAULO;SP;04530-001;55-(11)30499100;;;www.bancofator.com.br;fundosimobiliarios@fator.com.br;2026-07-01;1;15463207000170;3;2;843835610.36;77182.4394365682;10933;0.008486;0.00662;0;0.000137
Classe;15.489.509/0001-17;2026-07-01;1;2026-08-13;JFDCAM FUNDO DE INVESTIMENTO IMOBILIÁRIO - FII;2015-04-27;INVESTIDORES EM GERAL;BRVJFDCTF008;4876129.3194;N;N;;Outros;Ativa;Indeterminado;;2026-12-31 00:00:00;N;N;S;N;N;QI CORRETORA DE TITULOS E VALORES MOBILIARIOS S.A;62285390000158;AVENIDA REBOUÇAS;2942;7º AO 12º ANDAR;JARDIM PAULISTANO;SÃO PAULO;SP;05402-500;(11) 2827-3500;;;https://qitech.com.br/dtvm/;fii.adm@qitech.com.br;2026-07-01;1;15489509000117;105;105;833920761.09;171.021051015237;4876129.3194;0.000147;0;0;8.212E-05
Classe;15.538.445/0001-05;2026-07-01;1;2026-08-14;SP DOWNTOWN FUNDO DE INVESTIMENTO IMOBILIÁRIO - FII;2013-03-01;INVESTIDORES EM GERAL;BRSPTWCTF002;1798000;N;N;;Outros;Definida;Indeterminado;;31/12;S;N;N;S;N;GENIAL INVESTIMENTOS CORRETORA DE VALORES MOBILIÁRIOS S.A;27652684000162;Praia de Botafogo;228;9 ANDAR;Botafogo;Rio de Janeiro;RJ;20091-020;(11) 3524-8888;(11) 2137-8888;0800 605 8888;https://www.genialinvestimentos.com.br/;Structured-Funds@genial.com.vc;2026-07-01;1;15538445000105;16331;;96682195.91;53.772077814238;1798000;0.008341;0.008368;0;0.000342532352397415
Classe;15.570.431/0001-60;2026-07-01;1;2026-08-14;BANRISUL NOVAS FRONTEIRAS FII;2012-09-11;INVESTIDORES EM GERAL;BRBNFSCTF000;700000;N;N;;Varejo;Ativa;Indeterminado;;31/12;S;N;N;S;N;OLIVEIRA TRUST DTVM S.A.;36113876000191;Av. das Américas;3434;Bl. 7 Grupo 201;Barra da Tijuca;Rio de Janeiro;RJ;22640-102;(21) 3514-0000;;;www.oliveiratrust.com.br;ger2.fundos@oliveiratrust.com.br;2026-07-01;1;15570431000160;4926;;48056175.51;68.6516793;700000;0.006244;0.007276;0;0.000566
Classe;15.576.907/0001-70;2026-07-01;1;2026-08-14;RIO BRAVO RENDA VAREJO FII DE RESPONSABILIDADE LIMITADA;2012-11-01;INVESTIDORES EM GERAL;BRRBVACTF006;165268143;N;N;;Varejo;Ativa;Indeterminado;;31/12;S;N;N;S;N;RIO BRAVO INVESTIMENTOS DTVM LTDA;72600026000181;AV. CHEDID JAFET;222;Conjunto 32 - BLOCO B;VILA OLÍMPIA;SÃO PAULO;SP;04551-065;(11) 3509-6600;;;www.riobravo.com.br;ri@riobravo.com.br;2026-07-01;1;15576907000170;93092;;1761993977.09;10.6614253969684;165268143;0.007508;0.008434;0;0.000457
Classe;15.798.220/0001-80;2026-07-01;1;2026-08-10;FII ORCHID;2020-01-02;INVESTIDOR PROFISSIONAL;0;19198.07794645;N;N;;Outros;Ativa;Indeterminado;;45838;N;N;S;N;N;REAG DISTRIBUIDORA DE TITULOS E VALORES MOBILIARIOS SA;34829992000186;Avenida Brigadeiro Faria Lima;2277;17º andar;Jardim Paulistano;São Paulo;SP;01452-000;(11) 3504-6800;;;www.reag.com.br;informeslegais@reag.com.br;2026-07-01;1;15798220000180;1;0;124940857.35;6507.9878151606;19198.07794645;-0.000382;0;0;0.000127599572614906
Classe;15.799.397/0001-09;2026-07-01;1;2026-08-12;CEO CYRELA FII;2012-11-07;INVESTIDORES EM GERAL;BRCEOCCTF003;1815696;N;N;;Escritórios;Definida;Indeterminado;;31/12;S;N;N;S;N;BTG PACTUAL SERVICOS FINANCEIROS S.A. DISTRIBUIDOR;59281253000123;Praia de Botafogo;501;6º Andar;Botafogo;Rio de Janeiro;RJ;22.250-040;55 11 3383-3102;;;www.btgpactual.com;ri.fundoslistados@btgpactual.com;2026-07-01;1;15799397000109;3552;3544;123366501.61;67.94447;1815696;-1E-06;-1E-06;0;0.000541
Classe;16.543.270/0001-89;2026-07-01;1;2026-08-07;SÃO DOMINGOS FUNDO DE INVESTIMENTO IMOBILIARIO- FII;2014-05-21;INVESTIDOR QUALIFICADO E PROFISSIONAL;BRFISDCTF006;1072588.3504721;N;N;;Multicategoria;Ativa;Indeterminado;;31/12;S;N;N;S;N;RJI CTVM LTDA;42066258000130;AVENIDA RIO BRANCO;138;4º ANDAR - SALA 402;CENTRO;RIO DE JANERIO;RJ;20040-002;21-3500-4514;21-3500-4514;;www.rjicv.com.br;controladoria.fundos@rjicv.com.br;2026-07-01;1;16543270000189;22;1;16099591.67;15.0100377865504;1072588.3504721;-0.007841;0;0;0.00519102109625119
Classe;16.671.412/0001-93;2026-07-01;1;2026-08-11;TELLUS RIO BRAVO RENDA LOGISTICA FII DE RESP LTDA;2012-11-16;INVESTIDORES EM GERAL;BRTRBLCTF007;7739092;N;N;;Logística;Ativa;Indeterminado;;31/12;S;N;N;S;N;RIO BRAVO INVESTIMENTOS DTVM LTDA;72600026000181;Avenida Jedid Jafet;222;Conjunto 32 Bloco B;Vila Olímpia;São Paulo;SP;04551-065;11 3509-6600;;;www.riobravo.com.br;ri@riobravo.com.br;2026-07-01;1;16671412000193;41170;;593400931.42;76.6757820452322;7739092;0.005472;0.005737;0;0.000562
Fundo;16.685.929/0001-31;2026-07-01;1;2026-08-11;FUNDO DE INVESTIMENTO IMOBILIÁRIO MACAM SHOPPING;2012-09-27;INVESTIDORES EM GERAL;BRFRLSCTF000;872900;N;N;;Shoppings;Ativa;Determinado;2026-09-27;31/12;S;N;N;S;N;MASTER SA CCTVM;33886862000112;PRAIA DE BOTAFOGO;228;1702;BOTAFOGO;RIO DE JANEIRO;RJ;22250906;2145020100;;;www.mastercctvm.com.br;contabilidade.fundos@mastercctvm.com.br;2026-07-01;1;16685929000131;120;87;468489330.16;536.704468049032;872900;-0.001024;0;0;0.03452
Classe;16.706.958/0001-32;2026-07-01;1;2026-08-14;KINEA RENDIMENTOS IMOBILIARIOS FII RESPONSABILIDADE LIMITADA;2012-10-15;INVESTIDORES EM GERAL;BRKNCRCTF000;107089622;N;N;;Multicategoria;Ativa;Indeterminado;;30/06;S;N;N;S;N;INTRAG DISTRIBUIDORA DE TÍTULOS E VALORES MOBILIÁRIOS LTDA;62418140000131;AV BRIGADEIRO FARIA LIMA;3400;10º Andar;ITAIM BIBI;SÃO PAULO;SP;04538132;55 (11) 30726012;;;www.intrag.com.br;produtosestruturados@itau-unibanco.com.br;2026-07-01;1;16706958000132;578802;;10978689824.66;102.518709279411;107089622;0.012551;0.012197;0;0.000958
Classe;16.802.320/0001-03;2026-07-01;1;2026-08-11;XP CORPORATE MACAÉ FUNDO DE INVESTIMENTO IMOBILIÁRIO;2013-03-13;INVESTIDORES EM GERAL;BRXPCMCTF009;2414570;N;N;;Escritórios;Definida;Indeterminado;;31/12;S;N;N;S;N;OSLO CAPITAL DTVM;13673855000125;Rua Dr. Eduardo de Souza Aranha;153;4º andar;Itaim Bibi;São Paulo;SP;04543-120;113513-3144;;;www.oslodtvm.com;admfundos@oslodtvm.com;2026-07-01;1;16802320000103;15345;15207;48795285.31;20.208685318711;2414570;-0.000716;0;0;0.00164
Classe;16.802.360/0001-47;2026-07-01;1;2026-08-13;FUNDO DE INVESTIMENTO IMOBILIÁRIO SOFI;2017-04-03;INVESTIDOR QUALIFICADO;BRFSOFCTF009;12639.29917225;N;N;;Outros;Ativa;Indeterminado;;30/06;N;S;N;N;S;PLANNER CORRETORA DE VALORES S.A.;00806535000154;Avenida Brigadeiro Faria Lima;3900;10º andar;Itaim Bibi;São Paulo;SP;04538-132;(11) 2172-2600;0800 179 444;(11) 2172-2667;www.planner.com.br;informacoesregulatorias@planner.com.br;2026-07-01;1;16802360000147;2;0;11032070.37;872.838772122847;12639.29917225;-0.000607;0;0;0.000624
Classe;16.841.067/0001-99;2026-07-01;1;2026-08-13;SINGULARE FUNDO DE INVESTIMENTO IMOBILIÁRIO - FII;2014-03-10;INVESTIDORES EM GERAL;BRREITCTF007;26291;N;N;;Outros;Ativa;Determinado;2028-11-30;2026-12-31 00:00:00;S;S;N;S;S;QI CORRETORA DE TITULOS E VALORES MOBILIARIOS S.A;62285390000144;AVENIDA REBOUÇAS;2942;7º AO 12º ANDAR;JARDIM PAULISTANO;SÃO PAULO;SP;05402-500;(11) 2827-3500;;;https://qitech.com.br/dtvm/;fii.adm@qitech.com.br;2026-07-01;1;16841067000199;59;52;7806383.88;296.922288235518;26291;-0.011401;0;0;0.00185998
Classe;16.915.968/0001-88;2026-07-01;1;2026-08-14;MÉRITO DESENVOLVIMENTO IMOBILIÁRIO FII;2013-03-06;INVESTIDORES EM GERAL;BRMFIICTF008;6800000;N;N;;Multicategoria;Ativa;Indeterminado;;31/12;S;N;N;S;N;MÉRITO DISTRIBUIDORA DE TÍTULOS E VALORES MOBILIÁRIOS LTDA.;41592532000142;Rua Funchal;418;21 andar;Vila Olimpia;São Paulo;SP;04551060;(11) 3386-2555;;;www.meritodtvm.com.br;marcos.ikuno@meritodtvm.com.br;2026-07-01;1;16915968000188;31997;0;662776461.34;97.4671266676471;6800000;-0.000853;0.003066;0;0.000934
Classe;16.924.913/0001-34;2026-07-01;1;2026-08-14;VISTA REAL ESTATE FUNDO DE INVESTIMENTO IMOBILIÁRIO;2013-06-07;INVESTIDOR QUALIFICADO;BRVREFCTF009;84100000;N;N;;Shoppings;Ativa;Indeterminado;;31/12;N;S;N;S;S;BANCO GENIAL S.A.;27652684000162;Praia de Botafogo;228;9º Andar;Botafogo;Rio de Janeiro;RJ;22250-906;(21 )3923-3000;(21 )3923-3046;;www.genialinvestimentos.com.br;structured-funds@genial.com.vc;2026-07-01;1;16924913000134;56;21;5286713.65;0.0628622312722949;84100000;-0.00775;0;0;0.0160780412232087
Classe;16.929.519/0001-99;2026-07-01;1;2026-08-13;HEDGE REALTY DEVELOPMENT FUNDO DE INVESTIMENTO IMOBILIÁRIO;2013-12-20;INVESTIDOR QUALIFICADO;BRHRDFCTF000;1517425;N;N;;Multicategoria;Ativa;Determinado;2024-12-02;31/12;S;N;N;S;N;HEDGE INVESTMENTS DTVM LTDA;07253654000176;AVENIDA BRIGADEIRO FARIA LIMA;3600;11º ANDAR CJ 112;ITAIM BIBI;SÃO PAULO;SP;04538-132;(11) 5412-5400;;;www.hedgeinvest.com.br;dtvm@hedgeinvest.com.br;2026-07-01;1;16929519000199;825;;12113412.1;7.9828736840371;1517425;-0.000266;0;0;0.000685
Classe;17.007.443/0001-07;2026-07-01;1;2026-08-14;TRANSINC FII RL;2013-08-05;INVESTIDORES EM GERAL;BRTSNCCTF009;1086780;N;N;;Multicategoria;Ativa;Indeterminado;;30/06;S;N;N;S;N;BTG PACTUAL SERVICOS FINANCEIROS S.A. DISTRIBUIDOR;59281253000123;Praia de Botafogo;501;6º Andar;Botafogo;Rio de Janeiro;RJ;22.250-040;55 11 3383-3102;;;www.btgpactual.com;ri.fundoslistados@btgpactual.com;2026-07-01;1;17007443000107;109;109;75867982.61;69.809881;1086780;-0.00318;-0.00075;0;0.00073
Classe;17.025.970/0001-44;2026-07-01;1;2026-08-14;FUNDO DE INVESTIMENTO IMOBILIARIO - FII NOVO HORIZONTE;2014-07-28;INVESTIDOR QUALIFICADO;BRNVHOCTF003;41494533;N;N;;Hospital;Ativa;Indeterminado;;31/12;S;N;N;S;N;BANCO GENIAL S.A.;45246410000155;Praia de Botafogo;228;9º Andar;Botafogo;Rio de Janeiro;RJ;22250-906;(21) 3923-3000;(21) 3923-3046;;www.genialinvestimentos.com.br;structured-funds@genial.com.vc;2026-07-01;1;17025970000144;1658;1604;688578577.47;16.5944409464736;41494533;0.007226;0.005229;0;9.1486029425225E-05
Classe;17.098.794/0001-70;2026-07-01;1;2026-08-13;CAIXA RIO BRAVO FUNDO DE FUNDOS DE INVESTIMENTO IMOBILIARIO;2013-11-12;INVESTIDORES EM GERAL;BRCXRICTF003;1575760;N;S;;Multicategoria;Ativa;Indeterminado;;31/12;S;N;N;S;N;CAIXA ECÔNOMICA FEDERAL;00360305000104;AVENIDA PAULISTA;750;9º ANDAR;BELA VISTA;SÃO PAULO;SP;01310-300;11 3572.4400;;;WWW.CAIXA.GOV.BR;geafi06@caixa.gov.br;2026-07-01;1;17098794000170;1718;;129171961.58;81.9743879651724;1575760;0.000831;0.007873;0;0.001103
Classe;17.144.039/0001-85;2026-07-01;1;2026-08-14;CASTELLO BRANCO OFFICE PARK  - FII;2012-12-17;INVESTIDORES EM GERAL;BRCBOPCTF001;1415000;N;N;;Escritórios;Definida;Indeterminado;;31/12;S;N;N;S;N;BANCO GENIAL S.A.;45246410000155;Praia de Botafogo;228;9 andar;Botafogo;Rio de Janeiro;RJ;222050-903;(11) 3524-8888;;;www.genialinvestimentos.com.br;structured-funds@genial.com.vc;2026-07-01;1;17144039000185;1949;;101633296.4;71.8256511660777;1415000;-0.000451;0.002776;0;0.000695
Classe;17.156.502/0001-09;2026-07-01;1;2026-08-14;POLO CREDITO IMOBILIARIO - FUNDO DE INVESTIMENTO IMOBILIARIO;2012-12-12;INVESTIDORES EM GERAL;BRPORDCTF005;37283750;N;N;;Multicategoria;Ativa;Indeterminado;;31/12;S;N;N;S;N;OLIVEIRA TRUST DTVM S.A.;36113876000191;Av. das Américas;3434;Bl. 7 Grupo 201;Barra da Tijuca;Rio de Janeiro;RJ;22640-102;(21) 3514-0000;;;www.oliveiratrust.com.br;ger2.fundos@oliveiratrust.com.br;2026-07-01;1;17156502000109;46513;;355468992.54;9.53415341911691;37283750;0.011128;0.010287;0;9.2E-05
Classe;17.161.979/0001-82;2026-07-01;1;2026-08-14;FII PEDRA NEGRA RENDA IMOBILIÁRIA - RESP. LIMITADA;2012-10-25;INVESTIDORES EM GERAL;BRFPNGCTF005;3043447;N;S;;Multicategoria;Ativa;Indeterminado;;31/12;S;N;N;S;N;BR-CAPITAL DIST. DE TÍTULOS E VALORES MOBILIÁRIOS S/A;44077014000189;RUA SURUBIM;577;CONJ. 101;CIDADE MONÇÕES;SÃO PAULO;SP;04571-050;(11) 5508-3500;;;www.brcapital.com.br;fundos@brcapital.com.br;2026-07-01;1;17161979000182;137;;659005706.58;216.532670547573;3043447;0.017407;0;0;7.7E-05
Classe;17.282.011/0001-04;2026-07-01;2;2026-08-25;GOLDEN FII RL;2013-02-15;INVESTIDOR QUALIFICADO;BRGLDNCTF009;719785;N;N;;Multicategoria;Ativa;Indeterminado;;31/12;N;N;S;N;N;BTG PACTUAL SERVICOS FINANCEIROS S.A. DISTRIBUIDOR;59281253000123;Praia de Botafogo;501;6º Andar;Botafogo;Rio de Janeiro;RJ;22.250-040;55 11 3383-3102;;;www.btgpactual.com;ri.fundoslistados@btgpactual.com;2026-07-01;2;17282011000104;1;0;672423975;934.20115;719785;-0.025827;0.004799;0;0.001015
Classe;17.308.805/0001-08;2026-07-01;1;2026-08-14;FII SHOP LIGHT RL;2015-06-08;INVESTIDOR QUALIFICADO;BR0LO1CTF007;188400;N;N;;Shoppings;Ativa;Indeterminado;;31/12;N;N;S;N;N;BTG PACTUAL SERVICOS FINANCEIROS S.A. DISTRIBUIDOR;59281253000123;Praia de Botafogo;501;6º Andar;Botafogo;Rio de Janeiro;RJ;22.250-040;55 11 3383-3102;;;www.btgpactual.com;ri.fundoslistados@btgpactual.com;2026-07-01;1;17308805000108;1;0;40308752.79;213.95304;188400;0.000945;0.000834;0;0.000741
Classe;17.311.079/0001-74;2026-07-01;1;2026-08-11;FUNDO DE INVESTIMENTO IMOBILIÁRIO - FII SIA CORPORATE;2014-03-19;INVESTIDOR QUALIFICADO;BRSAICCTF009;1429740;N;N;;Escritórios;Definida;Indeterminado;;31/07;N;N;N;N;N;BRB DISTRIBUIDORA DE TÍTULOS E VALORES MOBILIÁRIOS S.A;;Centro Empresarial CNC - SAUN Quadra 5, Lote C;5;2 andar;Asa Norte;Brasília;DF;70040-250;61-34092038;;;https://portal.brb.com.br/para-voce/;controladoriaativo@dtvm.brb.com.br;2026-07-01;1;17311079000174;45;30;56604562.4;39.5908083987298;1429740;-0.000793;0;0;0.037873
Classe;17.329.029/0001-14;2026-07-01;1;2026-08-14;RIO BRAVO FUNDOS DE INVESTIMENTO IMOBILIÁRIO - FII;2012-12-17;INVESTIDORES EM GERAL;BRRBFMCTF004;18746075;N;N;;Outros;Ativa;Indeterminado;;31/12;S;N;N;S;N;RIO BRAVO INVESTIMENTOS - DTVM LTDA;72600026000181;AVENIDA CHEDID JAFET;222;BLOCO B - CONJUNTO 32;VILA OLIMPIA;SÃO PAULO;SP;04551-065;(11) 3509-6600;;;www.riobravo.com.br;RBFF@riobravo.com.br;2026-07-01;1;17329029000114;21058;;231394227.35;12.3436093875651;18746075;-0.00324;0.008645;0;0.000578
Classe;17.374.696/0001-19;2026-07-01;2;2026-08-10;FII PLANNER 2553 - LABINA MULTI ATIVOS FII RL;2013-12-13;INVESTIDORES EM GERAL;;5280066.24543441;N;N;;Multicategoria;Ativa;Indeterminado;;31/12;N;N;S;N;N;PLANNER CORRETORA DE VALORES S.A.;00806535000154;Avenida Brigadeiro Faria Lima;3900;10º andar;Jardim Paulistano;São Paulo;SP;04538-132;(11) 3504-6800;;;www.planner.com.br;informacoesregulatorias@planner.com.br;2026-07-01;2;17374696000119;1081;1050;544408209.32;103.10632177972;5280066.24543441;-0.011175;0;0;0.00035730860899943
Classe;17.554.274/0001-25;2026-07-01;1;2026-08-14;VINCI SHOPPING CENTERS FUNDO DE INVESTIMENTO IMOBILIÁRIO-FII;2013-08-07;INVESTIDORES EM GERAL;BRVISCCTF005;28828640.0000073;N;N;;Shoppings;Ativa;Indeterminado;;31/12;S;N;N;S;N;BRL TRUST DTVM S.A.;13486793000142;Rua Alves Guimarães;1216;;Pinheiros;São Paulo;SP;05410-002;(11) 3509-0600;;;www.apexgroup.com/apex-brazil/;infolegal@apexgroup.com;2026-07-01;1;17554274000125;346986;;3327943047.27;115.438780576162;28828640.0000073;0.005932;0.007298;;0.000997051374638743
Classe;17.568.605/0001-86;2026-07-01;1;2026-08-14;MAIS SHOPPING FII RL;2013-01-23;INVESTIDOR QUALIFICADO;BRSHPGCTF000;272684723;N;N;;Shoppings;Ativa;Indeterminado;;31/12;N;N;S;N;N;BTG PACTUAL SERVICOS FINANCEIROS S.A. DISTRIBUIDOR;59281253000123;Praia de Botafogo;501;6º Andar;Botafogo;Rio de Janeiro;RJ;22.250-040;55 11 3383-3102;;;www.btgpactual.com;ri.fundoslistados@btgpactual.com;2026-07-01;1;17568605000186;1;0;344393101.67;1.262972;272684723;0.006176;0.004579;0;9.3E-05
Classe;17.590.518/0001-25;2026-07-01;1;2026-08-13;GENERAL SHOPPING ATIVO E RENDA FUNDO DE INVEST IMOB;2013-06-20;INVESTIDORES EM GERAL;BRFIGSCTF009;2850000;N;N;;Shoppings;Definida;Indeterminado;;31/12;S;N;N;S;N;HEDGE INVESTMENTS DTVM LTDA;07253654000176;AVENIDA BRIGADEIRO FARIA LIMA;3600;11º ANDAR CJ 112;ITAIM BIBI;SÃO PAULO;SP;04538-132;(11) 5412-5400;;;www.hedgeinvest.com.br;dtvm@hedgeinvest.com.br;2026-07-01;1;17590518000125;11054;;199988002.67;70.1712290070175;2850000;0.007571;0.006845;0;0.000324
Classe;17.655.102/0001-48;2026-07-01;1;2026-08-12;PESCARA FUNDO DE INVESTIMENTO IMOBILIÁRIO - FII;2013-10-22;INVESTIDOR QUALIFICADO;BRPCIVCTF001;156.388577;N;N;;Outros;Ativa;Indeterminado;;31/12;N;N;S;N;N;BRL TRUST DTVM S.A.;13486793000142;Rua Alves Guimarães;1216;;Pinheiros;São Paulo;SP;05410-002;(11) 3509-0600;;;www.apexgroup.com/apex-brazil/;infolegal@apexgroup.com;2026-07-01;1;17655102000148;1;;252897117.97;1617107.35413879;156.388577;-0.000342;;;0.000406537294000306
Classe;17.655.115/0001-17;2026-07-01;1;2026-08-14;SAFIRA FUNDO DE INVESTIMENTO IMOBILIÁRIO;2015-05-21;INVESTIDOR QUALIFICADO;;282888.60734723;N;N;;Multicategoria;Ativa;Indeterminado;;31/12;N;N;S;N;N;BRL TRUST DTVM S.A.;13486793000142;Rua Alves Guimarães;1216;;Pinheiros;São Paulo;SP;05410-002;(11) 3509-0600;;;www.apexgroup.com/apex-brazil/;infolegal@apexgroup.com;2026-07-01;1;17655115000117;6;;644386042.13;2277.8790852438;282888.60734723;0.006835;;;3.63810332118747E-05
Classe;17.786.606/0001-05;2026-07-01;1;2026-08-12;NF CAPITAL II FUNDO DE INVESTIMENTO IMOBILIÁRIO;2017-04-17;INVESTIDOR PROFISSIONAL;BRGBXRCTF009;18848.02189804;N;N;;Multicategoria;Ativa;Indeterminado;;31/12;N;N;S;N;N;FINAXIS CORRETORA;03317692000194;Avenida Paulista;1842;Torre Norte, térro, loja 08;Bela Vista;São Paulo;SP;01310-923;(11) 3526 9001;;;http://finaxis.com.br/;atendimento.regulatorio@finaxis.com.br;2026-07-01;1;17786606000105;1;1;-3123260.36;-165.707593979652;18848.02189804;-0.028489;0;0;0.006014
Classe;17.854.016/0001-64;2026-07-01;1;2026-08-14;FUNDO DE INVESTIMENTO IMOBILIÁRIO VIDA NOVA - FII;2014-07-01;INVESTIDORES EM GERAL;BRFIVNCTF009;9412630;N;N;;Shoppings;Definida;Indeterminado;;31/12;S;N;N;S;N;OLIVEIRA TRUST DTVM S.A.;36113876000191;Av. das Américas;3434;Bl. 7 Grupo 201;Barra da Tijuca;Rio de Janeiro;RJ;22640-102;(21) 3514-0000;;;www.oliveiratrust.com.br;ger2.fundos@oliveiratrust.com.br;2026-07-01;1;17854016000164;4247;;56163065.38;5.96677712605297;9412630;-0.000838;0;0;0.000389
Classe;17.870.926/0001-30;2026-07-01;1;2026-08-12;TIVIO SECURITIES FUNDO DE INVESTIMENTO IMOBILIÁRIO;2018-07-13;INVESTIDORES EM GERAL;BRVOTSCTF007;827913;N;N;;Multicategoria;Ativa;Indeterminado;;31/12;S;S;N;S;S;BEM DTVM LTDA;00066670000100;Núcleo Cidade de Deus;S/N;Prédio Prata - 4º Andar;Vila Yara;Osasco;SP;06029-900;(11) 3684-4522;;;www.bradescobemdtvm.com.br;bemdtvm@bradesco.com.br;2026-07-01;1;17870926000130;538;;74687416.64;90.2116727723807;827913;-0.006279;0;0;8.5E-05
Classe;18.085.673/0001-57;2026-07-01;1;2026-08-12;FYTO RECEB FII;2013-10-10;INVESTIDORES EM GERAL;BRNCHBCTF000;15281388;N;N;;Multicategoria;Ativa;Indeterminado;;31/12;S;N;N;S;N;BTG PACTUAL SERVICOS FINANCEIROS S.A. DISTRIBUIDOR;59281253000123;Praia de Botafogo;501;6º Andar;Botafogo;Rio de Janeiro;RJ;22.250-040;55 11 3383-3102;;;www.btgpactual.com;ri.fundoslistados@btgpactual.com;2026-07-01;1;18085673000157;10077;10058;152619736.59;9.987295;15281388;0;0;0;0.000909
Classe;18.259.637/0001-62;2026-07-01;1;2026-08-14;ETR PROP FII RL;2013-09-05;INVESTIDOR QUALIFICADO;BRETPPCTF006;185;N;N;;Multicategoria;Definida;Determinado;2026-07-16;30/06;S;N;N;S;N;BTG PACTUAL SERVICOS FINANCEIROS S.A. DISTRIBUIDOR;59281253000123;Praia de Botafogo;501;6º Andar;Botafogo;Rio de Janeiro;RJ;22.250-040;55 11 3383-3102;;;www.btgpactual.com;ri.fundoslistados@btgpactual.com;2026-07-01;1;18259637000162;6;6;30743546.37;166181.33173;185;-0.051785;-0.055076;0;0.000755
Classe;18.265.829/0001-81;2026-07-01;1;2026-08-14;YAGO FUNDO DE INVESTIMENTO IMOBILIÁRIO;2014-04-28;INVESTIDOR QUALIFICADO;BRYAGOCTF006;1030.7418;N;N;;Outros;Ativa;Indeterminado;;31/12;N;N;S;N;N;BRL TRUST DTVM S.A.;13486793000142;Rua Alves Guimarães;1216;;Pinheiros;São Paulo;SP;05410-002;(11) 3509-0600;;;www.apexgroup.com/apex-brazil/;infolegal@apexgroup.com;2026-07-01;1;18265829000181;6;;-39803456.36;-38616.3211388148;1030.7418;-0.000339;;;-0.0626977423123463
Classe;18.289.950/0001-43;2026-07-01;1;2026-08-12;BIRD FII - FII;2022-09-26;INVESTIDOR PROFISSIONAL;BRBRDFCTF003;62623089.9565228;N;N;;Escritórios;Definida;Indeterminado;;31/12;S;N;N;S;N;BEM DTVM LTDA;00066670000100;Núcleo Cidade de Deus;S/N;Prédio Prata - 4º Andar;Vila Yara;Osasco;SP;06029-900;(11) 3684-4522;;;www.bradescobemdtvm.com.br;bemdtvm@bradesco.com.br;2026-07-01;1;18289950000143;1;;98634652.99;1.57505247758421;62623089.9565228;0.008177;0;0;4.9E-05
Classe;18.307.582/0001-19;2026-07-01;1;2026-08-13;HEDGE TOP FOFII 3 FUNDO DE INVESTIMENTO IMOBILIÁRIO;2013-07-08;INVESTIDORES EM GERAL;BRHFOFCTF002;218430000;N;N;;Multicategoria;Ativa;Indeterminado;;31/12;S;N;N;S;N;HEDGE INVESTMENTS DTVM LTDA;07253654000176;AVENIDA BRIGADEIRO FARIA LIMA;3600;11º ANDAR CJ 112;ITAIM BIBI;SÃO PAULO;SP;04538-132;(11) 5412-5400;;;www.hedgeinvest.com.br;dtvm@hedgeinvest.com.br;2026-07-01;1;18307582000119;89297;;1666400939.9;7.62899299500984;218430000;0.003733;0.007833;0;0.000455
Classe;18.308.516/0001-63;2026-07-01;1;2026-08-12;BTG HOTEIS FII;2016-04-19;INVESTIDORES EM GERAL;BRBTHICTF004;9218512;N;N;;Hotel;Ativa;Indeterminado;;31/12;S;N;N;S;N;BTG PACTUAL SERVICOS FINANCEIROS S.A. DISTRIBUIDOR;59281253000123;Praia de Botafogo;501;6º Andar;Botafogo;Rio de Janeiro;RJ;22.250-040;55 11 3383-3102;;;www.btgpactual.com;ri.fundoslistados@btgpactual.com;2026-07-01;1;18308516000163;1767;1751;595451696.88;64.593038;9218512;0;0;0;0.000556
Classe;18.311.024/0001-27;2026-07-01;1;2026-08-14;SPA FUNDO DE INVESTIMENTO IMOBILIÁRIO;2016-08-12;INVESTIDOR QUALIFICADO;BRSPAFCTF007;11270;N;N;;Shoppings;Ativa;Indeterminado;;31/12;S;N;N;S;N;BANCO GENIAL S.A.;45246410000155;Praia de Botafogo;228;9º Andar;Botafogo;Rio de Janeiro;RJ;22250-906;(21) 3923-3000;(21) 3923-3046;;www.genialinvestimentos.com.br;structured-funds@genial.com.vc;2026-07-01;1;18311024000127;1;;12702818.05;1127.13558562555;11270;0.003652;0.003872;0;0.000511697481174266
Classe;18.312.285/0001-61;2026-07-01;1;2026-08-14;PRIME OFFICES I FII;2017-09-21;INVESTIDOR QUALIFICADO;BREZTBCTF005;270365126;N;N;;Escritórios;Ativa;Indeterminado;;31/12;N;N;S;N;N;BTG PACTUAL SERVICOS FINANCEIROS S.A. DISTRIBUIDOR;59281253000123;Praia de Botafogo;501;6º Andar;Botafogo;Rio de Janeiro;RJ;22.250-040;55 11 3383-3102;;;www.btgpactual.com;ri.fundoslistados@btgpactual.com;2026-07-01;1;18312285000161;6;0;377149926.45;1.394965;270365126;-0.012671;-0.01232;0;7.9E-05
Classe;18.330.535/0001-96;2026-07-01;1;2026-08-12;FII PETROS;2024-08-13;INVESTIDOR PROFISSIONAL;BRRBCACTF006;538999;N;N;;Outros;Ativa;Indeterminado;;31/12;N;N;S;N;N;BTG PACTUAL SERVICOS FINANCEIROS S.A. DISTRIBUIDOR;59281253000123;Praia de Botafogo;501;6º Andar;Botafogo;Rio de Janeiro;RJ;22.250-040;55 11 3383-3102;;;www.btgpactual.com;ri.fundoslistados@btgpactual.com;2026-07-01;1;18330535000196;5;0;279339332.4;518.255753;538999;-2E-06;-2E-06;0;0.00069
Classe;18.369.510/0001-04;2026-07-01;1;2026-08-14;FUNDO DE INVESTIMENTO IMOBILIÁRIO INFRA REAL ESTATE - FII RL;2013-10-04;INVESTIDOR QUALIFICADO;BRFINFCTF002;820112.7613235;N;N;;Logística;Ativa;Indeterminado;;30/06;S;S;N;S;N;TRUSTEE DISTRIBUIDORA DE TITULOS E VALORES MOBILIARIOS LTDA.;67030395000146;Avenida Brigadeiro Faria Lima;3.732;14º andar;Itaim Bibi;São Paulo;SP;04538-132;0800 930 0930;;;www.trusteedtvm.com.br;ouvidoria@trusteedtvm.com.br;2026-07-01;1;18369510000104;4;;94372246.73;115.072281740503;820112.7613235;0.000248;0;0;0.000128
Classe;18.497.672/0001-10;2026-07-01;1;2026-08-14;FUNDO DE INVESTIMENTO IMOBILIÁRIO POLO ESTOQUE II - FII;2014-05-08;INVESTIDOR QUALIFICADO;BRESTQCTF008;65361974.8481821;N;N;;Residencial;Ativa;Indeterminado;;31/12;N;S;N;S;N;OLIVEIRA TRUST DTVM S.A.;36113876000191;Av. das Américas;3434;Bl. 7 Grupo 201;Barra da Tijuca;Rio de Janeiro;RJ;22640-102;(21) 3514-0000;;;www.oliveiratrust.com.br;ger2.fundos@oliveiratrust.com.br;2026-07-01;1;18497672000110;5;;1005493.1;0.0153834565484823;65361974.8481821;0.007595;0;0;0
Classe;18.647.268/0001-85;2026-07-01;1;2026-08-13;CAM VERA CRUZ FUNDO DE INVESTIMENTO IMOBILIÁRIO;2021-04-01;INVESTIDOR QUALIFICADO;BR0256CTF000;24720;N;N;;Multicategoria;Ativa;Indeterminado;;2026-12-31 00:00:00;N;N;S;N;N;QI CORRETORA DE TITULOS E VALORES MOBILIARIOS S.A;62285390000149;AVENIDA REBOUÇAS;2942;7º AO 12º ANDAR;JARDIM PAULISTANO;SÃO PAULO;SP;05402-500;(11) 2827-3500;;;https://qitech.com.br/dtvm/;fii.adm@qitech.com.br;2026-07-01;1;18647268000185;2;0;17127584.24;692.86344012945;24720;-0.000108;0;0;0
Classe;18.730.914/0001-73;2026-07-01;1;2026-08-14;FII EXCLUSIVO INFRA PATRIMONIAL II RL;2013-09-06;INVESTIDOR PROFISSIONAL;BR082SCTF007;55.1165906;N;N;;Outros;Ativa;Indeterminado;;30/06;N;N;S;N;N;TRUSTEE DISTRIBUIDORA DE TITULOS E VALORES MOBILIARIOS LTDA.;67030395000146;Avenida Brigadeiro Faria Lima;3.732;14º andar;Itaim Bibi;São Paulo;SP;04538-132;0800 930 0930;;;www.trusteedtvm.com.br;ouvidoria@trusteedtvm.com.br;2026-07-01;1;18730914000173;1;;78534426.64;1424878.16799031;55.1165906;-0.001369;0;0;5.1E-05
Classe;18.874.954/0001-99;2026-07-01;1;2026-08-10;FII TARANTO;2014-08-04;INVESTIDORES EM GERAL;0;352.186046;N;N;;Shoppings;Definida;Indeterminado;;31/12;N;N;S;N;N;REAG DISTRIBUIDORA DE TITULOS E VALORES MOBILIARIOS SA;34829992000186;Avenida Brigadeiro Faria Lima;2277;17º andar;Jardim Paulistano;São Paulo;SP;01452-000;(11) 3504-6800;;;www.reag.com.br;informeslegais@reag.com.br;2026-07-01;1;18874954000199;1;0;-379306.45;-1077.005901591;352.186046;-0.044699;0;0;-0.986704576207444
Classe;18.874.965/0001-79;2026-07-01;1;2026-08-07;CIDADE FUNDO DE INVESTIEMNTO IMOBILIÁRIO - FII;2014-12-11;INVESTIDOR QUALIFICADO;;166750;N;S;;Shoppings;Ativa;Indeterminado;;31/12;N;N;S;N;N;INTRA INVESTIMENTOS DTVM LTDA;15489568000195;RUA JOAQUIM FLORIANO;1120;5º ANDAR;ITAIM BIBI;SÃO PAULO;SP;04534004;(11) 31985151;;;www.intrainvestimentos.com.br;administracao.fundos@intrainvestimentos.com.br;2026-07-01;1;18874965000179;111;107;169932377.1;1019.08472023988;166750;0.018079;0.009316;0;0.000221
Classe;18.929.353/0001-36;2026-07-01;1;2026-08-14;BRL EDIFÍCIOS COMERCIAIS FUNDO DE INVESTIMENTO IMOBILIÁRIO;2014-12-19;INVESTIDOR QUALIFICADO;;45248.7866;N;N;;Escritórios;Ativa;Indeterminado;;31/12;N;N;S;N;N;BRL TRUST DTVM S.A.;13486793000142;Rua Alves Guimarães;1216;;Pinheiros;São Paulo;SP;05410-002;(11) 3509-0600;;;www.apexgroup.com/apex-brazil/;infolegal@apexgroup.com;2026-07-01;1;18929353000136;5;;43315898.28;957.283090548112;45248.7866;-0.004752;;;0.000424265471333543
Classe;18.950.957/0001-64;2026-07-01;1;2026-08-14;CHALLENGER FUNDO DE INVESTIMENTO IMOBILIÁRIO - FII;2013-09-04;INVESTIDOR QUALIFICADO;BRCHLLCTF003;673924.72377906;N;N;;Multicategoria;Ativa;Indeterminado;;31/12;N;S;N;N;S;XP INVESTIMENTOS CORRETORA DE CÂMBIO, TÍTULOS E VAL MOB S/A;02332886000104;AVENIDA ATAULFO DE PAIVA;153;5º e 8º andares;LEBLON;RIO DE JANEIRO;RJ;22440-033;(11) 3027-2237;;;www.xpi.com.br;adm.fundos.estruturados@xpi.com.br;2026-07-01;1;18950957000164;2;;3747120534.31;5560.14700469493;673924.72377906;0.005851;0;0;0.000119
Classe;18.979.895/0001-13;2026-07-01;2;2026-08-25;CAPITANIA SEC II FII;2014-08-07;INVESTIDORES EM GERAL;BRCPTSCTF004;363503147;N;N;;Outros;Ativa;Indeterminado;;30/06;S;N;N;S;N;BTG PACTUAL SERVICOS FINANCEIROS S.A. DISTRIBUIDOR;59281253000123;Praia de Botafogo;501;6º Andar;Botafogo;Rio de Janeiro;RJ;22.250-040;55 11 3383-3102;;;www.btgpactual.com;ri.fundoslistados@btgpactual.com;2026-07-01;2;18979895000113;398167;397573;3109874534.43;8.555289;363503147;0.009269;0.009782;0;0.00068
Classe;19.026.454/0001-60;2026-07-01;1;2026-08-14;BRL LAJES CORPORATIVA FUNDO DE INVESTIMENTO IMOBILIÁRIO;2014-12-30;INVESTIDOR QUALIFICADO;;103619.7165;N;N;;Escritórios;Ativa;Indeterminado;;31/12;N;S;N;N;S;BRL TRUST DTVM S.A.;13486793000142;Rua Alves Guimarães;1216;;Pinheiros;São Paulo;SP;05410-002;(11) 3509-0600;;;www.apexgroup.com/apex-brazil/;infolegal@apexgroup.com;2026-07-01;1;19026454000160;1;;177237068.11;1710.45698730511;103619.7165;0.008758;;;6.02678667273515E-05
Classe;19.107.604/0001-60;2026-07-01;1;2026-08-14;OURO REC DESENVOLVIMENTO IMOBILIÁRIO I FII - FII DE RL;2016-03-29;INVESTIDORES EM GERAL;BRORPDCTF005;290000;N;N;;Multicategoria;Ativa;Indeterminado;;31/12;S;N;N;S;N;TRUSTEE DISTRIBUIDORA DE TITULOS E VALORES MOBILIARIOS LTDA.;67030395000146;Avenida Brigadeiro Faria Lima;3.732;14º andar;Itaim Bibi;São Paulo;SP;04538-132;0800 930 0930;;;www.trusteedtvm.com.br;ouvidoria@trusteedtvm.com.br;2026-07-01;1;19107604000160;6;;40733736.72;140.461161103448;290000;-0.000273;0;0;0.000245
Classe;19.131.224/0001-60;2026-07-01;1;2026-08-14;SAPUCAÍ RIO FUNDO DE INVESTIMENTO IMOBILIÁRIO - FII;2014-12-23;INVESTIDOR QUALIFICADO;BR0PF2CTF002;1068.13163403;N;N;;Multicategoria;Definida;Indeterminado;;31/12;N;N;S;N;N;OLIVEIRA TRUST DTVM S.A.;36113876000191;Av. das Américas;3434;Bl. 7 Grupo 201;Barra da Tijuca;Rio de Janeiro;RJ;22640-102;(21) 3514-0000;;;www.oliveiratrust.com.br;ger2.fundos@oliveiratrust.com.br;2026-07-01;1;19131224000160;1;;52545024.38;49193.3978041177;1068.13163403;-0.030089;0;0;0.000476
Classe;19.213.231/0001-01;2026-07-01;1;2026-08-13;FII AB CAPITAL;2017-12-29;INVESTIDOR PROFISSIONAL;0;213253.23771549;N;N;;Multicategoria;Ativa;Indeterminado;;31/12;N;N;S;N;N;REAG DISTRIBUIDORA DE TITULOS E VALORES MOBILIARIOS SA;34829992000186;Avenida Brigadeiro Faria Lima;2277;17º andar;Jardim Paulistano;São Paulo;SP;01452-000;(11) 3504-6800;;;www.reag.com.br;informeslegais@reag.com.br;2026-07-01;1;19213231000101;1;1;13048465.2;61.1876534198674;213253.23771549;-0.003881;0;0;0.0546905386236536
Classe;19.239.245/0001-02;2026-07-01;1;2026-08-13;FII FL 3.500 I - FII;2014-09-04;INVESTIDOR PROFISSIONAL;;436312;N;N;;Multicategoria;Ativa;Indeterminado;;31/12;N;N;S;N;N;BANCO GENIAL S.A.;45246410000155;Praia de Botafogo;228;9º Andar;Botafogo;Rio de Janeiro;RJ;22250-906;(21) 3923-3000;(21) 3923-3046;;www.genialinvestimentos.com.br;structured-funds@genial.com.vc;2026-07-01;1;19239245000102;1;;4610463.09;10.566894997158;436312;0.017056;0;0;0.00287358118726421
Classe;19.249.956/0001-50;2026-07-01;1;2026-08-14;LA DEFENSE FUNDO DE INVESTIMENTO IMOBILIÁRIO - FII;2014-08-26;INVESTIDORES EM GERAL;BRICTUCTF005;14350;N;N;;Multicategoria;Definida;Indeterminado;;30/06;N;S;N;N;S;OLIVEIRA TRUST DTVM S.A.;36113876000191;Av. das Américas;3434;Bl. 7 Grupo 201;Barra da Tijuca;Rio de Janeiro;RJ;22640-102;(21) 3514-0000;;;www.oliveiratrust.com.br;ger2.fundos@oliveiratrust.com.br;2026-07-01;1;19249956000150;1;;15546888.45;1083.40686062718;14350;0.013672;0;0;0.000588
Classe;19.249.989/0001-08;2026-07-01;2;2026-08-26;RB CAPITAL DESENVOLVIMENTO RESIDENCIAL III FII - FII;2019-04-30;INVESTIDOR QUALIFICADO;BRRSPDCTF006;149011;N;N;;Residencial;Ativa;Determinado;2027-04-30;30/06;S;N;N;S;N;OLIVEIRA TRUST DTVM S.A.;36113876000191;Av. das Américas;3434;Bl. 7 Grupo 201;Barra da Tijuca;Rio de Janeiro;RJ;22640-102;(21) 3514-0000;;;www.oliveiratrust.com.br;ger2.fundos@oliveiratrust.com.br;2026-07-01;2;19249989000108;192;;116503449.91;781.84462831603;149011;-0.001014;0;0;0.001504
Classe;19.267.845/0001-76;2026-07-01;1;2026-08-12;VGS FUNDO DE INVESTIMENTO IMOBILIÁRIO - FII;2014-03-10;INVESTIDOR PROFISSIONAL;BRDUTRCTF004;28542.6119;N;N;;Outros;Ativa;Indeterminado;;31/12;N;N;S;N;N;BRL TRUST DTVM S.A.;13486793000142;Rua Alves Guimarães;1216;;Pinheiros;São Paulo;SP;05410-002;(11) 3509-0600;;;www.apexgroup.com/apex-brazil/;infolegal@apexgroup.com;2026-07-01;1;19267845000176;1;;102160723.92;3579.23529486101;28542.6119;0.003953;0.001522;;0.000169790300366149
Classe;19.419.994/0001-03;2026-07-01;1;2026-08-14;2509 FUNDO DE INVESTIMENTO IMOBILIÁRIO - FII;2013-12-27;INVESTIDOR QUALIFICADO;000000000000;1506194;N;N;;Escritórios;Definida;Indeterminado;;31/12;N;N;S;N;N;OLIVEIRA TRUST DTVM S.A.;36113876000191;Av. das Américas;3434;Bl. 7 Grupo 201;Barra da Tijuca;Rio de Janeiro;RJ;22640-102;(21) 3514-0000;;;www.oliveiratrust.com.br;ger2.fundos@oliveiratrust.com.br;2026-07-01;1;19419994000103;1;;3527900855.47;2342.26192341093;1506194;0.007233;0.006716;0;3.8E-05
Classe;19.628.741/0001-40;2026-07-01;1;2026-08-14;FII MORUMBI TOWN RL;2016-10-03;INVESTIDOR QUALIFICADO;BRTWNICTF008;4942739739;N;N;;Shoppings;Ativa;Indeterminado;;31/12;N;N;S;N;N;BTG PACTUAL SERVICOS FINANCEIROS S.A. DISTRIBUIDOR;59281253000123;Praia de Botafogo;501;6º Andar;Botafogo;Rio de Janeiro;RJ;22.250-040;55 11 3383-3102;;;www.btgpactual.com;ri.fundoslistados@btgpactual.com;2026-07-01;1;19628741000140;1;0;49248532.19;0.009964;4942739739;0.00961;0.005779;0;0.000648
Classe;19.722.048/0001-31;2026-07-01;1;2026-08-12;LOFT I FII RL;2018-08-27;INVESTIDOR QUALIFICADO;BRLOFTCTF013;0;N;N;;Residencial;Ativa;Indeterminado;;31/12;S;N;N;S;N;BTG PACTUAL SERVICOS FINANCEIROS S/A DTVM;59281253000123;Praia de Botafogo;501;6º Andar;Botafogo;Rio de Janeiro;RJ;22.250-040;55 11 3383-3102;;;www.btgpactual.com;ri.fundoslistados@btgpactual.com;2026-07-01;1;19722048000131;0;0;0;0;0;0;0;0;0
Classe;19.872.996/0001-53;2026-07-01;1;2026-08-14;PLT FUNDO DE INVESTIMENTO IMOBILIÁRIO;2014-02-21;INVESTIDOR QUALIFICADO;;967093022.044435;N;N;;Multicategoria;Ativa;Indeterminado;;31/12;N;N;S;N;N;BANCO GENIAL S.A.;45246410000155;Praia de Botafogo;228;9º Andar;Botafogo;Rio de Janeiro;RJ;22250-906;(21) 3923-3000;(21) 3923-3046;;www.genialinvestimentos.com.br;structured-funds@genial.com.vc;2026-07-01;1;19872996000153;1;;267655718.12;0.276763157234012;967093022.044435;0.027516;0;0;0.000177379247988696
Classe;19.878.616/0001-98;2026-07-01;1;2026-08-14;17007 NAÇÕES FII;2014-02-21;INVESTIDOR PROFISSIONAL;;349128425.745087;S;N;;Multicategoria;Ativa;Indeterminado;;31/12;N;N;S;N;N;BANCO GENIAL S.A.;45246410000155;Praia de Botafogo;228;9º Andar;Botafogo;Rio de Janeiro;RJ;22250-906;(21) 3923-3000;(21) 3923-3046;;www.genialinvestimentos.com.br;structured-funds@genial.com.vc;2026-07-01;1;19878616000198;1;;688403546.39;1.97177741950073;349128425.745087;0.001236;0;0;7.08847597544986E-05
Classe;20.019.120/0001-48;2026-07-01;1;2026-08-12;FII 4KIDS RL;2014-11-13;INVESTIDOR QUALIFICADO;BR00GECTF009;1648957;S;N;;Shoppings;Ativa;Determinado;2064-11-11;30/06;S;N;N;S;N;BTG PACTUAL SERVICOS FINANCEIROS S.A. DISTRIBUIDOR;59281253000123;Praia de Botafogo;501;6º Andar;Botafogo;Rio de Janeiro;RJ;22.250-040;55 11 3383-3102;;;www.btgpactual.com;ri.fundoslistados@btgpactual.com;2026-07-01;1;20019120000148;1;0;528565631.78;320.545431;1648957;-1E-06;-1E-06;0;0.000333
Classe;20.118.470/0001-61;2026-07-01;1;2026-08-04;CASPER FUNDO DE INVESTIMENTO IMOBILIÁRIO - FII;2017-06-30;INVESTIDOR QUALIFICADO;;6105.06389668;N;N;;Multicategoria;Ativa;Indeterminado;;31/12;N;N;S;N;N;FINVEST DISTRIBUIDORA DE TÍTULOS E VALORES MOBILIÁRIOS LTDA.;39669186000101;Avenida Brigadeiro Faria Lima;2277;17 ANDAR;JARDIM PÁULISTANO;SÃO PAULO;SP;01452000;+55 (11) 3504-6800;;;https://www.finvestdtvm.com.br/;compliance@finvestdigital.com.br;2026-07-01;1;20118470000161;1;;884629250.66;144900.899586173;6105.06389668;0.011693;0;0;0.0001
Classe;20.118.492/0001-21;2026-07-01;2;2026-08-24;PLATINUM FUNDO DE INVESTIMENTO IMOBILIARIO;2016-12-12;INVESTIDOR QUALIFICADO;0;4000000;N;N;;Outros;Definida;Indeterminado;;31/12;N;N;S;N;N;SEFER INVESTIMENTOS DTVM LTDA;00329598000167;AV BRIGADEIRO FARIA LIMA;3900;CJ 601;ITAIM BIBI;SÃO PAULO;SP;04538132;1131130060;;;www.seferinvestimentos.com.br;informeslegais@seferinvestimentos.com.br;2026-07-01;2;20118492000121;101;101;873896794.2;218.47419855;4000000;0.0146;0.0073;0;3E-05
Classe;20.118.507/0001-51;2026-07-01;1;2026-08-05;CEDRO - FUNDO DE INVESTIMENTO IMOBILIÁRIO - FII;2015-01-08;INVESTIDOR PROFISSIONAL;;30411.46817762;N;N;;Outros;Ativa;Indeterminado;;29/12;N;N;S;N;N;LIMINE  DISTRIBUIDORA DE TITULOS E VALORES MOBILIARIOS LTDA.;24361690000172;Av. Dr. Cardoso de Melo;1184;9° andar;Vila Olimpia;São Paulo;SP;04548-000;+55 (11)28461166;;;www.liminedtvm.com.br;adm.fundos@liminedtvm.com.br;2026-07-01;1;20118507000151;1;;101936711.24;3351.91680469461;30411.46817762;0.000573;0;0;0.0001
Classe;20.132.453/0001-89;2026-07-01;1;2026-08-14;BTOWERS FUNDO INVESTIMENTO IMOBILIARIO;2014-07-28;INVESTIDORES EM GERAL;BRBTWRCTF004;809269.7109;N;N;;Escritórios;Definida;Indeterminado;;28/06;S;N;N;S;N;VÓRTX DTVM LTDA;22610500000188;Rua Gilberto Sabino;215;4º ANDAR;Pinheiros;;SP;5425020;11 3030-7177;;;www.vortx.com.br;fundos@vortx.com.br;2026-07-01;1;20132453000189;122;122;102576662.79;126.75213394;809269.7109;0.0062042;0.00474058;0;0.000127
Classe;20.216.935/0001-17;2026-07-01;1;2026-08-12;BRADESCO CARTEIRA IMOBILIÁRIA ATIVA FII;2015-05-19;INVESTIDORES EM GERAL;BRBCIACTF005;3719038;N;N;;Multicategoria;Ativa;Indeterminado;;31/12;S;N;N;S;N;BEM DTVM LTDA;00066670000100;Núcleo Cidade de Deus;S/N;Prédio Prata - 4º Andar;Vila Yara;Osasco;SP;06029-900;(11) 3684-4522;;;www.bradescobemdtvm.com.br;bemdtvm@bradesco.com.br;2026-07-01;1;20216935000117;19236;;363291990.06;97.6843985084315;3719038;-0.007344;0.008662;0;0.000427
Classe;20.265.467/0001-70;2026-07-01;1;2026-08-14;FII HIERON BERLIM;2014-12-17;INVESTIDORES EM GERAL;BRVTBLCTF009;226505.5396;N;N;;Multicategoria;Ativa;Indeterminado;;30/12;N;S;N;S;N;VÓRTX DTVM LTDA;22610500000188;Rua Gilberto Sabino;215;4º ANDAR;Pinheiros;São Paulo;SP;5425020;11 3030-7177;;;www.vortx.com.br;fundos@vortx.com.br;2026-07-01;1;20265467000170;1;0;19270148.73;85.0758386;226505.5396;-0.00246811;0;0;0.002444
Classe;20.680.775/0001-62;2026-07-01;1;2026-08-14;FII BRISA RE IMOB RL;2014-09-22;INVESTIDOR QUALIFICADO;BRBRRICTF007;1025101;N;N;;Multicategoria;Ativa;Indeterminado;;31/12;N;N;S;N;N;BTG PACTUAL SERVICOS FINANCEIROS S.A. DISTRIBUIDOR;59281253000123;Praia de Botafogo;501;6º Andar;Botafogo;Rio de Janeiro;RJ;22.250-040;55 11 3383-3102;;;www.btgpactual.com;ri.fundoslistados@btgpactual.com;2026-07-01;1;20680775000162;1;0;2564263535.53;2501.474036;1025101;-0.013345;-0.018216;0;0.0001
Fundo;20.717.355/0001-03;2026-07-01;1;2026-08-12;LA SHOPPING II CENTERS FUNDO DE INVESTIMENTO IMOBILIARIO;2023-11-13;INVESTIDOR QUALIFICADO;BRRFIICTF007;66857.6331681;N;N;;Multicategoria;Ativa;Indeterminado;;31/12;N;N;S;N;N;TERRA INVESTIMENTOS DTVM;03751794000113;Rua Joaquim Floriano, nº 100, 18º andar, Itaim Bibi, SP, CEP 4534000;100;18;ITAIM BIBI;SÃO PAULO;SP;4534000;(011) 3165-6000;;;www.terrainvestimentos.com.br;admfundos@terrainvestimentos.com.br;2026-07-01;1;20717355000103;1;0;43580133.71;651.834826405335;66857.6331681;-0.000784;0;0;0.0006
Classe;20.748.515/0001-81;2026-07-01;1;2026-08-14;BRESCO LOGISTICA FUNDO DE INVESTIMENTO IMOBILIÁRIO;2016-07-13;INVESTIDORES EM GERAL;BRBRCOCTF007;18021303.0001041;N;S;;Logística;Ativa;Indeterminado;;31/12;S;N;N;S;N;OLIVEIRA TRUST DTVM S.A.;36113876000191;Av. das Américas;3434;Bl. 7 Grupo 201;Barra da Tijuca;Rio de Janeiro;RJ;22640-102;(21) 3514-0000;;;www.oliveiratrust.com.br;ger2.fundos@oliveiratrust.com.br;2026-07-01;1;20748515000181;138623;;2070132105.41;114.871388900017;18021303.0001041;-0.001588;0;0;2E-05
Classe;20.820.603/0001-47;2026-07-01;1;2026-08-13;RIV FUNDO DE INVESTIMENTO IMOBILIÁRIO;2026-06-22;INVESTIDOR PROFISSIONAL;;1650.57748743;N;N;;Outros;Ativa;Indeterminado;;2027-06-30 00:00:00;N;N;S;N;N;QI CORRETORA DE TITULOS E VALORES MOBILIARIOS S.A;62285390000140;AVENIDA REBOUÇAS;2942;7º AO 12º ANDAR;JARDIM PAULISTANO;SÃO PAULO;SP;05402-500;(11) 2827-3500;;;https://qitech.com.br/dtvm/;fii.adm@qitech.com.br;2026-07-01;1;20820603000147;1;0;137548157.06;83333.3533914647;1650.57748743;-0.002449;0;0;7.803E-05
Classe;20.990.694/0001-69;2026-07-01;1;2026-08-13;FGRP FUNDO DE INVESTIMENTO IMOBILIÁRIO;2018-03-01;INVESTIDOR QUALIFICADO;BRGBXPCTF003;184225.83003927;N;N;;Multicategoria;Ativa;Indeterminado;;30/06;N;S;N;N;S;PLANNER CORRETORA DE VALORES S.A.;00806535000154;Avenida Brigadeiro Faria Lima;3900;10º andar;Itaim Bibi;São Paulo;SP;04538-132;(11) 2172-2600;0800 179 444;(11) 2172-2667;www.planner.com.br;informacoesregulatorias@planner.com.br;2026-07-01;1;20990694000169;1;0;-9250957.65;-50.2153126303084;184225.83003927;-0.000458;0;0;1
Classe;21.044.600/0001-21;2026-07-01;1;2026-08-14;BPGB-001 FUNDO DE INVESTIMENTO IMOBILIÁRIO;2015-11-16;INVESTIDOR PROFISSIONAL;;290062066.22;N;N;;Logística;Ativa;Indeterminado;;31/12;N;N;S;N;N;BANCO GENIAL S.A.;45246410000155;Praia de Botafogo;228;9º Andar;Botafogo;Rio de Janeiro;RJ;22250-906;(21) 3923-3000;(21) 3923-3046;;www.genialinvestimentos.com.br;structured-funds@genial.com.vc;2026-07-01;1;21044600000121;1;;423561989.42;1.46024606023025;290062066.22;-0.134191;0;0;0.000101670619828207
Classe;21.067.825/0001-01;2026-07-01;1;2026-08-14;BPG LOGÍSTICA I FUNDO DE INVESTIMENTO IMOBILIÁRIO;2018-08-16;INVESTIDOR QUALIFICADO;;341894475.745657;N;N;;Logística;Ativa;Indeterminado;;31/12;N;N;S;N;N;BANCO GENIAL S.A.;45246410000155;Praia de Botafogo;228;9º Andar;Botafogo;Rio de Janeiro;RJ;22250-906;(21) 3923-3000;(21) 3923-3046;;www.genialinvestimentos.com.br;structured-funds@genial.com.vc;2026-07-01;1;21067825000101;1;;377087689.84;1.10293589569585;341894475.745657;0.338146;0;0;0.000141412014862182
Classe;21.085.863/0001-89;2026-07-01;1;2026-08-17;EBT FUNDO DE INVESTIMENTO IMOBILIÁRIO;2014-08-04;INVESTIDOR QUALIFICADO;;497178899.870867;N;N;;Escritórios;Ativa;Indeterminado;;31/12;N;N;S;N;N;BANCO GENIAL S.A.;45246410000155;Praia de Botafogo;228;9º;Botafogo;Rio de Janeiro;RJ;20091-020;(11)3524-8888;(11) 2137-8888;0800 605 8888;https://www.genialinvestimentos.com.br/;Structured-Funds@genial.com.vc;2026-07-01;1;21085863000189;1;;744666805.56;1.49778441070893;497178899.870867;-0.023625;0;0;6.60497817718787E-05
Classe;21.126.204/0001-43;2026-07-01;1;2026-08-14;FUNDO DE INVESTIMENTO IMOBILIÁRIO BRASIL VAREJO;2014-10-30;INVESTIDORES EM GERAL;BRBVARCTF006;625540;N;N;;Varejo;Definida;Indeterminado;;31/12;S;N;N;S;N;RIO BRAVO INVESTIMENTOS DTVM LTDA;72600026000181;AV. CHEDID JAFET;222;Conjunto 32 - BLOCO B;VILA OLÍMPIA;SÃO PAULO;SP;04551-065;(11) 3509-6600;;;www.riobravo.com.br;fundosimobiliarios@riobravo.com.br;2026-07-01;1;21126204000143;127;;429664604.55;686.869911676312;625540;0.011255;0.006795;0.000672;0.000207
Classe;21.156.164/0001-82;2026-07-01;1;2026-08-14;HAMAL - FUNDO DE INVESTIMENTO IMOBILIARIO - FII;2019-11-29;INVESTIDOR QUALIFICADO;000000000000;1027.76025531;N;N;;Escritórios;Definida;Indeterminado;;31/12;N;N;S;N;N;OLIVEIRA TRUST DTVM S.A.;36113876000191;Av. das Américas;3434;Bl. 7 Grupo 201;Barra da Tijuca;Rio de Janeiro;RJ;22640-102;(21) 3514-0000;;;www.oliveiratrust.com.br;ger2.fundos@oliveiratrust.com.br;2026-07-01;1;21156164000182;1;;444431621.61;432427.328565987;1027.76025531;-0.000163;0;0;4.2E-05
Classe;21.408.063/0001-51;2026-07-01;1;2026-08-14;FUNDO DE INVESTIMENTO IMOBILIARIO PÁTRIA PROPERTIES;2014-11-11;INVESTIDOR PROFISSIONAL;BRRBRPCTF002;12179186.9380769;N;N;;Outros;Ativa;Indeterminado;;31/12;S;N;N;S;N;BRL TRUST DTVM S.A.;13486793000142;Rua Alves Guimarães;1216;;Pinheiros;São Paulo;SP;05410-002;(11) 3509-0600;;;www.apexgroup.com/apex-brazil/;infolegal@apexgroup.com;2026-07-01;1;21408063000151;52621;;955608758.18;78.4624427754199;12179186.9380769;-0.003292;0.004426;;0.00052091049369206
Classe;21.500.481/0001-74;2026-07-01;1;2026-08-13;FII PATRIMONIAL V  RESPONSABILIDADE LTDA;2016-11-18;INVESTIDORES EM GERAL;BRVTPACTF002;661867;N;N;;Logística;Ativa;Indeterminado;;30/06;S;N;N;S;N;OLIVEIRA TRUST DIST. DE TÍTULOS E VALORES MOBILIÁRIOS S/A;36113876000191;AVENIDA DAS AMÉRICAS;3434;BLOCO 07 - SALA 201;BARRA DA TIJUCA;RIO DE JANEIRO;RJ;22640-102;(21) 3514-0000;;;www.oliveiratrust.com.br;ger2.fundos@oliveiratrust.com.br;2026-07-01;1;21500481000174;1;;69722385.92;105.341988526396;661867;0.001338;0;0;9.6E-05
Classe;21.500.500/0001-62;2026-07-01;1;2026-08-14;OMNI MALLS FII;2014-11-17;INVESTIDOR QUALIFICADO;BRIRBLCTF000;2898306;N;N;;Shoppings;Ativa;Indeterminado;;30/06;N;N;S;N;N;XP INVESTIMENTOS CCTVM S.A.;02332886000104;Avenida Afrânio de Melo Franco;290;Sala 606;Leblon;Rio de Janeiro;RJ;22.430-060;55 21 3265-3700;;;www.xpi.com.br;adm.fundos@xpi.com.br;2026-07-01;1;21500500000162;1;0;523915544.65;180.766125;2898306;0.003477;0.003376;0;6E-05
Classe;21.500.514/0001-86;2026-07-01;1;2026-08-12;PARKING PARTNERS FUNDO DE INVESTIMENTO IMOBILIÁRIO - FII;2016-06-11;INVESTIDOR PROFISSIONAL;BRVTVICTF003;1780984;S;S;;Outros;Ativa;Indeterminado;;30/06;N;S;N;N;S;BEM DTVM LTDA;00066670000100;Núcleo Cidade de Deus;S/N;Prédio Prata - 4º Andar;Vila Yara;Osasco;SP;06029-900;(11) 3684-4522;;;www.bradescobemdtvm.com.br;bemdtvm@bradesco.com.br;2026-07-01;1;21500514000186;1;;39441952.7;22.146157798161;1780984;0.010093;0.004991;0;0.000341
Classe;21.826.249/0001-20;2026-07-01;1;2026-08-14;VRE DESENVOLVIMENTO III FUNDO DE INVESTIMENTO IMOBILIÁRIO;2015-10-06;INVESTIDOR QUALIFICADO;BRFVRECTF009;61750.7996;N;N;;Shoppings;Ativa;Indeterminado;;31/12;N;S;N;S;S;GENIAL INVESTIMENTOS CORRETORA DE VALORES MOBILIÁRIOS S.A.;27652684000162;Praia de Botafogo;228;9º Andar;Botafogo;Rio de Janeiro;RJ;22250-906;(21 )3923-3000;(21 )3923-3046;;www.genialinvestimentos.com.br;structured-funds@genial.com.vc;2026-07-01;1;21826249000120;140;87;7322502.47;118.581500441008;61750.7996;0.020549;0.002574;0;0.00232161068837441
Classe;21.862.783/0001-92;2026-07-01;1;2026-08-13;CAM THRONE FUNDO DE INVESTIMENTO IMOBILIÁRIO;2021-02-12;INVESTIDOR QUALIFICADO;BR020KCTF004;38275.47890728;N;N;;Multicategoria;Ativa;Indeterminado;;2026-12-31 00:00:00;N;N;S;N;N;QI CORRETORA DE TITULOS E VALORES MOBILIARIOS S.A;62285390000148;AVENIDA REBOUÇAS;2942;7º AO 12º ANDAR;JARDIM PAULISTANO;SÃO PAULO;SP;05402-500;(11) 2827-3500;;;https://qitech.com.br/dtvm/;fii.adm@qitech.com.br;2026-07-01;1;21862783000192;3;0;2647534.78;69.1705200191875;38275.47890728;0.003016;0;0;0
Classe;21.917.235/0001-12;2026-07-01;1;2026-08-14;JGP MALLS FUNDO DE INVESTIMENTO IMOBILIÁRIO - RESP;2015-03-04;INVESTIDOR QUALIFICADO;;110486.67969824;N;N;;Shoppings;Ativa;Indeterminado;;31/12;N;N;S;N;N;BRL TRUST DTVM S.A.;13486793000142;Rua Alves Guimarães;1216;;Pinheiros;São Paulo;SP;05410-002;(11) 3509-0600;;;www.apexgroup.com/apex-brazil/;infolegal@apexgroup.com;2026-07-01;1;21917235000112;1;;223090781.45;2019.16450072808;110486.67969824;-0.005705;;;0.000985145099100642
Classe;22.003.469/0001-17;2026-07-01;1;2026-08-14;NOVA I FII;2018-12-31;INVESTIDOR PROFISSIONAL;BRNVIFCTF009;337400;N;N;;Multicategoria;Ativa;Indeterminado;;31/12;N;S;N;S;S;MAF DISTRIBUIDORA DE TITULOS E VALORES MOBILIARIOS S.A.;36864992000142;Rua Alves Guimarães;1216;;Pinheiros;São Paulo;SP;05410-002;(11) 3509-0600;;;www.apexgroup.com/apex-brazil/;infolegal@apexgroup.com;2026-07-01;1;22003469000117;7;;126179841.81;373.977005957321;337400;0.024746;0.002431;;0.000326839686977097
Fundo;22.044.621/0001-00;2026-02-01;1;2026-03-12;;;;;;;;;;;;;;;;;;;;;;;;;;;;;;;;;2026-02-01;1;22044621000100;;;;;;;;;
Classe;22.081.808/0001-83;2026-07-01;1;2026-08-05;BRAZIL PROPERTIES FII;2017-08-17;INVESTIDOR QUALIFICADO;BR00MMCTF000;1635.77;N;N;;Escritórios;Ativa;Indeterminado;;31/12;N;N;S;N;N;BANVOX DISTRIBUIDORA DE TITULOS E VALORES MOBILIARIOS LTDA;02671743000119;AVENIDA BRIGADEIRO FARIA LIMA;3732;14° ANDAR;ITAIM BIBI;São Paulo;SP;04538133;(11)3842-1122;(11)3842-1122;;https://www.banvox.com.br/;informesregulatorios@banvox.com.br;2026-07-01;1;22081808000183;1;1;68382036.64;41804.1880215434;1635.77;-0.002638;0;0;0.000142
Classe;22.169.671/0001-13;2026-07-01;1;2026-08-14;SOLARIUM FII - FUNDO DE INVESTIMENTO IMOBILIÁRIO;2015-03-13;INVESTIDORES EM GERAL;BRSOLRCTF002;67841.62132821;N;N;;Escritórios;Ativa;Indeterminado;;31/12;N;N;S;N;N;BANCO GENIAL S.A.;45246410000155;Praia de Botafogo;228;9º;Botafogo;Rio de Janeiro;RJ;20091-020;(11)3524-8888;(11) 2137-8888;0800 605 8888;https://www.genialinvestimentos.com.br/;Structured-Funds@genial.com.vc;2026-07-01;1;22169671000113;53;37;60522333.68;892.112135516335;67841.62132821;-0.000732;0;0;0.000685281407344437
Classe;22.169.716/0001-50;2026-06-01;1;2026-07-08;ALIANZA REAL ESTATE II- FII;2015-03-24;INVESTIDORES EM GERAL;BR0EYXCTF009;101664.1113;N;N;;Multicategoria;Ativa;Indeterminado;;31/12;N;N;S;N;N;BRL TRUST DTVM S.A.;13486793000142;Rua Alves Guimarães;1216;;Pinheiros;São Paulo;SP;05410-002;(11) 3509-0600;;;www.apexgroup.com/apex-brazil/;infolegal@apexgroup.com;2026-06-01;1;22169716000150;46;29;1313489.09;12.9198895579191;101664.1113;-0.012;;;0.0197413440259332
Classe;22.211.522/0001-75;2026-07-01;1;2026-08-14;FUNDO DE INVESTIMENTO IMOBILIÁRIO CAIXA CONVIDA SUAPE RL;2015-05-21;INVESTIDOR QUALIFICADO;BRCXSPCTF006;180;S;N;;Multicategoria;Ativa;Determinado;2027-04-22;31/12;N;S;N;N;S;CAIXA ECONÔMICA FEDERAL;00360305000104;AVENIDA PAULISTA;750;9 ANDAR;CERQUEIRA CÉSAR;SÃO PAULO;SP;01310300;11 3572.4400;;;www.caixa.gov.br;geafi06@caixa.gov.br;2026-07-01;1;22211522000175;1;;73464149.58;408134.164333333;180;0.000231;0;0;0.132549
Classe;22.219.335/0001-38;2026-07-01;1;2026-08-14;BANESTES RECEBIVEIS IMOBILIARIOS FII;2015-05-14;INVESTIDORES EM GERAL;BRBCRICTF009;6257873;N;N;;Outros;Definida;Indeterminado;;31/12;S;N;N;S;N;BRL TRUST DTVM S.A.;13486793000142;Rua Alves Guimarães;1216;;Pinheiros;São Paulo;SP;05410-002;(11) 3509-0600;;;www.apexgroup.com/apex-brazil/;infolegal@apexgroup.com;2026-07-01;1;22219335000138;40219;;534064507.08;85.3428164937192;6257873;0.015636;0.009505;;0.000635866614422161
Classe;22.340.978/0001-35;2026-07-01;1;2026-08-13;G5 JOMAFIL - FUNDO DE INVESTIMENTO IMOBILIARIO - FII;2016-01-13;INVESTIDOR QUALIFICADO E PROFISSIONAL;BRG5JFCTF007;81.64421072;N;N;;Multicategoria;Ativa;Indeterminado;;2026-12-31 00:00:00;N;N;S;N;N;QI CORRETORA DE TITULOS E VALORES MOBILIARIOS S.A;62285390000141;AVENIDA REBOUÇAS;2942;7º AO 12º ANDAR;JARDIM PAULISTANO;SÃO PAULO;SP;05402-500;(11) 2827-3500;;;https://qitech.com.br/dtvm/;fii.adm@qitech.com.br;2026-07-01;1;22340978000135;3;0;344493775.35;4219451.35254533;81.64421072;0.006571;0;0;5.665E-05
Classe;22.459.737/0001-00;2026-07-01;1;2026-08-14;GRAVATAI SHOPPING FII DE RESPONSABILIDADE LIMITADA;2016-03-24;INVESTIDOR PROFISSIONAL;BRGRAVCTF005;2523296;N;N;;Shoppings;Ativa;Indeterminado;;30/06;S;N;N;S;N;RIO BRAVO INVESTIMENTOS - DTVM LTDA;72600026000181;AV. CHEDID JAFET;222;Conjunto 32 - BLOCO B;VILA OLÍMPIA;SÃO PAULO;SP;04551-065;(11) 3509-6600;;;www.riobravo.com.br;ri@riobravo.com.br;2026-07-01;1;22459737000100;94;;74893416.9;29.6807892930516;2523296;0.011538;0;0;0.000627
Classe;22.503.991/0001-68;2026-07-01;1;2026-08-04;FII PLANNER 2397 - OPORTUNIDADE I FII;2019-08-05;INVESTIDOR PROFISSIONAL;BRFRAMCTF006;431877.89833141;N;N;;Multicategoria;Ativa;Indeterminado;;31/12;N;N;S;N;N;PLANNER CORRETORA DE VALORES S.A.;00806535000154;Avenida Brigadeiro Faria Lima;3900;10º andar;Jardim Paulistano;São Paulo;SP;04538-132;(11) 3504-6800;;;www.planner.com.br;informacoesregulatorias@planner.com.br;2026-07-01;1;22503991000168;1;0;7392739.89;17.1176620025298;431877.89833141;-0.001928;0;0;0.000202901768805503
Classe;22.646.161/0001-90;2026-07-01;1;2026-08-14;IZAR FUNDO DE INVESTIMENTO IMOBILIÁRIO - FII;2016-04-04;INVESTIDOR PROFISSIONAL;BR0DWKCTF002;394588.62966;N;N;;Multicategoria;Ativa;Indeterminado;;31/12;N;N;S;N;N;OLIVEIRA TRUST DTVM S.A.;36113876000191;Av. das Américas;3434;Bl. 7 Grupo 201;Barra da Tijuca;Rio de Janeiro;RJ;22640-102;(21) 3514-0000;;;www.oliveiratrust.com.br;ger2.fundos@oliveiratrust.com.br;2026-07-01;1;22646161000190;5;;249103014.35;631.298004112894;394588.62966;-0.003526;0;0;0.000183
Classe;22.862.226/0001-34;2026-07-01;1;2026-08-14;ALIANZA MULTIOFFICES - FUNDO DE INVESTIMENTO IMOBILIÁRIO;2015-07-07;INVESTIDORES EM GERAL;BRMTOFCTF003;1941019;N;N;;Multicategoria;Ativa;Indeterminado;;31/12;S;N;N;S;N;OLIVEIRA TRUST DTVM S.A.;36113876000191;Av. das Américas;3434;Bl. 7 Grupo 201;Barra da Tijuca;Rio de Janeiro;RJ;22640-102;(21) 3514-0000;;;www.oliveiratrust.com.br;ger2.fundos@oliveiratrust.com.br;2026-07-01;1;22862226000134;3;;81910332.74;42.1996553047652;1941019;-0.00977;0;0;0.000195
Classe;23.120.006/0001-06;2026-07-01;1;2026-08-07;FUNDO DE INVESTIMENTO IMOBILIÁRIO CONTAGEM BTS - FII;2016-08-09;INVESTIDOR QUALIFICADO;;454179.4301;N;N;;Logística;Ativa;Indeterminado;;31/12;N;N;S;N;N;INTRA INVESTIMENTOS DTVM LTDA;15489568000195;RUA JOAQUIM FLORIANO;1120;5º ANDAR;ITAIM BIBI;SÃO PAULO;SP;04534004;(11) 31985151;;;www.intrainvestimentos.com.br;administracao.fundos@intrainvestimentos.com.br;2026-07-01;1;23120006000106;28;28;12504067.44;27.5311179047604;454179.4301;-0.002194;0;0;0.001382
Classe;23.120.027/0001-13;2026-07-01;1;2026-08-12;V2 RECEBÍVEIS FII RL;2018-04-27;INVESTIDORES EM GERAL;BRVVCRCTF000;18278958;N;N;;Multicategoria;Ativa;Indeterminado;;31/12;S;N;N;S;N;BTG PACTUAL SERVICOS FINANCEIROS S.A. DISTRIBUIDOR;59281253000123;Praia de Botafogo;501;6º Andar;Botafogo;Rio de Janeiro;RJ;22.250-040;55 11 3383-3102;;;www.btgpactual.com;ri.fundoslistados@btgpactual.com;2026-07-01;1;23120027000113;2249;2238;186981463.03;10.229328;18278958;0;0;0;0.001
Classe;23.179.381/0001-13;2026-07-01;1;2026-08-14;NIHAL - FUNDO DE INVESTIMENTO IMOBILIÁRIO - FII;2016-04-08;INVESTIDOR PROFISSIONAL;000000000000;147542.48414343;N;N;;Multicategoria;Ativa;Indeterminado;;31/12;N;N;S;N;N;OLIVEIRA TRUST DTVM S.A.;36113876000191;Av. das Américas;3434;Bl. 7 Grupo 201;Barra da Tijuca;Rio de Janeiro;RJ;22640-102;(21) 3514-0000;;;www.oliveiratrust.com.br;ger2.fundos@oliveiratrust.com.br;2026-07-01;1;23179381000113;1;;46306616.37;313.85276341819;147542.48414343;-0.001195;0;0;0.000396
Classe;23.426.470/0001-17;2026-07-01;2;2026-08-24;FII TRIPLE A ORDINARIA;2022-09-01;INVESTIDOR QUALIFICADO;BR0FJECTF007;6499087.9999;N;N;;Logística;Ativa;Indeterminado;;30/12;N;S;N;N;S;VÓRTX DTVM LTDA;22610500000188;Rua Gilberto Sabino;215;4º ANDAR;Pinheiros;São Paulo;SP;5425020;11 3030-7177;;;www.vortx.com.br;fundos@vortx.com.br;2026-07-01;2;23426470000117;2;0;505005880.8;77.70411492;6499087.9999;0.00384968;0.00878479;0;2.2E-05
Classe;23.532.837/0001-87;2026-07-01;2;2026-08-24;FUNDO DE INVESTIMENTO IMOB JK E;2024-10-15;INVESTIDOR PROFISSIONAL;BRJKEFCTF009;223700582.5864;N;N;;Escritórios;Ativa;Indeterminado;;31/12;N;N;S;N;N;VÓRTX DTVM LTDA;22610500000188;Rua Gilberto Sabino;215;4º ANDAR;Pinheiros;São Paulo;SP;5425020;11 3030-7177;;;www.vortx.com.br;fundos@vortx.com.br;2026-07-01;2;23532837000187;2;0;967384629.59;4.32446182;223700582.5864;0.00342329;0;0;4.1E-05
Classe;23.533.796/0001-43;2026-07-01;2;2026-08-24;FUNDO DE INVESTIMENTO IMOB JK D;2024-10-15;INVESTIDOR PROFISSIONAL;BRJKDFCTF001;94829479.7983;N;N;;Escritórios;Ativa;Indeterminado;;31/12;N;N;S;N;N;VÓRTX DTVM LTDA;22610500000188;Rua Gilberto Sabino;215;4º ANDAR;Pinheiros;São Paulo;SP;5425020;11 3030-7177;;;www.vortx.com.br;fundos@vortx.com.br;2026-07-01;2;23533796000143;2;0;608575577.95;6.41757794;94829479.7983;0.00142151;0;0;3.5E-05
Classe;23.537.203/0001-17;2026-07-01;1;2026-08-14;FII MV9;2015-12-17;INVESTIDOR QUALIFICADO;BRMVFICTF001;78155673;N;N;;Multicategoria;Ativa;Indeterminado;;31/12;N;N;S;N;N;BTG PACTUAL SERVICOS FINANCEIROS S.A. DISTRIBUIDOR;59281253000123;Praia de Botafogo;501;6º Andar;Botafogo;Rio de Janeiro;RJ;22.250-040;55 11 3383-3102;;;www.btgpactual.com;ri.fundoslistados@btgpactual.com;2026-07-01;1;23537203000117;1;0;110507780.51;1.413944;78155673;0.018945;0.009332;0;0.000289
Classe;23.538.112/0001-04;2026-07-01;1;2026-08-14;FUNDO DE INVESTIMENTO IMOBILIARIO SF - FII;2015-10-16;INVESTIDORES EM GERAL;BRSPTWCTF002;49921155.7092531;N;N;;Escritórios;Ativa;Indeterminado;;31/12;N;N;S;N;N;BANCO GENIAL S.A.;45246410000155;Praia de Botafogo;228;9º;Botafogo;Rio de Janeiro;RJ;20091-020;(11)3524-8888;(11) 2137-8888;0800 605 8888;https://www.genialinvestimentos.com.br/;Structured-Funds@genial.com.vc;2026-07-01;1;23538112000104;1;;50299380.35;1.0075764399957;49921155.7092531;0.012018;0.105789;0;0.00036404007112187
Classe;23.570.871/0001-46;2026-07-01;1;2026-08-14;TM FII RL;2015-12-17;INVESTIDOR PROFISSIONAL;BRTMFICTF005;1557498563;N;N;;Multicategoria;Ativa;Indeterminado;;31/12;N;N;N;N;N;BTG PACTUAL SERVICOS FINANCEIROS S.A. DISTRIBUIDOR;59281253000123;Praia de Botafogo;501;6º Andar;Botafogo;Rio de Janeiro;RJ;22.250-040;55 11 3383-3102;;;www.btgpactual.com;ri.fundoslistados@btgpactual.com;2026-07-01;1;23570871000146;2;0;506201518.7;0.325009;1557498563;0.005347;0.004951;0;0.000125
Classe;23.648.935/0001-84;2026-07-01;1;2026-08-12;MAUA CAP RE FII RL;2019-08-21;INVESTIDORES EM GERAL;BRMCCICTF008;16960024;N;N;;Multicategoria;Ativa;Indeterminado;;30/06;S;N;N;S;N;BTG PACTUAL SERVICOS FINANCEIROS S.A. DISTRIBUIDOR;59281253000123;Praia de Botafogo;501;6º Andar;Botafogo;Rio de Janeiro;RJ;22.250-040;55 11 3383-3102;;;www.btgpactual.com;ri.fundoslistados@btgpactual.com;2026-07-01;1;23648935000184;125262;124845;1594206894.77;93.997915;16960024;0;0;0;0.000795
Classe;23.740.527/0001-58;2026-07-01;1;2026-08-12;FUNDO DE INVESTIMENTO IMOBILIÁRIO GREEN TOWERS;2017-07-11;INVESTIDORES EM GERAL;BRGTWRCTF003;12000000;N;N;;Escritórios;Ativa;Indeterminado;;31/12;S;N;N;S;N;BEM DTVM LTDA;00066670000100;Núcleo Cidade de Deus;S/N;Prédio Prata - 4º Andar;Vila Yara;Osasco;SP;06029-900;(11) 3684-4522;;;www.bradescobemdtvm.com.br;bemdtvm@bradesco.com.br;2026-07-01;1;23740527000158;32731;;1216454221.68;101.37118514;12000000;-0.000104;0;0;0.000296
Classe;23.740.595/0001-17;2026-07-01;1;2026-08-12;FUNDO DE INVESTIMENTO IMOBILIÁRIO VOTORANTIM SHOPPING;2018-08-30;INVESTIDORES EM GERAL;BRVSHOCTF002;2098800;N;N;;Shoppings;Ativa;Indeterminado;;30/06;S;N;N;S;N;TIVIO CAPITAL DISTRIBUIDORA DE TÍTULOS E VALORES MOBILIÁRIOS;03384738000198;Avenida Faria Lima;4300;7º andar;Vila Olímpia;São Paulo;SP;04538-132;(11) 5171-5003;;;www.tivio.com;ri@tivio.com;2026-07-01;1;23740595000117;2795;;249540046.95;118.896534662664;2098800;0.001619;0;0;8E-05
Classe;23.768.027/0001-24;2026-07-01;1;2026-08-14;TOP CENTER FII RL;2016-07-01;INVESTIDOR QUALIFICADO;BR0PYDCTF007;322214000;N;N;;Shoppings;Ativa;Indeterminado;;31/12;N;N;S;N;N;BTG PACTUAL SERVICOS FINANCEIROS S.A. DISTRIBUIDOR;59281253000123;Praia de Botafogo;501;6º Andar;Botafogo;Rio de Janeiro;RJ;22.250-040;55 11 3383-3102;;;www.btgpactual.com;ri.fundoslistados@btgpactual.com;2026-07-01;1;23768027000124;1;0;424645802.82;1.3179;322214000;0.009592;0.005711;0;7.5E-05
Classe;23.781.211/0001-04;2026-07-01;1;2026-08-14;FII NORTHWEST;2015-12-23;INVESTIDOR PROFISSIONAL;BR045ACTF002;13848992.6268;S;N;;Hospital;Definida;Indeterminado;;30/12;N;N;N;N;N;VÓRTX DTVM LTDA;22610500000188;Rua Gilberto Sabino;215;4º ANDAR;Pinheiros;São Paulo;SP;5425020;11 3030-7177;;;www.vortx.com.br;fundos@vortx.com.br;2026-07-01;1;23781211000104;1;0;2256293783.81;162.92114846;13848992.6268;0.00662209;0.00373367;0;4.7E-05
Classe;23.876.086/0001-16;2026-07-01;1;2026-08-13;JT PREV FUNDO DE INVESTIMENTO IMOBILIÁRIO D. HAB;2016-11-16;INVESTIDOR QUALIFICADO;BRJTPRCTF001;214674.89786655;N;N;;Residencial;Ativa;Indeterminado;;30/06;S;S;N;S;N;PLANNER CORRETORA DE VALORES S.A.;00806535000154;Avenida Brigadeiro Faria Lima;3900;10º andar;Itaim Bibi;São Paulo;SP;04538-132;(11) 2172-2600;0800 179 444;(11) 2172-2667;www.planner.com.br;informacoesregulatorias@planner.com.br;2026-07-01;1;23876086000116;7;0;6669876.68;31.0696627611592;214674.89786655;-0.004204;0;0;0.001829
Classe;23.964.843/0001-03;2026-06-01;1;2026-07-15;BRIO REAL ESTATE II;2018-07-06;INVESTIDORES EM GERAL;BRBRIMCTF008;0;N;N;;Residencial;Ativa;Determinado;2026-06-30;30/06;S;N;N;S;N;BRL TRUST DTVM S.A.;13486793000142;Rua Alves Guimarães;1216;;Pinheiros;São Paulo;SP;05410-002;(11) 3509-0600;;;www.apexgroup.com/apex-brazil/;infolegal@apexgroup.com;2026-06-01;1;23964843000103;714;680;0;0;0;0;0;;
Classe;23.964.908/0001-10;2026-01-01;1;2026-02-12;PRIME 16 - FI IMOBILIÁRIO RL;2016-01-04;INVESTIDOR PROFISSIONAL;BR00KGCTF006;542458.95695689;S;N;;Multicategoria;Definida;Determinado;2030-12-23;31/12;N;N;S;N;N;SANTANDER CACEIS BRASIL DTVM S.A.;62318407000119;Rua Amador Bueno;474;;Santo Amaro;São Paulo;SP;04752-005;(11) 5538-5489;;;www.s3dtvm.com.br;SC_fundosimobiliarios@s3caceis.com.br;2026-01-01;1;23964908000110;1;;21231406.84;39.1391948970755;542458.95695689;0.019272;0;0.19880661251642;0.00454
Classe;24.514.406/0001-50;2026-07-01;1;2026-08-11;PRAIA DO CASTELO FUNDO DE INVESTIMENTO IMOBILIÁRIO;2021-06-15;INVESTIDOR PROFISSIONAL;BRPCASCTF004;70000;N;N;;Multicategoria;Ativa;Indeterminado;;31/12;S;N;N;S;N;PLANNER CORRETORA DE VALORES S.A.;00806535000154;Avenida Brigadeiro Faria Lima;3900;10º andar;Itaim Bibi;São Paulo;SP;04538-132;(11) 2172-2600;0800 179 444;(11) 2172-2667;www.planner.com.br;inforegulatorio@planner.com.br;2026-07-01;1;24514406000150;100;100;267044234.57;3814.91763671429;70000;2.2E-05;0;0;0.000905
Classe;24.774.904/0001-32;2026-07-01;1;2026-08-12;NF CAPITAL FUNDO DE INVESTIMENTO IMOBILIÁRIO;2017-09-22;INVESTIDOR PROFISSIONAL;BR04OTCTF003;37834.90731346;N;N;;Multicategoria;Ativa;Indeterminado;;31/12;N;N;S;N;N;FINAXIS CORRETORA;03317692000194;Avenida Paulista;1842;Torre Norte, térreo, loja 08;Bela Vista;São Paulo;SP;01310-923;(11) 3526 9001;;;http://finaxis.com.br/;atendimento.regulatorio@finaxis.com.br;2026-07-01;1;24774904000132;1;1;-5269371.53;-139.272748479164;37834.90731346;-0.008752;0;0;0.003564
Classe;24.796.967/0001-90;2026-07-01;1;2026-08-12;LOFT II D FII RL;2018-09-27;INVESTIDOR QUALIFICADO;BRLFTTCTF020;665000;N;N;;Residencial;Ativa;Indeterminado;;31/12;S;N;N;S;N;BTG PACTUAL SERVICOS FINANCEIROS S.A. DISTRIBUIDOR;59281253000123;Praia de Botafogo;501;6º Andar;Botafogo;Rio de Janeiro;RJ;22.250-040;55 11 3383-3102;;;www.btgpactual.com;ri.fundoslistados@btgpactual.com;2026-07-01;1;24796967000190;8;4;16444908.21;24.729185;665000;-2E-06;-2E-06;0;0.000958
Classe;24.853.044/0001-22;2026-07-01;1;2026-08-14;VINCI LOGISTICA FUNDO DE INVESTIMENTO IMOBILIARIO;2018-12-10;INVESTIDORES EM GERAL;BRVILGCTF001;14997396;N;N;;Logística;Ativa;Indeterminado;;31/12;S;N;N;S;N;BRL TRUST DTVM S.A.;13486793000142;Rua Alves Guimarães;1216;;Pinheiros;São Paulo;SP;05410-002;(11) 3509-0600;;;www.apexgroup.com/apex-brazil/;infolegal@apexgroup.com;2026-07-01;1;24853044000122;149265;;1639545786.55;109.322030741203;14997396;0.007495;0.007501;;0.000670201813828082
Classe;24.853.060/0001-15;2026-07-01;1;2026-08-14;FII XPCE RE;2016-12-27;INVESTIDOR QUALIFICADO;BRXPCECTF006;39530.4291;N;N;;Multicategoria;Ativa;Indeterminado;;30/12;N;N;S;N;N;VÓRTX DTVM LTDA;22610500000188;Rua Gilberto Sabino;215;4º ANDAR;Pinheiros;São Paulo;SP;5425020;11 3030-7177;;;www.vortx.com.br;fundos@vortx.com.br;2026-07-01;1;24853060000115;2;0;41045947.66;1038.3380258;39530.4291;0.00205397;0;0;0.00042
Classe;24.960.430/0001-13;2026-07-01;1;2026-08-14;KINEA INDICES DE PREÇOS FII RESPONSABILIDADE LIMITADA;2016-09-16;INVESTIDOR QUALIFICADO;BRKNIPCTF001;80078186;N;N;;Multicategoria;Ativa;Indeterminado;;30/06;S;N;N;S;N;INTRAG DISTRIBUIDORA DE TÍTULOS E VALORES MOBILIÁRIOS LTDA;62418140000131;AV BRIGADEIRO FARIA LIMA;3400;10º Andar;ITAIM BIBI;SÃO PAULO;SP;04538132;55 (11) 30726012;;;www.intrag.com.br;produtosestruturados@itau-unibanco.com.br;2026-07-01;1;24960430000113;73168;;7435551675.84;92.8536477567062;80078186;0.018971;0.01032;0;0.000913
Classe;24.976.492/0001-13;2026-07-01;1;2026-08-04;FII PLANNER 3731 - IRON CAPITAL REAL ESTATE I FII RL;2019-06-03;INVESTIDOR QUALIFICADO;;11084.44757127;N;N;;Multicategoria;Ativa;Indeterminado;;31/12;N;N;S;N;N;PLANNER CORRETORA DE VALORES S.A.;00806535000154;Avenida Brigadeiro Faria Lima;3900;10º andar;Jardim Paulistano;São Paulo;SP;04538-132;(11) 3504-6800;;;www.planner.com.br;informacoesregulatorias@planner.com.br;2026-07-01;1;24976492000113;14;7;482309362.8;43512.2598306213;11084.44757127;-0.000716;0;0;0.000111961334705402
Classe;25.032.881/0001-53;2026-07-01;3;2026-08-26;FII TG ATIVO REAL;2016-12-09;INVESTIDORES EM GERAL;BRTGARCTF009;23567968.3637;N;N;;Multicategoria;Ativa;Indeterminado;;30/12;S;N;N;S;N;VÓRTX DTVM LTDA;22610500000188;Rua Gilberto Sabino;215;4º ANDAR;Pinheiros;São Paulo;SP;5425020;11 3030-7177;;;www.vortx.com.br;fundos@vortx.com.br;2026-07-01;3;25032881000153;129261;128963;2527328643.75;107.23574492;23567968.3637;-0.00071497;0.00666463;0;6.1E-05
Classe;26.091.656/0001-50;2026-07-01;1;2026-08-11;OURINVEST JPP FUNDO DE INVESTIMENTO IMOBILIÁRIO RL;2016-11-30;INVESTIDORES EM GERAL;BROUJPCTF006;3252384;N;N;;Multicategoria;Ativa;Indeterminado;;30/06;S;N;N;S;N;FINAXIS CORRETORA;03317692000194;Avenida Paulista;1842;Torre Norte , Térreo, Loja 08;Bela Vista;São Paulo;SP;01310-923;(11) 3526 9001;;;http://finaxis.com.br/;atendimento.regulatorio@finaxis.com.br;2026-07-01;1;26091656000150;24684;24617;319062700.11;98.1011775085599;3252384;0.002873;0.012164;0;0.000713
Classe;26.191.053/0001-20;2026-07-01;1;2026-08-14;FII GOLDEN WEST;2016-12-28;INVESTIDOR QUALIFICADO;BR00DXCTF006;167445.2861;N;N;;Multicategoria;Ativa;Indeterminado;;31/12;N;N;S;N;N;VÓRTX DTVM LTDA;22610500000188;Rua Gilberto Sabino;215;4º ANDAR;Pinheiros;São Paulo;SP;5425020;11 3030-7177;;;www.vortx.com.br;fundos@vortx.com.br;2026-07-01;1;26191053000120;1;0;61253688.74;365.81315697;167445.2861;-0.00648608;0;0;0.000367
Classe;26.269.251/0001-60;2026-07-01;1;2026-08-13;WHITE BEAR FUNDO DE INVESTIMENTO IMOBILIARIO FII;2016-09-22;INVESTIDOR QUALIFICADO;0;31977.3176153;N;N;;Outros;Ativa;Indeterminado;;31/12;N;N;S;N;N;SEFER INVESTIMENTOS DTVM LTDA;00329598000167;AV BRIGADEIRO FARIA LIMA;3900;6º ANDAR;ITAIM BIBI;SÃO PAULO;SP;01451-000;11 3113-0060;;;www.seferinvestimentos.com.br;informeslegais@seferinvestimentos.com.br;2026-07-01;1;26269251000160;2;0;10698736.9;334.572681445958;31977.3176153;0;0;0;0
Classe;26.452.053/0001-37;2026-07-01;1;2026-08-12;FUNDO DE INVESTIMENTO IMOBILIÁRIO ANTILHAS;2019-08-29;INVESTIDOR PROFISSIONAL;BR0S7QCTF000;302488.83706894;N;N;;Multicategoria;Ativa;Indeterminado;;31/12;N;N;S;N;N;MONETAR DTVM;12063256000127;Rua Joaquim Floriano, nº 100, 18º andar, Itaim Bibi, SP, CEP 4534000;100;18;ITAIM BIBI;SÃO PAULO;SP;4534000;(011) 3165-6000;;;www.terrainvestimentos.com.br;admfundos@terrainvestimentos.com.br;2026-07-01;1;26452053000137;1;0;686013050.21;2267.89542667868;302488.83706894;0.010456;0;0;0
Classe;26.452.179/0001-01;2026-07-01;1;2026-08-04;FII PLANNER 2593 - VIRACONDO FII;2018-11-30;INVESTIDOR PROFISSIONAL;BRVRCDCTF008;28762400.930483;N;N;;Outros;Ativa;Indeterminado;;31/12;N;N;S;N;N;PLANNER CORRETORA DE VALORES S.A.;00806535000154;Avenida Brigadeiro Faria Lima;3900;10º andar;Jardim Paulistano;São Paulo;SP;04538-132;(11) 3504-6800;;;www.planner.com.br;informacoesregulatorias@planner.com.br;2026-07-01;1;26452179000101;9;2;39544367.06;1.3748632165853;28762400.930483;-0.034529;0;0;0.0160983681704678
Classe;26.499.833/0001-32;2026-07-01;1;2026-08-14;PATRIA MALLS FUNDO DE INVESTIMENTO IMOBILIÁRIO;2017-12-14;INVESTIDORES EM GERAL;BRMALLCTF007;17750467;N;N;;Shoppings;Ativa;Indeterminado;;31/12;S;N;N;S;N;BANCO GENIAL S.A.;45246410000155;PRAIA DE BOTAFOGO;228;9º ANDAR;BOTAFOGO;RIO DE JANEIRO;RJ;22250-906;(21) 3923-3000;(21) 3500-3000;0800 605 8888;www.genial.com.vc;middleadm@genial.com.vc;2026-07-01;1;26499833000132;136382;136147;2144817200.31;120.831592786263;17750467;0.031566;0.008467;0;0.00038514182461825
Classe;26.502.794/0001-85;2026-07-01;1;2026-08-14;XP LOG FII RL;2018-06-01;INVESTIDORES EM GERAL;BRXPLGCTF002;51390097.8938388;N;N;;Logística;Ativa;Indeterminado;;31/12;S;S;N;S;N;XP INVESTIMENTOS CORRETORA DE CÂMBIO, TÍTULOS E VAL MOB S/A;02332886000104;AVENIDA ATAULFO DE PAIVA;153;5º e 8º andares;LEBLON;RIO DE JANEIRO;RJ;22440-033;(11) 3027-2237;;;www.xpi.com.br;adm.fundos.estruturados@xpi.com.br;2026-07-01;1;26502794000185;370912;;5390513988.23;104.894020621748;51390097.8938388;0.006521;0.007807;0;0.000713
Classe;26.502.810/0001-30;2026-07-01;1;2026-08-14;XPCE RE FII 2 - FUNDO DE INVESTIMENTO IM;2017-09-28;INVESTIDOR PROFISSIONAL;BR01MFCTF002;10;N;N;;Logística;Ativa;Indeterminado;;30/12;N;N;S;N;N;VÓRTX DTVM LTDA;22610500000188;Rua Gilberto Sabino;215;4º ANDAR;Pinheiros;São Paulo;SP;5425020;11 3030-7177;;;www.vortx.com.br;fundos@vortx.com.br;2026-07-01;1;26502810000130;2;0;51308811.03;5130881.10298;10;-0.00729027;0;0;0.00069
Classe;26.545.627/0001-11;2026-07-01;1;2026-08-14;BRL VI FUNDO DE INVESTIMENTO IMOBILIÁRIO;2017-03-22;INVESTIDOR QUALIFICADO;;752.0326;N;N;;Multicategoria;Ativa;Indeterminado;;31/12;N;N;S;N;N;BRL TRUST DTVM S.A.;13486793000142;Rua Alves Guimarães;1216;;Pinheiros;São Paulo;SP;05410-002;(11) 3509-0600;;;www.apexgroup.com/apex-brazil/;infolegal@apexgroup.com;2026-07-01;1;26545627000111;1;;145018342.17;192835.180509462;752.0326;-0.003911;;;0.000213729446470061
Classe;26.614.291/0001-00;2026-07-01;3;2026-08-20;ZAGROS RENDA IMOBILIÁRIA FII RESPONSABIL;2026-03-11;INVESTIDORES EM GERAL;BRGGRCCTF002;214246664;S;N;;Multicategoria;Ativa;Indeterminado;;30/06;S;N;N;S;N;VÓRTX DTVM LTDA;22610500000188;Rua Gilberto Sabino;215;4º ANDAR;Pinheiros;São Paulo;SP;5425020;11 3030-7177;;;www.vortx.com.br;fundos@vortx.com.br;2026-07-01;3;26614291000100;395823;395460;2378493625.66;11.10166003;214246664;0.02076938;0.01354704;0;3.3E-05
Classe;26.642.727/0001-66;2026-07-01;1;2026-08-14;DIAMANTE FII RL;2016-11-10;INVESTIDORES EM GERAL;BRDAMTCTF007;17779747;N;N;;Shoppings;Definida;Determinado;2027-02-14;31/12;S;N;N;S;N;BTG PACTUAL SERVICOS FINANCEIROS S.A. DISTRIBUIDOR;59281253000123;Praia de Botafogo;501;6º Andar;Botafogo;Rio de Janeiro;RJ;22.250-040;55 11 3383-3102;;;www.btgpactual.com;ri.fundoslistados@btgpactual.com;2026-07-01;1;26642727000166;581;579;258801445.93;14.555969;17779747;0.014549;0.007283;0;0.000124
Classe;26.642.834/0001-94;2026-07-01;1;2026-08-14;JIVE ATIVOS IMOBILIÁRIOS II - FII;2018-08-01;INVESTIDOR PROFISSIONAL;;132971995.962992;N;N;;Outros;Ativa;Indeterminado;;31/12;N;S;N;N;S;BANCO MODAL S.A.;30723886000162;Rua Alves Guimarães;1216;;Pinheiros;Sâo Paulo;SP;05410-002;(11) 3509-0600;;;www.apexgroup.com/apex-brazil/;infolegal@apexgroup.com;2026-07-01;1;26642834000194;1;;128672290.97;0.967664582592348;132971995.962992;-0.000208;;;0
Classe;26.681.370/0001-25;2026-07-01;1;2026-08-14;FII TELLUS PROP;2019-09-23;INVESTIDORES EM GERAL;BRTEPPCTF006;49616923;N;N;;Multicategoria;Ativa;Indeterminado;;31/12;S;N;N;S;N;BTG PACTUAL SERVICOS FINANCEIROS S.A. DISTRIBUIDOR;59281253000123;Praia de Botafogo;501;6º Andar;Botafogo;Rio de Janeiro;RJ;22.250-040;55 11 3383-3102;;;www.btgpactual.com;ri.fundoslistados@btgpactual.com;2026-07-01;1;26681370000125;44878;44755;468116382.77;9.434611;49616923;-0.001929;0.006224;0;0.000771
Classe;26.813.118/0001-22;2026-07-01;1;2026-08-14;PANORAMA PROPERTIES - FII;2021-02-11;INVESTIDOR PROFISSIONAL;BRPNPRCTF001;897816.75236937;N;N;;Multicategoria;Ativa;Indeterminado;;31/12;S;S;N;S;N;BRL TRUST DTVM S.A.;13486793000142;Rua Alves Guimarães;1216;;Pinheiros;São Paulo;SP;05410-002;(11) 3509-0600;;;www.apexgroup.com/apex-brazil/;infolegal@apexgroup.com;2026-07-01;1;26813118000122;15;;34755741.99;38.7113983987026;897816.75236937;-0.001102;;;0
Classe;26.846.134/0001-11;2026-07-01;1;2026-08-13;FUNDO DE INVESTIMENTO IMOBILIARIO BRASIL;2021-10-18;INVESTIDOR PROFISSIONAL;BR01M9CTF002;128322.3368;N;N;;Multicategoria;Definida;Indeterminado;;30/06;S;S;N;S;N;.BANCO DAYCOVAL S/A;62232889000190;Avenida Paulista;1793;2º Andar;Bela Vista;São Paulo;SP;01311200;0300 111 0500;11 3563-4389;11 3563-4318;www.daycoval.com.br/investimentos/servicos-fiduciarios;informes.regulatorios@bancodaycoval.com.br;2026-07-01;1;26846134000111;1;;27056023.98;210.84422749;128322.3368;-0.00027223;0;0;7.8E-05
Classe;26.846.280/0001-47;2026-07-01;1;2026-08-14;FUTURO FUNDO INVESTIMENTO IMOBILIARIO;2023-09-22;INVESTIDOR QUALIFICADO;BR00MQCTF001;29081.6508;N;N;;Multicategoria;Ativa;Indeterminado;;28/06;N;S;N;S;N;VÓRTX DTVM LTDA;22610500000188;Rua Gilberto Sabino;215;4º ANDAR;Pinheiros;São Paulo;SP;5425020;11 3030-7177;;;www.vortx.com.br;fundos@vortx.com.br;2026-07-01;1;26846280000147;1;0;12312866.7;423.3895379;29081.6508;-0.00186196;0;0;0.0012
Classe;26.990.011/0001-50;2026-07-01;1;2026-08-13;TREECORP REAL ESTATE FII - RESPONSABILIDADE LIMITADA;2017-01-20;INVESTIDORES EM GERAL;BRTCPFCTF001;297327;N;S;;Multicategoria;Ativa;Indeterminado;;31/12;S;N;N;S;N;BR-CAPITAL DIST. DE TÍTULOS E VALORES MOBILIÁRIOS S/A;44077014000189;RUA SURUBIM;577;CONJ. 101;CIDADE MONÇÕES;SÃO PAULO;SP;04571-050;(11) 5508-3500;;;www.brcapital.com.br;fundos@brcapital.com.br;2026-07-01;1;26990011000150;47;;27910021.08;93.8697833698251;297327;0.001804;0;0;0.000468
Classe;27.368.617/0001-10;2026-07-01;1;2026-08-14;FUNDO DE INVESTIMENTO IMOB. QUINTAS;2018-03-22;INVESTIDOR QUALIFICADO;BRQNTSCTF009;1363236;N;N;;Logística;Ativa;Indeterminado;;31/12;N;N;S;N;N;VÓRTX DTVM LTDA;22610500000188;Rua Gilberto Sabino;215;4º ANDAR;Pinheiros;São Paulo;SP;5425020;11 3030-7177;;;www.vortx.com.br;fundos@vortx.com.br;2026-07-01;1;27368617000110;135;131;245409334.78;180.019699289;1363236;0.01415016;0.0009568;0;0.000135
Classe;27.368.863/0001-72;2026-07-01;1;2026-08-13;FUNDO DE INVESTIMENTO IMOBILIÁRIO COLATERAL;2018-01-25;INVESTIDOR QUALIFICADO;BR09FRCTF004;84585.82;N;N;;Outros;Ativa;Indeterminado;;31/12;N;S;N;N;S;PLANNER CORRETORA DE VALORES S.A.;00806535000154;Avenida Brigadeiro Faria Lima;3900;10º andar;Itaim Bibi;São Paulo;SP;04538-132;(11) 2172-2600;0800 179 444;(11) 2172-2667;www.planner.com.br;informacoesregulatorias@planner.com.br;2026-07-01;1;27368863000172;1;1;42213179.27;499.057398391362;84585.82;-0.000383;0;0;0.000249
Classe;27.445.482/0001-40;2026-07-01;1;2026-08-13;HEDGE AAA FUNDO DE INVESTIMENTO IMOBILIÁRIO;2020-11-26;INVESTIDORES EM GERAL;BRHAAACTF003;3455000;N;N;;Escritórios;Ativa;Indeterminado;;30/06;S;N;N;S;N;HEDGE INVESTMENTS DTVM LTDA;07253654000176;AVENIDA BRIGADEIRO FARIA LIMA;3600;11º ANDAR CJ 112;ITAIM BIBI;SÃO PAULO;SP;04538-132;(11) 5412-5400;;;www.hedgeinvest.com.br;dtvm@hedgeinvest.com.br;2026-07-01;1;27445482000140;220;;224855729.85;65.0812532127352;3455000;0.007405;0;0;0.000273
Classe;27.486.542/0001-72;2026-07-01;1;2026-08-13;HEDGE LOGÍSTICA FUNDO DE INVESTIMENTO IMOBILIÁRIO;2017-04-27;INVESTIDORES EM GERAL;BRHLOGCTF008;42500000;N;N;;Logística;Ativa;Indeterminado;;31/12;S;N;N;S;N;HEDGE INVESTMENTS DTVM LTDA;07253654000176;AVENIDA BRIGADEIRO FARIA LIMA;3600;11º ANDAR CJ 112;ITAIM BIBI;SÃO PAULO;SP;04538-132;(11) 5412-5400;;;www.hedgeinvest.com.br;dtvm@hedgeinvest.com.br;2026-07-01;1;27486542000172;4016;;504488043.88;11.8703069148235;42500000;0.011297;0.006097;0;0.000729
Classe;27.538.422/0001-71;2026-07-01;1;2026-08-14;FUNDO IMOBILIÁRIO SUCCESPAR;2019-12-19;INVESTIDOR QUALIFICADO E PROFISSIONAL;BRSPVJCTF005;6312090;N;N;;Varejo;Ativa;Indeterminado;;30/12;N;N;S;N;N;VÓRTX DTVM LTDA;22610500000188;Rua Gilberto Sabino;215;4º ANDAR;Pinheiros;São Paulo;SP;5425020;11 3030-7177;;;www.vortx.com.br;fundos@vortx.com.br;2026-07-01;1;27538422000171;22;3;155327441.31;24.60792563;6312090;0.01098453;0.00627131;0;0.000228
Classe;27.538.477/0001-81;2026-07-01;1;2026-08-14;HARMONIA FUNDO INVESTIMENTO IMOBILIARIO;2018-12-11;INVESTIDOR PROFISSIONAL;BR00RKCTF003;294.9552;N;N;;Multicategoria;Ativa;Indeterminado;;30/12;S;N;N;S;N;VÓRTX DTVM LTDA;22610500000188;Rua Gilberto Sabino;215;4º ANDAR;Pinheiros;São Paulo;SP;5425020;11 3030-7177;;;www.vortx.com.br;fundos@vortx.com.br;2026-07-01;1;27538477000181;1;0;44844827.39;154515.62229057;294.9552;0.00325598;0;0;0.000686
Classe;27.539.651/0001-00;2026-07-01;1;2026-08-04;FII PLANNER 2410 - TRADE INVEST CARE II FII;2020-06-25;INVESTIDOR PROFISSIONAL;BR0DLZCTF003;30730.43332326;N;N;;Multicategoria;Ativa;Indeterminado;;31/12;N;N;S;N;N;PLANNER CORRETORA DE VALORES S.A.;00806535000154;Avenida Brigadeiro Faria Lima;3900;10º andar;Jardim Paulistano;São Paulo;SP;04538-132;(11) 3504-6800;;;www.planner.com.br;informacoesregulatorias@planner.com.br;2026-07-01;1;27539651000100;1;0;143601085.7;4672.92745889488;30730.43332326;-0.000201;0;0;0.000334259311244191
Classe;27.590.950/0001-70;2026-07-01;1;2026-08-14;FUNDO DE INVESTIMENTO IMOBILIÁRIO JAGUAR RL;2023-08-16;INVESTIDOR PROFISSIONAL;BR0I6JCTF009;3272.76326284;N;N;;Outros;Ativa;Indeterminado;;31/12;S;S;N;S;N;TRUSTEE DISTRIBUIDORA DE TITULOS E VALORES MOBILIARIOS LTDA.;67030395000146;Avenida Brigadeiro Faria Lima;3.732;14º andar;Itaim Bibi;São Paulo;SP;04538-132;0800 930 0930;;;www.trusteedtvm.com.br;ouvidoria@trusteedtvm.com.br;2026-07-01;1;27590950000170;1;;1621085.5;495.326233463423;3272.76326284;-0.007333;0;0;0.001357
Classe;27.771.547/0001-47;2026-07-01;1;2026-08-14;SJ AU LOGÍSTICA FII;2020-10-02;INVESTIDORES EM GERAL;BRSJAUCTF009;793224.8;N;N;;Hospital;Definida;Indeterminado;;30/12;S;N;N;S;N;VÓRTX DTVM LTDA;22610500000188;Rua Gilberto Sabino;215;4º ANDAR;Pinheiros;São Paulo;SP;5425020;11 3030-7177;;;www.vortx.com.br;fundos@vortx.com.br;2026-07-01;1;27771547000147;860;820;11759023.74;14.8243269;793224.8;-0.00147583;0;0;0.00264
Classe;27.771.586/0001-44;2026-07-01;1;2026-08-12;GRUPO RCFA FUNDO DE INVESTIMENTO IMOBILIARIO;2018-07-26;INVESTIDOR PROFISSIONAL;BRRCFACTF007;583926.07550609;N;N;;Multicategoria;Ativa;Indeterminado;;31/12;S;N;N;S;N;TERRA INVESTIMENTOS DTVM;03751794000113;Rua Joaquim Floriano, nº 100, 18º andar, Itaim Bibi, SP, CEP 4534000;100;18;ITAIM BIBI;SÃO PAULO;SP;4534000;(011) 3165-6000;;;www.terrainvestimentos.com.br;admfundos@terrainvestimentos.com.br;2026-07-01;1;27771586000144;279;56;10545262;18.059241473093;583926.07550609;-0.003141;0;0;0.00221
Classe;27.773.327/0001-52;2026-07-01;1;2026-08-14;AIRPORT TOWN FUNDO DE INVESTIMENTO IMOBILIARIO - FII;2018-12-14;INVESTIDOR PROFISSIONAL;;160757.049249;N;N;;Multicategoria;Definida;Indeterminado;;31/12;N;N;S;N;N;ID CORRETORA DE TITULOS E VALORES MOBILIARIOS S.A.;16695922000109;AV PRES JUSCELINO KUBITSCHEK;1726;19 ANDAR;VILA NOVA CONCEICAO;SÃO PAULO;SP;04543000;11 4637 6633;;;WWW.IDSF.COM.BR;administracao@idsf.com.br;2026-07-01;1;27773327000152;2;2;334807099.05;2082.6900009306;160757.049249;0.005178;0;0;0
Classe;27.882.272/0001-19;2026-07-01;1;2026-08-04;FII PLANNER 3572 - NPP FII RL;2025-10-13;INVESTIDOR QUALIFICADO;BR0ON3CTF001;10550;N;N;;Multicategoria;Ativa;Indeterminado;;30/06;N;N;S;N;N;PLANNER CORRETORA DE VALORES S.A.;00806535000154;Avenida Brigadeiro Faria Lima;3900;10º andar;Jardim Paulistano;São Paulo;SP;04538-132;(11) 3504-6800;;;www.planner.com.br;informacoesregulatorias@planner.com.br;2026-07-01;1;27882272000119;3;0;10445073.94;990.054401895735;10550;-0.000934;0;0;0.000935630523645676
Classe;28.108.193/0001-18;2026-07-01;1;2026-08-14;DEL MONTE AJAX FUNDO DE INVESTIMENTO IMOBILIÁRIO - FII DE RL;2017-12-15;INVESTIDORES EM GERAL;BRDLMTCTF004;13225796.64;N;N;;Outros;Ativa;Indeterminado;;31/12;N;N;S;N;N;TRUSTEE DISTRIBUIDORA DE TITULOS E VALORES MOBILIARIOS LTDA.;67030395000146;Avenida Brigadeiro Faria Lima;3.732;14º andar;Itaim Bibi;São Paulo;SP;04538-132;0800 930 0930;;;www.trusteedtvm.com.br;ouvidoria@trusteedtvm.com.br;2026-07-01;1;28108193000118;9;9;10348797.82;0.782470659551892;13225796.64;-0.004609;0;0;0.000643
Classe;28.152.272/0001-26;2026-07-01;1;2026-08-14;FII REC RECEBIVEIS IMOBILIARIOS;2017-10-16;INVESTIDORES EM GERAL;BRRECRCTF004;26441650;N;N;;Multicategoria;Ativa;Indeterminado;;31/12;S;N;N;S;N;BRL TRUST DTVM S.A.;13486793000142;Rua Alves Guimarães;1216;;Pinheiros;São Paulo;SP;05410-002;(11) 3509-0600;;;www.apexgroup.com/apex-brazil/;infolegal@apexgroup.com;2026-07-01;1;28152272000126;174052;;2299737481.47;86.9740534902323;26441650;0.018369;0.012704;;0.000169577985810241
Classe;28.216.384/0001-01;2026-07-01;1;2026-08-13;SICOOB AGÊNCIAS FUNDO DE INVESTIMENTO IMOBILIÁRIO;2017-09-19;INVESTIDOR QUALIFICADO;BRSCOOCTF008;3239431;N;N;;Multicategoria;Ativa;Indeterminado;;31/12;N;S;N;S;N;SICOOB DISTRIBUIDORA DE TÍTULOS E VALORES MOBILIÁRIOS LTDA.;07397614000106;SIG Quadra 06 - Lote;2080;201;Setor de Indústrias Gráficas;Brasília;DF;70610460;6132175315;6132175583;6132175525;https://www.sicoob.com.br/web/sicoob/dtvm;dtvm@sicoob.com.br;2026-07-01;1;28216384000101;1;;22426251.58;6.92289836702804;3239431;0.007485;0.001325;0;0.000892
Classe;28.267.530/0001-10;2026-07-01;1;2026-08-04;FII PLANNER 2405 - SABUGAL FII;2017-11-17;INVESTIDOR QUALIFICADO;BR0DLWCTF000;3563.71907325;N;N;;Outros;Ativa;Indeterminado;;31/12;N;N;S;N;N;PLANNER CORRETORA DE VALORES S.A.;00806535000154;Avenida Brigadeiro Faria Lima;3900;10º andar;Jardim Paulistano;São Paulo;SP;04538-132;(11) 3504-6800;;;www.planner.com.br;informacoesregulatorias@planner.com.br;2026-07-01;1;28267530000110;1;0;6528391;1831.90393681798;3563.71907325;0.080032;0;0;1.22541679871809E-05
Classe;28.267.555/0001-13;2026-07-01;1;2026-08-13;BASILICA PARTNERS LED COPORATE FII;2023-10-09;INVESTIDOR QUALIFICADO;BRBPLCCTF007;32529;N;N;;Multicategoria;Definida;Indeterminado;;29/12;S;S;N;S;N;.BANCO DAYCOVAL S/A;62232889000190;Avenida Paulista;1793;2º Andar;Bela Vista;São Paulo;SP;01311200;0300 111 0500;11 3563-4389;11 3563-4318;www.daycoval.com.br/investimentos/servicos-fiduciarios;informes.regulatorios@bancodaycoval.com.br;2026-07-01;1;28267555000113;124;;323812649.73;9954.583594;32529;0.00181269;0;0;0.000623
Classe;28.267.696/0001-36;2026-07-01;1;2026-08-14;RIZA ARCTIUM FII RL;2019-05-23;INVESTIDORES EM GERAL;BRRZATCTF009;4235042;N;N;;Multicategoria;Ativa;Indeterminado;;30/06;S;N;N;S;N;BTG PACTUAL SERVICOS FINANCEIROS S.A. DISTRIBUIDOR;59281253000123;Praia de Botafogo;501;6º Andar;Botafogo;Rio de Janeiro;RJ;22.250-040;55 11 3383-3102;;;www.btgpactual.com;ri.fundoslistados@btgpactual.com;2026-07-01;1;28267696000136;34728;34645;429595944.19;101.438414;4235042;0.001835;0.008581;0;0.000802
Classe;28.516.301/0001-91;2026-07-01;1;2026-08-14;XP CREDITO IMOBILIÁRIO FII;2022-12-29;INVESTIDORES EM GERAL;BRXPCICTF007;8701551.99991487;N;N;;Outros;Ativa;Indeterminado;;31/12;S;S;N;S;N;XP INVESTIMENTOS CORRETORA DE CÂMBIO, TÍTULOS E VAL MOB S/A;02332886000104;AVENIDA ATAULFO DE PAIVA;153;5º e 8º andares;LEBLON;RIO DE JANEIRO;RJ;22440-033;(11) 3027-2237;;;www.xpi.com.br;adm.fundos.estruturados@xpi.com.br;2026-07-01;1;28516301000191;83479;;757543686.35;87.0584565095297;8701551.99991487;0.010079;0.010676;0;0.000918
Classe;28.516.325/0001-40;2026-07-01;1;2026-08-14;INVISTA INDUSTRIAL FII;2018-07-04;INVESTIDORES EM GERAL;BRXPINCTF004;7150422;N;N;;Logística;Ativa;Indeterminado;;30/06;S;N;N;S;N;VÓRTX DTVM LTDA;22610500000188;Rua Gilberto Sabino;215;4º ANDAR;Pinheiros;São Paulo;SP;5425020;11 3030-7177;;;www.vortx.com.br;fundos@vortx.com.br;2026-07-01;1;28516325000140;35837;35750;347592173.91;48.61142096;7150422;-0.00177086;0.39532079;0;0.000233
Classe;28.548.288/0001-52;2026-07-01;1;2026-08-14;TRX REAL ESTATE FUNDO DE INVESTIMENTO IMOBILIÁRIO - FII;2019-10-15;INVESTIDOR PROFISSIONAL;BRTRXFCTF003;62430701;N;N;;Multicategoria;Ativa;Indeterminado;;31/12;S;N;N;S;N;BRL TRUST DTVM S.A.;13486793000142;Rua Alves Guimarães;1216;;Pinheiros;São Paulo;SP;05410-002;(11) 3509-0600;;;www.apexgroup.com/apex-brazil/;infolegal@apexgroup.com;2026-07-01;1;28548288000152;343736;;6059889222.16;97.0658526188902;62430701;0.023446;0.009713;;0.000830996019132681
Classe;28.693.595/0001-27;2026-07-01;1;2026-08-14;FII OURINVEST RE I - RESPONSABILIDADE LIMITADA;2018-02-23;INVESTIDORES EM GERAL;BRWTSPCTF002;1238572;N;N;;Multicategoria;Ativa;Indeterminado;;31/12;S;N;N;S;N;OURIBANK S.A. BANCO MULTIPLO;78632767000120;AV PAULISTA;1728;SLJ 1 2 3 4 5 7 ANDAR;BELA VISTA;SAO PAULO;SP;01.310-919;4081-4402;4081-4576;4081-4444;ouribank.com;admfundos@ouribank.com;2026-07-01;1;28693595000127;240;0;119094620.57;96.1547819343567;1238572;0.023883;0;0;0.000657
Classe;28.729.197/0001-13;2026-07-01;1;2026-08-14;PATRIA CREDITO IMOBILIARIO INDICE DE PRECOS FII RESP LTDA;2019-04-02;INVESTIDORES EM GERAL;BRCVBICTF001;17011707;N;N;;Outros;Ativa;Indeterminado;;31/12;S;N;N;S;N;BRL TRUST DTVM S.A.;13486793000142;Rua Alves Guimarães;1216;;Pinheiros;São Paulo;SP;05410-002;(11) 3509-0600;;;www.apexgroup.com/apex-brazil/;infolegal@apexgroup.com;2026-07-01;1;28729197000113;113625;;1572789435.34;92.4533578752561;17011707;0.004697;0.010883;;0.000761095835909673
Classe;28.737.771/0001-85;2026-07-01;1;2026-08-14;ALIANZA TRUST FII RL;2017-12-27;INVESTIDORES EM GERAL;BRALZRCTF006;164444501;N;N;;Multicategoria;Ativa;Indeterminado;;30/06;S;N;N;S;N;BTG PACTUAL SERVICOS FINANCEIROS S.A. DISTRIBUIDOR;59281253000123;Praia de Botafogo;501;6º Andar;Botafogo;Rio de Janeiro;RJ;22.250-040;55 11 3383-3102;;;www.btgpactual.com;ri.fundoslistados@btgpactual.com;2026-07-01;1;28737771000185;206111;205871;1773014664.8;10.781842;164444501;0.017145;0.009281;0;0.000813
Classe;28.757.546/0001-00;2026-07-01;1;2026-08-14;XP MALLS FII;2017-12-22;INVESTIDORES EM GERAL;BRXPMLCTF000;64308055;N;N;;Shoppings;Ativa;Indeterminado;;30/06;S;N;N;S;N;XP INVESTIMENTOS CCTVM S.A.;02332886000104;Avenida Afrânio de Melo Franco;290;Sala 606;Leblon;Rio de Janeiro;RJ;22.430-060;55 21 3265-3700;;;www.xpi.com.br;adm.fundos@xpi.com.br;2026-07-01;1;28757546000100;733101;732050;7081112753.36;110.112376;64308055;0.006488;0.007788;0;0.000627
Classe;28.851.767/0001-43;2026-07-01;1;2026-08-13;FII HOSPITAL UNIMED SUL CAPIXABA;2026-04-24;INVESTIDORES EM GERAL;BRHUSCCTF009;850821;N;N;;Outros;Definida;Indeterminado;;31/12;N;S;N;S;N;INTER DTVM LTDA.;18945670000146;AV BARBACENA;1219;21º ANDAR;SANTO AGOSTINHO;Belo Horizonte;MG;30190131;(31) 3614-5332;;;http://www.bancointer.com.br/inter-dtvm;ri.fii@interdtvm.com.br;2026-07-01;1;28851767000143;763;;127724293.22;150.1188772;850821;0.00813333;0.0075319;0;0.000376
Classe;28.893.734/0001-66;2026-04-01;1;2026-05-13;IMMOB I FII;2018-02-01;INVESTIDOR PROFISSIONAL;BRRNOVCTF002;161721;S;N;;Multicategoria;Ativa;Indeterminado;;31/12;S;S;N;S;S;BEM DTVM LTDA;00066670000100;Núcleo Cidade de Deus;S/N;Prédio Prata - 4º Andar;Vila Yara;Osasco;SP;06029-900;(11) 3684-4522;;;www.bradescobemdtvm.com.br;bemdtvm@bradesco.com.br;2026-04-01;1;28893734000166;1;;1030926.37;6.37472171208439;161721;-0.111155;0;0;0.036334
Classe;28.899.178/0001-35;2026-07-01;1;2026-08-14;HIRE PROPERTIES I FII RESP LIMITADA;2019-07-01;INVESTIDORES EM GERAL;BRHYPICTF004;1306304.2006;N;N;;Multicategoria;Ativa;Determinado;2029-07-01;30/06;S;N;N;S;N;VÓRTX DTVM LTDA;22610500000188;Rua Gilberto Sabino;215;4º ANDAR;Pinheiros;São Paulo;SP;5425020;11 3030-7177;;;www.vortx.com.br;fundos@vortx.com.br;2026-07-01;1;28899178000135;105;99;2848487.22;2.18056959;1306304.2006;0.26290137;0;0;0.008444
Classe;29.242.809/0001-01;2026-07-01;1;2026-08-13;PRAZO EDUCACIONAL - FII - RESPONSABILIDADE LIMITADA;2019-12-10;INVESTIDOR QUALIFICADO;BRPRZOCTF008;193713.19355487;N;N;;Multicategoria;Ativa;Indeterminado;;2026-12-31 00:00:00;N;N;S;N;N;QI CORRETORA DE TITULOS E VALORES MOBILIARIOS S.A;62285390000143;AVENIDA REBOUÇAS;2942;7º AO 12º ANDAR;JARDIM PAULISTANO;SÃO PAULO;SP;05402-500;(11) 2827-3500;;;https://qitech.com.br/dtvm/;fii.adm@qitech.com.br;2026-07-01;1;29242809000101;2;0;782309.45;4.03849338108407;193713.19355487;-0.355382;0;0;0.00499352
Classe;29.242.844/0001-20;2026-07-01;1;2026-08-13;TRANCOSO - FUNDO DE INVESTIMENTO IMOBILIÁRIO - FII;2019-12-03;INVESTIDOR QUALIFICADO;BRFIITCTF003;60310.9800311;N;N;;Multicategoria;Ativa;Indeterminado;;2026-12-31 00:00:00;N;N;S;N;N;QI CORRETORA DE TITULOS E VALORES MOBILIARIOS S.A;62285390000146;AVENIDA REBOUÇAS;2942;7º AO 12º ANDAR;JARDIM PAULISTANO;SÃO PAULO;SP;05402-500;(11) 2827-3500;;;https://qitech.com.br/dtvm/;fii.adm@qitech.com.br;2026-07-01;1;29242844000120;1;0;15573695.92;258.223227544458;60310.9800311;-0.053095;0;0;0.00017102
Classe;29.299.737/0001-39;2026-07-01;2;2026-08-26;RB CAPITAL TFO SITUS FUNDO DE INVESTIMENTO IMOBILIÁRIO - FII;2018-07-30;INVESTIDOR QUALIFICADO;BRRBTSCTF002;56525;N;N;;Multicategoria;Ativa;Determinado;2027-06-30;31/12;S;N;N;S;N;OLIVEIRA TRUST DTVM S.A.;36113876000191;Av. das Américas;3434;Bl. 7 Grupo 201;Barra da Tijuca;Rio de Janeiro;RJ;22640-102;(21) 3514-0000;;;www.oliveiratrust.com.br;ger2.fundos@oliveiratrust.com.br;2026-07-01;2;29299737000139;123;;13963957.56;247.040381424149;56525;-0.001168;0;0;0.000937
Classe;29.467.977/0001-03;2026-07-01;1;2026-08-12;PATRIA HIGH G FII;2018-05-02;INVESTIDORES EM GERAL;BRRBRRCTF008;16300275;N;N;;Multicategoria;Ativa;Indeterminado;;30/06;S;N;N;S;N;BTG PACTUAL SERVICOS FINANCEIROS S.A. DISTRIBUIDOR;59281253000123;Praia de Botafogo;501;6º Andar;Botafogo;Rio de Janeiro;RJ;22.250-040;55 11 3383-3102;;;www.btgpactual.com;ri.fundoslistados@btgpactual.com;2026-07-01;1;29467977000103;143338;142947;1498092893.79;91.905989;16300275;0;0;0;0.000782
Classe;29.641.226/0001-53;2026-07-01;1;2026-08-14;PÁTRIA RENDA URBANA - FUNDO DE INVESTIMENTO IMOBILIÁRIO;2018-04-27;INVESTIDORES EM GERAL;BRHGRUCTF002;24834204;N;N;;Outros;Ativa;Indeterminado;;31/12;S;N;N;S;N;BANCO GENIAL S.A.;45245410000155;Praia de Botafogo;228;9 ANDAR;Botafogo;Rio de Janeiro;RJ;222050-906;(11) 3524-8888;;;www.genialinvestimentos.com.br;structured-funds@genial.com.vc;2026-07-01;1;29641226000153;231215;;3183738355.82;128.199734359112;24834204;0.004909;0.007392;0;0.000608782159016581
Classe;29.852.732/0001-91;2026-07-01;1;2026-08-12;VALORA CRI CDI FII;2018-07-27;INVESTIDORES EM GERAL;BRVGIRCTF008;146101287;N;N;;Multicategoria;Ativa;Indeterminado;;30/06;S;N;N;S;N;BTG PACTUAL SERVICOS FINANCEIROS S.A. DISTRIBUIDOR;59281253000123;Praia de Botafogo;501;6º Andar;Botafogo;Rio de Janeiro;RJ;22.250-040;55 11 3383-3102;;;www.btgpactual.com;ri.fundoslistados@btgpactual.com;2026-07-01;1;29852732000191;277602;277238;1432802943.93;9.806915;146101287;0;0;0;0.000867
Classe;30.017.492/0001-99;2026-07-01;1;2026-08-14;HUSI FUNDO DE INVESTIMENTO IMOBILIÁRIO;2018-03-12;INVESTIDORES EM GERAL;BRHUSICTF006;116362;N;N;;Hospital;Definida;Indeterminado;;31/12;N;N;S;N;N;TRUSTEE DISTRIBUIDORA DE TITULOS E VALORES MOBILIARIOS LTDA.;67030395000146;Avenida Brigadeiro Faria Lima;3.732;14º andar;Itaim Bibi;São Paulo;SP;04538-132;0800 930 0930;;;www.trusteedtvm.com.br;ouvidoria@trusteedtvm.com.br;2026-07-01;1;30017492000199;105;90;153243667.08;1316.95628366649;116362;0.000629;0;0;0.000174
Classe;30.048.651/0001-12;2026-07-01;1;2026-08-14;PATRIA EDIFICIOS CORPORATIVOS FII;2019-09-29;INVESTIDORES EM GERAL;BRPATCCTF002;3477434;N;N;;Outros;Ativa;Indeterminado;;31/12;S;S;N;S;S;MAF DTVM;36864992000142;Rua Alves Guimarães;1216;;Pinheiros;São Paulo;SP;05410-002;(11) 3509-0600;;;www.apexgroup.com/apex-brazil/;infolegal@apexgroup.com;2026-07-01;1;30048651000112;4106;;119255736.81;34.2941769160824;3477434;0.00145;0.002621;;0.00188153514457331
Classe;30.091.444/0001-40;2026-07-01;1;2026-08-14;FUNDO DE FUNDOS DE INVESTIMENTO IMOBILIÁRIO KINEA FII;2018-09-03;INVESTIDORES EM GERAL;BRKFOFCTF006;7014565;N;N;;Multicategoria;Ativa;Indeterminado;;30/06;S;N;N;S;N;INTRAG DISTRIBUIDORA DE TÍTULOS E VALORES MOBILIÁRIOS LTDA;62418140000131;AV BRIGADEIRO FARIA LIMA;3400;10º Andar;ITAIM BIBI;SÃO PAULO;SP;04538132;55 (11) 30726012;;;www.intrag.com.br;produtosestruturados@itau-unibanco.com.br;2026-07-01;1;30091444000140;26749;;619645324.57;88.3369566851259;7014565;-0.001935;0.008958;0;0.000748
Classe;30.091.506/0001-14;2026-07-01;1;2026-08-14;NOVA IGUACU FII RL;2019-01-15;INVESTIDOR PROFISSIONAL;BR0A1TCTF007;1858610;S;N;;Shoppings;Ativa;Indeterminado;;31/12;S;N;N;S;N;BTG PACTUAL SERVICOS FINANCEIROS S.A. DISTRIBUIDOR;59281253000123;Praia de Botafogo;501;6º Andar;Botafogo;Rio de Janeiro;RJ;22.250-040;55 11 3383-3102;;;www.btgpactual.com;ri.fundoslistados@btgpactual.com;2026-07-01;1;30091506000114;1;0;316547330.82;170.314015;1858610;0.018268;0.036536;0;5E-06
Classe;30.130.708/0001-28;2026-07-01;1;2026-08-14;KINEA HIGH YIELD CRI FII RESPONSABILIDADE LIMITADA;2018-07-03;INVESTIDOR QUALIFICADO;BRKNHYCTF005;31173083;N;N;;Multicategoria;Ativa;Indeterminado;;30/06;S;N;N;S;N;INTRAG DISTRIBUIDORA DE TÍTULOS E VALORES MOBILIÁRIOS LTDA;62418140000131;AV BRIGADEIRO FARIA LIMA;3400;10º Andar;ITAIM BIBI;SÃO PAULO;SP;04538132;55 (11) 30726012;;;www.intrag.com.br;produtosestruturados@itau-unibanco.com.br;2026-07-01;1;30130708000128;30050;;3059927885.92;98.1592961440484;31173083;0.017363;0.012287;0;0.001465
Classe;30.166.700/0001-11;2026-07-01;1;2026-08-12;PATRIA CREDITO FII;2018-05-24;INVESTIDORES EM GERAL;BRRBRYCTF004;12769512;N;N;;Multicategoria;Ativa;Indeterminado;;30/06;S;N;N;S;N;BTG PACTUAL SERVICOS FINANCEIROS S.A. DISTRIBUIDOR;59281253000123;Praia de Botafogo;501;6º Andar;Botafogo;Rio de Janeiro;RJ;22.250-040;55 11 3383-3102;;;www.btgpactual.com;ri.fundoslistados@btgpactual.com;2026-07-01;1;30166700000111;77662;77363;1289546006.57;100.986319;12769512;0;0;0;0.000976
Classe;30.178.506/0001-56;2026-07-01;1;2026-08-14;FUNDO DE INVESTIMENTO IMOBILIÁRIO F2ZZ;2019-12-19;INVESTIDOR QUALIFICADO;BR0LT8CTF007;1179.1436;N;N;;Multicategoria;Ativa;Indeterminado;;29/12;N;S;N;N;N;VÓRTX DTVM LTDA;22610500000188;Rua Gilberto Sabino;215;4º ANDAR;Pinheiros;São Paulo;SP;5425020;11 3030-7177;;;www.vortx.com.br;fundos@vortx.com.br;2026-07-01;1;30178506000156;1;0;116239009.85;98579.184437;1179.1436;0.00794093;0.00603356;0;0.00011
Classe;30.230.870/0001-18;2026-07-01;1;2026-08-14;TORDESILHAS EI FII;2019-08-30;INVESTIDORES EM GERAL;BRTORDCTF015;5841933.7;N;N;;Multicategoria;Ativa;Indeterminado;;31/12;S;S;N;S;N;VÓRTX DTVM LTDA;22610500000188;Rua Gilberto Sabino;215;4º ANDAR;Pinheiros;São Paulo;SP;5425020;11 3030-7177;;;www.vortx.com.br;fundos@vortx.com.br;2026-07-01;1;30230870000118;46674;46637;212583174.34;36.71829414;5841933.7;0.0376732;0.00028252;0;0.001251
Classe;30.248.129/0001-84;2026-07-01;1;2026-08-14;ENCONTRO DAS ÁGUAS II - FUNDO DE INVESTIMENTO IMOBILIÁRIO;2018-08-30;INVESTIDOR QUALIFICADO;;15550900757.9146;N;N;;Shoppings;Ativa;Indeterminado;;31/12;N;N;S;N;N;ID CORRETORA DE TITULOS E VALORES MOBILIARIOS S.A.;16695922000109;AV PRES JUSCELINO KUBITSCHEK;1726;19 ANDAR;VILA NOVA CONCEICAO;SÃO PAULO;SP;04543000;11 4637 6633;;;WWW.IDSF.COM.BR;administracao@idsf.com.br;2026-07-01;1;30248129000184;1;;386309725.49;0.0248416301733125;15550900757.9146;0.010356;0;0;0
Classe;30.248.158/0001-46;2026-07-01;1;2026-08-14;LEGATUS FII RL;2019-08-29;INVESTIDORES EM GERAL;BRLASCCTF003;2940298;N;N;;Shoppings;Definida;Indeterminado;;31/12;S;N;N;S;N;BTG PACTUAL SERVICOS FINANCEIROS S.A. DISTRIBUIDOR;59281253000123;Praia de Botafogo;501;6º Andar;Botafogo;Rio de Janeiro;RJ;22.250-040;55 11 3383-3102;;;www.btgpactual.com;ri.fundoslistados@btgpactual.com;2026-07-01;1;30248158000146;594;573;387731275.8;131.86802;2940298;0.005047;0.005184;0;0.000858
Classe;30.248.180/0001-96;2026-07-01;1;2026-08-14;FII HECTARE CE;2018-10-02;INVESTIDORES EM GERAL;BRHCTRCTF003;22084202.904;N;N;;Multicategoria;Ativa;Indeterminado;;31/12;S;S;N;S;N;VÓRTX DTVM LTDA;22610500000188;Rua Gilberto Sabino;215;4º ANDAR;Pinheiros;São Paulo;SP;5425020;11 3030-7177;;;www.vortx.com.br;fundos@vortx.com.br;2026-07-01;1;30248180000196;120225;120075;2237851095.19;101.33266321;22084202.904;0.01009082;0.00298159;0;9E-06
Classe;30.258.790/0001-70;2026-07-01;1;2026-08-13;PRAZO FII - RESPONSABILIDADE LIMITADA;2019-02-08;INVESTIDOR QUALIFICADO;BR01W4CTF001;1493964.09629552;N;N;;Multicategoria;Ativa;Indeterminado;;2026-12-31 00:00:00;N;S;N;N;S;QI CORRETORA DE TITULOS E VALORES MOBILIARIOS S.A;62285390000142;AVENIDA REBOUÇAS;2942;7º AO 12º ANDAR;JARDIM PAULISTANO;SÃO PAULO;SP;05402-500;(11) 2827-3500;;;https://qitech.com.br/dtvm/;fii.adm@qitech.com.br;2026-07-01;1;30258790000170;18;8;91430766.57;61.2001096925385;1493964.09629552;-0.002119;0;0;0.00013449
Classe;30.492.505/0001-81;2026-07-01;1;2026-08-14;FUNDO DE INVESTIMENTO IMOBILIARIO CCPAR;2018-06-11;INVESTIDOR QUALIFICADO;BRCDUPCTF004;442442279;N;N;;Educacional;Ativa;Indeterminado;;31/12;N;N;S;N;N;BR-CAPITAL DIST. DE TÍTULOS E VALORES MOBILIÁRIOS S/A;44077014000189;RUA SURUBIM;577;CONJ. 101;CIDADE MONÇÕES;SÃO PAULO;SP;04571-050;(11) 5508-3500;;;www.brcapital.com.br;fundos@brcapital.com.br;2026-07-01;1;30492505000181;1;;251511725.02;0.568462231024716;442442279;-0.008123;0;0;0.000119
Classe;30.495.165/0001-42;2026-07-01;1;2026-08-14;NE LOGISTIC FUNDO DE INVESTIMENTO IMOBILIÁRIO;2018-09-12;INVESTIDOR QUALIFICADO;BRNELOCTF001;438700;N;N;;Outros;Ativa;Indeterminado;;31/12;N;N;S;N;N;XP INVESTIMENTOS CORRETORA DE CÂMBIO, TÍTULOS E VAL MOB S/A;02332886000104;AVENIDA ATAULFO DE PAIVA;153;5º e 8º andares;LEBLON;RIO DE JANEIRO;RJ;22440-033;(11) 3027-2237;;;www.xpi.com.br;adm.fundos.estruturados@xpi.com.br;2026-07-01;1;30495165000142;1;;294280432.96;670.80107809437;438700;0.007218;0.013507;0;8.7E-05
Classe;30.567.216/0001-02;2026-07-01;1;2026-08-14;BRC RENDA CORPORATIVA FII - RESPONSABILIDADE LIMITADA;2018-05-17;INVESTIDORES EM GERAL;BRFATNCTF;7050678;N;S;;Multicategoria;Ativa;Indeterminado;;31/12;N;N;S;N;N;BR-CAPITAL DIST. DE TÍTULOS E VALORES MOBILIÁRIOS S/A;44077014000189;RUA SURUBIM;577;CONJ. 101;CIDADE MONÇÕES;SÃO PAULO;SP;04571-050;(11) 5508-3500;;;www.brcapital.com.br;fundos@brcapital.com.br;2026-07-01;1;30567216000102;30921;;685395610.68;97.2098868619443;7050678;0.009144;0.008485;0;0.000358
Classe;30.578.275/0001-78;2026-06-01;1;2026-07-15;FII GV BLUE CHIP;2018-09-12;INVESTIDOR QUALIFICADO;BRFIGVCTF003;75710.975;N;N;;Multicategoria;Ativa;Indeterminado;;30/12;N;N;S;N;N;VÓRTX DTVM LTDA;22610500000188;Rua Gilberto Sabino;215;4º ANDAR;Pinheiros;São Paulo;SP;5425020;11 3030-7177;;;www.vortx.com.br;fundos@vortx.com.br;2026-06-01;1;30578275000178;2;0;9201737.59;121.53769761;75710.975;-0.00695646;0;0;0.003821
Classe;30.578.351/0001-45;2026-07-01;1;2026-08-14;VX XII FUNDO DE INVESTIMENTO IMOBILIÁRIO;2019-03-27;INVESTIDOR QUALIFICADO;BR01MDCTF007;302908.9073;N;N;;Multicategoria;Ativa;Indeterminado;;31/12;N;N;S;N;N;VÓRTX DTVM LTDA;22610500000188;Rua Gilberto Sabino;215;4º ANDAR;Pinheiros;São Paulo;SP;5425020;11 3030-7177;;;www.vortx.com.br;fundos@vortx.com.br;2026-07-01;1;30578351000145;1;0;75915394.5;250.62120218;302908.9073;-0.00037731;0;0;0.006073
Classe;30.578.417/0001-05;2026-07-01;1;2026-08-14;HABITAT RECEBÍVEIS PULVERIZADOS FII RL;2019-07-29;INVESTIDORES EM GERAL;BRHABTCTF001;8126783;N;N;;Multicategoria;Ativa;Indeterminado;;31/12;S;N;N;S;N;XP INVESTIMENTOS CORRETORA DE CÂMBIO, TÍTULOS E VAL MOB S/A;02332886000104;AVENIDA ATAULFO DE PAIVA;153;5º e 8º andares;LEBLON;RIO DE JANEIRO;RJ;22440-033;(11) 3027-2237;;;www.xpi.com.br;adm.fundos.estruturados@xpi.com.br;2026-07-01;1;30578417000105;55780;;766391171.65;94.3043725481534;8126783;0.009789;0.010281;0;0
Classe;30.629.603/0001-18;2026-07-01;1;2026-08-14;VBI LOGISTICO FII RL;2018-11-09;INVESTIDORES EM GERAL;BRLVBICTF002;16118565;N;N;;Logística;Ativa;Indeterminado;;30/06;S;N;N;S;N;BTG PACTUAL SERVICOS FINANCEIROS S.A. DISTRIBUIDOR;59281253000123;Praia de Botafogo;501;6º Andar;Botafogo;Rio de Janeiro;RJ;22.250-040;55 11 3383-3102;;;www.btgpactual.com;ri.fundoslistados@btgpactual.com;2026-07-01;1;30629603000118;124371;124066;1940547371.93;120.392068;16118565;0.011413;0.003003;0;0.000741
Classe;30.642.032/0001-51;2026-07-01;1;2026-08-17;FUNDO DE INVESTIMENTO IMOBILIÁRIO BACURI;2019-04-30;INVESTIDORES EM GERAL;;17596.62178572;N;N;;Multicategoria;Ativa;Indeterminado;2050-01-01;31/12;N;N;S;N;N;WNT CAPITAL DISTRIBUIDORA DE TITULOS E VALORES MOBILIARIOS S;45854066000187;Rua Leopoldo Couto Magalhães Júnior;758;;Itaim Bibi;São Paulo;SP;04542000;1130101001;;;www.wntdtvm.com.br;info@wntdtvm.com;2026-07-01;1;30642032000151;1;;93343486.95;5304.62540405057;17596.62178572;-0.27341173;0;0;0
Classe;30.647.758/0001-87;2026-07-01;1;2026-08-13;RIO BRAVO CRÉDITO IMOBILIÁRIO HIGH GRADE FII;2019-12-16;INVESTIDORES EM GERAL;BRRBHGCTF002;2167957;N;N;;Outros;Ativa;Indeterminado;;31/12;S;N;N;S;N;BRL TRUST DTVM S.A.;13486793000142;Rua Alves Guimarães;1216;;Pinheiros;São Paulo;SP;05410-002;(11) 3509-0600;;;www.apexgroup.com/apex-brazil/;infolegal@apexgroup.com;2026-07-01;1;30647758000187;7023;;187690970.76;86.5750431212427;2167957;0.014303;0.009287;;0.000731933877499436
Classe;30.654.849/0001-40;2026-07-01;1;2026-08-14;V2 PRIME PROPERTIES. FII;2019-12-04;INVESTIDORES EM GERAL;BRVPPRCTF004;7316171;N;N;;Escritórios;Ativa;Indeterminado;;30/12;S;N;N;S;N;VÓRTX DTVM LTDA;22610500000188;Rua Gilberto Sabino;215;4º ANDAR;Pinheiros;São Paulo;SP;5425020;11 3030-7177;;;www.vortx.com.br;fundos@vortx.com.br;2026-07-01;1;30654849000140;29000;28949;301352604.98;41.1899346;7316171;-0.00216583;0;0;0.000867
Classe;30.816.679/0001-52;2026-07-01;1;2026-08-14;KINEA CO INVESTIMENTO FII RESPONSABILIDADE LIMITADA;2019-03-22;INVESTIDOR QUALIFICADO;BR003HCTF006;555995.18142;N;N;;Multicategoria;Ativa;Determinado;2033-03-21;30/06;S;N;N;S;N;INTRAG DISTRIBUIDORA DE TÍTULOS E VALORES MOBILIÁRIOS LTDA;62418140000131;AV BRIGADEIRO FARIA LIMA;3400;10º Andar;ITAIM BIBI;SÃO PAULO;SP;04538132;55 (11) 30726012;;;www.intrag.com.br;produtosestruturados@itau-unibanco.com.br;2026-07-01;1;30816679000152;5;;95867849.09;172.425683339837;555995.18142;0.032159;0;0;0.001723
Classe;30.846.692/0001-54;2026-07-01;1;2026-08-14;METROPOLITANO - FUNDO DE INVESTIMENTO IMOBILIÁRIO - FII;2019-05-15;INVESTIDOR PROFISSIONAL;000000000000;1644411.13904241;S;N;;Varejo;Ativa;Indeterminado;;30/06;S;S;N;N;S;OLIVEIRA TRUST DTVM S.A.;36113876000191;Av. das Américas;3434;Bl. 7 Grupo 201;Barra da Tijuca;Rio de Janeiro;RJ;22640-102;(21) 3514-0000;;;www.oliveiratrust.com.br;ger2.fundos@oliveiratrust.com.br;2026-07-01;1;30846692000154;1;;145605073.24;88.5454189545263;1644411.13904241;0.021968;0.033929;0;6.9E-05
Fundo;30.871.660/0001-09;2026-07-01;1;2026-08-14;CLASSE A DO VBI ULIVING MULTICLASSE FII RESP LIMITADA;2018-11-30;INVESTIDOR PROFISSIONAL;BR018CCTF005;390774.6659;N;N;;Residencial;Ativa;Indeterminado;;31/12;N;N;S;N;N;BRL TRUST DTVM S.A.;13486793000142;Rua Alves Guimarães;1216;;Pinheiros;São Paulo;SP;05410-002;(11) 3509-0600;;;www.apexgroup.com/apex-brazil/;infolegal@apexgroup.com;2026-07-01;1;30871660000109;1;;569311445.44;1456.87910481302;390774.6659;0.004091;;;0.00094349167630885
Classe;30.871.698/0001-81;2026-07-01;1;2026-08-14;V2 MULTI RENDA FII RESP LIMITADA;2020-01-16;INVESTIDORES EM GERAL;BRHBRHCTF000;2823180;N;N;;Multicategoria;Ativa;Indeterminado;;31/12;S;N;N;S;N;BRL TRUST DTVM S.A.;13486793000142;Rua Alves Guimarães;1216;;Pinheiros;São Paulo;SP;05410-002;(11) 3509-0600;;;www.apexgroup.com/apex-brazil/;infolegal@apexgroup.com;2026-07-01;1;30871698000181;487;;226101809.9;80.0876351844374;2823180;-0.053021;;;0.000630418836819758
Classe;30.871.716/0001-25;2026-07-01;1;2026-08-12;GREEN FII ROCK;2018-10-29;INVESTIDOR PROFISSIONAL;BRGRROCTF004;135350;N;N;;Outros;Ativa;Indeterminado;;13/12;N;N;N;N;N;BTG PACTUAL SERVICOS FINANCEIROS S.A. DISTRIBUIDOR;59281253000123;Praia de Botafogo;501;6º Andar;Botafogo;Rio de Janeiro;RJ;22.250-040;55 11 3383-3102;;;www.btgpactual.com;ri.fundoslistados@btgpactual.com;2026-07-01;1;30871716000125;2;0;161772261.12;1195.214341;135350;-7E-06;-7E-06;0;0.000173
Classe;30.982.880/0001-00;2026-07-01;1;2026-08-11;JPP CAPITAL RECEBÍVEIS IMOBILIÁRIOS FII RL;2018-12-17;INVESTIDORES EM GERAL;BRJPPACTF005;904050;N;N;;Multicategoria;Ativa;Indeterminado;;30/06;S;N;N;S;N;FINAXIS CORRETORA;03317692000194;Avenida Paulista;1842;Torre Norte, Térreo Loja 08;Bela Vista;São Paulo;SP;01310-923;(11) 3526 9001;;;http://finaxis.com.br/;atendimento.regulatorio@finaxis.com.br;2026-07-01;1;30982880000100;5896;5970;89413385.4;98.9031418616227;904050;0.007571;0.0121;0;0.000146
Classe;30.982.923/0001-57;2026-07-01;1;2026-08-14;FII VITACON;2018-12-24;INVESTIDOR QUALIFICADO;BR016KCTF002;798274157.3854;N;N;;Residencial;Ativa;Indeterminado;;31/12;N;N;S;N;N;VÓRTX DTVM LTDA;22610500000188;Rua Gilberto Sabino;215;4º ANDAR;Pinheiros;São Paulo;SP;5425020;11 3030-7177;;;www.vortx.com.br;fundos@vortx.com.br;2026-07-01;1;30982923000157;1;1;88804153.92;0.11124518;798274157.3854;-0.00032054;0;0;0.000292
Classe;30.982.974/0001-89;2026-07-01;1;2026-08-14;GENESIS MULTIESTRATÉGIA  FII;2019-11-01;INVESTIDOR QUALIFICADO;BRVXXVCTF004;477875;N;N;;Outros;Ativa;Indeterminado;;31/12;S;N;N;S;N;BRL TRUST DTVM S.A.;13486793000142;Rua Alves Guimarães;1216;;Pinheiros;São Paulo;SP;05410-002;(11) 3509-0600;;;www.apexgroup.com/apex-brazil/;infolegal@apexgroup.com;2026-07-01;1;30982974000189;13;;237893890.31;497.816145037928;477875;0.006406;;;0.000587462081593969
Classe;30.983.020/0001-90;2026-07-01;1;2026-08-14;XP SELECTION FUNDO DE INVESTIMENTO IMOBILIÁRIO - FII;2019-07-02;INVESTIDORES EM GERAL;BRXPSFCTF009;43302140;N;N;;Outros;Ativa;Indeterminado;;31/12;S;N;N;S;N;XP INVESTIMENTOS CORRETORA DE CÂMBIO, TÍTULOS E VAL MOB S/A;02332886000104;AVENIDA ATAULFO DE PAIVA;153;5º e 8º andares;LEBLON;RIO DE JANEIRO;RJ;22440-033;(11) 3027-2237;;;www.xpi.com.br;adm.fundos.estruturados@xpi.com.br;2026-07-01;1;30983020000190;53302;;329600015.72;7.6116334139606;43302140;0.004438;0.009153;0;0
Classe;31.145.875/0001-05;2026-07-01;1;2026-08-14;BFC FUNDO DE INVESTIMENTO IMOBILIÁRIO;2018-06-15;INVESTIDOR PROFISSIONAL;BRSPTWCTF002;8304404;N;N;;Escritórios;Ativa;Indeterminado;;31/12;N;N;S;N;N;BANCO GENIAL S.A.;45246410000155;Praia de Botafogo;228;9º;Botafogo;Rio de Janeiro;RJ;20091-020;(11)3524-8888;(11) 2137-8888;0800 605 8888;https://www.genialinvestimentos.com.br/;Structured-Funds@genial.com.vc;2026-07-01;1;31145875000105;2;;831260046.04;100.098700164395;8304404;-0.001077;0;0;6.57436746302736E-05
Classe;31.152.015/0001-07;2026-07-01;1;2026-08-14;FII HECTARE STUDENT HOUSING;2019-08-30;INVESTIDORES EM GERAL;BRHCSTCTF001;870918.4343;N;N;;Multicategoria;Ativa;Indeterminado;;30/12;S;S;N;S;N;VÓRTX DTVM LTDA;22610500000188;Rua Gilberto Sabino;215;4º ANDAR;Pinheiros;São Paulo;SP;5425020;11 3030-7177;;;www.vortx.com.br;fundos@vortx.com.br;2026-07-01;1;31152015000107;66;61;50026828.14;57.44146199;870918.4343;-0.00348304;0;0;0.000499
Classe;31.161.410/0001-48;2026-07-01;2;2026-08-26;RB CAPITAL DESENVOLVIMENTO RESIDENCIAL IV FII;2020-02-20;INVESTIDORES EM GERAL;BRRBIRCTF007;1528615;S;N;;Residencial;Ativa;Determinado;2027-08-20;30/06;S;N;N;S;N;OLIVEIRA TRUST DTVM S.A.;36113876000191;Av. das Américas;3434;Bl. 7 Grupo 201;Barra da Tijuca;Rio de Janeiro;RJ;22640-102;(21) 3514-0000;;;www.oliveiratrust.com.br;ger2.fundos@oliveiratrust.com.br;2026-07-01;2;31161410000148;1445;;123751511.45;80.9566250821822;1528615;-0.000953;0;0;0.000167
Classe;31.373.514/0001-16;2026-07-01;1;2026-08-13;SÃO JORGE FUNDO DE INVESTIMENTO IMOBILIARIO;2018-08-20;INVESTIDOR QUALIFICADO;0;12231732.6611041;N;N;;Outros;Ativa;Indeterminado;;31/12;N;N;S;N;N;SEFER INVESTIMENTOS DTVM LTDA;00329598000167;AV BRIGADEIRO FARIA LIMA;3900;6º ANDAR CJ 601;ITAIM BIBI;SÃO PAULO;SP;01451-000;11 3113-0060;;;www.seferinvestimentos.com,br;informeslegais@seferinvestimentos.com.br;2026-07-01;1;31373514000116;8;3;2466172.13;0.20162083315001;12231732.6611041;0;0;0;0
Classe;31.469.385/0001-64;2026-07-01;1;2026-08-14;EUROPA 105 FII;2019-03-15;INVESTIDOR QUALIFICADO;BRERPACTF002;500922;N;N;;Multicategoria;Ativa;Indeterminado;;31/12;N;N;S;N;N;OLIVEIRA TRUST DTVM S.A.;36113876000191;Av. das Américas;3434;Bl. 7 Grupo 201;Barra da Tijuca;Rio de Janeiro;RJ;22640-102;(21) 3514-0000;;;www.oliveiratrust.com.br;ger2.fundos@oliveiratrust.com.br;2026-07-01;1;31469385000164;841;;82945148.68;165.584958696164;500922;0.005658;0.005677;0;9E-05
Classe;31.508.219/0001-20;2026-07-01;1;2026-08-14;MULTIOFFICES 2 - FUNDO DE INVESTIMENTO IMOBILIÁRIO;2018-07-11;INVESTIDOR QUALIFICADO;BRMOFFCTF002;220066;N;N;;Multicategoria;Ativa;Indeterminado;;31/12;S;S;N;S;N;OLIVEIRA TRUST DTVM S.A.;36113876000191;Av. das Américas;3434;Bl. 7 Grupo 201;Barra da Tijuca;Rio de Janeiro;RJ;22640-102;(21) 3514-0000;;;www.oliveiratrust.com.br;ger2.fundos@oliveiratrust.com.br;2026-07-01;1;31508219000120;4;;31749047.48;144.270571010515;220066;-0.050247;0;0;0.000503
Classe;31.524.769/0001-32;2026-07-01;1;2026-08-12;ELEV BRÁS FUNDO DE INVESTIMENTO IMOBILIARIO;2008-10-17;INVESTIDOR QUALIFICADO E PROFISSIONAL;;144413.38;N;N;;Multicategoria;Ativa;Indeterminado;;31/12;N;N;S;N;N;MONETAR DTVM;12063256000127;Rua Joaquim Floriano, nº 100, 18º andar, Itaim Bibi, SP, CEP 4534000;100;18;ITAIM BIBI;SÃO PAULO;SP;4534000;(011) 3165-6000;;;www.terrainvestimentos.com.br;admfundos@terrainvestimentos.com.br;2026-07-01;1;31524769000132;105;105;237875155.3;1647.18224377824;144413.38;0.00298;0;0;0.0001
Classe;31.524.789/0001-03;2026-07-01;1;2026-08-12;PORTO PREMIUM FUNDO DE INVESTIMENTO IMOBILIARIO;2019-05-20;INVESTIDOR QUALIFICADO;;40.73481058;N;N;;Multicategoria;Ativa;Indeterminado;;31/12;N;N;S;N;N;MONETAR DTVM;12063256000127;Rua Joaquim Floriano, nº 100, 18º andar, Itaim Bibi, SP, CEP 4534000;100;18;ITAIM BIBI;SÃO PAULO;SP;4534000;(011) 3165-6000;;;www.terrainvestimentos.com.br;admfundos@terrainvestimentos.com.br;2026-07-01;1;31524789000103;102;102;471497237.73;11574798.827259;40.73481058;0.000711;0;0;0.0001
Classe;31.544.493/0001-54;2026-07-01;1;2026-08-12;FUNDO DE INVESTIMENTO IMOBILIÁRIO ECOPARQUE;2020-12-22;INVESTIDOR PROFISSIONAL;BR0S7PCTF002;251981.50714172;N;N;;Multicategoria;Ativa;Indeterminado;;31/12;N;N;S;N;N;MONETAR DTVM;12063256000127;Rua Joaquim Floriano, nº 100, 18º andar, Itaim Bibi, SP, CEP 4534000;100;18;ITAIM BIBI;SÃO PAULO;SP;4534000;(011) 3165-6000;;;www.terrainvestimentos.com.br;admfundos@terrainvestimentos.com.br;2026-07-01;1;31544493000154;1;0;569675783.44;2260.78409444389;251981.50714172;0.002222;0;0;0
Classe;31.544.514/0001-31;2026-07-01;1;2026-08-13;FUNDO DE INVESTIMENTO IMOBILIARIO MIRANTE DAS AGUAS;2018-12-17;INVESTIDOR QUALIFICADO E PROFISSIONAL;0;0;N;N;;Outros;Ativa;Indeterminado;;31/12;N;N;S;N;N;SEFER INVESTIMENTOS DTVM LTDA;00329598000167;AV BRIGADEIRO FARIA LIMA;3900;6º ANDAR;ITAIM BIBI;SÃO PAULO;SP;01451-000;11 3113-0060;;;www.seferinvestimentos.com.br;informeslegais@seferinvestimentos.com.br;2026-07-01;1;31544514000131;3;0;0;0;0;0;0;0;0
Classe;31.547.782/0001-07;2026-07-01;1;2026-08-14;AGRI8 - FUNDO DE INVESTIMENTO IMOBILIÁRIO;2018-12-03;INVESTIDOR PROFISSIONAL;BR026WCTF006;78750.436;N;N;;Outros;Ativa;Indeterminado;;31/12;N;N;S;N;N;BRL TRUST DTVM S.A.;13486793000142;Rua Alves Guimarães;1216;;Pinheiros;São Paulo;SP;05410-002;(11) 3509-0600;;;www.apexgroup.com/apex-brazil/;infolegal@apexgroup.com;2026-07-01;1;31547782000107;2;;267126332.52;3392.06163277623;78750.436;0.002525;;;0.000252153538606895
Classe;31.547.989/0001-81;2026-07-01;1;2026-08-12;FUNDO DE INVESTIMENTO IMOBILIÁRIO AMÉRICA LOGÍSTICA;2018-09-04;INVESTIDOR PROFISSIONAL;BR0S7NCTF007;78114.87789461;N;N;;Escritórios;Ativa;Indeterminado;;31/12;N;N;S;N;N;MONETAR DTVM;12063256000127;Rua Joaquim Floriano, nº 100, 18º andar, Itaim Bibi, SP, CEP 4534000;100;18;ITAIM BIBI;SÃO PAULO;SP;4534000;(011) 3165-6000;;;www.terrainvestimentos.com.br;admfundos@terrainvestimentos.com.br;2026-07-01;1;31547989000181;2;0;147461304.1;1887.74927484301;78114.87789461;-0.000183;0;0;0
Classe;31.713.934/0001-02;2026-07-01;1;2026-08-13;APOLLO CORPORATE FUNDO DE INVESTIMENTO IMOBILIÁRIO;2019-12-26;INVESTIDOR PROFISSIONAL;0;36531266.8939517;N;N;;Outros;Ativa;Indeterminado;;30/06;N;N;S;N;N;SEFER INVESTIMENTOS DTVM LTDA;03219598000167;AV BRIGADEIRO FARIA LIMA;3900;6º ANDAR CJ 601;ITAIM BIBI;SÃO PAULO;SP;04538132;11 31131083;;;www.seferinvestimentos.com.br;informeslegais@seferinvestimentos.com.br;2026-07-01;1;31713934000102;1;0;19175108.24;0.524895791204403;36531266.8939517;0.058;0;0;0.00105
Classe;31.772.231/0001-47;2026-07-01;1;2026-08-14;JACARANDA I FUNDO DE INVESTIMENTO IMOBILIARIO;2020-01-28;INVESTIDOR QUALIFICADO;BRJCDACTF009;15303215.9133521;N;N;;Outros;Ativa;Determinado;2023-11-15;31/12;N;N;S;N;N;BRL TRUST DTVM S.A.;13486793000142;Rua Alves Guimarães;1216;;Pinheiros;São Paulo;SP;05410-002;(11) 3509-0600;;;www.apexgroup.com/apex-brazil/;infolegal@apexgroup.com;2026-07-01;1;31772231000147;104;;441068549.81;28.8219516935108;15303215.9133521;-0.000228;;;0.000204963695640832
Classe;31.887.401/0001-39;2026-07-01;1;2026-08-13;CX RIO BRAVO FUNDO DE FUNDOS DE INVESTIMENTO IMOBILIÁRIO II;2019-04-18;INVESTIDORES EM GERAL;BRCRFFCTF006;690040;N;N;;Multicategoria;Ativa;Indeterminado;;31/12;S;N;N;S;N;CAIXA ECÔNOMICA FEDERAL;00360305000104;AVENIDA PAULISTA;750;9º ANDAR;BELA VISTA;SÃO PAULO;SP;01310-300;11 3572.4400;;;WWW.CAIXA.GOV.BR;geafi06@caixa.gov.br;2026-07-01;1;31887401000139;1153;;56609417.52;82.0378782679265;690040;0.003077;0.007885;0;0.001054
Classe;31.894.369/0001-19;2026-07-01;1;2026-08-13;HEDGE OFFICE INCOME FUNDO DE INVESTIMENTO IMOB;2019-07-12;INVESTIDORES EM GERAL;BRHOFCCTF009;3608239;N;N;;Escritórios;Ativa;Indeterminado;;31/12;S;N;N;S;N;HEDGE INVESTMENTS DTVM LTDA;07253654000176;AVENIDA BRIGADEIRO FARIA LIMA;3600;11º ANDAR CJ 112;ITAIM BIBI;SÃO PAULO;SP;04538-132;(11) 5412-5400;;;www.hedgeinvest.com.br;dtvm@hedgeinvest.com.br;2026-07-01;1;31894369000119;3953;;232411330.18;64.4112904328122;3608239;0.129345;0;0;0.000398
Classe;31.907.591/0001-09;2026-07-01;1;2026-08-14;SBC FUNDO DE INVESTIMENTO IMOBILIÁRIO;2019-11-08;INVESTIDOR PROFISSIONAL;BR0EZ0CTF005;134266;N;N;;Logística;Ativa;Determinado;2023-11-08;31/12;N;N;S;N;N;BRL TRUST DTVM S.A.;13486793000142;Rua Alves Guimarães;1216;;Pinheiros;São Paulo;SP;05410-002;(11) 3509-0600;;;www.apexgroup.com/apex-brazil/;infolegal@apexgroup.com;2026-07-01;1;31907591000109;1;;287117915.19;2138.42607354058;134266;0.00748;0.007204;;9.26743633617981E-05
Classe;31.962.875/0001-06;2026-07-01;1;2026-08-14;PROLOGIS BRAZIL LOGISTICS VENTURE FII;2019-01-18;INVESTIDOR PROFISSIONAL;BRPBLVCTF007;4859552.22707123;N;N;;Logística;Ativa;Indeterminado;2035-03-16;31/12;S;N;N;S;N;BRL TRUST DTVM S.A.;13486793000142;Rua Alves Guimarães;1216;;Pinheiros;São Paulo;SP;05410-002;(11) 3509-0600;;;www.apexgroup.com/apex-brazil/;infolegal@apexgroup.com;2026-07-01;1;31962875000106;2;;7920679192.74;1629.91955279667;4859552.22707123;0.00573;;;1.15730820260996E-05
Classe;32.000.013/0001-57;2026-07-01;1;2026-08-14;BRESCO GROWTH FUNDO DE INVESTIMENTO IMOBILIÁRIO;2019-09-24;INVESTIDOR QUALIFICADO E PROFISSIONAL;BR0GTYCTF002;655090.43426895;N;N;;Multicategoria;Ativa;Indeterminado;2033-12-08;31/12;N;S;N;S;N;OLIVEIRA TRUST DTVM S.A.;36113876000191;Av. das Américas;3434;Bl. 7 Grupo 201;Barra da Tijuca;Rio de Janeiro;RJ;22640-102;(21) 3514-0000;;;www.oliveiratrust.com.br;ger2.fundos@oliveiratrust.com.br;2026-07-01;1;32000013000157;9;;179935310.37;274.672474145954;655090.43426895;-0.002476;0;0;2.5E-05
Classe;32.006.821/0001-21;2026-07-01;1;2026-08-14;OPEN K ATIVOS E RECEBIVEIS IMOBILIARIOS;2019-10-31;INVESTIDORES EM GERAL;BRARRICTF009;20726973;N;N;;Multicategoria;Ativa;Indeterminado;;31/12;N;S;N;N;S;OLIVEIRA TRUST DTVM S.A.;36113876000191;Av. das Américas;3434;Bl. 7 Grupo 201;Barra da Tijuca;Rio de Janeiro;RJ;22640-102;(21) 3514-0000;;;www.oliveiratrust.com.br;ger2.fundos@oliveiratrust.com.br;2026-07-01;1;32006821000121;22929;;175124279.91;8.44910059515203;20726973;0.015673;0.008346;0;0.000109
Classe;32.065.364/0001-46;2026-07-01;1;2026-08-14;CARTESIA RECEBÍVEIS IMOBILIÁRIOS FII RESP LIMITADA;2025-11-25;INVESTIDORES EM GERAL;BRCACRCTF004;4836324;N;N;;Multicategoria;Ativa;Indeterminado;;31/12;N;N;S;N;N;BRL TRUST DTVM S.A.;13486793000142;Rua Alves Guimarães;1216;;Pinheiros;São Paulo;SP;05410-002;(11) 3509-0600;;;www.apexgroup.com/apex-brazil/;infolegal@apexgroup.com;2026-07-01;1;32065364000146;24012;;494055279.42;102.155124309289;4836324;0.03323;;;0.000179097124726359
Classe;32.140.405/0001-11;2026-07-01;1;2026-08-13;G5 ALLOCATION FUNDO DE INVESTIMENTO IMOBILIARIO;2024-12-23;INVESTIDOR PROFISSIONAL;BR0MN1CTF007;125807.10952592;N;N;;Multicategoria;Ativa;Indeterminado;;2026-06-30 00:00:00;N;N;S;N;N;QI CORRETORA DE TITULOS E VALORES MOBILIARIOS S.A;62285390000166;AVENIDA REBOUÇAS;2942;7º AO 12º ANDAR;JARDIM PAULISTANO;SÃO PAULO;SP;05402-500;(11) 2827-3500;;;https://qitech.com.br/dtvm/;fii.adm@qitech.com.br;2026-07-01;1;32140405000111;150;142;147595503.94;1173.18889605035;125807.10952592;0.029954;0;0;0.0001593
Classe;32.177.294/0001-18;2026-07-01;1;2026-08-12;FII MB BI RESPONS LIMITADA;2019-01-09;INVESTIDOR QUALIFICADO;BRMBBICTF002;2976;N;N;;Multicategoria;Ativa;Indeterminado;;31/12;N;N;S;N;N;MERCANTIL DO BRASIL DISTRIBUIDORA LTDA;17364795000110;RUA RIO DE JANEIRO;654;9 ANDAR;CENTRO;BELO HORIZONTE;MG;30160-912;(31)30576281;(31)30576227;(31)30576730;bancomercantil.com.br;mercantil.distribuidora@mercantil.com.br;2026-07-01;1;32177294000118;1;0;42480902.32;14274.49674731;2976;-0.00060225;0.0068212;0;0.001651
Classe;32.222.912/0001-02;2026-07-01;1;2026-08-14;PRIVILEGE REAL ESTATE FUNDO DE INVESTIMENTO IMOBILIÁRIO RL;2021-04-15;INVESTIDOR QUALIFICADO;BR0EMNCTF005;38610.30394262;N;N;;Outros;Ativa;Indeterminado;;31/12;N;N;S;N;N;TRUSTEE DISTRIBUIDORA DE TITULOS E VALORES MOBILIARIOS LTDA.;67030395000146;Avenida Brigadeiro Faria Lima;3.732;14º andar;Itaim Bibi;São Paulo;SP;04538-132;0800 930 0930;;;www.trusteedtvm.com.br;ouvidoria@trusteedtvm.com.br;2026-07-01;1;32222912000102;5;2;30605804.24;792.684882395235;38610.30394262;-0.001065;0;0;0.002614
Classe;32.274.163/0001-59;2026-07-01;1;2026-08-14;FUNDO REC RENDA IMOBILIARIA;2019-04-24;INVESTIDORES EM GERAL;BRRECTCTF000;8543493;N;N;;Multicategoria;Ativa;Indeterminado;;31/12;S;N;N;S;N;BRL TRUST DTVM S.A.;13486793000142;Rua Alves Guimarães;1216;;Pinheiros;São Paulo;SP;05410-002;(11) 3509-0600;;;www.apexgroup.com/apex-brazil/;infolegal@apexgroup.com;2026-07-01;1;32274163000159;45969;;767238559;89.8038494325448;8543493;0.006038;0.005016;;0.000155792978074242
Classe;32.274.197/0001-43;2026-07-01;1;2026-08-14;SNOWBIRD MASTER FII RESP LIMITADA;2019-09-02;INVESTIDORES EM GERAL;;746905018.8496;N;N;;Outros;Ativa;Determinado;2029-10-01;31/12;N;N;S;N;N;MAF DTVM;36864992000142;Rua Alves Guimarães;1216;;Pinheiros;São Paulo;SP;05410-002;(11) 3509-0600;;;www.apexgroup.com/apex-brazil/;infolegal@apexgroup.com;2026-07-01;1;32274197000143;3;;766424417.73;1.02613370962544;746905018.8496;0.008265;;;8.97283520841929E-05
Classe;32.274.553/0001-29;2026-07-01;1;2026-08-14;SNOWBIRD PARALLEL FII;2019-10-23;INVESTIDORES EM GERAL;;520940059.3005;N;N;;Outros;Ativa;Indeterminado;;31/12;N;N;S;N;N;MAF DTVM;36864992000142;Rua Alves Guimarães;1216;;Pinheiros;São Paulo;SP;05410-002;(11) 3509-0600;;;www.apexgroup.com/apex-brazil/;infolegal@apexgroup.com;2026-07-01;1;32274553000129;3;;561841411.35;1.07851450722454;520940059.3005;0.003487;;;5.23422257703255E-05
Classe;32.275.196/0001-13;2026-07-01;1;2026-08-13;FII VENETO;2023-12-29;INVESTIDOR PROFISSIONAL;0;362.37453;N;N;;Shoppings;Ativa;Indeterminado;;30/06;N;N;S;N;N;REAG DISTRIBUIDORA DE TITULOS E VALORES MOBILIARIOS SA;34829992000186;Avenida Brigadeiro Faria Lima;2277;17º andar;Jardim Paulistano;São Paulo;SP;01452-000;(11) 3504-6800;;;www.reag.com.br;informeslegais@reag.com.br;2026-07-01;1;32275196000113;2;0;-170375.34;-470.163672927013;362.37453;-0.042846;0;0;-0.167277729277019
Classe;32.275.252/0001-10;2026-07-01;1;2026-08-10;FII DALLAS;2020-09-10;INVESTIDOR PROFISSIONAL;0;2430426.93335058;N;N;;Shoppings;Definida;Indeterminado;;45838;N;N;S;N;N;REAG DISTRIBUIDORA DE TITULOS E VALORES MOBILIARIOS SA;34829992000186;Avenida Brigadeiro Faria Lima;2277;17º andar;Jardim Paulistano;São Paulo;SP;01452-000;(11) 3504-6800;;;www.reag.com.br;informeslegais@reag.com.br;2026-07-01;1;32275252000110;1;0;27331640.66;11.2456129764496;2430426.93335058;-0.001095;0;0;0.00896396974655674
Classe;32.287.811/0001-01;2026-07-01;1;2026-08-11;CMX REALTY III FUNDO DE INVESTIMENTO IMOBILIARIO;2021-10-15;INVESTIDOR PROFISSIONAL;1;107671.3757;N;N;;Multicategoria;Ativa;Indeterminado;;31/12;N;N;S;N;N;MASTER SA CCTVM;33886862000112;PRAIA DE BOTAFOGO;228;1702;BOTAFOGO;RIO DE JANEIRO;RJ;22250906;2145020100;;;www.mastercctvm.com.br;contabilidade.fundos@mastercctvm.com.br;2026-07-01;1;32287811000101;1;;118293363.44;1098.65191812535;107671.3757;-0.000368;0;0;0.00019
Classe;32.317.313/0001-64;2026-07-01;1;2026-08-14;EVEN II KINEA FII RESPONSABILIDADE LIMITADA;2020-02-13;INVESTIDOR QUALIFICADO E PROFISSIONAL;BRKEVECTF007;147700.99711;N;N;;Residencial;Definida;Determinado;2027-02-13;30/06;S;N;N;S;N;INTRAG DISTRIBUIDORA DE TÍTULOS E VALORES MOBILIÁRIOS LTDA;62418140000131;AV BRIGADEIRO FARIA LIMA;3400;10º Andar;ITAIM BIBI;SÃO PAULO;SP;04538132;55 (11) 30726012;;;www.intrag.com.br;produtosestruturados@itau-unibanco.com.br;2026-07-01;1;32317313000164;416;;54180063.72;366.822599576965;147700.99711;0.029323;0.054004;0;0.001376
Classe;32.388.168/0001-02;2026-07-01;1;2026-08-11;SERRA FUNDO DE INVESTIMENTO IMOBILIÁRIO;2024-06-18;INVESTIDOR PROFISSIONAL;BR02ENCTF001;391.81580154;N;N;;Outros;Ativa;Indeterminado;;31/12;N;S;N;N;S;PLANNER CORRETORA DE VALORES S.A.;00806535000154;Avenida Brigadeiro Faria Lima;3900;10º andar;Itaim Bibi;São Paulo;SP;04538132;(11) 2172-2600;0800 179 444;(11) 2172-2667;www.planner.com.br;inforegulatorio@planner.com.br;2026-07-01;1;32388168000102;1;0;35579219.13;90805.9832966378;391.81580154;-0.058182;0;0;0.00196
Classe;32.400.250/0001-05;2026-07-01;2;2026-08-14;VECTIS JUROS REAL FUNDO DE INVESTIMENTO IMOBILIÁRIO - FII;2019-10-09;INVESTIDORES EM GERAL;BRVCJRCTF005;14723970;N;N;;Outros;Ativa;Indeterminado;;30/06;S;N;N;S;N;INTRAG DISTRIBUIDORA DE TÍTULOS E VALORES MOBILIÁRIOS LTDA;62418140000131;AV BRIGADEIRO FARIA LIMA;3400;10º Andar;ITAIM BIBI;SÃO PAULO;SP;04538132;55 (11) 30726012;;;www.intrag.com.br;produtosestruturados@itau-unibanco.com.br;2026-07-01;2;32400250000105;29420;;1360371537.18;92.3916265232814;14723970;0.014982;0.013549;0;0.001469
Classe;32.441.656/0001-36;2026-07-01;1;2026-08-12;RBR DESEN III FII RL;2019-04-26;INVESTIDOR QUALIFICADO;BRRBRICTF007;139665;N;N;;Multicategoria;Ativa;Indeterminado;;30/06;N;N;S;N;N;BTG PACTUAL SERVICOS FINANCEIROS S.A. DISTRIBUIDOR;59281253000123;Praia de Botafogo;501;6º Andar;Botafogo;Rio de Janeiro;RJ;22.250-040;55 11 3383-3102;;;www.btgpactual.com;ri.fundoslistados@btgpactual.com;2026-07-01;1;32441656000136;141;122;54042341.33;386.942622;139665;-7E-06;-7E-06;0;0.002543
Classe;32.527.552/0001-49;2026-07-01;1;2026-08-14;VIC DESENVOLVIMENTO 20/21 FII;2022-07-29;INVESTIDOR QUALIFICADO;BRVIDSCTF003;94603;N;N;;Multicategoria;Ativa;Indeterminado;;30/06;S;S;N;S;N;BANCO GENIAL S.A.;45246410000155;Praia de Botafogo;228;9º Andar;Botafogo;Rio de Janeiro;RJ;22250-906;(21 )3923-3000;(21 )3923-3046;;www.genialinvestimentos.com.br;structured-funds@genial.com.vc;2026-07-01;1;32527552000149;199;197;62227342.87;657.773462469478;94603;-0.055048;0;0;0.000924135072264576
Classe;32.527.626/0001-47;2026-07-01;1;2026-08-14;NEWPORT LOGISTICA FII;2019-09-27;INVESTIDOR QUALIFICADO;BRNEWLCTF004;2810193;N;N;;Multicategoria;Ativa;Indeterminado;;31/12;S;N;N;S;N;BANCO GENIAL S.A.;45246410000155;Praia de Botafogo;228;9º Andar;Botafogo;Rio de Janeiro;RJ;22250-906;(21) 3923-3000;(21) 3923-3046;;www.genialinvestimentos.com.br;structured-funds@genial.com.vc;2026-07-01;1;32527626000147;7113;7088;356312095.98;126.792749102998;2810193;0.008553;0.007892;0;0.000711265216250827
Classe;32.667.306/0001-92;2026-01-01;1;2026-02-13;FII M8 MULT RL;2019-05-17;INVESTIDOR PROFISSIONAL;BR017CCTF007;35564;N;N;;Multicategoria;Ativa;Indeterminado;;30/06;S;N;N;S;N;BTG PACTUAL SERVICOS FINANCEIROS S/A DTVM;59281253000123;Praia de Botafogo;501;6º Andar;Botafogo;Rio de Janeiro;RJ;22.250-040;55 11 3383-3102;;;www.btgpactual.com;ri.fundoslistados@btgpactual.com;2026-01-01;1;32667306000192;2;0;32165525.62;904.440603;35564;-0.005133;0.002855;0;0.00256
Classe;32.754.734/0001-52;2026-07-01;1;2026-08-14;PATRIA AGRO FII RL;2019-11-07;INVESTIDORES EM GERAL;BRQAGRCTF005;5452634;N;N;;Outros;Ativa;Indeterminado;;30/06;S;N;N;S;N;BTG PACTUAL SERVICOS FINANCEIROS S.A. DISTRIBUIDOR;59281253000123;Praia de Botafogo;501;6º Andar;Botafogo;Rio de Janeiro;RJ;22.250-040;55 11 3383-3102;;;www.btgpactual.com;ri.fundoslistados@btgpactual.com;2026-07-01;1;32754734000152;13407;13369;363831543.64;66.725833;5452634;0.019815;0.004853;0;0.000837
Classe;32.892.018/0001-31;2026-07-01;1;2026-08-13;HSI - MALLS FII RESP. LIMITADA;2019-07-30;INVESTIDORES EM GERAL;BRHSMLCTF007;21329976;N;N;;Shoppings;Ativa;Indeterminado;;30/06;S;N;N;S;N;SANTANDER CACEIS BRASIL DTVM S.A.;62318407000119;Rua Amador Bueno;474;;Santo Amaro;São Paulo;SP;04752-005;(11) 5538-5489;;;www.s3dtvm.com.br;SC_fundosimobiliarios@s3caceis.com.br;2026-07-01;1;32892018000131;188703;;2126012239.06;99.6725096671464;21329976;0.003654;0.007496;0;0.000855
Classe;32.903.621/0001-71;2026-07-01;1;2026-08-14;HSI LOGÍSTICA FUNDO DE INVESTIMENTO IMOBILIÁRIO;2019-12-09;INVESTIDORES EM GERAL;BRHSLGCTF009;12660067;N;N;;Logística;Ativa;Indeterminado;;30/06;S;N;N;S;N;BRL TRUST DTVM S.A.;13486793000142;Rua Alves Guimarães;1216;;Pinheiros;São Paulo;SP;05410-002;(11) 3509-0600;;;www.apexgroup.com/apex-brazil/;infolegal@apexgroup.com;2026-07-01;1;32903621000171;42009;;1393483712.72;110.069221017551;12660067;0.005659;0.006806;;0.00063193241654841
Classe;32.903.661/0001-13;2026-07-01;1;2026-08-14;HSI LOG II FUNDO DE INVESTIMENTO IMOBILIÁRIO;2019-12-09;INVESTIDOR QUALIFICADO;;3372642.7205;S;N;;Logística;Ativa;Indeterminado;;30/06;N;N;S;N;N;BRL TRUST DTVM S.A.;13486793000142;Rua Alves Guimarães;1216;;Pinheiros;São Paulo;SP;05410-002;(11) 3509-0600;;;www.apexgroup.com/apex-brazil/;infolegal@apexgroup.com;2026-07-01;1;32903661000113;1;;316723329.03;93.9095407600854;3372642.7205;0.003841;0.00389;;0.000589870757459435
Classe;33.046.142/0001-49;2026-07-01;1;2026-08-14;BTGP SHOPPINGS FII;2019-07-26;INVESTIDORES EM GERAL;BRBPMLCTF006;7441745;N;N;;Multicategoria;Ativa;Indeterminado;;30/06;N;N;N;N;N;BTG PACTUAL SERVICOS FINANCEIROS S.A. DISTRIBUIDOR;59281253000123;Praia de Botafogo;501;6º Andar;Botafogo;Rio de Janeiro;RJ;22.250-040;55 11 3383-3102;;;www.btgpactual.com;ri.fundoslistados@btgpactual.com;2026-07-01;1;33046142000149;6676;6608;888931198.85;119.451983;7441745;0.020071;0.006307;0;7.1E-05
Classe;33.354.650/0001-94;2026-07-01;1;2026-08-13;AVM FII;2020-04-08;INVESTIDOR QUALIFICADO;BRFAVMCTF008;3465132;N;N;;Outros;Ativa;Indeterminado;;31/12;N;N;S;N;N;INTER DTVM LTDA.;18945670000146;Avenida Barbacena;1219;21º andar;Santo Agostinho;Belo Horizonte;MG;30190-131;(31) 3614-5332;;;http://www.bancointer.com.br/inter-dtvm;ri.fii@interdtvm.com.br;2026-07-01;1;33354650000194;1;;342252361.01;98.77036748;3465132;-0.00031096;0;0;0.000183
Classe;33.554.611/0001-30;2026-07-01;1;2026-08-12;LOTEAR FUNDO DE INVESTIMENTO IMOBILIÁRIO;2020-10-15;INVESTIDOR PROFISSIONAL;BR0JK3CTF001;13956.5282063;S;N;;Outros;Ativa;Indeterminado;;31/12;N;N;S;N;N;MONETAR DTVM;12063256000127;Rua Joaquim Floriano, nº 100, 18º andar, Itaim Bibi, SP, CEP 4534000;100;18;ITAIM BIBI;SÃO PAULO;SP;4534000;(011) 3165-6000;;;www.terrainvestimentos.com.br;admfundos@terrainvestimentos.com.br;2026-07-01;1;33554611000130;11;8;8008573.02;573.822723074132;13956.5282063;-0.00678;0;0;6.24E-06
Classe;33.701.455/0001-93;2026-07-01;1;2026-08-12;FRAM CAPITAL PENHA FUNDO DE INVESTIMENTO IMOBILIÁRIO;2020-06-09;INVESTIDOR QUALIFICADO;;55.55556023;N;N;;Outros;Ativa;Indeterminado;;31/12;N;N;S;N;N;OSLO CAPITAL DTVM;13673855000125;Rua Dr. Eduardo de Souza Aranha;153;4º andar;Vila Nova Conceição;São Paulo;SP;04543120;35133144;;;www.oslocapitaldtvm@.com;fiduciario@oslocapitaldtvm.com;2026-07-01;1;33701455000193;9;;79322235.68;1427800.1221049;55.55556023;0.011863;0;0;0.000992
Classe;33.701.485/0001-08;2026-07-01;1;2026-08-12;FRAM CAPITAL TESSEN FUNDO DE INVESTIMENTO IMOBILIÁRIO;2020-10-02;INVESTIDOR QUALIFICADO;;20;N;N;;Logística;Ativa;Indeterminado;;31/12;N;N;S;N;N;OSLO CAPITAL DTVM;13673855000125;Rua Dr. Eduardo de Souza Aranha;153;4º andar;Vila Nova Conceição;São Paulo;SP;04543120;35133144;;;www.oslocapitaldtvm.com;fiduciario@oslocapitaldtvm.com;2026-07-01;1;33701485000108;8;;97908.06;4895.403;20;-0.501852;0;0;0.063466
Classe;33.701.501/0001-54;2026-07-01;1;2026-08-14;FII AUREA EXTREMA RESP LTDA;2020-12-15;INVESTIDOR QUALIFICADO E PROFISSIONAL;BR0LTACTF002;64327;N;N;;Logística;Ativa;Indeterminado;;30/12;N;N;S;N;N;VÓRTX DTVM LTDA;22610500000188;Rua Gilberto Sabino;215;4º ANDAR;Pinheiros;São Paulo;SP;5425020;11 3030-7177;;;www.vortx.com.br;fundos@vortx.com.br;2026-07-01;1;33701501000154;3;3;113470019.88;1763.956346169;64327;-0.00096638;0;0;0.002223
Classe;33.701.887/0001-02;2026-07-01;1;2026-08-04;INTRABANK FUNDO DE INVESTIMENTO IMOBILIÁRIO RL;2020-11-04;INVESTIDORES EM GERAL;BR0EKVCTF002;82524.06819137;N;N;;Multicategoria;Ativa;Indeterminado;;31/12;N;N;S;N;N;FINVEST DISTRIBUIDORA DE TÍTULOS E VALORES MOBILIÁRIOS LTDA.;39669186000101;Avenida Brigadeiro Faria Lima;2277;17 ANDAR;JARDIM PÁULISTANO;SÃO PAULO;SP;01452000;+55 (11) 3504-6800;;;https://www.finvestdtvm.com.br/;compliance@finvestdigital.com.br;2026-07-01;1;33701887000102;3;;58749347.86;711.905619143286;82524.06819137;-0.000188;0;0;0.0002
Classe;33.842.871/0001-01;2026-07-01;1;2026-08-14;YORK FII;2019-05-24;INVESTIDOR PROFISSIONAL;BR028UCTF006;133620;N;N;;Multicategoria;Ativa;Indeterminado;;31/12;N;N;S;N;N;BRL TRUST DTVM S.A.;13486793000142;Rua Alves Guimarães;1216;;Pinheiros;São Paulo;SP;05410-002;(11) 3509-0600;;;www.apexgroup.com/apex-brazil/;infolegal@apexgroup.com;2026-07-01;1;33842871000101;2;;13933202.76;104.274829815896;133620;0.062332;;;0.00210343956840545
Classe;33.884.145/0001-51;2026-07-01;1;2026-08-14;FARIA LIMA CAPITAL RECEBÍVEIS IMOBILIÁRIOS I - FII;2019-05-24;INVESTIDORES EM GERAL;BRFLCRCTF004;751844;N;N;;Outros;Ativa;Indeterminado;;31/12;S;N;N;S;N;BRL TRUST DTVM S.A.;13486793000142;Rua Alves Guimarães;1216;;Pinheiros;São Paulo;SP;05410-002;(11) 3509-0600;;;https://www.apexgroup.com/apex-brazil/;infolegal@apexgroup.com;2026-07-01;1;33884145000151;2617;;71014333.36;94.4535480232601;751844;0.012888;;;0.000907103213564547
Classe;33.884.197/0001-28;2026-07-01;1;2026-08-14;SÃO MIGUEL DOS MILAGRES FII RESPONSABILIDADE LIMITADA - FII;2019-08-15;INVESTIDORES EM GERAL;BR0EMLCTF009;29866.59475341;N;N;;Multicategoria;Ativa;Indeterminado;;31/12;S;S;N;S;N;TRUSTEE DISTRIBUIDORA DE TITULOS E VALORES MOBILIARIOS LTDA.;67030395000146;Avenida Brigadeiro Faria Lima;3.732;14º andar;Itaim Bibi;São Paulo;SP;04538-132;0800 930 0930;;;www.trusteedtvm.com.br;ouvidoria@trusteedtvm.com.br;2026-07-01;1;33884197000128;1;;44393748.75;1486.4014165837;29866.59475341;-0.000868;0;0;2.3E-05
Classe;34.027.774/0001-28;2026-07-01;1;2026-08-14;FII RB CAPITAL I FOF;2020-02-20;INVESTIDORES EM GERAL;BRRFOFCTF001;767206.99999608;N;N;;Outros;Ativa;Indeterminado;;31/12;S;N;N;S;N;BRL TRUST DTVM S.A.;13486793000142;Rua Alves Guimarães;1216;;Pinheiros;São Paulo;SP;05410-002;(11) 3509-0600;;;www.apexgroup.com/apex-brazil/;infolegal@apexgroup.com;2026-07-01;1;34027774000128;3285;;311196.23;0.405622250581121;767206.99999608;-0.029264;;;0.0160670326886672
Classe;34.081.631/0001-02;2026-07-01;1;2026-08-14;FUNDO DE INVESTIMENTO IMOBILIÁRIO HOUSI;2020-02-17;INVESTIDORES EM GERAL;BRHOSICTF009;573450;N;N;;Residencial;Ativa;Indeterminado;;30/12;S;N;N;S;N;VÓRTX DTVM LTDA;22610500000188;Rua Gilberto Sabino;215;4º ANDAR;Pinheiros;São Paulo;SP;5425020;11 3030-7177;;;www.vortx.com.br;fundos@vortx.com.br;2026-07-01;1;34081631000102;952;936;71145357.36;124.0654937;573450;-0.00115158;0;0.022151;0.00085
Classe;34.081.637/0001-71;2026-07-01;1;2026-08-14;BLUEMACAW LOGÍSTICA FUNDO INVESTIMENTO;2020-10-21;INVESTIDORES EM GERAL;BRBLMGCTF005;4645000;N;N;;Multicategoria;Ativa;Indeterminado;;30/12;S;N;N;S;N;VÓRTX DTVM LTDA;22610500000188;Rua Gilberto Sabino;215;4º ANDAR;Pinheiros;São Paulo;SP;5425020;11 3030-7177;;;www.vortx.com.br;fundos@vortx.com.br;2026-07-01;1;34081637000171;12455;12417;213489177.11;45.68567882;4645000;0.00220356;0.00848299;0;0.000595
Classe;34.197.700/0001-30;2026-07-01;1;2026-08-13;G5 CIDADE NOVA FUNDO DE INVESTIMENTO IMOBILIÁRIO;2019-11-06;INVESTIDOR QUALIFICADO;BRTCINCTF000;853657.64704987;N;N;;Outros;Ativa;Indeterminado;;2026-12-31 00:00:00;S;S;N;S;N;QI CORRETORA DE TITULOS E VALORES MOBILIARIOS S.A;62285390000145;AVENIDA REBOUÇAS;2942;7º AO 12º ANDAR;JARDIM PAULISTANO;SÃO PAULO;SP;05402-500;(11) 2827-3500;;;https://qitech.com.br/dtvm/;fii.adm@qitech.com.br;2026-07-01;1;34197700000130;107;88;36609830.44;42.8858460607936;853657.64704987;-0.001094;0;0;0.0022417
Classe;34.197.776/0001-65;2026-07-01;1;2026-08-14;TZDK FII RL;2019-11-08;INVESTIDORES EM GERAL;BRMGHTCTF005;1313784;N;N;;Multicategoria;Ativa;Indeterminado;;30/06;S;N;N;S;N;BTG PACTUAL SERVICOS FINANCEIROS S.A. DISTRIBUIDOR;59281253000123;Praia de Botafogo;501;6º Andar;Botafogo;Rio de Janeiro;RJ;22.250-040;55 11 3383-3102;;;www.btgpactual.com;ri.fundoslistados@btgpactual.com;2026-07-01;1;34197776000165;3096;3080;29622783.12;22.547681;1313784;-0.028926;-0.010372;0;0.001287
Classe;34.197.811/0001-46;2026-07-01;1;2026-08-12;VALORA CRI FII RL;2020-03-18;INVESTIDORES EM GERAL;BRVGIPCTF002;11787247;N;N;;Multicategoria;Ativa;Indeterminado;;30/06;S;N;N;S;N;BTG PACTUAL SERVICOS FINANCEIROS S.A. DISTRIBUIDOR;59281253000123;Praia de Botafogo;501;6º Andar;Botafogo;Rio de Janeiro;RJ;22.250-040;55 11 3383-3102;;;www.btgpactual.com;ri.fundoslistados@btgpactual.com;2026-07-01;1;34197811000146;82245;82065;1068558167.44;90.653752;11787247;0;0;0;0.000768
Classe;34.508.872/0001-87;2026-07-01;1;2026-08-14;URCA PRIME RENDA FI IMOBILIÁRIO;2019-12-10;INVESTIDORES EM GERAL;BRURPRCTF002;11733895;N;N;;Outros;Ativa;Indeterminado;;30/12;N;N;S;N;N;VÓRTX DTVM LTDA;22610500000188;Rua Gilberto Sabino;215;4º ANDAR;Pinheiros;São Paulo;SP;5425020;11 3030-7177;;;www.vortx.com.br;fundos@vortx.com.br;2026-07-01;1;34508872000187;54584;54493;1088533069.36;92.76826402;11733895;-0.01568788;0.00317287;0;0.000136
Classe;34.508.959/0001-54;2026-07-01;1;2026-08-14;FII HECTARE RECEBÍVEIS HIGH GRADE;2021-02-04;INVESTIDORES EM GERAL;BRHCHGCTF001;1200000;N;N;;Outros;Ativa;Indeterminado;;30/12;S;N;N;S;N;VÓRTX DTVM LTDA;22610500000188;Rua Gilberto Sabino;215;4º ANDAR;Pinheiros;São Paulo;SP;5425020;11 3030-7177;;;www.vortx.com.br;fundos@vortx.com.br;2026-07-01;1;34508959000154;519;506;96334105.53;80.27842128;1200000;0.02539531;0.01336292;0;0.000189
Classe;34.509.007/0001-55;2026-07-01;1;2026-08-04;FII PLANNER 2467 - FII JAPURA;2023-01-05;INVESTIDOR QUALIFICADO;;772497.18065818;N;N;;Outros;Ativa;Indeterminado;;31/12;N;N;S;N;N;PLANNER CORRETORA DE VALORES S.A.;00806535000154;Avenida Brigadeiro Faria Lima;3900;10º andar;Jardim Paulistano;São Paulo;SP;04538-132;(11) 3504-6800;;;www.planner.com.br;informacoesregulatorias@planner.com.br;2026-07-01;1;34509007000155;1;0;101018366.11;130.768588726668;772497.18065818;0.000292;0;0;2.85864849254787E-05
Classe;34.547.078/0001-42;2026-07-01;1;2026-08-10;FAIRBANKS & FILADELFO FUNDO DE INVESTIMENTO IMOBILIÁRIO;2020-12-14;INVESTIDOR PROFISSIONAL;0;151735.48935208;N;N;;Outros;Ativa;Indeterminado;;31/06;N;N;S;N;N;REAG DISTRIBUIDORA DE TITULOS E VALORES MOBILIARIOS SA;34829992000186;Avenida Brigadeiro Faria Lima;2277;17º andar;Jardim Paulistano;São Paulo;SP;01452-000;(11) 3504-6800;;;www.reag.com.br;informeslegais@reag.com.br;2026-07-01;1;34547078000142;4;0;73447494.84;484.049546705424;151735.48935208;-0.023353;0;0;0.00608415768262029
Classe;34.598.181/0001-11;2026-07-01;3;2026-08-27;INTER LOGÍSTICO FII;2019-11-28;INVESTIDORES EM GERAL;BRINLGCTF008;4512103;N;N;;Logística;Ativa;Indeterminado;;31/12;S;N;N;S;N;INTER DTVM LTDA.;18945670000146;AV BARBACENA;1219;21º ANDAR;SANTO AGOSTINHO;Belo Horizonte;MG;30190131;(31) 3614-5332;;;http://www.bancointer.com.br/inter-dtvm;ri.fii@interdtvm.com.br;2026-07-01;3;34598181000111;14438;;480515018.66;106.49469187;4512103;0.00635089;0.0056381;0;0.000419
Classe;34.691.520/0001-00;2026-07-01;1;2026-08-14;CAPITANIA HBC II FII;2019-09-26;INVESTIDORES EM GERAL;BRCPURCTF004;67825745;N;N;;Multicategoria;Ativa;Indeterminado;;30/06;S;N;N;S;N;BTG PACTUAL SERVICOS FINANCEIROS S.A. DISTRIBUIDOR;59281253000123;Praia de Botafogo;501;6º Andar;Botafogo;Rio de Janeiro;RJ;22.250-040;55 11 3383-3102;;;www.btgpactual.com;ri.fundoslistados@btgpactual.com;2026-07-01;1;34691520000100;1965;1933;672494017.32;9.915026;67825745;0.020435;0.01123;0;0.000854
Classe;34.691.925/0001-48;2026-07-01;1;2026-08-12;IMMOB III FUNDO DE INVESTIMENTO IMOBILIARIO - FII;2019-11-27;INVESTIDOR PROFISSIONAL;BRFMOBCTF019;408817;S;N;;Multicategoria;Ativa;Indeterminado;;31/12;S;S;N;S;S;BEM DTVM LTDA;00066670000100;Núcleo Cidade de Deus;S/N;Prédio Prata - 4º Andar;Vila Yara;Osasco;SP;06029-900;(11) 3684-4522;;;www.bradescobemdtvm.com.br;bemdtvm@bradesco.com.br;2026-07-01;1;34691925000148;1;;162980397.5;398.663454553015;408817;-0.089656;0;0.111678;0.000489
Classe;34.736.474/0001-18;2026-07-01;1;2026-08-14;RBR DESENVOLVIMENTO COMERCIAL I FII;2019-08-23;INVESTIDOR PROFISSIONAL;BRRDCICTF005;3054449;N;N;;Multicategoria;Ativa;Determinado;2025-09-25;30/06;N;N;S;N;N;BRL TRUST DTVM S.A.;13486793000142;Rua Alves Guimarães;1216;;Pinheiros;São Paulo;SP;05410-002;(11) 3509-0600;;;www.apexgroup.com/apex-brazil/;infolegal@apexgroup.com;2026-07-01;1;34736474000118;127;;272258970.89;89.1352158408931;3054449;0.000926;;;0.00142598147907074
Classe;34.736.510/0001-43;2026-07-01;1;2026-08-14;PERFORMA REAL ESTATE - FUNDO DE INVESTIMENTO IMOBILIÁRIO;2020-11-24;INVESTIDORES EM GERAL;BRPEMACTF003;552000;N;N;;Multicategoria;Ativa;Indeterminado;;31/12;S;N;N;S;N;BRL TRUST DTVM S.A.;13486793000142;Rua Alves Guimarães;1216;;Pinheiros;São Paulo;SP;05410-002;(11) 3509-0600;;;www.apexgroup.com/apex-brazil/;infolegal@apexgroup.com;2026-07-01;1;34736510000143;275;;31371929.85;56.83320625;552000;0.010842;0.009258;;0.000217530768194039
Classe;34.835.191/0001-23;2026-07-01;1;2026-08-13;INTER RESIDENCE FII;2019-12-09;INVESTIDORES EM GERAL;BRINRDCTF002;1128870;N;N;;Residencial;Ativa;Indeterminado;;30/06;S;N;N;S;N;INTER DTVM LTDA.;18945670000146;AV BARBACENA;1219;21º ANDAR;SANTO AGOSTINHO;Belo Horizonte;MG;30190131;(31) 3614-5332;;;http://www.bancointer.com.br/inter-dtvm;ri.fii@interdtvm.com.br;2026-07-01;1;34835191000123;5665;;134704100.07;119.3264947;1128870;0.0069476;0.00603935;0;0.000911
Classe;34.847.042/0001-84;2026-07-01;1;2026-08-14;PRIME OFFICES FUNDO DE INVESTIMENTO IMOBILIÁRIO - RESP LTDA;2021-03-31;INVESTIDORES EM GERAL;BRTSERCTF006;1485504;N;N;;Escritórios;Ativa;Indeterminado;;31/12;S;N;N;S;N;BRL TRUST DTVM S.A.;13486793000142;Rua Alves Guimarães;1216;;Pinheiros;São Paulo;SP;05410-002;(11) 3509-0600;;;www.apexgroup.com/apex-brazil/;infolegal@apexgroup.com;2026-07-01;1;34847042000184;1;;139909961.95;94.1834972844233;1485504;0.003688;0.017239;;0.000246668711212526
Classe;34.867.728/0001-37;2026-07-01;1;2026-08-14;HIRE LOG I  FII RESP LIMITADA;2021-05-03;INVESTIDORES EM GERAL;BRHILGCTF000;526253.6212;N;N;;Logística;Definida;Indeterminado;;31/12;S;N;N;S;N;VÓRTX DTVM LTDA;22610500000188;Rua Gilberto Sabino;215;4º ANDAR;Pinheiros;São Paulo;SP;5425020;11 3030-7177;;;www.vortx.com.br;fundos@vortx.com.br;2026-07-01;1;34867728000137;104;100;132987039.9;252.70522529;526253.6212;0.03036987;0.00768435;0;0.000145
