TP_FUNDO_CLASSE;CNPJ_FUNDO_CLASSE;DENOM_SOCIAL;DT_COMPTC;VL_PATRIM_LIQ;QT_COTA;VL_PATRIM_COTA;NR_COTST;ENTID_INVEST;PUBLICO_ALVO;VL_CAP_COMPROM;QT_COTA_SUBSCR;VL_CAP_SUBSCR;QT_COTA_INTEGR;VL_CAP_INTEGR;VL_INVEST_FIP_COTA;NR_COTST_SUBSCR_PF;PR_COTA_SUBSCR_PF;NR_COTST_SUBSCR_PJ_NAO_FINANC;PR_COTA_SUBSCR_PJ_NAO_FINANC;NR_COTST_SUBSCR_BANCO;PR_COTA_SUBSCR_BANCO;NR_COTST_SUBSCR_CORRETORA_DISTRIB;PR_COTA_SUBSCR_CORRETORA_DISTRIB;NR_COTST_SUBSCR_PJ_FINANC;PR_COTA_SUBSCR_PJ_FINANC;NR_COTST_SUBSCR_INVNR;PR_COTA_SUBSCR_INVNR;NR_COTST_SUBSCR_EAPC;PR_COTA_SUBSCR_EAPC;NR_COTST_SUBSCR_EFPC;PR_COTA_SUBSCR_EFPC;NR_COTST_SUBSCR_RPPS;PR_COTA_SUBSCR_RPPS;NR_COTST_SUBSCR_SEGUR;PR_COTA_SUBSCR_SEGUR;NR_COTST_SUBSCR_CAPITALIZ;PR_COTA_SUBSCR_CAPITALIZ;NR_COTST_SUBSCR_FII;PR_COTA_SUBSCR_FII;NR_COTST_SUBSCR_FI;PR_COTA_SUBSCR_FI;NR_COTST_SUBSCR_DISTRIB;PR_COTA_SUBSCR_DISTRIB;NR_COTST_SUBSCR_OUTRO;PR_COTA_SUBSCR_OUTRO;NR_TOTAL_COTST_SUBSCR;PR_TOTAL_COTA_SUBSCR;CLASSE_COTA;NR_COTST_SUBSCR_CLASSE;QT_COTA_SUBSCR_CLASSE;QT_COTA_INTEGR_CLASSE;VL_QUOTA_CLASSE;DIREITO_POLIT_CLASSE;DIREITO_ECON_CLASSE
CLASSES - FIP;06.033.235/0001-66;CRT FIP - MULTIESTRATÉGIA;2026-04-30;28866473.760000000000;;;;S;Investidores qualificados;13162950.24000000;103.00000000;13162950.24000000;13162950.24000000;13162950.24000000;0.00000000;0.00000000;0.00000000;0.00000000;0.00000000;0.00000000;0.00000000;0.00000000;0.00000000;0.00000000;0.00000000;0.00000000;0.00000000;0.00000000;0.00000000;1.00000000;100.00000000;0.00000000;0.00000000;0.00000000;0.00000000;0.00000000;0.00000000;0.00000000;0.00000000;0.00000000;0.00000000;0.00000000;0.00000000;0.00000000;0.00000000;1.00000000;100.00000000;1;1.00000000;103.00000000;103.00000000;280257.02679611;N;N
CLASSES - FIP;06.033.235/0001-66;CRT FIP - MULTIESTRATÉGIA;2026-08-31;28895841.890000000000;;;;S;Investidores qualificados;13162950.24000000;103.00000000;13162950.24000000;13162950.24000000;13162950.24000000;0.00000000;0.00000000;0.00000000;0.00000000;0.00000000;0.00000000;0.00000000;0.00000000;0.00000000;0.00000000;0.00000000;0.00000000;0.00000000;0.00000000;0.00000000;1.00000000;100.00000000;0.00000000;0.00000000;0.00000000;0.00000000;0.00000000;0.00000000;0.00000000;0.00000000;0.00000000;0.00000000;0.00000000;0.00000000;0.00000000;0.00000000;1.00000000;100.00000000;1;1.00000000;103.00000000;103.00000000;280542.15427184;N;N
CLASSES - FIP;06.962.594/0001-06;INVESTIDORES INSTITUCIONAIS II - FUNDO DE INVESTIMENTO EM PARTICIPACOES MULTIESTRATÉGIA;2026-04-30;3942703.810000000000;;;;S;Investidores qualificados;300000000.00000000;407203.02985557;300000000.00000000;407203.02981000;296310133.22000000;0.00000000;4.00000000;3.57000000;3.00000000;3.25000000;0.00000000;0.00000000;0.00000000;0.00000000;1.00000000;20.00000000;0.00000000;0.00000000;0.00000000;0.00000000;5.00000000;22.80000000;0.00000000;0.00000000;0.00000000;0.00000000;0.00000000;0.00000000;0.00000000;0.00000000;6.00000000;50.38000000;0.00000000;0.00000000;0.00000000;0.00000000;19.00000000;100.00000000;Unica;19.00000000;407203.02985557;407203.02981000;9.68240290;N;N
CLASSES - FIP;06.962.594/0001-06;INVESTIDORES INSTITUCIONAIS II - FUNDO DE INVESTIMENTO EM PARTICIPACOES MULTIESTRATÉGIA;2026-04-30;3942703.806799980000;;;;S;Investidores qualificados;300000000.00000000;407203.02985557;300000000.00000000;407203.02981000;296310133.22000000;0.00000000;4.00000000;3.57000000;3.00000000;3.25000000;0.00000000;0.00000000;0.00000000;0.00000000;1.00000000;20.00000000;0.00000000;0.00000000;0.00000000;0.00000000;5.00000000;22.80000000;0.00000000;0.00000000;0.00000000;0.00000000;0.00000000;0.00000000;0.00000000;0.00000000;6.00000000;50.38000000;0.00000000;0.00000000;0.00000000;0.00000000;19.00000000;100.00000000;1;19.00000000;407203.02985557;407203.02981000;9.68240290;N;N
CLASSES - FIP;06.962.594/0001-06;INVESTIDORES INSTITUCIONAIS II - FUNDO DE INVESTIMENTO EM PARTICIPACOES MULTIESTRATÉGIA;2026-08-31;33442723.336700000000;;;;S;Investidores qualificados;300000000.00000000;407203.02985557;300000000.00000000;407203.02985557;296310133.22000000;0.00000000;4.00000000;3.57000000;3.00000000;3.25000000;0.00000000;0.00000000;0.00000000;0.00000000;1.00000000;20.00000000;0.00000000;0.00000000;0.00000000;0.00000000;3.00000000;13.47000000;0.00000000;0.00000000;0.00000000;0.00000000;0.00000000;0.00000000;0.00000000;0.00000000;11.00000000;59.71000000;0.00000000;0.00000000;0.00000000;0.00000000;22.00000000;100.00000000;1;22.00000000;407203.02985557;407203.02985557;82.12788430;N;N
CLASSES - FIP;07.319.087/0001-03;ASCET I - FUNDO DE INVESTIMENTO EM PARTICIPAÇÕES MULTIESTRATÉGIA;2026-04-30;-280022.050000000000;;;;S;Investidores profissionais;0.00000000;1196.19201900;3578824.75952657;1196.19201900;3578824.75952657;0.00000000;14.00000000;100.00000000;0.00000000;0.00000000;0.00000000;0.00000000;0.00000000;0.00000000;0.00000000;0.00000000;0.00000000;0.00000000;0.00000000;0.00000000;0.00000000;0.00000000;0.00000000;0.00000000;0.00000000;0.00000000;0.00000000;0.00000000;0.00000000;0.00000000;0.00000000;0.00000000;0.00000000;0.00000000;0.00000000;0.00000000;14.00000000;100.00000000;1;2.00000000;727.05091020;727.05091020;-234.09452847;N;N
CLASSES - FIP;07.319.087/0001-03;ASCET I - FUNDO DE INVESTIMENTO EM PARTICIPAÇÕES MULTIESTRATÉGIA;2026-04-30;-280022.050000000000;;;;S;Investidores profissionais;0.00000000;1196.19201900;3578824.75952657;1196.19201900;3578824.75952657;0.00000000;14.00000000;100.00000000;0.00000000;0.00000000;0.00000000;0.00000000;0.00000000;0.00000000;0.00000000;0.00000000;0.00000000;0.00000000;0.00000000;0.00000000;0.00000000;0.00000000;0.00000000;0.00000000;0.00000000;0.00000000;0.00000000;0.00000000;0.00000000;0.00000000;0.00000000;0.00000000;0.00000000;0.00000000;0.00000000;0.00000000;14.00000000;100.00000000;2;5.00000000;317.81279210;317.81279210;-234.09451051;N;N
CLASSES - FIP;07.319.087/0001-03;ASCET I - FUNDO DE INVESTIMENTO EM PARTICIPAÇÕES MULTIESTRATÉGIA;2026-04-30;-280022.050000000000;;;;S;Investidores profissionais;0.00000000;1196.19201900;3578824.75952657;1196.19201900;3578824.75952657;0.00000000;14.00000000;100.00000000;0.00000000;0.00000000;0.00000000;0.00000000;0.00000000;0.00000000;0.00000000;0.00000000;0.00000000;0.00000000;0.00000000;0.00000000;0.00000000;0.00000000;0.00000000;0.00000000;0.00000000;0.00000000;0.00000000;0.00000000;0.00000000;0.00000000;0.00000000;0.00000000;0.00000000;0.00000000;0.00000000;0.00000000;14.00000000;100.00000000;3;6.00000000;148.13847120;148.13847120;-234.09455842;N;N
CLASSES - FIP;07.319.087/0001-03;ASCET I - FUNDO DE INVESTIMENTO EM PARTICIPAÇÕES MULTIESTRATÉGIA;2026-04-30;-280022.050000000000;;;;S;Investidores profissionais;0.00000000;1196.19201900;3578824.75952657;1196.19201900;3578824.75952657;0.00000000;14.00000000;100.00000000;0.00000000;0.00000000;0.00000000;0.00000000;0.00000000;0.00000000;0.00000000;0.00000000;0.00000000;0.00000000;0.00000000;0.00000000;0.00000000;0.00000000;0.00000000;0.00000000;0.00000000;0.00000000;0.00000000;0.00000000;0.00000000;0.00000000;0.00000000;0.00000000;0.00000000;0.00000000;0.00000000;0.00000000;14.00000000;100.00000000;4;1.00000000;3.18984550;3.18984550;-234.09597738;N;N
CLASSES - FIP;07.319.087/0001-03;ASCET I - FUNDO DE INVESTIMENTO EM PARTICIPAÇÕES MULTIESTRATÉGIA;2026-08-31;-420229.370000000000;;;;S;Investidores profissionais;0.00000000;1196.19201900;3575987.03826767;1196.19201900;3575987.03826767;0.00000000;14.00000000;100.00000000;0.00000000;0.00000000;0.00000000;0.00000000;0.00000000;0.00000000;0.00000000;0.00000000;0.00000000;0.00000000;0.00000000;0.00000000;0.00000000;0.00000000;0.00000000;0.00000000;0.00000000;0.00000000;0.00000000;0.00000000;0.00000000;0.00000000;0.00000000;0.00000000;0.00000000;0.00000000;0.00000000;0.00000000;14.00000000;100.00000000;1;2.00000000;727.05091020;727.05091020;-351.30594903;N;N
CLASSES - FIP;07.319.087/0001-03;ASCET I - FUNDO DE INVESTIMENTO EM PARTICIPAÇÕES MULTIESTRATÉGIA;2026-08-31;-420229.370000000000;;;;S;Investidores profissionais;0.00000000;1196.19201900;3575987.03826767;1196.19201900;3575987.03826767;0.00000000;14.00000000;100.00000000;0.00000000;0.00000000;0.00000000;0.00000000;0.00000000;0.00000000;0.00000000;0.00000000;0.00000000;0.00000000;0.00000000;0.00000000;0.00000000;0.00000000;0.00000000;0.00000000;0.00000000;0.00000000;0.00000000;0.00000000;0.00000000;0.00000000;0.00000000;0.00000000;0.00000000;0.00000000;0.00000000;0.00000000;14.00000000;100.00000000;2;5.00000000;317.81279210;317.81279210;-351.30593474;N;N
CLASSES - FIP;07.319.087/0001-03;ASCET I - FUNDO DE INVESTIMENTO EM PARTICIPAÇÕES MULTIESTRATÉGIA;2026-08-31;-420229.370000000000;;;;S;Investidores profissionais;0.00000000;1196.19201900;3575987.03826767;1196.19201900;3575987.03826767;0.00000000;14.00000000;100.00000000;0.00000000;0.00000000;0.00000000;0.00000000;0.00000000;0.00000000;0.00000000;0.00000000;0.00000000;0.00000000;0.00000000;0.00000000;0.00000000;0.00000000;0.00000000;0.00000000;0.00000000;0.00000000;0.00000000;0.00000000;0.00000000;0.00000000;0.00000000;0.00000000;0.00000000;0.00000000;0.00000000;0.00000000;14.00000000;100.00000000;3;6.00000000;148.13847120;148.13847120;-351.30597460;N;N
CLASSES - FIP;07.319.087/0001-03;ASCET I - FUNDO DE INVESTIMENTO EM PARTICIPAÇÕES MULTIESTRATÉGIA;2026-08-31;-420229.370000000000;;;;S;Investidores profissionais;0.00000000;1196.19201900;3575987.03826767;1196.19201900;3575987.03826767;0.00000000;14.00000000;100.00000000;0.00000000;0.00000000;0.00000000;0.00000000;0.00000000;0.00000000;0.00000000;0.00000000;0.00000000;0.00000000;0.00000000;0.00000000;0.00000000;0.00000000;0.00000000;0.00000000;0.00000000;0.00000000;0.00000000;0.00000000;0.00000000;0.00000000;0.00000000;0.00000000;0.00000000;0.00000000;0.00000000;0.00000000;14.00000000;100.00000000;4;1.00000000;3.18984550;3.18984550;-351.30541589;N;N
CLASSES - FIP;07.672.313/0001-35;FUNDO DE INVESTIMENTO EM PARTICIPAÇÕES VOLLUTO MULTIESTRATÉGIA RESPONSABILIDADE LIMITADA;2026-04-30;87040425.560000000000;;;;N;Investidores profissionais;368647028.48000000;16369611.51028600;368647028.48000000;16369611.51028600;368647028.48000000;0.00000000;1.00000000;100.00000000;0.00000000;0.00000000;0.00000000;0.00000000;0.00000000;0.00000000;0.00000000;0.00000000;0.00000000;0.00000000;0.00000000;0.00000000;0.00000000;0.00000000;0.00000000;0.00000000;0.00000000;0.00000000;0.00000000;0.00000000;0.00000000;0.00000000;0.00000000;0.00000000;0.00000000;0.00000000;0.00000000;0.00000000;1.00000000;100.00000000;1;4.00000000;16369611.51028600;16369611.51028600;5.31719556;N;N
CLASSES - FIP;07.672.313/0001-35;FUNDO DE INVESTIMENTO EM PARTICIPAÇÕES VOLLUTO MULTIESTRATÉGIA RESPONSABILIDADE LIMITADA;2026-08-31;178866601.330000000000;;;;N;Investidores profissionais;361246273.28000000;19724855.00000000;361246273.28000000;19724854.85025280;361246273.28000000;0.00000000;4.00000000;100.00000000;0.00000000;0.00000000;0.00000000;0.00000000;0.00000000;0.00000000;0.00000000;0.00000000;0.00000000;0.00000000;0.00000000;0.00000000;0.00000000;0.00000000;0.00000000;0.00000000;0.00000000;0.00000000;0.00000000;0.00000000;0.00000000;0.00000000;0.00000000;0.00000000;0.00000000;0.00000000;0.00000000;0.00000000;4.00000000;100.00000000;1;4.00000000;19724855.00000000;19724854.85025280;9.06808201;N;N
CLASSES - FIP;07.715.713/0001-80;ANGRA INFRA MULTIESTRATÉGIA FUNDO DE INVESTIMENTO EM PARTICIPAÇÕES;2026-04-30;1002833999.630000000000;;;;S;Investidores qualificados;739766216.34000000;7397.66216340;739766216.34000000;7396.55974820;739655974.82000000;0.00000000;0.00000000;0.00000000;3.00000000;27.31000000;1.00000000;8.11000000;0.00000000;0.00000000;0.00000000;0.00000000;0.00000000;0.00000000;0.00000000;0.00000000;6.00000000;64.58000000;0.00000000;0.00000000;0.00000000;0.00000000;0.00000000;0.00000000;0.00000000;0.00000000;0.00000000;0.00000000;0.00000000;0.00000000;0.00000000;0.00000000;10.00000000;100.00000000;1;10.00000000;7397.66216340;7396.55974820;135581.13957970;N;N
CLASSES - FIP;07.715.713/0001-80;ANGRA INFRA MULTIESTRATÉGIA FUNDO DE INVESTIMENTO EM PARTICIPAÇÕES;2026-08-31;1112453929.800000000000;;;;S;Investidores qualificados;739766216.34000000;7397.66216341;739766216.34000000;7396.55974820;739655974.82000000;0.00000000;0.00000000;0.00000000;3.00000000;27.31000000;1.00000000;8.11000000;0.00000000;0.00000000;0.00000000;0.00000000;0.00000000;0.00000000;0.00000000;0.00000000;6.00000000;64.58000000;0.00000000;0.00000000;0.00000000;0.00000000;0.00000000;0.00000000;0.00000000;0.00000000;0.00000000;0.00000000;0.00000000;0.00000000;0.00000000;0.00000000;10.00000000;100.00000000;1;10.00000000;7397.66216341;7396.55974820;150401.53364150;N;N
CLASSES - FIP;08.277.553/0001-06;OPPORTUNITY HOLDING FUNDO DE INVESTIMENTO EM PARTICIPAÇÕES MULTIESTRATÉGIA - RESP LIMITADA;2026-04-30;2554412734.350000000000;;;;S;Investidores profissionais;820187032.03000000;206950386.82000000;820187032.03000000;206950386.82000000;820187032.03000000;0.00000000;0.00000000;0.00000000;0.00000000;0.00000000;0.00000000;0.00000000;0.00000000;0.00000000;0.00000000;0.00000000;0.00000000;0.00000000;0.00000000;0.00000000;0.00000000;0.00000000;0.00000000;0.00000000;0.00000000;0.00000000;0.00000000;0.00000000;0.00000000;0.00000000;4.00000000;0.37000000;0.00000000;0.00000000;1.00000000;99.63000000;5.00000000;100.00000000;1;4.00000000;206950386.82000000;206950386.82000000;12.34311650;N;N
CLASSES - FIP;08.277.553/0001-06;OPPORTUNITY HOLDING FUNDO DE INVESTIMENTO EM PARTICIPAÇÕES MULTIESTRATÉGIA - RESP LIMITADA;2026-08-31;2387631161.990000000000;;;;S;Investidores profissionais;820187032.03000000;206950386.82000000;820187032.03000000;206950386.82000000;820187032.03000000;0.00000000;0.00000000;0.00000000;0.00000000;0.00000000;0.00000000;0.00000000;0.00000000;0.00000000;0.00000000;0.00000000;0.00000000;0.00000000;0.00000000;0.00000000;0.00000000;0.00000000;0.00000000;0.00000000;0.00000000;0.00000000;0.00000000;0.00000000;0.00000000;0.00000000;4.00000000;100.00000000;0.00000000;0.00000000;0.00000000;0.00000000;4.00000000;100.00000000;1;4.00000000;206950386.82000000;206950386.82000000;11.53721526;N;N
CLASSES - FIP;08.509.248/0001-94;CORES FUNDO DE INVESTIMENTO EM PARTICIPAÇÕES MULTIESTRATÉGIA - INVESTIMENTO NO EXTERIOR;2026-04-30;103725958.250000000000;;;;S;Investidores profissionais;87148970.12000000;5.26994516;87148970.12000000;5.26994516;87148970.12000000;0.00000000;0.00000000;0.00000000;0.00000000;0.00000000;0.00000000;0.00000000;0.00000000;0.00000000;0.00000000;0.00000000;0.00000000;0.00000000;0.00000000;0.00000000;0.00000000;0.00000000;0.00000000;0.00000000;0.00000000;0.00000000;0.00000000;0.00000000;0.00000000;0.00000000;3.00000000;100.00000000;0.00000000;0.00000000;0.00000000;0.00000000;3.00000000;100.00000000;1;3.00000000;5.26994516;5.26994516;19682549.83700820;N;N
CLASSES - FIP;08.509.248/0001-94;CORES FUNDO DE INVESTIMENTO EM PARTICIPAÇÕES MULTIESTRATÉGIA - INVESTIMENTO NO EXTERIOR;2026-08-31;103396876.650000000000;;;;S;Investidores profissionais;87148970.12000000;5.26994516;87148970.12000000;5.26994516;87148970.12000000;0.00000000;0.00000000;0.00000000;0.00000000;0.00000000;0.00000000;0.00000000;0.00000000;0.00000000;0.00000000;0.00000000;0.00000000;0.00000000;0.00000000;0.00000000;0.00000000;0.00000000;0.00000000;0.00000000;0.00000000;0.00000000;0.00000000;0.00000000;0.00000000;0.00000000;3.00000000;100.00000000;0.00000000;0.00000000;0.00000000;0.00000000;3.00000000;100.00000000;1;3.00000000;5.26994516;5.26994516;19620104.86082550;N;N
CLASSES - FIP;08.533.582/0001-83;FIP BRASIL EQUITY II - MULTIESTRATÉGIA - RESPONSABILIDADE LIMITADA;2026-04-30;-384985.460000000000;;;;S;Investidores qualificados;101438926.78000000;101438.92677580;101438926.77580000;101438.92677580;1553498.98000000;0.00000000;0.00000000;0.00000000;0.00000000;0.00000000;0.00000000;0.00000000;0.00000000;0.00000000;0.00000000;0.00000000;3.00000000;100.00000000;0.00000000;0.00000000;0.00000000;0.00000000;0.00000000;0.00000000;0.00000000;0.00000000;0.00000000;0.00000000;0.00000000;0.00000000;0.00000000;0.00000000;0.00000000;0.00000000;0.00000000;0.00000000;3.00000000;100.00000000;1;3.00000000;101438.92677580;101438.92677580;-3.79524382;N;N
CLASSES - FIP;08.533.582/0001-83;FIP BRASIL EQUITY II - MULTIESTRATÉGIA - RESPONSABILIDADE LIMITADA;2026-08-31;12596142.380000000000;;;;S;Investidores qualificados;101438926.78000000;102024.87447580;101438926.77580000;102024.87447580;2139446.68000000;0.00000000;0.00000000;0.00000000;0.00000000;0.00000000;0.00000000;0.00000000;0.00000000;0.00000000;0.00000000;0.00000000;3.00000000;100.00000000;0.00000000;0.00000000;0.00000000;0.00000000;0.00000000;0.00000000;0.00000000;0.00000000;0.00000000;0.00000000;0.00000000;0.00000000;0.00000000;0.00000000;0.00000000;0.00000000;0.00000000;0.00000000;3.00000000;100.00000000;1;3.00000000;102024.87447580;102024.87447580;123.46148373;N;N
CLASSES - FIP;08.621.544/0001-82;FUNDO DE INVESTIMENTO EM PARTICIPAÇÕES PCP - MULTIESTRATÉGIA RESPONSABILIDADE LIMITADA;2026-04-30;48649061.610000000000;;;;S;Investidores profissionais;862350072.71000000;862.35007271;862350072.71000000;901.88538320;789229338.15000000;0.00000000;2.00000000;0.27000000;0.00000000;0.00000000;0.00000000;0.00000000;0.00000000;0.00000000;0.00000000;0.00000000;0.00000000;0.00000000;0.00000000;0.00000000;0.00000000;0.00000000;0.00000000;0.00000000;0.00000000;0.00000000;0.00000000;0.00000000;0.00000000;0.00000000;1.00000000;99.73000000;0.00000000;0.00000000;0.00000000;0.00000000;3.00000000;100.00000000;1;3.00000000;862.35007271;901.88538320;53941.51243010;N;N
CLASSES - FIP;08.621.544/0001-82;FUNDO DE INVESTIMENTO EM PARTICIPAÇÕES PCP - MULTIESTRATÉGIA RESPONSABILIDADE LIMITADA;2026-08-31;48643900.270000000000;;;;S;Investidores profissionais;862350072.71000000;862.35007271;862350072.71000000;901.88538320;789229338.15000000;0.00000000;2.00000000;0.27000000;0.00000000;0.00000000;0.00000000;0.00000000;0.00000000;0.00000000;0.00000000;0.00000000;0.00000000;0.00000000;0.00000000;0.00000000;0.00000000;0.00000000;0.00000000;0.00000000;0.00000000;0.00000000;0.00000000;0.00000000;0.00000000;0.00000000;1.00000000;99.73000000;0.00000000;0.00000000;0.00000000;0.00000000;3.00000000;100.00000000;1;3.00000000;862.35007271;901.88538320;53935.78959830;N;N
CLASSES - FIP;08.693.474/0001-78;NORDESTE II FIP - EMPRESAS EMERGENTES RESPONSABILIDADE LIMITADA - EM LIQUIDAÇÃO;2026-04-30;-2881341.340000000000;;;;S;Investidores qualificados;141000000.00000000;1410.00000000;141000000.00000000;1193.98900250;82516024.34000000;0.00000000;12.00000000;2.51000000;3.00000000;32.03000000;0.00000000;0.00000000;0.00000000;0.00000000;0.00000000;0.00000000;0.00000000;0.00000000;0.00000000;0.00000000;3.00000000;2.59000000;0.00000000;0.00000000;0.00000000;0.00000000;0.00000000;0.00000000;0.00000000;0.00000000;8.00000000;49.20000000;0.00000000;0.00000000;2.00000000;13.67000000;28.00000000;100.00000000;1;28.00000000;1410.00000000;1193.98900250;-2413.16813989;N;N
CLASSES - FIP;08.693.474/0001-78;NORDESTE II FIP - EMPRESAS EMERGENTES RESPONSABILIDADE LIMITADA - EM LIQUIDAÇÃO;2026-08-31;-2967453.440000000000;;;;S;Investidores qualificados;141000000.00000000;1410.00000000;141000000.00000000;1193.98900250;82516024.34000000;0.00000000;12.00000000;2.51000000;3.00000000;32.03000000;0.00000000;0.00000000;0.00000000;0.00000000;0.00000000;0.00000000;0.00000000;0.00000000;0.00000000;0.00000000;3.00000000;2.59000000;0.00000000;0.00000000;0.00000000;0.00000000;0.00000000;0.00000000;0.00000000;0.00000000;8.00000000;49.20000000;0.00000000;0.00000000;2.00000000;13.67000000;28.00000000;100.00000000;1;28.00000000;1410.00000000;1193.98900250;-2485.28836158;N;N
CLASSES - FIP;08.792.575/0001-04;FUNDO DE INVESTIMENTO EM PARTICIPAÇÕES LATIN AMERICA - MULTIESTRATÉGIA - RESPONSABILIDADE LIMITADA;2026-04-30;216950.550000000000;;;;S;Investidores qualificados;76835009.79000000;77434.04978780;76835009.79000000;77434.04978780;2125338.97000000;0.00000000;0.00000000;0.00000000;0.00000000;0.00000000;0.00000000;0.00000000;0.00000000;0.00000000;0.00000000;0.00000000;3.00000000;100.00000000;0.00000000;0.00000000;0.00000000;0.00000000;0.00000000;0.00000000;0.00000000;0.00000000;0.00000000;0.00000000;0.00000000;0.00000000;0.00000000;0.00000000;0.00000000;0.00000000;0.00000000;0.00000000;3.00000000;100.00000000;1;3.00000000;77434.04978780;77434.04978780;0.00000000;N;N
CLASSES - FIP;08.792.575/0001-04;FUNDO DE INVESTIMENTO EM PARTICIPAÇÕES LATIN AMERICA - MULTIESTRATÉGIA - RESPONSABILIDADE LIMITADA;2026-08-31;18778426.220000000000;;;;S;Investidores qualificados;76835009.79000000;77434.04978780;76835009.79000000;77434.04978780;2125338.97000000;0.00000000;0.00000000;0.00000000;0.00000000;0.00000000;0.00000000;0.00000000;0.00000000;0.00000000;0.00000000;0.00000000;3.00000000;100.00000000;0.00000000;0.00000000;0.00000000;0.00000000;0.00000000;0.00000000;0.00000000;0.00000000;0.00000000;0.00000000;0.00000000;0.00000000;0.00000000;0.00000000;0.00000000;0.00000000;0.00000000;0.00000000;3.00000000;100.00000000;1;3.00000000;77434.04978780;77434.04978780;242.50864150;N;N
CLASSES - FIP;08.796.172/0001-25;MZEL VENTURE CAPITAL - FUNDO DE INVESTIMENTO EM PARTICIPAÇÕES - MULTIESTRATÉGIA;2026-04-30;37270103.140000000000;;;;S;Investidores qualificados;100000000.00000000;1000.00000000;100000000.00000000;800.00000000;80000000.00000000;0.00000000;0.00000000;0.00000000;2.00000000;14.00000000;0.00000000;0.00000000;0.00000000;0.00000000;0.00000000;0.00000000;0.00000000;0.00000000;0.00000000;0.00000000;4.00000000;45.00000000;0.00000000;0.00000000;0.00000000;0.00000000;0.00000000;0.00000000;0.00000000;0.00000000;6.00000000;41.00000000;0.00000000;0.00000000;0.00000000;0.00000000;12.00000000;100.00000000;1;12.00000000;1000.00000000;800.00000000;46587.62892500;N;N
CLASSES - FIP;08.796.172/0001-25;MZEL VENTURE CAPITAL - FUNDO DE INVESTIMENTO EM PARTICIPAÇÕES - MULTIESTRATÉGIA;2026-08-31;34432411.850000000000;;;;S;Investidores qualificados;0.00000000;0.00000000;0.00000000;0.00000000;0.00000000;0.00000000;0.00000000;0.00000000;0.00000000;0.00000000;0.00000000;0.00000000;0.00000000;0.00000000;0.00000000;0.00000000;0.00000000;0.00000000;0.00000000;0.00000000;0.00000000;0.00000000;0.00000000;0.00000000;0.00000000;0.00000000;0.00000000;0.00000000;0.00000000;0.00000000;0.00000000;0.00000000;0.00000000;0.00000000;0.00000000;0.00000000;0.00000000;0.00000000;1;0.00000000;0.00000000;0.00000000;43040.51481200;N;N
CLASSES - FIP;08.869.530/0001-82;BRASIF LEBLON FUNDO DE INVESTIMENTO EM PARTICIPAÇÕES MULTIESTRATÉGIA RESPONSABILIDADE LIMITADA;2026-04-30;886849377.400000000000;;;;N;Investidores qualificados;745817990.64689732;51790925.76754165;745817990.64689732;554109.99117180;276619699.04150000;0.00000000;6.00000000;16.67000000;0.00000000;0.00000000;0.00000000;0.00000000;0.00000000;0.00000000;0.00000000;0.00000000;2.00000000;83.33000000;0.00000000;0.00000000;0.00000000;0.00000000;0.00000000;0.00000000;0.00000000;0.00000000;0.00000000;0.00000000;0.00000000;0.00000000;0.00000000;0.00000000;0.00000000;0.00000000;0.00000000;0.00000000;8.00000000;100.00000000;1;7.00000000;268645.81383210;340610.25273590;1276.14892035;N;N
CLASSES - FIP;08.869.530/0001-82;BRASIF LEBLON FUNDO DE INVESTIMENTO EM PARTICIPAÇÕES MULTIESTRATÉGIA RESPONSABILIDADE LIMITADA;2026-04-30;886849377.400000000000;;;;N;Investidores qualificados;745817990.64689732;51790925.76754165;745817990.64689732;554109.99117180;276619699.04150000;0.00000000;6.00000000;16.67000000;0.00000000;0.00000000;0.00000000;0.00000000;0.00000000;0.00000000;0.00000000;0.00000000;2.00000000;83.33000000;0.00000000;0.00000000;0.00000000;0.00000000;0.00000000;0.00000000;0.00000000;0.00000000;0.00000000;0.00000000;0.00000000;0.00000000;0.00000000;0.00000000;0.00000000;0.00000000;0.00000000;0.00000000;8.00000000;100.00000000;2;1.00000000;51522279.95370950;213499.73843590;2117.94156950;N;N
CLASSES - FIP;08.869.530/0001-82;BRASIF LEBLON FUNDO DE INVESTIMENTO EM PARTICIPAÇÕES MULTIESTRATÉGIA RESPONSABILIDADE LIMITADA;2026-08-31;893421858.500000000000;;;;N;Investidores qualificados;745817990.64689732;51790925.76754165;745817990.64689732;553942.00467810;276619699.04150000;0.00000000;6.00000000;16.67000000;0.00000000;0.00000000;0.00000000;0.00000000;0.00000000;0.00000000;0.00000000;0.00000000;2.00000000;83.33000000;0.00000000;0.00000000;0.00000000;0.00000000;0.00000000;0.00000000;0.00000000;0.00000000;0.00000000;0.00000000;0.00000000;0.00000000;0.00000000;0.00000000;0.00000000;0.00000000;0.00000000;0.00000000;8.00000000;100.00000000;1;7.00000000;268645.81383210;340508.00319820;1285.99256680;N;N
CLASSES - FIP;08.869.530/0001-82;BRASIF LEBLON FUNDO DE INVESTIMENTO EM PARTICIPAÇÕES MULTIESTRATÉGIA RESPONSABILIDADE LIMITADA;2026-08-31;893421858.500000000000;;;;N;Investidores qualificados;745817990.64689732;51790925.76754165;745817990.64689732;553942.00467810;276619699.04150000;0.00000000;6.00000000;16.67000000;0.00000000;0.00000000;0.00000000;0.00000000;0.00000000;0.00000000;0.00000000;0.00000000;2.00000000;83.33000000;0.00000000;0.00000000;0.00000000;0.00000000;0.00000000;0.00000000;0.00000000;0.00000000;0.00000000;0.00000000;0.00000000;0.00000000;0.00000000;0.00000000;0.00000000;0.00000000;0.00000000;0.00000000;8.00000000;100.00000000;2;1.00000000;51522279.95370950;213434.00147990;2134.29488409;N;N
CLASSES - FIP;08.872.944/0001-60;EMPREENDEDOR BRASIL FUNDO DE INVESTIMENTO EM PARTICIPAÇÕES MULTIESTRATÉGIA;2026-04-30;252242701.610000000000;;;;S;Investidores qualificados;216100000.00000000;2161.00000000;216100000.00000000;1960.00000000;196000000.00000000;0.00000000;0.00000000;0.00000000;2.00000000;11.57000000;0.00000000;0.00000000;0.00000000;0.00000000;0.00000000;0.00000000;0.00000000;0.00000000;0.00000000;0.00000000;9.00000000;81.49000000;0.00000000;0.00000000;1.00000000;6.94000000;0.00000000;0.00000000;0.00000000;0.00000000;0.00000000;0.00000000;0.00000000;0.00000000;0.00000000;0.00000000;12.00000000;100.00000000;1;12.00000000;2161.00000000;1960.00000000;128695.25592340;N;N
CLASSES - FIP;08.872.944/0001-60;EMPREENDEDOR BRASIL FUNDO DE INVESTIMENTO EM PARTICIPAÇÕES MULTIESTRATÉGIA;2026-08-31;260530012.620000000000;;;;S;Investidores qualificados;216100000.01000000;2161.00000000;216100000.01000000;1960.00000000;196000000.00000000;0.00000000;0.00000000;0.00000000;2.00000000;11.57000000;0.00000000;0.00000000;0.00000000;0.00000000;0.00000000;0.00000000;0.00000000;0.00000000;0.00000000;0.00000000;9.00000000;81.49000000;0.00000000;0.00000000;1.00000000;6.94000000;0.00000000;0.00000000;0.00000000;0.00000000;0.00000000;0.00000000;0.00000000;0.00000000;0.00000000;0.00000000;12.00000000;100.00000000;1;12.00000000;2161.00000000;1960.00000000;132923.47582650;N;N
CLASSES - FIP;08.937.196/0001-57;GULF I DE INVESTIMENTO EM PARTICIPAÇÕES MULTIESTRATEGIA - INVESTIMENTO NO EXTERIOR;2026-04-30;50645755.610000000000;;;;N;Investidores profissionais;63050583.89000000;141.14879606;63050583.89000000;141.14879606;63050583.89000000;0.00000000;1.00000000;100.00000000;0.00000000;0.00000000;0.00000000;0.00000000;0.00000000;0.00000000;0.00000000;0.00000000;0.00000000;0.00000000;0.00000000;0.00000000;0.00000000;0.00000000;0.00000000;0.00000000;0.00000000;0.00000000;0.00000000;0.00000000;0.00000000;0.00000000;0.00000000;0.00000000;0.00000000;0.00000000;0.00000000;0.00000000;1.00000000;100.00000000;1;1.00000000;141.14879606;141.14879606;358811.10588457;N;N
CLASSES - FIP;08.937.196/0001-57;GULF I DE INVESTIMENTO EM PARTICIPAÇÕES MULTIESTRATEGIA - INVESTIMENTO NO EXTERIOR;2026-08-31;51698163.840000000000;;;;N;Investidores profissionais;65050583.89000000;146.83462589;65050583.89000000;146.83462589;65050583.89000000;0.00000000;1.00000000;100.00000000;0.00000000;0.00000000;0.00000000;0.00000000;0.00000000;0.00000000;0.00000000;0.00000000;0.00000000;0.00000000;0.00000000;0.00000000;0.00000000;0.00000000;0.00000000;0.00000000;0.00000000;0.00000000;0.00000000;0.00000000;0.00000000;0.00000000;0.00000000;0.00000000;0.00000000;0.00000000;0.00000000;0.00000000;1.00000000;100.00000000;1;1.00000000;146.83462589;146.83462589;352084.28206383;N;N
CLASSES - FIP;08.954.286/0001-56;GPCP4 FUNDO DE INVESTIMENTO EM PARTICIPAÇÕES MULTIESTRATÉGIA RESPONSABILIDADE LIMITADA;2026-04-30;566712.040000000000;;;;S;Investidores qualificados;11828943.81000000;11828943.81000000;11828943.81000000;452516.33000000;5817317.80000000;8124990.50000000;1.00000000;0.02000000;0.00000000;0.00000000;0.00000000;0.00000000;0.00000000;0.00000000;0.00000000;0.00000000;1.00000000;0.98000000;0.00000000;0.00000000;0.00000000;0.00000000;0.00000000;0.00000000;0.00000000;0.00000000;0.00000000;0.00000000;0.00000000;0.00000000;0.00000000;0.00000000;0.00000000;0.00000000;0.00000000;0.00000000;2.00000000;1.00000000;1;2.00000000;11828943.81000000;452516.33000000;1.25000000;N;N
CLASSES - FIP;08.978.630/0001-47;FUNDO DE INVESTIMENTO EM PARTICIPAÇÕES MULTIESTRATÉGIA MULTISETORIAL PLUS;2026-04-30;271961486.710000000000;;;;S;Investidores qualificados;2000000000.00000000;20000.00000000;2000000000.00000000;9755.73010000;975573010.00000000;0.00000000;0.00000000;0.00000000;0.00000000;0.00000000;1.00000000;100.00000000;0.00000000;0.00000000;0.00000000;0.00000000;0.00000000;0.00000000;0.00000000;0.00000000;0.00000000;0.00000000;0.00000000;0.00000000;0.00000000;0.00000000;0.00000000;0.00000000;0.00000000;0.00000000;0.00000000;0.00000000;0.00000000;0.00000000;0.00000000;0.00000000;1.00000000;100.00000000;1;1.00000000;20000.00000000;9755.73010000;28009.00567680;N;N
CLASSES - FIP;08.978.630/0001-47;FUNDO DE INVESTIMENTO EM PARTICIPAÇÕES MULTIESTRATÉGIA MULTISETORIAL PLUS;2026-08-31;295973537.000000000000;;;;S;Investidores qualificados;2000000000.00000000;20000.00000000;2000000000.00000000;7119.73010000;711973010.00000000;0.00000000;0.00000000;0.00000000;0.00000000;0.00000000;1.00000000;100.00000000;0.00000000;0.00000000;0.00000000;0.00000000;0.00000000;0.00000000;0.00000000;0.00000000;0.00000000;0.00000000;0.00000000;0.00000000;0.00000000;0.00000000;0.00000000;0.00000000;0.00000000;0.00000000;0.00000000;0.00000000;0.00000000;0.00000000;0.00000000;0.00000000;1.00000000;100.00000000;1;1.00000000;20000.00000000;7119.73010000;30481.97955630;N;N
CLASSES - FIP;08.988.307/0001-54;FIP TERRA VIVA - FUNDO DE INVESTIMENTO EM PARTICIPAÇÕES MULTIESTRATÉGIA DE RESP. LIMITADA;2026-04-30;10944797.140000000000;;;;S;Investidores qualificados;296200000.00000000;296200.00000000;296200000.00000000;296200.00000000;296200000.00000000;0.00000000;0.00000000;0.00000000;1.00000000;1.01000000;0.00000000;0.00000000;0.00000000;0.00000000;2.00000000;26.74000000;0.00000000;0.00000000;0.00000000;0.00000000;6.00000000;50.30000000;0.00000000;0.00000000;0.00000000;0.00000000;0.00000000;0.00000000;0.00000000;0.00000000;6.00000000;21.94000000;0.00000000;0.00000000;0.00000000;0.00000000;15.00000000;100.00000000;ÚNICA;15.00000000;2962.00000000;2962.00000000;3695.06993248;N;N
CLASSES - FIP;08.988.307/0001-54;FIP TERRA VIVA - FUNDO DE INVESTIMENTO EM PARTICIPAÇÕES MULTIESTRATÉGIA DE RESP. LIMITADA;2026-08-31;494745.570000000000;;;;S;Investidores qualificados;296200000.00000000;2962.00000000;296200000.00000000;2962.00000000;296200000.00000000;0.00000000;0.00000000;0.00000000;1.00000000;1.01000000;0.00000000;0.00000000;0.00000000;0.00000000;2.00000000;26.74000000;0.00000000;0.00000000;0.00000000;0.00000000;6.00000000;50.30000000;0.00000000;0.00000000;0.00000000;0.00000000;0.00000000;0.00000000;0.00000000;0.00000000;6.00000000;21.94000000;0.00000000;0.00000000;0.00000000;0.00000000;15.00000000;100.00000000;Única;15.00000000;2962.00000000;2962.00000000;167.03091492;N;N
CLASSES - FIP;08.991.641/0001-67;CAIXA FUNDO DE INVESTIMENTO EM PARTICIPAÇÕES MULTIESTRATÉGIA AMAZÔNIA ENERGIA;2026-04-30;23324668.260000000000;;;;N;Investidores qualificados;2034194390.69000000;2188401533.10308179;2034194390.69000000;2471050788.05680600;2026953358.83000000;0.00000000;0.00000000;0.00000000;1.00000000;50.10000000;0.00000000;0.00000000;0.00000000;0.00000000;0.00000000;0.00000000;0.00000000;0.00000000;0.00000000;0.00000000;0.00000000;0.00000000;0.00000000;0.00000000;0.00000000;0.00000000;0.00000000;0.00000000;0.00000000;0.00000000;1.00000000;49.89990000;0.00000000;0.00000000;0.00000000;0.00000000;2.00000000;100.00000000;1;2.00000000;2188401533.10308179;2471050788.05680600;0.00943900;N;N
CLASSES - FIP;08.991.641/0001-67;CAIXA FUNDO DE INVESTIMENTO EM PARTICIPAÇÕES MULTIESTRATÉGIA AMAZÔNIA ENERGIA;2026-08-31;22826388.560000000000;;;;N;Investidores qualificados;2034194390.69000000;2188401533.10308179;2034194390.69000000;2471050788.05680600;2026953358.83000000;0.00000000;0.00000000;0.00000000;1.00000000;50.10000000;0.00000000;0.00000000;0.00000000;0.00000000;0.00000000;0.00000000;0.00000000;0.00000000;0.00000000;0.00000000;0.00000000;0.00000000;0.00000000;0.00000000;0.00000000;0.00000000;0.00000000;0.00000000;0.00000000;0.00000000;1.00000000;49.89990000;0.00000000;0.00000000;0.00000000;0.00000000;2.00000000;100.00000000;1;2.00000000;2188401533.10308179;2471050788.05680600;0.00923752;N;N
CLASSES - FIP;08.999.182/0001-68;BRASIL EQUITY PROPERTIES FUNDO DE INVESTIMENTO EM PARTICIPAÇÕES MULTIESTRATEGIA;2026-04-30;10327258.560000000000;;;;S;Investidores profissionais;467155348.78000000;102150.08255220;467155348.78000000;4293.54370321;457369370.33000000;0.00000000;0.00000000;0.00000000;1.00000000;1.16010000;0.00000000;0.00000000;0.00000000;0.00000000;0.00000000;0.00000000;0.00000000;0.00000000;0.00000000;0.00000000;3.00000000;42.39940000;0.00000000;0.00000000;0.00000000;0.00000000;0.00000000;0.00000000;0.00000000;0.00000000;5.00000000;56.44030000;0.00000000;0.00000000;0.00000000;0.00000000;9.00000000;100.00000000;1;9.00000000;102149.08255220;4292.54370320;-4883.22313589;N;N
CLASSES - FIP;08.999.182/0001-68;BRASIL EQUITY PROPERTIES FUNDO DE INVESTIMENTO EM PARTICIPAÇÕES MULTIESTRATEGIA;2026-04-30;10327258.560000000000;;;;S;Investidores profissionais;467155348.78000000;102150.08255220;467155348.78000000;4293.54370321;457369370.33000000;0.00000000;0.00000000;0.00000000;1.00000000;1.16010000;0.00000000;0.00000000;0.00000000;0.00000000;0.00000000;0.00000000;0.00000000;0.00000000;0.00000000;0.00000000;3.00000000;42.39940000;0.00000000;0.00000000;0.00000000;0.00000000;0.00000000;0.00000000;0.00000000;0.00000000;5.00000000;56.44030000;0.00000000;0.00000000;0.00000000;0.00000000;9.00000000;100.00000000;3;5.00000000;1.00000000;1.00000001;31288707.17000000;N;N
CLASSES - FIP;08.999.182/0001-68;BRASIL EQUITY PROPERTIES FUNDO DE INVESTIMENTO EM PARTICIPAÇÕES MULTIESTRATEGIA;2026-08-31;9307321.690000000000;;;;S;Investidores profissionais;467155348.78000000;102150.08255220;467155348.78000000;4293.54370321;457369370.33000000;0.00000000;0.00000000;0.00000000;1.00000000;1.16010000;0.00000000;0.00000000;0.00000000;0.00000000;0.00000000;0.00000000;0.00000000;0.00000000;0.00000000;0.00000000;3.00000000;42.39940000;0.00000000;0.00000000;0.00000000;0.00000000;0.00000000;0.00000000;0.00000000;0.00000000;5.00000000;56.44030000;0.00000000;0.00000000;0.00000000;0.00000000;9.00000000;100.00000000;1;9.00000000;102149.08255220;4292.54370320;-5583.75637775;N;N
CLASSES - FIP;08.999.182/0001-68;BRASIL EQUITY PROPERTIES FUNDO DE INVESTIMENTO EM PARTICIPAÇÕES MULTIESTRATEGIA;2026-08-31;9307321.690000000000;;;;S;Investidores profissionais;467155348.78000000;102150.08255220;467155348.78000000;4293.54370321;457369370.33000000;0.00000000;0.00000000;0.00000000;1.00000000;1.16010000;0.00000000;0.00000000;0.00000000;0.00000000;0.00000000;0.00000000;0.00000000;0.00000000;0.00000000;0.00000000;3.00000000;42.39940000;0.00000000;0.00000000;0.00000000;0.00000000;0.00000000;0.00000000;0.00000000;0.00000000;5.00000000;56.44030000;0.00000000;0.00000000;0.00000000;0.00000000;9.00000000;100.00000000;3;5.00000000;1.00000000;1.00000001;33275839.84000000;N;N
CLASSES - FIP;09.009.725/0001-15;FUNDO DE INVESTIMENTO EM PARTICIPAÇÕES MMC MULTIESTRATÉGIA;2026-04-30;151139333.390000000000;;;;N;Investidores qualificados;75560122.76000000;150635.12276000;75560122.76000000;139663.65914330;13572122.76000000;0.00000000;4.00000000;100.00000000;0.00000000;0.00000000;0.00000000;0.00000000;0.00000000;0.00000000;0.00000000;0.00000000;0.00000000;0.00000000;0.00000000;0.00000000;0.00000000;0.00000000;0.00000000;0.00000000;0.00000000;0.00000000;0.00000000;0.00000000;0.00000000;0.00000000;0.00000000;0.00000000;0.00000000;0.00000000;0.00000000;0.00000000;4.00000000;100.00000000;1;4.00000000;150635.12276000;139663.65914330;1082.16650142;N;N
CLASSES - FIP;09.009.725/0001-15;FUNDO DE INVESTIMENTO EM PARTICIPAÇÕES MMC MULTIESTRATÉGIA;2026-08-31;178129493.970000000000;;;;N;Investidores qualificados;75560122.76000000;150635.12276000;75560122.76000000;139595.14059850;13572122.76000000;0.00000000;4.00000000;100.00000000;0.00000000;0.00000000;0.00000000;0.00000000;0.00000000;0.00000000;0.00000000;0.00000000;0.00000000;0.00000000;0.00000000;0.00000000;0.00000000;0.00000000;0.00000000;0.00000000;0.00000000;0.00000000;0.00000000;0.00000000;0.00000000;0.00000000;0.00000000;0.00000000;0.00000000;0.00000000;0.00000000;0.00000000;4.00000000;100.00000000;1;4.00000000;150635.12276000;139595.14059850;1276.04365884;N;N
CLASSES - FIP;09.028.916/0001-24;FUNDO DE INVESTIMENTO EM PARTICIPAÇÕES CRIATEC CAPITAL SEMENTE - RESPONSABILIDADE LIMITADA;2026-04-30;32565577.840000000000;;;;S;Investidores profissionais;32565577.84000000;5000.00000000;782939.92000000;5000.00000000;782939.92000000;0.00000000;0.00000000;0.00000000;0.00000000;0.00000000;0.00000000;0.00000000;0.00000000;0.00000000;2.00000000;100.00000000;0.00000000;0.00000000;0.00000000;0.00000000;0.00000000;0.00000000;0.00000000;0.00000000;0.00000000;0.00000000;0.00000000;0.00000000;0.00000000;0.00000000;0.00000000;0.00000000;0.00000000;0.00000000;0.00000000;0.00000000;2.00000000;100.00000000;UNICA;2.00000000;5000.00000000;5000.00000000;6513.11556800;N;N
CLASSES - FIP;09.028.916/0001-24;FUNDO DE INVESTIMENTO EM PARTICIPAÇÕES CRIATEC CAPITAL SEMENTE - RESPONSABILIDADE LIMITADA;2026-08-31;32546500.900000000000;;;;S;Investidores profissionais;32546500.90000000;5000.00000000;782939.92000000;5000.00000000;782939.92000000;0.00000000;0.00000000;0.00000000;0.00000000;0.00000000;0.00000000;0.00000000;0.00000000;0.00000000;2.00000000;100.00000000;0.00000000;0.00000000;0.00000000;0.00000000;0.00000000;0.00000000;0.00000000;0.00000000;0.00000000;0.00000000;0.00000000;0.00000000;0.00000000;0.00000000;0.00000000;0.00000000;0.00000000;0.00000000;0.00000000;0.00000000;2.00000000;100.00000000;unica;2.00000000;5000.00000000;5000.00000000;6509.30018000;N;N
CLASSES - FIP;09.064.476/0001-60;INVESTIDORES INSTITUCIONAIS III - FIP MULTIESTRATÉGIA RESP ILIMITADA;2026-04-30;5443204.190000000000;;;;S;Investidores qualificados;556532177.23000000;296775.10994000;556532177.23000000;296775.10994000;556532177.23000000;0.00000000;1.00000000;7.89000000;0.00000000;0.00000000;0.00000000;0.00000000;0.00000000;0.00000000;0.00000000;0.00000000;0.00000000;0.00000000;0.00000000;0.00000000;0.00000000;0.00000000;0.00000000;0.00000000;0.00000000;0.00000000;0.00000000;0.00000000;0.00000000;0.00000000;0.00000000;0.00000000;3.00000000;92.11000000;0.00000000;0.00000000;4.00000000;100.00000000;1;29.00000000;296775.10994000;296775.10994000;18.34117488;N;N
CLASSES - FIP;09.064.476/0001-60;INVESTIDORES INSTITUCIONAIS III - FIP MULTIESTRATÉGIA RESP ILIMITADA;2026-08-31;5593447.150000000000;;;;S;Investidores qualificados;556532177.23000000;296775.10994000;556532177.23000000;296775.10994000;98858088.15000000;0.00000000;4.00000000;0.42000000;6.00000000;9.57000000;0.00000000;0.00000000;0.00000000;0.00000000;0.00000000;0.00000000;0.00000000;0.00000000;0.00000000;0.00000000;12.00000000;35.05000000;0.00000000;0.00000000;0.00000000;0.00000000;0.00000000;0.00000000;0.00000000;0.00000000;10.00000000;54.96000000;0.00000000;0.00000000;0.00000000;0.00000000;32.00000000;100.00000000;1;32.00000000;296775.10994000;296775.10994000;18.84742676;N;N
CLASSES - FIP;09.110.175/0001-26;BROOKFIELD BRAZIL TIMBER FUNDO DE INVESTIMENTO EM PARTICIPAÇÕES;2026-04-30;3226305.170000000000;;;;S;Investidores qualificados;509500000.00000000;509500000.00000000;509500000.00000000;376998831.32329000;376998831.32000000;0.00000000;0.00000000;0.00000000;0.00000000;0.00000000;0.00000000;0.00000000;0.00000000;0.00000000;0.00000000;0.00000000;5.00000000;100.00000000;0.00000000;0.00000000;0.00000000;0.00000000;0.00000000;0.00000000;0.00000000;0.00000000;0.00000000;0.00000000;0.00000000;0.00000000;0.00000000;0.00000000;0.00000000;0.00000000;0.00000000;0.00000000;5.00000000;100.00000000;1;5.00000000;509500000.00000000;376998831.32329000;0.00855790;N;N
CLASSES - FIP;09.110.175/0001-26;BROOKFIELD BRAZIL TIMBER FUNDO DE INVESTIMENTO EM PARTICIPAÇÕES;2026-08-31;3265648.550000000000;;;;S;Investidores qualificados;509500000.00000000;509500000.00000000;509500000.00000000;376998831.32329000;376998831.32000000;0.00000000;0.00000000;0.00000000;0.00000000;0.00000000;0.00000000;0.00000000;0.00000000;0.00000000;0.00000000;0.00000000;5.00000000;100.00000000;0.00000000;0.00000000;0.00000000;0.00000000;0.00000000;0.00000000;0.00000000;0.00000000;0.00000000;0.00000000;0.00000000;0.00000000;0.00000000;0.00000000;0.00000000;0.00000000;0.00000000;0.00000000;5.00000000;100.00000000;1;5.00000000;509500000.00000000;376998831.32329000;0.00866220;N;N
CLASSES - FIP;09.127.759/0001-04;MDC I FUNDO DE INVESTIMENTO EM PARTICIPAÇÕES MULTIESTRATÉGIA;2026-04-30;171641461.100000000000;;;;N;Investidores profissionais;50799969.02000000;50799969.02000000;50799969.02000000;37124810.80409900;68399969.02000000;0.00000000;1.00000000;100.00000000;0.00000000;0.00000000;0.00000000;0.00000000;0.00000000;0.00000000;0.00000000;0.00000000;0.00000000;0.00000000;0.00000000;0.00000000;0.00000000;0.00000000;0.00000000;0.00000000;0.00000000;0.00000000;0.00000000;0.00000000;0.00000000;0.00000000;0.00000000;0.00000000;0.00000000;0.00000000;0.00000000;0.00000000;1.00000000;100.00000000;UNICA;1.00000000;50799969.02000000;37124810.80409900;4.62336258;N;N
CLASSES - FIP;09.127.759/0001-04;MDC I FUNDO DE INVESTIMENTO EM PARTICIPAÇÕES MULTIESTRATÉGIA;2026-08-31;178713695.000000000000;;;;N;Investidores profissionais;50799969.02000000;50799969.02000000;50799969.02000000;37124810.80410000;68399969.02000000;0.00000000;1.00000000;100.00000000;0.00000000;0.00000000;0.00000000;0.00000000;0.00000000;0.00000000;0.00000000;0.00000000;0.00000000;0.00000000;0.00000000;0.00000000;0.00000000;0.00000000;0.00000000;0.00000000;0.00000000;0.00000000;0.00000000;0.00000000;0.00000000;0.00000000;0.00000000;0.00000000;0.00000000;0.00000000;0.00000000;0.00000000;1.00000000;100.00000000;UNICA;1.00000000;50799969.02000000;37124810.80410000;4.81386143;N;N
CLASSES - FIP;09.130.400/0001-96;FLORESTAS DO BRASIL FIP MULTIESTRATÉGIA - RESPONSABILIDADE LIMITADA;2026-04-30;34699258.290000000000;;;;S;Investidores qualificados;141211445.36000000;20385.95664448;141211445.36000000;20385.95664448;141211445.36000000;0.00000000;15.00000000;12.06000000;0.00000000;0.00000000;0.00000000;0.00000000;0.00000000;0.00000000;0.00000000;0.00000000;1.00000000;16.39000000;0.00000000;0.00000000;9.00000000;65.27000000;0.00000000;0.00000000;0.00000000;0.00000000;0.00000000;0.00000000;0.00000000;0.00000000;6.00000000;3.99000000;0.00000000;0.00000000;2.00000000;2.28000000;33.00000000;100.00000000;1;33.00000000;20385.95664448;20385.95664448;1702.11577004;N;N
CLASSES - FIP;09.130.400/0001-96;FLORESTAS DO BRASIL FIP MULTIESTRATÉGIA - RESPONSABILIDADE LIMITADA;2026-08-31;34506704.030000000000;;;;S;Investidores qualificados;141211445.36000000;20385.95664448;141211445.36000000;20385.95664448;141211445.36000000;0.00000000;18.00000000;12.37000000;0.00000000;0.00000000;0.00000000;0.00000000;0.00000000;0.00000000;0.00000000;0.00000000;1.00000000;16.39000000;0.00000000;0.00000000;7.00000000;57.05000000;0.00000000;0.00000000;0.00000000;0.00000000;0.00000000;0.00000000;0.00000000;0.00000000;9.00000000;11.90000000;0.00000000;0.00000000;2.00000000;2.28000000;37.00000000;100.00000000;1;37.00000000;20385.95664448;20385.95664448;1692.67033349;N;N
CLASSES - FIP;09.172.825/0001-68;FUNDO DE INVESTIMENTO EM PARTICIPAÇÕES DVA MULTIESTRATÉGIA;2026-04-30;319114164.220000000000;;;;N;Investidores qualificados;202982837.93999998;127116.97502112;202982837.93999998;154384.93785890;14003482.43000000;0.00000000;4.00000000;100.00000000;0.00000000;0.00000000;0.00000000;0.00000000;0.00000000;0.00000000;0.00000000;0.00000000;0.00000000;0.00000000;0.00000000;0.00000000;0.00000000;0.00000000;0.00000000;0.00000000;0.00000000;0.00000000;0.00000000;0.00000000;0.00000000;0.00000000;0.00000000;0.00000000;0.00000000;0.00000000;0.00000000;0.00000000;4.00000000;100.00000000;1;4.00000000;127116.97502112;154384.93785890;2067.00322354;N;N
CLASSES - FIP;09.172.825/0001-68;FUNDO DE INVESTIMENTO EM PARTICIPAÇÕES DVA MULTIESTRATÉGIA;2026-08-31;321998721.360000000000;;;;N;Investidores qualificados;203370837.93999998;127504.97502112;203370837.93999998;154344.54719610;14391482.43000000;0.00000000;4.00000000;100.00000000;0.00000000;0.00000000;0.00000000;0.00000000;0.00000000;0.00000000;0.00000000;0.00000000;0.00000000;0.00000000;0.00000000;0.00000000;0.00000000;0.00000000;0.00000000;0.00000000;0.00000000;0.00000000;0.00000000;0.00000000;0.00000000;0.00000000;0.00000000;0.00000000;0.00000000;0.00000000;0.00000000;0.00000000;4.00000000;100.00000000;1;4.00000000;127504.97502112;154344.54719610;2086.23321790;N;N
CLASSES - FIP;09.180.643/0001-39;URBIS FUNDO DE INVESTIMENTO EM PARTICIPAÇÕES MULTIESTRATÉGIA RESPONSABILIDADE LIMITADA;2026-04-30;83130886.929093000000;;;;S;Investidores qualificados;1260000000.00000000;1193272071.38797000;1260000000.00000000;694303384.47070000;366724996.59000000;0.00000000;0.00000000;0.00000000;0.00000000;0.00000000;0.00000000;0.00000000;0.00000000;0.00000000;0.00000000;0.00000000;0.00000000;0.00000000;0.00000000;0.00000000;0.00000000;0.00000000;0.00000000;0.00000000;0.00000000;0.00000000;0.00000000;0.00000000;0.00000000;0.00000000;1.00000000;100.00000000;0.00000000;0.00000000;0.00000000;0.00000000;1.00000000;100.00000000;1;1.00000000;1193272071.38797000;694303384.47070000;0.11973270;N;N
CLASSES - FIP;09.180.643/0001-39;URBIS FUNDO DE INVESTIMENTO EM PARTICIPAÇÕES MULTIESTRATÉGIA RESPONSABILIDADE LIMITADA;2026-08-31;83288296.077190900000;;;;S;Investidores qualificados;1260000000.00000000;1193272071.38797000;1260000000.00000000;694303384.47070000;366724996.59000000;0.00000000;0.00000000;0.00000000;0.00000000;0.00000000;0.00000000;0.00000000;0.00000000;0.00000000;0.00000000;0.00000000;0.00000000;0.00000000;0.00000000;0.00000000;0.00000000;0.00000000;0.00000000;0.00000000;0.00000000;0.00000000;0.00000000;0.00000000;0.00000000;0.00000000;1.00000000;100.00000000;0.00000000;0.00000000;0.00000000;0.00000000;1.00000000;100.00000000;1;1.00000000;1193272071.38797000;694303384.47070000;0.11995950;N;N
CLASSES - FIP;09.180.660/0001-76;AKKA FUNDO DE INVESTIMENTO EM  PARTICIPAÇÕES MULTIESTRATÉGIA RESPONSABILIDADE LIMITADA;2026-04-30;46850324.536084000000;;;;S;Investidores qualificados;400000000.00000000;296334405.14044500;400000000.00000000;210903329.41312000;167371614.72000000;0.00000000;0.00000000;0.00000000;0.00000000;0.00000000;0.00000000;0.00000000;0.00000000;0.00000000;0.00000000;0.00000000;0.00000000;0.00000000;0.00000000;0.00000000;0.00000000;0.00000000;0.00000000;0.00000000;0.00000000;0.00000000;0.00000000;0.00000000;0.00000000;0.00000000;1.00000000;100.00000000;0.00000000;0.00000000;0.00000000;0.00000000;1.00000000;100.00000000;1;1.00000000;296334405.14044500;210903329.41312000;0.22214120;N;N
CLASSES - FIP;09.180.660/0001-76;AKKA FUNDO DE INVESTIMENTO EM  PARTICIPAÇÕES MULTIESTRATÉGIA RESPONSABILIDADE LIMITADA;2026-08-31;46888061.852786500000;;;;S;Investidores qualificados;400000000.00000000;296334405.14044500;400000000.00000000;210903329.41312000;167371614.72000000;0.00000000;0.00000000;0.00000000;0.00000000;0.00000000;0.00000000;0.00000000;0.00000000;0.00000000;0.00000000;0.00000000;0.00000000;0.00000000;0.00000000;0.00000000;0.00000000;0.00000000;0.00000000;0.00000000;0.00000000;0.00000000;0.00000000;0.00000000;0.00000000;0.00000000;1.00000000;100.00000000;0.00000000;0.00000000;0.00000000;0.00000000;1.00000000;100.00000000;1;1.00000000;296334405.14044500;210903329.41312000;0.22232010;N;N
CLASSES - FIP;09.182.400/0001-30;FUNDO DE INVESTIMENTO EM PARTICIPAÇÕES GARDENS - MULTIESTRATÉGIA;2026-04-30;21241613.580000000000;;;;N;Investidores qualificados;42144913.24000000;42236.93710000;42144913.24000000;42236.93710000;42144913.24000000;0.00000000;0.00000000;0.00000000;0.00000000;0.00000000;0.00000000;0.00000000;0.00000000;0.00000000;0.00000000;0.00000000;0.00000000;0.00000000;0.00000000;0.00000000;0.00000000;0.00000000;0.00000000;0.00000000;0.00000000;0.00000000;0.00000000;0.00000000;0.00000000;0.00000000;1.00000000;100.00000000;0.00000000;0.00000000;0.00000000;0.00000000;1.00000000;100.00000000;1;1.00000000;42236.93710000;42236.93710000;502.91557650;N;N
CLASSES - FIP;09.182.400/0001-30;FUNDO DE INVESTIMENTO EM PARTICIPAÇÕES GARDENS - MULTIESTRATÉGIA;2026-08-31;21146706.690000000000;;;;N;Investidores qualificados;0.00000000;0.00000000;0.00000000;0.00000000;0.00000000;0.00000000;0.00000000;0.00000000;0.00000000;0.00000000;0.00000000;0.00000000;0.00000000;0.00000000;0.00000000;0.00000000;0.00000000;0.00000000;0.00000000;0.00000000;0.00000000;0.00000000;0.00000000;0.00000000;0.00000000;0.00000000;0.00000000;0.00000000;0.00000000;0.00000000;0.00000000;0.00000000;0.00000000;0.00000000;0.00000000;0.00000000;0.00000000;0.00000000;1;0.00000000;0.00000000;0.00000000;500.66856490;N;N
CLASSES - FIP;09.225.839/0001-00;Pátria Brazilian Private Equity Fund III Fundo de Investimento em Participações Multiestratégia IE;2026-04-30;2768452.800000000000;;;;S;Investidores profissionais;900000000.00000000;900000.00000010;900000000.00000000;709104.84182252;1031739205.92000000;0.00000000;0.00000000;0.00000000;0.00000000;0.00000000;0.00000000;0.00000000;0.00000000;0.00000000;0.00000000;0.00000000;4.00000000;100.00000000;0.00000000;0.00000000;0.00000000;0.00000000;0.00000000;0.00000000;0.00000000;0.00000000;0.00000000;0.00000000;0.00000000;0.00000000;0.00000000;0.00000000;0.00000000;0.00000000;0.00000000;0.00000000;4.00000000;100.00000000;1;4.00000000;900000.00000010;709104.84182252;3.90415159;N;N
CLASSES - FIP;09.225.839/0001-00;Pátria Brazilian Private Equity Fund III Fundo de Investimento em Participações Multiestratégia IE;2026-08-31;2806771.510000000000;;;;S;Investidores profissionais;900000000.00000000;900000.00000010;900000000.00000000;709104.84182252;1031739205.92000000;0.00000000;0.00000000;0.00000000;0.00000000;0.00000000;0.00000000;0.00000000;0.00000000;0.00000000;0.00000000;0.00000000;4.00000000;100.00000000;0.00000000;0.00000000;0.00000000;0.00000000;0.00000000;0.00000000;0.00000000;0.00000000;0.00000000;0.00000000;0.00000000;0.00000000;0.00000000;0.00000000;0.00000000;0.00000000;0.00000000;0.00000000;4.00000000;100.00000000;1;4.00000000;900000.00000010;709104.84182252;3.95818974;N;N
CLASSES - FIP;09.271.746/0001-04;FUNDO DE INVESTIMENTO EM PARTICIPAÇÕES CEDRO MULTIESTRATÉGIA;2026-04-30;94129023.760000000000;;;;S;Investidores profissionais;0.00000000;17470.36771934;85000000.00000000;17470.36771934;18059143.83000000;0.00000000;1.00000000;41.48000000;0.00000000;0.00000000;0.00000000;0.00000000;0.00000000;0.00000000;0.00000000;0.00000000;0.00000000;0.00000000;0.00000000;0.00000000;0.00000000;0.00000000;0.00000000;0.00000000;0.00000000;0.00000000;0.00000000;0.00000000;0.00000000;0.00000000;0.00000000;0.00000000;0.00000000;0.00000000;2.00000000;58.52000000;3.00000000;100.00000000;1;3.00000000;17470.36771934;17470.36771934;5387.92458591;N;S
CLASSES - FIP;09.271.746/0001-04;FUNDO DE INVESTIMENTO EM PARTICIPAÇÕES CEDRO MULTIESTRATÉGIA;2026-08-31;81134227.100000000000;;;;S;Investidores profissionais;0.00000000;17458.84096341;85000000.00000000;17458.84096341;18059143.83000000;0.00000000;5.00000000;100.00000000;0.00000000;0.00000000;0.00000000;0.00000000;0.00000000;0.00000000;0.00000000;0.00000000;0.00000000;0.00000000;0.00000000;0.00000000;0.00000000;0.00000000;0.00000000;0.00000000;0.00000000;0.00000000;0.00000000;0.00000000;0.00000000;0.00000000;0.00000000;0.00000000;0.00000000;0.00000000;0.00000000;0.00000000;5.00000000;100.00000000;1;5.00000000;17458.84096341;17458.84096341;4647.17143996;N;S
CLASSES - FIP;09.277.006/0001-85;Brasil Mezanino  Infraestrutura - Fundo de Investimento em Participações Multiestratégia - Responsab;2026-04-30;24117495.860000000000;;;;S;Investidores profissionais;238934164.00000000;238934164.00000000;238934164.00000000;238934164.00000000;13200000.00000000;0.00000000;0.00000000;0.00000000;1.00000000;20.00000000;0.00000000;0.00000000;0.00000000;0.00000000;0.00000000;0.00000000;0.00000000;0.00000000;0.00000000;0.00000000;0.00000000;0.00000000;0.00000000;0.00000000;0.00000000;0.00000000;0.00000000;0.00000000;0.00000000;0.00000000;3.00000000;80.00000000;0.00000000;0.00000000;0.00000000;0.00000000;4.00000000;100.00000000;1;4.00000000;238934164.00000000;238934164.00000000;0.10093782;N;N
CLASSES - FIP;09.277.006/0001-85;Brasil Mezanino  Infraestrutura - Fundo de Investimento em Participações Multiestratégia - Responsab;2026-08-31;23929129.000000000000;;;;S;Investidores qualificados;63456221.00000000;63456.00000000;63456221.00000000;238934164.00000000;63456221.00000000;0.00000000;0.00000000;0.00000000;1.00000000;20.00000000;0.00000000;0.00000000;0.00000000;0.00000000;0.00000000;0.00000000;0.00000000;0.00000000;0.00000000;0.00000000;0.00000000;0.00000000;0.00000000;0.00000000;0.00000000;0.00000000;0.00000000;0.00000000;0.00000000;0.00000000;3.00000000;80.00000000;0.00000000;0.00000000;0.00000000;0.00000000;4.00000000;100.00000000;1;4.00000000;63456.22000000;238934164.00000000;0.10014946;N;N
CLASSES - FIP;09.482.532/0001-87;FLORESTAS DO SUL FUNDO DE INVESTIMENTO EM PARTICIPAÇÕES MULTIESTRATÉGIA;2026-04-30;41682130.930000000000;;;;S;Investidores qualificados;421000000.00000000;421000000.00000000;421000000.00000000;272759826.90931510;272759826.91000000;0.00000000;0.00000000;0.00000000;3.00000000;49.89000000;3.00000000;12.11000000;0.00000000;0.00000000;0.00000000;0.00000000;0.00000000;0.00000000;0.00000000;0.00000000;3.00000000;38.00000000;0.00000000;0.00000000;0.00000000;0.00000000;0.00000000;0.00000000;0.00000000;0.00000000;0.00000000;0.00000000;0.00000000;0.00000000;0.00000000;0.00000000;9.00000000;100.00000000;1;9.00000000;421000000.00000000;272759826.90931510;0.15281620;N;N
CLASSES - FIP;09.482.532/0001-87;FLORESTAS DO SUL FUNDO DE INVESTIMENTO EM PARTICIPAÇÕES MULTIESTRATÉGIA;2026-08-31;41310623.790000000000;;;;S;Investidores qualificados;421000000.00000000;421000000.00000000;421000000.00000000;267837596.95931580;267837596.96000000;0.00000000;0.00000000;0.00000000;3.00000000;49.89000000;3.00000000;12.11000000;0.00000000;0.00000000;0.00000000;0.00000000;0.00000000;0.00000000;0.00000000;0.00000000;3.00000000;38.00000000;0.00000000;0.00000000;0.00000000;0.00000000;0.00000000;0.00000000;0.00000000;0.00000000;0.00000000;0.00000000;0.00000000;0.00000000;0.00000000;0.00000000;9.00000000;100.00000000;1;9.00000000;421000000.00000000;267837596.95931580;0.15145420;N;N
CLASSES - FIP;09.541.964/0001-11;GIF - III FIP MULTIESTRATÉGIA;2026-04-30;1255772.860000000000;;;;S;Investidores qualificados;1000000000.00000000;10000000.00000000;1000000000.00000000;7345199.99990000;734519999.99000000;0.00000000;0.00000000;0.00000000;0.00000000;0.00000000;0.00000000;0.00000000;0.00000000;0.00000000;0.00000000;0.00000000;4.00000000;93.00000000;0.00000000;0.00000000;0.00000000;0.00000000;0.00000000;0.00000000;0.00000000;0.00000000;0.00000000;0.00000000;0.00000000;0.00000000;2.00000000;7.00000000;0.00000000;0.00000000;0.00000000;0.00000000;6.00000000;100.00000000;1;6.00000000;10000000.00000000;7345199.99990000;0.17096500;N;N
CLASSES - FIP;09.541.964/0001-11;GIF - III FIP MULTIESTRATÉGIA;2026-08-31;1287301.650000000000;;;;S;Investidores qualificados;1000000000.00000000;10000000.00000000;1000000000.00000000;7331800.00000000;733180000.01000000;0.00000000;0.00000000;0.00000000;1.00000000;3.43000000;0.00000000;0.00000000;0.00000000;0.00000000;0.00000000;0.00000000;4.00000000;93.00000000;1.00000000;3.57000000;0.00000000;0.00000000;0.00000000;0.00000000;0.00000000;0.00000000;0.00000000;0.00000000;0.00000000;0.00000000;0.00000000;0.00000000;0.00000000;0.00000000;0.00000000;0.00000000;6.00000000;100.00000000;1;6.00000000;10000000.00000000;7331800.00000000;0.17525700;N;N
CLASSES - FIP;09.664.870/0001-30;GPCP5 I FUNDO DE INVESTIMENTO EM PARTICIPAÇÕES MULTIESTRATEGIA - RESPONSABILIDADE LIMITADA;2026-04-30;3401042.070000000000;;;;S;Investidores qualificados;31236076.69000000;31236076.69000000;31236076.69000000;1996750436.59000000;12782223.52000000;333613.93000000;14.00000000;0.13000000;4.00000000;0.14000000;0.00000000;0.00000000;0.00000000;0.00000000;0.00000000;0.00000000;5.00000000;0.24000000;0.00000000;0.00000000;0.00000000;0.00000000;0.00000000;0.00000000;0.00000000;0.00000000;0.00000000;0.00000000;0.00000000;0.00000000;3.00000000;0.48000000;0.00000000;0.00000000;0.00000000;0.00000000;26.00000000;1.00000000;1;26.00000000;31236076.69000000;1996750436.59000000;0.00000000;N;N
CLASSES - FIP;09.664.870/0001-30;GPCP5 I FUNDO DE INVESTIMENTO EM PARTICIPAÇÕES MULTIESTRATEGIA - RESPONSABILIDADE LIMITADA;2026-08-31;2473334.830000000000;;;;S;Investidores qualificados;31236076.69000000;31236076.69000000;31236076.69000000;1996750436.59000000;12782223.52000000;229975.39000000;14.00000000;12.77000000;4.00000000;14.48000000;0.00000000;0.00000000;0.00000000;0.00000000;0.00000000;0.00000000;5.00000000;24.28000000;0.00000000;0.00000000;0.00000000;0.00000000;0.00000000;0.00000000;0.00000000;0.00000000;0.00000000;0.00000000;0.00000000;0.00000000;3.00000000;48.47000000;0.00000000;0.00000000;0.00000000;0.00000000;26.00000000;100.00000000;1;26.00000000;4879483578.93000000;1996750436.59000000;0.00000000;N;N
CLASSES - FIP;09.910.984/0001-12;SALUS FUNDO DE INVESTIMENTO EM PARTICIPAÇÕES MULTIESTRATÉGIA;2026-04-30;12479934295.300000000000;;;;S;Investidores qualificados;1000000000.00000000;1000000.00000000;1000000000.00000000;191177.18156420;1000000000.00000000;0.00000000;0.00000000;0.00000000;0.00000000;0.00000000;0.00000000;0.00000000;0.00000000;0.00000000;0.00000000;0.00000000;0.00000000;0.00000000;0.00000000;0.00000000;0.00000000;0.00000000;0.00000000;0.00000000;0.00000000;0.00000000;0.00000000;0.00000000;0.00000000;0.00000000;1.00000000;100.00000000;0.00000000;0.00000000;0.00000000;0.00000000;1.00000000;100.00000000;1;1.00000000;1000000.00000000;191177.18156420;65279.41354290;N;N
CLASSES - FIP;09.910.984/0001-12;SALUS FUNDO DE INVESTIMENTO EM PARTICIPAÇÕES MULTIESTRATÉGIA;2026-08-31;11689518670.880000000000;;;;S;Investidores qualificados;1000000000.00000000;1000000.00000000;1000000000.00000000;191177.18156420;1000000000.00000000;0.00000000;0.00000000;0.00000000;0.00000000;0.00000000;0.00000000;0.00000000;0.00000000;0.00000000;0.00000000;0.00000000;0.00000000;0.00000000;0.00000000;0.00000000;0.00000000;0.00000000;0.00000000;0.00000000;0.00000000;0.00000000;0.00000000;0.00000000;0.00000000;0.00000000;1.00000000;100.00000000;0.00000000;0.00000000;0.00000000;0.00000000;1.00000000;100.00000000;1;1.00000000;1000000.00000000;191177.18156420;61144.94719110;N;N
CLASSES - FIP;10.214.548/0001-98;INDUSTRIAL PARKS BRASIL FIP MULTIESTRATÉGIA;2026-04-30;25475900.190000000000;;;;S;Investidores qualificados;285156000.00000000;285156000.00000000;285156000.00000000;271381599.00000000;271381599.00000000;0.00000000;1.00000000;0.35068524;0.00000000;0.00000000;1.00000000;4.40320386;0.00000000;0.00000000;0.00000000;0.00000000;0.00000000;0.00000000;0.00000000;0.00000000;13.00000000;48.78031674;1.00000000;17.53426195;0.00000000;0.00000000;0.00000000;0.00000000;0.00000000;0.00000000;1.00000000;21.91782743;0.00000000;0.00000000;1.00000000;7.01370478;18.00000000;100.00000000;1;18.00000000;285156000.00000000;271381599.00000000;0.09387483;N;N
CLASSES - FIP;10.214.548/0001-98;INDUSTRIAL PARKS BRASIL FIP MULTIESTRATÉGIA;2026-08-31;26005423.400000000000;;;;S;Investidores qualificados;285156000.00000000;285156000.00000000;285156000.00000000;272434927.00000000;272434927.00000000;0.00000000;1.00000000;0.35068524;0.00000000;0.00000000;1.00000000;4.40320386;0.00000000;0.00000000;0.00000000;0.00000000;0.00000000;0.00000000;0.00000000;0.00000000;13.00000000;48.78031674;1.00000000;17.53426195;0.00000000;0.00000000;0.00000000;0.00000000;0.00000000;0.00000000;1.00000000;21.91782743;0.00000000;0.00000000;1.00000000;7.01370478;18.00000000;100.00000000;1;18.00000000;285156000.00000000;272434927.00000000;0.09545554;N;N
CLASSES - FIP;10.230.588/0001-23;FINVEST CAPITAL PARTNERS FIP MULTI IE - RESP LIMITADA;2026-04-30;178148428.640000000000;;;;S;Investidores profissionais;0.00000000;0.00000000;34752073.10000000;3302.00000000;34752073.10000000;5424160.64000000;3.00000000;0.00000000;0.00000000;0.00000000;0.00000000;0.00000000;0.00000000;0.00000000;0.00000000;0.00000000;1.00000000;0.00000000;0.00000000;0.00000000;0.00000000;0.00000000;0.00000000;0.00000000;0.00000000;0.00000000;0.00000000;0.00000000;0.00000000;0.00000000;0.00000000;0.00000000;0.00000000;0.00000000;0.00000000;0.00000000;4.00000000;0.00000000;1;4.00000000;0.00000000;3302.00000000;53951.67433071;N;N
CLASSES - FIP;10.230.588/0001-23;FINVEST CAPITAL PARTNERS FIP MULTI IE - RESP LIMITADA;2026-08-31;178148428.640000000000;;;;S;Investidores profissionais;0.00000000;0.00000000;34752073.10000000;3302.00000000;34752073.10000000;5424160.64000000;3.00000000;0.00000000;0.00000000;0.00000000;0.00000000;0.00000000;0.00000000;0.00000000;0.00000000;0.00000000;1.00000000;0.00000000;0.00000000;0.00000000;0.00000000;0.00000000;0.00000000;0.00000000;0.00000000;0.00000000;0.00000000;0.00000000;0.00000000;0.00000000;0.00000000;0.00000000;0.00000000;0.00000000;0.00000000;0.00000000;4.00000000;0.00000000;1;4.00000000;0.00000000;3302.00000000;53951.67433071;N;N
CLASSES - FIP;10.292.990/0001-32;AC2 FUNDO DE INVESTIMENTO EM PARTICIPAÇÕES MULTIESTRATÉGIA;2026-04-30;120427312.840000000000;;;;N;Investidores qualificados;160016088.70000000;583758.82121197;160016088.70000000;583758.82121197;160016088.70000000;0.00000000;3.00000000;100.00000000;0.00000000;0.00000000;0.00000000;0.00000000;0.00000000;0.00000000;0.00000000;0.00000000;0.00000000;0.00000000;0.00000000;0.00000000;0.00000000;0.00000000;0.00000000;0.00000000;0.00000000;0.00000000;0.00000000;0.00000000;0.00000000;0.00000000;0.00000000;0.00000000;0.00000000;0.00000000;0.00000000;0.00000000;3.00000000;100.00000000;UNICA;3.00000000;583758.82121197;583758.82121197;206.29634785;N;N
CLASSES - FIP;10.292.990/0001-32;AC2 FUNDO DE INVESTIMENTO EM PARTICIPAÇÕES MULTIESTRATÉGIA;2026-08-31;114114317.510000000000;;;;N;Investidores qualificados;181967874.96000000;583758.82121197;181967874.96000000;583758.82121197;181967874.96000000;0.00000000;3.00000000;100.00000000;0.00000000;0.00000000;0.00000000;0.00000000;0.00000000;0.00000000;0.00000000;0.00000000;0.00000000;0.00000000;0.00000000;0.00000000;0.00000000;0.00000000;0.00000000;0.00000000;0.00000000;0.00000000;0.00000000;0.00000000;0.00000000;0.00000000;0.00000000;0.00000000;0.00000000;0.00000000;0.00000000;0.00000000;3.00000000;100.00000000;0;3.00000000;583758.82121197;583758.82121197;195.48195824;N;N
CLASSES - FIP;10.381.075/0001-13;MULTINER FUNDO DE INVESTIMENTO EM PARTICIPAÇÕES MULTIESTRATÉGIA;2026-04-30;2031366.130000000000;;;;S;Investidores qualificados;0.00000000;902.95991338;901491697.20000000;902.95991338;901491697.20000000;0.00000000;0.00000000;0.00000000;1.00000000;0.41156000;0.00000000;0.00000000;0.00000000;0.00000000;0.00000000;0.00000000;0.00000000;0.00000000;17.00000000;38.88777352;3.00000000;37.48848564;0.00000000;0.00000000;0.00000000;0.00000000;0.00000000;0.00000000;0.00000000;0.00000000;3.00000000;7.61915726;0.00000000;0.00000000;3.00000000;2.76248083;27.00000000;87.16945477;1;28.00000000;902.95991338;902.95991338;2249.67476396;N;N
CLASSES - FIP;10.381.075/0001-13;MULTINER FUNDO DE INVESTIMENTO EM PARTICIPAÇÕES MULTIESTRATÉGIA;2026-08-31;1043095.720000000000;;;;S;Investidores qualificados;0.00000000;902.95991338;901491697.17000000;902.95991338;901491697.17000000;0.00000000;0.00000000;0.00000000;2.00000000;1.37805000;0.00000000;0.00000000;0.00000000;0.00000000;0.00000000;0.00000000;0.00000000;0.00000000;16.00000000;37.76199753;3.00000000;37.48848284;0.00000000;0.00000000;0.00000000;0.00000000;0.00000000;0.00000000;0.00000000;0.00000000;6.00000000;7.77843475;0.00000000;0.00000000;3.00000000;2.76248186;30.00000000;87.16944788;1;31.00000000;902.95991338;902.95991338;1155.19604419;N;N
CLASSES - FIP;10.513.639/0001-24;GAMA FUNDO DE INVESTIMENTO EM PARTICIPAÇÕES MULTIESTRATÉGIA RESPONSABILIDADE LIMITADA;2026-04-30;776595889.670000000000;;;;N;Investidores qualificados;553330928.44000000;343.20405252;553330928.44000000;343.20405252;553330928.44000000;0.00000000;0.00000000;0.00000000;0.00000000;0.00000000;0.00000000;0.00000000;0.00000000;0.00000000;0.00000000;0.00000000;0.00000000;0.00000000;0.00000000;0.00000000;0.00000000;0.00000000;0.00000000;0.00000000;0.00000000;0.00000000;0.00000000;0.00000000;0.00000000;0.00000000;1.00000000;100.00000000;0.00000000;0.00000000;0.00000000;0.00000000;1.00000000;100.00000000;1;1.00000000;343.20405252;343.20405252;2262781.81731185;N;N
CLASSES - FIP;10.513.639/0001-24;GAMA FUNDO DE INVESTIMENTO EM PARTICIPAÇÕES MULTIESTRATÉGIA RESPONSABILIDADE LIMITADA;2026-08-31;3333422981.180000000000;;;;N;Investidores qualificados;412449160.26000000;343.20405252;412449160.26000000;343.20405252;553330928.44000000;0.00000000;0.00000000;0.00000000;0.00000000;0.00000000;0.00000000;0.00000000;0.00000000;0.00000000;0.00000000;0.00000000;0.00000000;0.00000000;0.00000000;0.00000000;0.00000000;0.00000000;0.00000000;0.00000000;0.00000000;0.00000000;0.00000000;0.00000000;0.00000000;0.00000000;1.00000000;100.00000000;0.00000000;0.00000000;0.00000000;0.00000000;1.00000000;100.00000000;1;1.00000000;343.20405252;343.20405252;9712656.23673178;N;N
CLASSES - FIP;10.545.324/0001-69;KINEA I PRIVATE EQUITY FUNDO DE INVESTIMENTO EM PARTICIPAÇÕES MULTIESTRATÉGIA RESP LIMITADA;2026-04-30;126497354.720000000000;;;;S;Investidores qualificados;187500000.00000000;199987.07643309;187500000.00000000;173962.89492000;166600633.93000000;0.00000000;3.00000000;0.38000000;0.00000000;0.00000000;0.00000000;0.00000000;0.00000000;0.00000000;1.00000000;99.62000000;0.00000000;0.00000000;0.00000000;0.00000000;0.00000000;0.00000000;0.00000000;0.00000000;0.00000000;0.00000000;0.00000000;0.00000000;0.00000000;0.00000000;0.00000000;0.00000000;0.00000000;0.00000000;0.00000000;0.00000000;4.00000000;100.00000000;1;4.00000000;199987.07643309;173962.89492000;727.15135470;N;N
CLASSES - FIP;10.545.324/0001-69;KINEA I PRIVATE EQUITY FUNDO DE INVESTIMENTO EM PARTICIPAÇÕES MULTIESTRATÉGIA RESP LIMITADA;2026-08-31;10735193.787800000000;;;;S;Investidores qualificados;187500000.00000000;399974.15286618;187500000.00000000;173962.89492000;166600633.93000000;0.00000000;3.00000000;0.38000000;0.00000000;0.00000000;0.00000000;0.00000000;0.00000000;0.00000000;0.00000000;0.00000000;0.00000000;0.00000000;0.00000000;0.00000000;0.00000000;0.00000000;0.00000000;0.00000000;0.00000000;0.00000000;0.00000000;0.00000000;0.00000000;0.00000000;0.00000000;0.00000000;0.00000000;0.00000000;1.00000000;99.62000000;4.00000000;100.00000000;1;4.00000000;399974.15286618;173962.89492000;61.70967540;N;N
CLASSES - FIP;10.566.009/0001-18;AGFA FUNDO DE INVESTIMENTO EM PARTICIPAÇÕES MULTIESTRATÉGIA - RESPONSABILIDADE LIMITADA;2026-04-30;253398108.960000000000;;;;N;Investidores qualificados;0.00000000;0.00000000;196019204.42000000;250614.11579213;259137436.54000000;0.00000000;5.00000000;0.00000000;0.00000000;0.00000000;0.00000000;0.00000000;0.00000000;0.00000000;0.00000000;0.00000000;0.00000000;0.00000000;0.00000000;0.00000000;0.00000000;0.00000000;0.00000000;0.00000000;0.00000000;0.00000000;0.00000000;0.00000000;0.00000000;0.00000000;0.00000000;0.00000000;0.00000000;0.00000000;0.00000000;0.00000000;5.00000000;0.00000000;1;5.00000000;0.00000000;250614.11579213;1011.10868460;N;N
CLASSES - FIP;10.566.009/0001-18;AGFA FUNDO DE INVESTIMENTO EM PARTICIPAÇÕES MULTIESTRATÉGIA - RESPONSABILIDADE LIMITADA;2026-08-31;252397417.990000000000;;;;N;Investidores qualificados;0.00000000;252592.28627079;600000.20000000;252592.28627079;294303303.47000000;0.00000000;5.00000000;100.00000000;0.00000000;0.00000000;0.00000000;0.00000000;0.00000000;0.00000000;0.00000000;0.00000000;0.00000000;0.00000000;0.00000000;0.00000000;0.00000000;0.00000000;0.00000000;0.00000000;0.00000000;0.00000000;0.00000000;0.00000000;0.00000000;0.00000000;0.00000000;0.00000000;0.00000000;0.00000000;0.00000000;0.00000000;5.00000000;100.00000000;1;5.00000000;252592.28627079;252592.28627079;999.22852640;N;N
CLASSES - FIP;10.597.218/0001-29;OPPORTUNITY GLOBAL FUNDO DE INVESTIMENTO EM PARTICIPAÇÕES MULTIESTRATÉGIA RESPONSABILIDADE LIMITADA;2026-04-30;10264981.900000000000;;;;S;Investidores profissionais;7100879.82000000;546.09093637;7100879.82000000;546.09093637;7100879.82000000;0.00000000;0.00000000;0.00000000;0.00000000;0.00000000;0.00000000;0.00000000;1.00000000;4.33000000;1.00000000;0.53000000;0.00000000;0.00000000;0.00000000;0.00000000;0.00000000;0.00000000;0.00000000;0.00000000;0.00000000;0.00000000;0.00000000;0.00000000;0.00000000;0.00000000;1.00000000;95.14000000;0.00000000;0.00000000;0.00000000;0.00000000;3.00000000;100.00000000;1;3.00000000;546.09093637;546.09093637;18797.20247370;N;N
CLASSES - FIP;10.597.218/0001-29;OPPORTUNITY GLOBAL FUNDO DE INVESTIMENTO EM PARTICIPAÇÕES MULTIESTRATÉGIA RESPONSABILIDADE LIMITADA;2026-08-31;10187289.410000000000;;;;S;Investidores profissionais;7100879.82000000;546.09093637;7100879.82000000;546.09093637;7100879.82000000;0.00000000;0.00000000;0.00000000;0.00000000;0.00000000;0.00000000;0.00000000;1.00000000;4.33000000;1.00000000;0.53000000;0.00000000;0.00000000;0.00000000;0.00000000;0.00000000;0.00000000;0.00000000;0.00000000;0.00000000;0.00000000;0.00000000;0.00000000;0.00000000;0.00000000;1.00000000;95.14000000;0.00000000;0.00000000;0.00000000;0.00000000;3.00000000;100.00000000;1;3.00000000;546.09093637;546.09093637;18654.93223109;N;N
CLASSES - FIP;10.625.626/0001-47;CONQUEST FUNDO DE INVESTIMENTO EM PARTICIPAÇÕES EMPRESAS EMERGENTES;2026-04-30;-80331531.320000000000;;;;N;Investidores qualificados;183894915.95000000;24184396.69086171;158920580.28000000;24184396.69086171;158920580.28000000;0.00000000;2.00000000;4.23000000;9.00000000;19.88000000;0.00000000;0.00000000;0.00000000;0.00000000;0.00000000;0.00000000;0.00000000;0.00000000;0.00000000;0.00000000;0.00000000;0.00000000;21.00000000;44.08000000;0.00000000;0.00000000;0.00000000;0.00000000;0.00000000;0.00000000;6.00000000;31.81000000;0.00000000;0.00000000;0.00000000;0.00000000;38.00000000;100.00000000;Unica;38.00000000;24184396.69086171;24184396.69086171;-3.32162643;N;N
CLASSES - FIP;10.625.626/0001-47;CONQUEST FUNDO DE INVESTIMENTO EM PARTICIPAÇÕES EMPRESAS EMERGENTES;2026-08-31;-80740031.320000000000;;;;N;Investidores qualificados;183894915.95000000;24184396.69086171;158920580.28000000;24184396.69086171;158920580.28000000;0.00000000;2.00000000;4.23000000;9.00000000;19.88000000;0.00000000;0.00000000;0.00000000;0.00000000;0.00000000;0.00000000;0.00000000;0.00000000;0.00000000;0.00000000;0.00000000;0.00000000;21.00000000;44.08000000;0.00000000;0.00000000;0.00000000;0.00000000;0.00000000;0.00000000;6.00000000;31.81000000;0.00000000;0.00000000;0.00000000;0.00000000;38.00000000;100.00000000;Unica;38.00000000;24184396.69086171;24184396.69086171;-3.33851749;N;N
CLASSES - FIP;10.720.618/0001-80;AVM MEZANINO FUNDO DE INVESTIMENTO EM PARTICIPAÇÕES MULTIESTRATÉGIA RESPONSABILIDADE LIMITADA;2026-04-30;34464636.740300000000;;;;S;Investidores qualificados;308800000.00000000;298923656.07015600;308800000.00000000;304981499.72517000;305545500.00000000;0.00000000;8.00000000;8.70000000;2.00000000;13.33000000;0.00000000;0.00000000;0.00000000;0.00000000;0.00000000;0.00000000;0.00000000;0.00000000;0.00000000;0.00000000;0.00000000;0.00000000;0.00000000;0.00000000;0.00000000;0.00000000;0.00000000;0.00000000;0.00000000;0.00000000;13.00000000;29.81000000;0.00000000;0.00000000;9.00000000;48.16000000;32.00000000;100.00000000;1;32.00000000;298923656.07015600;304981499.72517000;0.11300560;N;N
CLASSES - FIP;10.720.618/0001-80;AVM MEZANINO FUNDO DE INVESTIMENTO EM PARTICIPAÇÕES MULTIESTRATÉGIA RESPONSABILIDADE LIMITADA;2026-08-31;31039150.902775900000;;;;S;Investidores qualificados;308800000.00000000;349799999.97450700;308800000.00000000;304981499.72517000;305545500.00000000;0.00000000;8.00000000;7.72000000;2.00000000;11.39000000;0.00000000;0.00000000;0.00000000;0.00000000;0.00000000;0.00000000;0.00000000;0.00000000;0.00000000;0.00000000;0.00000000;0.00000000;0.00000000;0.00000000;0.00000000;0.00000000;0.00000000;0.00000000;0.00000000;0.00000000;14.00000000;28.40000000;0.00000000;0.00000000;9.00000000;52.49000000;33.00000000;100.00000000;1;33.00000000;349799999.97450700;304981499.72517000;0.10177380;N;N
CLASSES - FIP;10.947.549/0001-41;HANKOE FUNDO DE INVESTIMENTO EM PARTICIPAÇÕES - MULTIESTRATÉGIA RESPONSABILIDADE LIMITADA;2026-04-30;2369522404.550000000000;;;;S;Investidores profissionais;940000756.90000000;345566725.07597400;940000756.90000000;871093008.38471190;940000756.90000000;63345884.64170000;0.00000000;0.00000000;0.00000000;0.00000000;0.00000000;0.00000000;0.00000000;0.00000000;0.00000000;0.00000000;0.00000000;0.00000000;0.00000000;0.00000000;0.00000000;0.00000000;0.00000000;0.00000000;0.00000000;0.00000000;0.00000000;0.00000000;0.00000000;0.00000000;1.00000000;100.00000000;0.00000000;0.00000000;0.00000000;0.00000000;1.00000000;100.00000000;1;1.00000000;345566725.07597400;871093008.38471200;2.72017150;N;N
CLASSES - FIP;10.947.549/0001-41;HANKOE FUNDO DE INVESTIMENTO EM PARTICIPAÇÕES - MULTIESTRATÉGIA RESPONSABILIDADE LIMITADA;2026-08-31;2319720779.650000000000;;;;S;Investidores profissionais;940000756.90000000;352985625.83606360;940000756.90000000;871093008.38471190;940000756.90000000;63495080.46280000;0.00000000;0.00000000;0.00000000;0.00000000;0.00000000;0.00000000;0.00000000;0.00000000;0.00000000;0.00000000;0.00000000;0.00000000;0.00000000;0.00000000;0.00000000;0.00000000;0.00000000;0.00000000;0.00000000;0.00000000;0.00000000;0.00000000;0.00000000;0.00000000;1.00000000;100.00000000;0.00000000;0.00000000;0.00000000;0.00000000;1.00000000;100.00000000;1;1.00000000;352985625.83606400;871093008.38471200;2.66300010;N;N
CLASSES - FIP;10.947.569/0001-12;LOFOTEN FUNDO DE INVESTIMENTO EM PARTICIPAÇÕES - MULTIESTRATÉGIA RESPONSABILIDADE LIMITADA;2026-04-30;2372525296.110000000000;;;;S;Investidores profissionais;1300628273.70000000;0.00000000;1300628273.70000000;699608004.98597780;988393394.20000000;2369522375.25740000;6.00000000;100.00000000;0.00000000;0.00000000;0.00000000;0.00000000;0.00000000;0.00000000;0.00000000;0.00000000;0.00000000;0.00000000;0.00000000;0.00000000;0.00000000;0.00000000;0.00000000;0.00000000;0.00000000;0.00000000;0.00000000;0.00000000;0.00000000;0.00000000;0.00000000;0.00000000;0.00000000;0.00000000;0.00000000;0.00000000;6.00000000;100.00000000;1;6.00000000;0.00000000;699608004.98597800;3.39122090;N;N
CLASSES - FIP;10.947.569/0001-12;LOFOTEN FUNDO DE INVESTIMENTO EM PARTICIPAÇÕES - MULTIESTRATÉGIA RESPONSABILIDADE LIMITADA;2026-08-31;2322786423.220000000000;;;;S;Investidores profissionais;1300628273.70000000;0.00000000;1300628273.70000000;699608004.98597780;988393394.20000000;2319720768.43780000;6.00000000;100.00000000;0.00000000;0.00000000;0.00000000;0.00000000;0.00000000;0.00000000;0.00000000;0.00000000;0.00000000;0.00000000;0.00000000;0.00000000;0.00000000;0.00000000;0.00000000;0.00000000;0.00000000;0.00000000;0.00000000;0.00000000;0.00000000;0.00000000;0.00000000;0.00000000;0.00000000;0.00000000;0.00000000;0.00000000;6.00000000;100.00000000;1;6.00000000;0.00000000;699608004.98597800;3.32012560;N;N
CLASSES - FIP;11.021.363/0001-20;FUNDO DE INVESTIMENTO EM PARTICIPAÇÕES EM INFRAESTRUTURA ENERGIAS RESPONSABILIDADE LIMITADA;2026-04-30;89855261.250000000000;;;;S;Investidores qualificados;761160823.33000000;861297813.95518100;761160823.33000000;861297813.95518100;761160823.33000000;0.00000000;15.00000000;60.96000000;0.00000000;0.00000000;0.00000000;0.00000000;0.00000000;0.00000000;0.00000000;0.00000000;2.00000000;39.04000000;0.00000000;0.00000000;0.00000000;0.00000000;0.00000000;0.00000000;0.00000000;0.00000000;0.00000000;0.00000000;0.00000000;0.00000000;0.00000000;0.00000000;0.00000000;0.00000000;0.00000000;0.00000000;17.00000000;100.00000000;1;17.00000000;861297813.95518100;861297813.95518100;0.10432542;N;N
CLASSES - FIP;11.021.363/0001-20;FUNDO DE INVESTIMENTO EM PARTICIPAÇÕES EM INFRAESTRUTURA ENERGIAS RESPONSABILIDADE LIMITADA;2026-08-31;86598121.930000000000;;;;N;Investidores qualificados;764878747.21000000;865015737.83518100;764878747.21000000;865015737.83518100;764878747.21000000;0.00000000;15.00000000;60.96000000;0.00000000;0.00000000;0.00000000;0.00000000;0.00000000;0.00000000;0.00000000;0.00000000;2.00000000;39.04000000;0.00000000;0.00000000;0.00000000;0.00000000;0.00000000;0.00000000;0.00000000;0.00000000;0.00000000;0.00000000;0.00000000;0.00000000;0.00000000;0.00000000;0.00000000;0.00000000;0.00000000;0.00000000;17.00000000;100.00000000;1;17.00000000;865015737.83518100;865015737.83518100;0.10011161;N;N
CLASSES - FIP;11.065.890/0001-36;UV RE I FUNDO DE INVESTIMENTO EM PARTICIPAÇÕES MULTIESTRATÉGIA RESPONSABILIDADE LIMITADA;2026-04-30;92910018.610000000000;;;;S;Investidores profissionais;130000000.00000000;50060150.37593985;130000000.00000000;55206.60407100;39864512.85000000;0.00000000;0.00000000;0.00000000;0.00000000;0.00000000;0.00000000;0.00000000;0.00000000;0.00000000;0.00000000;0.00000000;0.00000000;0.00000000;0.00000000;0.00000000;0.00000000;0.00000000;0.00000000;0.00000000;0.00000000;0.00000000;0.00000000;0.00000000;0.00000000;0.00000000;5.00000000;100.00000000;0.00000000;0.00000000;0.00000000;0.00000000;5.00000000;100.00000000;1;5.00000000;50060150.37593980;55206.60407100;1682.95116440;N;N
CLASSES - FIP;11.065.890/0001-36;UV RE I FUNDO DE INVESTIMENTO EM PARTICIPAÇÕES MULTIESTRATÉGIA RESPONSABILIDADE LIMITADA;2026-08-31;97765819.860000000000;;;;S;Investidores profissionais;130000000.00000000;50060150.37593985;130000000.00000000;57577.02717000;43864512.84000000;0.00000000;0.00000000;0.00000000;0.00000000;0.00000000;0.00000000;0.00000000;0.00000000;0.00000000;0.00000000;0.00000000;0.00000000;0.00000000;0.00000000;0.00000000;0.00000000;0.00000000;0.00000000;0.00000000;0.00000000;0.00000000;0.00000000;0.00000000;0.00000000;0.00000000;5.00000000;100.00000000;0.00000000;0.00000000;0.00000000;0.00000000;5.00000000;100.00000000;1;5.00000000;50060150.37593980;57577.02717000;1698.00048160;N;N
CLASSES - FIP;11.083.096/0001-15;OLEO E GAS FUNDO DE INVESTIMENTO EM PARTICIPACOES MULTIESTRATEGIA;2026-04-30;-6131290.240000000000;;;;N;Investidores qualificados;257888236.59000000;369002.45497000;500000000.00000000;369002.45497000;257888236.59000000;0.00000000;0.00000000;0.00000000;1.00000000;20.00000000;0.00000000;0.00000000;0.00000000;0.00000000;1.00000000;3.00000000;0.00000000;0.00000000;0.00000000;0.00000000;17.00000000;47.33000000;0.00000000;0.00000000;0.00000000;0.00000000;0.00000000;0.00000000;0.00000000;0.00000000;4.00000000;29.67000000;0.00000000;0.00000000;0.00000000;0.00000000;23.00000000;100.00000000;1;23.00000000;369002.45497000;369002.45497000;-16.61585216;N;N
CLASSES - FIP;11.083.096/0001-15;OLEO E GAS FUNDO DE INVESTIMENTO EM PARTICIPACOES MULTIESTRATEGIA;2026-08-31;-6210132.800000000000;;;;N;Investidores qualificados;0.00000000;369002.45497000;500000000.00000000;369002.45497000;257888236.59000000;0.00000000;0.00000000;0.00000000;1.00000000;20.00000000;0.00000000;0.00000000;0.00000000;0.00000000;1.00000000;3.00000000;0.00000000;0.00000000;0.00000000;0.00000000;17.00000000;47.33000000;0.00000000;0.00000000;0.00000000;0.00000000;0.00000000;0.00000000;0.00000000;0.00000000;4.00000000;29.67000000;0.00000000;0.00000000;0.00000000;0.00000000;23.00000000;100.00000000;1;23.00000000;369002.45497000;369002.45497000;-16.82951622;N;N
CLASSES - FIP;11.111.528/0001-54;SÃO MIGUEL FUNDO DE INVESTIMENTO EM PARTICIPAÇÕES MULTIESTRATÉGIA;2026-04-30;1776325323.950000000000;;;;N;Investidores profissionais;0.00000000;0.00000000;126418477.47000000;108.40400360;1712656404.01980000;0.00000000;0.00000000;0.00000000;0.00000000;0.00000000;0.00000000;0.00000000;0.00000000;0.00000000;0.00000000;0.00000000;0.00000000;0.00000000;0.00000000;0.00000000;0.00000000;0.00000000;0.00000000;0.00000000;0.00000000;0.00000000;0.00000000;0.00000000;0.00000000;0.00000000;0.00000000;0.00000000;0.00000000;0.00000000;0.00000000;0.00000000;0.00000000;100.00000000;1;0.00000000;0.00000000;36.13466790;16386159.77560220;N;N
CLASSES - FIP;11.111.528/0001-54;SÃO MIGUEL FUNDO DE INVESTIMENTO EM PARTICIPAÇÕES MULTIESTRATÉGIA;2026-04-30;1776325323.950000000000;;;;N;Investidores profissionais;0.00000000;0.00000000;126418477.47000000;108.40400360;1712656404.01980000;0.00000000;0.00000000;0.00000000;0.00000000;0.00000000;0.00000000;0.00000000;0.00000000;0.00000000;0.00000000;0.00000000;0.00000000;0.00000000;0.00000000;0.00000000;0.00000000;0.00000000;0.00000000;0.00000000;0.00000000;0.00000000;0.00000000;0.00000000;0.00000000;0.00000000;0.00000000;0.00000000;0.00000000;0.00000000;0.00000000;0.00000000;0.00000000;100.00000000;2;0.00000000;0.00000000;36.13466790;16386159.77089760;N;N
CLASSES - FIP;11.111.528/0001-54;SÃO MIGUEL FUNDO DE INVESTIMENTO EM PARTICIPAÇÕES MULTIESTRATÉGIA;2026-04-30;1776325323.950000000000;;;;N;Investidores profissionais;0.00000000;0.00000000;126418477.47000000;108.40400360;1712656404.01980000;0.00000000;0.00000000;0.00000000;0.00000000;0.00000000;0.00000000;0.00000000;0.00000000;0.00000000;0.00000000;0.00000000;0.00000000;0.00000000;0.00000000;0.00000000;0.00000000;0.00000000;0.00000000;0.00000000;0.00000000;0.00000000;0.00000000;0.00000000;0.00000000;0.00000000;0.00000000;0.00000000;0.00000000;0.00000000;0.00000000;0.00000000;0.00000000;100.00000000;3;0.00000000;0.00000000;36.13466790;16386159.77549540;N;N
CLASSES - FIP;11.111.528/0001-54;SÃO MIGUEL FUNDO DE INVESTIMENTO EM PARTICIPAÇÕES MULTIESTRATÉGIA;2026-08-31;1781684882.990000000000;;;;N;Investidores profissionais;0.00000000;0.00000000;126418477.47000000;108.40400360;1712656404.01980000;0.00000000;0.00000000;0.00000000;0.00000000;0.00000000;0.00000000;0.00000000;0.00000000;0.00000000;0.00000000;0.00000000;0.00000000;0.00000000;0.00000000;0.00000000;0.00000000;0.00000000;0.00000000;0.00000000;0.00000000;0.00000000;0.00000000;0.00000000;0.00000000;0.00000000;0.00000000;0.00000000;0.00000000;0.00000000;0.00000000;0.00000000;0.00000000;100.00000000;1;0.00000000;0.00000000;36.13466790;16435600.37613390;N;N
CLASSES - FIP;11.111.528/0001-54;SÃO MIGUEL FUNDO DE INVESTIMENTO EM PARTICIPAÇÕES MULTIESTRATÉGIA;2026-08-31;1781684882.990000000000;;;;N;Investidores profissionais;0.00000000;0.00000000;126418477.47000000;108.40400360;1712656404.01980000;0.00000000;0.00000000;0.00000000;0.00000000;0.00000000;0.00000000;0.00000000;0.00000000;0.00000000;0.00000000;0.00000000;0.00000000;0.00000000;0.00000000;0.00000000;0.00000000;0.00000000;0.00000000;0.00000000;0.00000000;0.00000000;0.00000000;0.00000000;0.00000000;0.00000000;0.00000000;0.00000000;0.00000000;0.00000000;0.00000000;0.00000000;0.00000000;100.00000000;2;0.00000000;0.00000000;36.13466790;16435600.37142920;N;N
CLASSES - FIP;11.111.528/0001-54;SÃO MIGUEL FUNDO DE INVESTIMENTO EM PARTICIPAÇÕES MULTIESTRATÉGIA;2026-08-31;1781684882.990000000000;;;;N;Investidores profissionais;0.00000000;0.00000000;126418477.47000000;108.40400360;1712656404.01980000;0.00000000;0.00000000;0.00000000;0.00000000;0.00000000;0.00000000;0.00000000;0.00000000;0.00000000;0.00000000;0.00000000;0.00000000;0.00000000;0.00000000;0.00000000;0.00000000;0.00000000;0.00000000;0.00000000;0.00000000;0.00000000;0.00000000;0.00000000;0.00000000;0.00000000;0.00000000;0.00000000;0.00000000;0.00000000;0.00000000;0.00000000;0.00000000;100.00000000;3;0.00000000;0.00000000;36.13466790;16435600.37601340;N;N
CLASSES - FIP;11.119.089/0001-26;ATENAS FIP MULTIESTRATÉGIA;2026-04-30;7714899.150000000000;;;;N;Investidores qualificados;78391937.77000000;69086038.95334000;78391937.77000000;69086038.95334000;78391937.77000000;0.00000000;0.00000000;0.00000000;1.00000000;100.00000000;0.00000000;0.00000000;0.00000000;0.00000000;0.00000000;0.00000000;0.00000000;0.00000000;0.00000000;0.00000000;0.00000000;0.00000000;0.00000000;0.00000000;0.00000000;0.00000000;0.00000000;0.00000000;0.00000000;0.00000000;0.00000000;0.00000000;0.00000000;0.00000000;0.00000000;0.00000000;1.00000000;100.00000000;1;1.00000000;69086038.95334000;69086038.95334000;0.11167088;N;N
CLASSES - FIP;11.119.089/0001-26;ATENAS FIP MULTIESTRATÉGIA;2026-08-31;7760775.090000000000;;;;N;Investidores qualificados;78481937.77000000;69176038.95334000;78481937.77000000;69176038.95334000;78481937.77000000;0.00000000;0.00000000;0.00000000;1.00000000;100.00000000;0.00000000;0.00000000;0.00000000;0.00000000;0.00000000;0.00000000;0.00000000;0.00000000;0.00000000;0.00000000;0.00000000;0.00000000;0.00000000;0.00000000;0.00000000;0.00000000;0.00000000;0.00000000;0.00000000;0.00000000;0.00000000;0.00000000;0.00000000;0.00000000;0.00000000;0.00000000;1.00000000;100.00000000;1;1.00000000;69176038.95334000;69176038.95334000;0.11218877;N;N
CLASSES - FIP;11.128.861/0001-76;HMV FUNDO DE INVESTIMENTO EM PARTICIPAÇÕES MULTIESTRATÉGIA DE RESPONSABILIDADE LIMITADA;2026-04-30;437019148.630000000000;;;;N;Investidores profissionais;305911578.40000000;480483.79163794;305911578.40000000;480483.79163794;305911578.40000000;0.00000000;0.00000000;0.00000000;0.00000000;0.00000000;0.00000000;0.00000000;0.00000000;0.00000000;0.00000000;0.00000000;0.00000000;0.00000000;0.00000000;0.00000000;0.00000000;0.00000000;0.00000000;0.00000000;0.00000000;0.00000000;0.00000000;0.00000000;0.00000000;0.00000000;4.00000000;100.00000000;0.00000000;0.00000000;0.00000000;0.00000000;4.00000000;100.00000000;1;4.00000000;480483.79163794;480483.79163794;909.53983513;N;N
CLASSES - FIP;11.128.861/0001-76;HMV FUNDO DE INVESTIMENTO EM PARTICIPAÇÕES MULTIESTRATÉGIA DE RESPONSABILIDADE LIMITADA;2026-08-31;406090923.250000000000;;;;N;Investidores profissionais;305911578400.00000000;480483.79163794;305911578.40000000;480483.79163794;263963403.41000000;0.00000000;0.00000000;0.00000000;0.00000000;0.00000000;0.00000000;0.00000000;0.00000000;0.00000000;0.00000000;0.00000000;0.00000000;0.00000000;0.00000000;0.00000000;0.00000000;0.00000000;0.00000000;0.00000000;0.00000000;0.00000000;0.00000000;0.00000000;0.00000000;0.00000000;4.00000000;100.00000000;0.00000000;0.00000000;0.00000000;0.00000000;4.00000000;100.00000000;1;4.00000000;480483.79163794;480483.79163794;845.17090965;N;N
CLASSES - FIP;11.160.957/0001-11;BRASIL AGRONEGÓCIO FIP MULTIESTRATÉGIA - RESP LIMITADA;2026-04-30;395054094.390000000000;;;;S;Investidores qualificados;840000000.00000000;840000.00000000;840000000.00000000;592199.99998000;592199999.98000000;0.00000000;0.00000000;0.00000000;3.00000000;26.43000000;2.00000000;21.67000000;0.00000000;0.00000000;0.00000000;0.00000000;0.00000000;0.00000000;0.00000000;0.00000000;5.00000000;51.90000000;0.00000000;0.00000000;0.00000000;0.00000000;0.00000000;0.00000000;0.00000000;0.00000000;0.00000000;0.00000000;0.00000000;0.00000000;0.00000000;0.00000000;10.00000000;100.00000000;1;10.00000000;840000.00000000;592199.99998000;667.09573520;N;N
CLASSES - FIP;11.160.957/0001-11;BRASIL AGRONEGÓCIO FIP MULTIESTRATÉGIA - RESP LIMITADA;2026-08-31;135662970.160000000000;;;;S;Investidores qualificados;840000000.00000000;840000.00000000;840000000.00000000;584639.99998000;584639999.98000000;0.00000000;0.00000000;0.00000000;3.00000000;26.43000000;2.00000000;21.67000000;0.00000000;0.00000000;0.00000000;0.00000000;0.00000000;0.00000000;0.00000000;0.00000000;5.00000000;51.90000000;0.00000000;0.00000000;0.00000000;0.00000000;0.00000000;0.00000000;0.00000000;0.00000000;0.00000000;0.00000000;0.00000000;0.00000000;0.00000000;0.00000000;10.00000000;100.00000000;1;10.00000000;840000.00000000;584639.99998000;229.08302960;N;N
CLASSES - FIP;11.249.598/0001-73;AGRIFARM FUNDO DE INVESTIMENTO EM PARTICIPAÇÕES MULTIESTRATÉGIA;2026-04-30;392206986.290000000000;;;;N;Investidores profissionais;67503409.11000000;1641.59505645;67503409.11000000;1641.59505645;67503409.11000000;0.00000000;1.00000000;72.27000000;0.00000000;0.00000000;0.00000000;0.00000000;0.00000000;0.00000000;0.00000000;0.00000000;2.00000000;22.53000000;0.00000000;0.00000000;1.00000000;5.20000000;0.00000000;0.00000000;0.00000000;0.00000000;0.00000000;0.00000000;0.00000000;0.00000000;0.00000000;0.00000000;0.00000000;0.00000000;0.00000000;0.00000000;4.00000000;100.00000000;1;4.00000000;1641.59505645;1641.59505645;238918.23062513;N;N
CLASSES - FIP;11.249.598/0001-73;AGRIFARM FUNDO DE INVESTIMENTO EM PARTICIPAÇÕES MULTIESTRATÉGIA;2026-08-31;285778650.350000000000;;;;N;Investidores profissionais;68554671.40000000;1674.99880145;68554671.40000000;1674.99880145;68554671.40000000;0.00000000;1.00000000;72.82000000;0.00000000;0.00000000;0.00000000;0.00000000;0.00000000;0.00000000;0.00000000;0.00000000;2.00000000;22.09000000;0.00000000;0.00000000;1.00000000;5.09000000;0.00000000;0.00000000;0.00000000;0.00000000;0.00000000;0.00000000;0.00000000;0.00000000;0.00000000;0.00000000;0.00000000;0.00000000;0.00000000;0.00000000;4.00000000;100.00000000;1;4.00000000;1674.99880145;1674.99880145;170614.24169335;N;N
CLASSES - FIP;11.253.634/0001-72;EOS FUNDO DE INVESTIMENTO EM PARTICIPAÇÕES I MULTIESTRATÉGIA - RESPONSABILIDADE LIMITADA;2026-04-30;101280399.200000000000;;;;S;Investidores qualificados;14836161.90000000;9366960.69624972;14836161.90000000;9366960.69624972;14836161.90000000;0.00000000;12.00000000;69.95000000;0.00000000;0.00000000;0.00000000;0.00000000;0.00000000;0.00000000;0.00000000;0.00000000;0.00000000;0.00000000;0.00000000;0.00000000;0.00000000;0.00000000;0.00000000;0.00000000;0.00000000;0.00000000;0.00000000;0.00000000;0.00000000;0.00000000;5.00000000;30.05000000;0.00000000;0.00000000;0.00000000;0.00000000;17.00000000;100.00000000;1;17.00000000;9366960.69624972;9366960.69624972;10.81251459;N;N
CLASSES - FIP;11.253.634/0001-72;EOS FUNDO DE INVESTIMENTO EM PARTICIPAÇÕES I MULTIESTRATÉGIA - RESPONSABILIDADE LIMITADA;2026-08-31;104162608.250000000000;;;;S;Investidores qualificados;14836161.90000000;9366960.69624972;14836161.90000000;9366960.69624972;14836161.90000000;0.00000000;12.00000000;69.95000000;0.00000000;0.00000000;0.00000000;0.00000000;0.00000000;0.00000000;0.00000000;0.00000000;0.00000000;0.00000000;0.00000000;0.00000000;0.00000000;0.00000000;0.00000000;0.00000000;0.00000000;0.00000000;0.00000000;0.00000000;0.00000000;0.00000000;5.00000000;30.05000000;0.00000000;0.00000000;0.00000000;0.00000000;17.00000000;100.00000000;1;17.00000000;9366960.69624972;9366960.69624972;11.12021408;N;N
CLASSES - FIP;11.283.444/0001-06;NOVA PARTICIPAÇÕES - FIP MULTIESTRATÉGIA;2026-04-30;355181154.350000000000;;;;N;Investidores profissionais;355181154.35000000;255884371.78568900;355181154.35000000;255884371.78568900;355181154.35000000;0.00000000;0.00000000;0.00000000;2.00000000;86.93000000;0.00000000;0.00000000;0.00000000;0.00000000;0.00000000;0.00000000;0.00000000;0.00000000;0.00000000;0.00000000;0.00000000;0.00000000;0.00000000;0.00000000;0.00000000;0.00000000;0.00000000;0.00000000;0.00000000;0.00000000;1.00000000;13.07000000;0.00000000;0.00000000;0.00000000;0.00000000;3.00000000;100.00000000;Unica;1.00000000;10222.54356346;10222.54356346;1349.26278224;N;N
CLASSES - FIP;11.283.444/0001-06;NOVA PARTICIPAÇÕES - FIP MULTIESTRATÉGIA;2026-08-31;342497030.060000000000;;;;N;Investidores profissionais;342497030.06000000;255884371.78568900;342497030.06000000;255884371.78568900;342497030.06000000;0.00000000;0.00000000;0.00000000;2.00000000;86.93000000;0.00000000;0.00000000;0.00000000;0.00000000;0.00000000;0.00000000;0.00000000;0.00000000;0.00000000;0.00000000;0.00000000;0.00000000;0.00000000;0.00000000;0.00000000;0.00000000;0.00000000;0.00000000;0.00000000;0.00000000;1.00000000;13.07000000;0.00000000;0.00000000;0.00000000;0.00000000;3.00000000;100.00000000;1;3.00000000;255884371.78568900;255884371.78568900;1.33848358;N;N
CLASSES - FIP;11.288.558/0001-30;BREOF FUNDO DE INVESTIMENTO EM PARTICIPAÇÕES - MULTIESTRATÉGIA - RESPONSABILIDADE LIMITADA;2026-04-30;177161882.670000000000;;;;S;Investidores qualificados;587901450.40000000;1587353102.67100000;587901450.40000000;1587353102.67100000;587901450.40000000;0.00000000;0.00000000;0.00000000;0.00000000;0.00000000;0.00000000;0.00000000;0.00000000;0.00000000;0.00000000;0.00000000;6.00000000;100.00000000;0.00000000;0.00000000;0.00000000;0.00000000;0.00000000;0.00000000;0.00000000;0.00000000;0.00000000;0.00000000;0.00000000;0.00000000;0.00000000;0.00000000;0.00000000;0.00000000;0.00000000;0.00000000;6.00000000;100.00000000;1;6.00000000;1587353102.67100000;1587353102.67100000;0.11160836;N;N
CLASSES - FIP;11.288.558/0001-30;BREOF FUNDO DE INVESTIMENTO EM PARTICIPAÇÕES - MULTIESTRATÉGIA - RESPONSABILIDADE LIMITADA;2026-08-31;180607403.050000000000;;;;S;Investidores qualificados;587901450.40000000;1587353102.67100000;587901450.40000000;1587353102.67100000;587901450.40000000;0.00000000;0.00000000;0.00000000;0.00000000;0.00000000;0.00000000;0.00000000;0.00000000;0.00000000;0.00000000;0.00000000;6.00000000;100.00000000;0.00000000;0.00000000;0.00000000;0.00000000;0.00000000;0.00000000;0.00000000;0.00000000;0.00000000;0.00000000;0.00000000;0.00000000;0.00000000;0.00000000;0.00000000;0.00000000;0.00000000;0.00000000;6.00000000;100.00000000;1;6.00000000;1587353102.67100000;1587353102.67100000;0.11377897;N;N
CLASSES - FIP;11.308.102/0001-95;BCRE DEVELOPMENT FUND II FI EM PARTICIPAÇÕES MULTIESTRATÉGIA RESPONSABILIDADE LIMITADA;2026-04-30;0.010000000000;;;;S;Investidores qualificados;0.00000000;0.00000000;0.00000000;749.61372580;56865153.62850000;0.00000000;0.00000000;0.00000000;0.00000000;0.00000000;0.00000000;0.00000000;0.00000000;0.00000000;0.00000000;0.00000000;0.00000000;0.00000000;0.00000000;0.00000000;0.00000000;0.00000000;0.00000000;0.00000000;0.00000000;0.00000000;0.00000000;0.00000000;0.00000000;0.00000000;0.00000000;0.00000000;0.00000000;0.00000000;0.00000000;0.00000000;0.00000000;100.00000000;1;0.00000000;0.00000000;749.61372580;0.00001200;N;N
CLASSES - FIP;11.308.102/0001-95;BCRE DEVELOPMENT FUND II FI EM PARTICIPAÇÕES MULTIESTRATÉGIA RESPONSABILIDADE LIMITADA;2026-08-31;0.010000000000;;;;S;Investidores qualificados;0.00000000;0.00000000;0.00000000;749.61372580;56865153.62850000;0.00000000;0.00000000;0.00000000;0.00000000;0.00000000;0.00000000;0.00000000;0.00000000;0.00000000;0.00000000;0.00000000;0.00000000;0.00000000;0.00000000;0.00000000;0.00000000;0.00000000;0.00000000;0.00000000;0.00000000;0.00000000;0.00000000;0.00000000;0.00000000;0.00000000;0.00000000;0.00000000;0.00000000;0.00000000;0.00000000;0.00000000;0.00000000;100.00000000;1;0.00000000;0.00000000;749.61372580;0.00000830;N;N
CLASSES - FIP;11.314.165/0001-54;BRAZIL RETAIL FUNDO DE INVESTIMENTO EM PARTICIPAÇÕES MULTIESTRATÉGIA RESPONSABILIDADE LIMITADA;2026-04-30;119320828.330000000000;;;;S;Investidores profissionais;2760497115.33000000;2760497115.33000000;2760497115.33000000;2376089608.30000000;2760497115.33000000;0.00000000;0.00000000;0.00000000;0.00000000;0.00000000;0.00000000;0.00000000;0.00000000;0.00000000;0.00000000;0.00000000;5.00000000;100.00000000;0.00000000;0.00000000;0.00000000;0.00000000;0.00000000;0.00000000;0.00000000;0.00000000;0.00000000;0.00000000;0.00000000;0.00000000;0.00000000;0.00000000;0.00000000;0.00000000;0.00000000;0.00000000;5.00000000;100.00000000;1;5.00000000;2760497115.33000000;2376089608.30000000;0.05021731;N;N
CLASSES - FIP;11.314.165/0001-54;BRAZIL RETAIL FUNDO DE INVESTIMENTO EM PARTICIPAÇÕES MULTIESTRATÉGIA RESPONSABILIDADE LIMITADA;2026-08-31;122603060.900000000000;;;;S;Investidores profissionais;2760497115.33000000;2760497115.33000000;2760497115.33000000;2376089608.30000000;2760497115.33000000;0.00000000;0.00000000;0.00000000;0.00000000;0.00000000;0.00000000;0.00000000;0.00000000;0.00000000;0.00000000;0.00000000;5.00000000;100.00000000;0.00000000;0.00000000;0.00000000;0.00000000;0.00000000;0.00000000;0.00000000;0.00000000;0.00000000;0.00000000;0.00000000;0.00000000;0.00000000;0.00000000;0.00000000;0.00000000;0.00000000;0.00000000;5.00000000;100.00000000;1;5.00000000;2760497115.33000000;2376089608.30000000;0.05159867;N;N
CLASSES - FIP;11.490.580/0001-69;GERAÇÃO DE ENERGIA FUNDO DE INVESTIMENTO EM PARTICIPAÇÕES MULTIESTRATÉGIA;2026-04-30;-13998113.790000000000;;;;S;Investidores qualificados;202567300.58000000;183662844.36968589;202567300.58000000;183662844.36968589;202567300.58000000;0.00000000;0.00000000;0.00000000;0.00000000;0.00000000;0.00000000;0.00000000;0.00000000;0.00000000;0.00000000;0.00000000;0.00000000;0.00000000;0.00000000;0.00000000;15.00000000;36.33000000;28.00000000;58.23000000;0.00000000;0.00000000;0.00000000;0.00000000;0.00000000;0.00000000;1.00000000;5.44000000;0.00000000;0.00000000;0.00000000;0.00000000;44.00000000;100.00000000;1;44.00000000;183662844.36968589;183662844.36968589;0.07621636;N;N
CLASSES - FIP;11.490.580/0001-69;GERAÇÃO DE ENERGIA FUNDO DE INVESTIMENTO EM PARTICIPAÇÕES MULTIESTRATÉGIA;2026-08-31;-13938117.770000000000;;;;S;Investidores qualificados;202567300.58000000;183662844.36968589;202567300.58000000;183662844.36968589;202567300.58000000;0.00000000;0.00000000;0.00000000;0.00000000;0.00000000;0.00000000;0.00000000;0.00000000;0.00000000;0.00000000;0.00000000;0.00000000;0.00000000;0.00000000;0.00000000;15.00000000;36.33000000;28.00000000;58.23000000;0.00000000;0.00000000;0.00000000;0.00000000;0.00000000;0.00000000;1.00000000;5.44000000;0.00000000;0.00000000;0.00000000;0.00000000;44.00000000;100.00000000;1;44.00000000;183662844.36968589;183662844.36968589;-0.07588970;N;N
CLASSES - FIP;11.512.690/0001-84;Patria Infraestrutura Fundo de Investimento em Participações Mult Investimento no Exterior;2026-04-30;790059064.720000000000;;;;S;Investidores profissionais;1855155486.81000000;1787634.00000000;1855155486.81000000;1381308.15836554;1742988037.62000000;0.00000000;0.00000000;0.00000000;0.00000000;0.00000000;0.00000000;0.00000000;0.00000000;0.00000000;0.00000000;0.00000000;4.00000000;100.00000000;0.00000000;0.00000000;0.00000000;0.00000000;0.00000000;0.00000000;0.00000000;0.00000000;0.00000000;0.00000000;0.00000000;0.00000000;0.00000000;0.00000000;0.00000000;0.00000000;0.00000000;0.00000000;4.00000000;100.00000000;1;4.00000000;1787634.00000000;1381308.15836554;571.96438023;N;N
CLASSES - FIP;11.512.690/0001-84;Patria Infraestrutura Fundo de Investimento em Participações Mult Investimento no Exterior;2026-08-31;894854256.360000000000;;;;S;Investidores profissionais;1855155486.81000000;1787634.00000000;1855155486.81000000;1381308.15836554;1742988037.62000000;0.00000000;0.00000000;0.00000000;0.00000000;0.00000000;0.00000000;0.00000000;0.00000000;0.00000000;0.00000000;0.00000000;4.00000000;100.00000000;0.00000000;0.00000000;0.00000000;0.00000000;0.00000000;0.00000000;0.00000000;0.00000000;0.00000000;0.00000000;0.00000000;0.00000000;0.00000000;0.00000000;0.00000000;0.00000000;0.00000000;0.00000000;4.00000000;100.00000000;1;4.00000000;1787634.00000000;1381308.15836554;647.83100783;N;N
CLASSES - FIP;11.590.051/0001-37;BIJUPIRÁ FIP MULTIESTRATÉGIA;2026-04-30;2313963.450000000000;;;;S;Investidores qualificados;2263540805.31000000;22697.18756638;2263540805.31000000;22697.18756638;2263540805.31000000;0.00000000;6.00000000;0.02781377;0.00000000;0.00000000;0.00000000;0.00000000;0.00000000;0.00000000;0.00000000;0.00000000;11.00000000;98.62557028;0.00000000;0.00000000;0.00000000;0.00000000;0.00000000;0.00000000;0.00000000;0.00000000;0.00000000;0.00000000;0.00000000;0.00000000;5.00000000;1.34661596;0.00000000;0.00000000;0.00000000;0.00000000;22.00000000;100.00000000;1;22.00000000;22697.18756638;22697.18756638;101.94934695;N;N
CLASSES - FIP;11.590.051/0001-37;BIJUPIRÁ FIP MULTIESTRATÉGIA;2026-08-31;2328076.710000000000;;;;S;Investidores qualificados;2263540805.31000000;22697.18756638;2263540805.31000000;22697.18756638;2263540805.31000000;0.00000000;6.00000000;0.02781377;0.00000000;0.00000000;0.00000000;0.00000000;0.00000000;0.00000000;0.00000000;0.00000000;11.00000000;98.62557028;0.00000000;0.00000000;0.00000000;0.00000000;0.00000000;0.00000000;0.00000000;0.00000000;0.00000000;0.00000000;0.00000000;0.00000000;5.00000000;1.34661596;0.00000000;0.00000000;0.00000000;0.00000000;22.00000000;100.00000000;1;22.00000000;22697.18756638;22697.18756638;102.57115350;N;N
CLASSES - FIP;11.599.186/0001-63;ECCO FUNDO DE INVESTIMENTO EM PARTICIPAÇÕES - MULTIESTRATÉGIA INVESTIMENTO NO EXTERIOR;2026-04-30;14567.720000000000;;;;N;Investidores profissionais;0.00000000;7135.76000000;5141210.73000000;7109.83605625;3824658.00000000;0.00000000;1.00000000;50.00000000;0.00000000;0.00000000;0.00000000;0.00000000;0.00000000;0.00000000;0.00000000;0.00000000;0.00000000;0.00000000;0.00000000;0.00000000;0.00000000;0.00000000;0.00000000;0.00000000;0.00000000;0.00000000;0.00000000;0.00000000;0.00000000;0.00000000;1.00000000;50.00000000;0.00000000;0.00000000;0.00000000;0.00000000;2.00000000;100.00000000;1;2.00000000;7135.76021503;7109.83605620;2.04895301;N;N
CLASSES - FIP;11.599.186/0001-63;ECCO FUNDO DE INVESTIMENTO EM PARTICIPAÇÕES - MULTIESTRATÉGIA INVESTIMENTO NO EXTERIOR;2026-08-31;0.000000000000;;;;N;Investidores profissionais;0.00000000;0.00000000;0.00000000;0.00000000;0.00000000;0.00000000;0.00000000;0.00000000;0.00000000;0.00000000;0.00000000;0.00000000;0.00000000;0.00000000;0.00000000;0.00000000;0.00000000;0.00000000;0.00000000;0.00000000;0.00000000;0.00000000;0.00000000;0.00000000;0.00000000;0.00000000;0.00000000;0.00000000;0.00000000;0.00000000;0.00000000;0.00000000;0.00000000;0.00000000;0.00000000;0.00000000;0.00000000;0.00000000;1;0.00000000;0.00000000;0.00000000;0.00000000;N;N
CLASSES - FIP;11.601.292/0001-34;FUNDO DE INVESTIMENTO EM PARTICIPAÇÕES T-BDH F2 MULTIESTRATÉGIA RESPONSABILIDADE LIMITADA;2026-04-30;21126398.750000000000;;;;N;Investidores qualificados;126072418.23000000;156174.57606916;126072418.23000000;153222.71694514;18707513.42000000;0.00000000;1.00000000;100.00000000;0.00000000;0.00000000;0.00000000;0.00000000;0.00000000;0.00000000;0.00000000;0.00000000;0.00000000;0.00000000;0.00000000;0.00000000;0.00000000;0.00000000;0.00000000;0.00000000;0.00000000;0.00000000;0.00000000;0.00000000;0.00000000;0.00000000;0.00000000;0.00000000;0.00000000;0.00000000;0.00000000;0.00000000;1.00000000;100.00000000;1;1.00000000;156174.57606916;153222.71694514;137.88032983;N;N
CLASSES - FIP;11.601.292/0001-34;FUNDO DE INVESTIMENTO EM PARTICIPAÇÕES T-BDH F2 MULTIESTRATÉGIA RESPONSABILIDADE LIMITADA;2026-08-31;23096167.180000000000;;;;N;Investidores qualificados;126072418.23000000;156174.57606916;126072418.23000000;154471.42712814;21336040.33000000;0.00000000;1.00000000;100.00000000;0.00000000;0.00000000;0.00000000;0.00000000;0.00000000;0.00000000;0.00000000;0.00000000;0.00000000;0.00000000;0.00000000;0.00000000;0.00000000;0.00000000;0.00000000;0.00000000;0.00000000;0.00000000;0.00000000;0.00000000;0.00000000;0.00000000;0.00000000;0.00000000;0.00000000;0.00000000;0.00000000;0.00000000;1.00000000;100.00000000;1;1.00000000;156174.57606916;154471.42712814;149.51740661;N;N
CLASSES - FIP;11.649.762/0001-30;PÁTRIA INFRAESTRUTURA TEAM - FUNDO DE INVESTIMENTO EM QUOTAS DE FIP;2026-04-30;13767716.790000000000;;;;S;Investidores qualificados;31795000.00000000;31795.00000000;31795000.00000000;24366.53910822;29438853.79000000;13437295.67000000;7.00000000;5.30000000;0.00000000;0.00000000;0.00000000;0.00000000;0.00000000;0.00000000;0.00000000;0.00000000;1.00000000;0.63000000;0.00000000;0.00000000;0.00000000;0.00000000;0.00000000;0.00000000;0.00000000;0.00000000;0.00000000;0.00000000;0.00000000;0.00000000;5.00000000;79.81000000;1.00000000;14.26000000;0.00000000;0.00000000;14.00000000;100.00000000;1;14.00000000;31795.00000000;24366.53910822;565.02553480;N;N
CLASSES - FIP;11.649.762/0001-30;PÁTRIA INFRAESTRUTURA TEAM - FUNDO DE INVESTIMENTO EM QUOTAS DE FIP;2026-08-31;15511411.480000000000;;;;S;Investidores qualificados;31795000.00000000;31795.00000000;31795000.00000000;24366.53910822;29438853.79000000;15208661.85000000;7.00000000;5.30000000;0.00000000;0.00000000;0.00000000;0.00000000;0.00000000;0.00000000;0.00000000;0.00000000;1.00000000;0.63000000;0.00000000;0.00000000;0.00000000;0.00000000;0.00000000;0.00000000;0.00000000;0.00000000;0.00000000;0.00000000;0.00000000;0.00000000;5.00000000;79.81000000;1.00000000;14.26000000;0.00000000;0.00000000;14.00000000;100.00000000;1;14.00000000;31795.00000000;24366.53910822;636.58656702;N;N
CLASSES - FIP;11.700.352/0001-76;FUNDO DE INVESTIMENTO EM PARTICIPAÇÕES PLURAL CAPITAL SPORTS I;2026-04-30;0.000000000000;;;;N;Investidores profissionais;31337704.51000000;31337704.51000000;31337704.51000000;364762.86075031;2825.52000000;0.00000000;4.00000000;61.31000000;0.00000000;0.00000000;0.00000000;0.00000000;0.00000000;0.00000000;0.00000000;0.00000000;0.00000000;0.00000000;0.00000000;0.00000000;0.00000000;0.00000000;0.00000000;0.00000000;0.00000000;0.00000000;0.00000000;0.00000000;0.00000000;0.00000000;3.00000000;38.69000000;0.00000000;0.00000000;0.00000000;0.00000000;7.00000000;100.00000000;1;7.00000000;31337704.51000000;364762.86075031;0.00000001;N;N
CLASSES - FIP;11.700.352/0001-76;FUNDO DE INVESTIMENTO EM PARTICIPAÇÕES PLURAL CAPITAL SPORTS I;2026-08-31;0.000000000000;;;;N;Investidores profissionais;31337704.51000000;31337704.51000000;31337704.51000000;364762.86075031;2825.52000000;0.00000000;4.00000000;61.31000000;0.00000000;0.00000000;0.00000000;0.00000000;0.00000000;0.00000000;0.00000000;0.00000000;0.00000000;0.00000000;0.00000000;0.00000000;0.00000000;0.00000000;0.00000000;0.00000000;0.00000000;0.00000000;0.00000000;0.00000000;0.00000000;0.00000000;3.00000000;38.69000000;0.00000000;0.00000000;0.00000000;0.00000000;7.00000000;100.00000000;1;7.00000000;31337704.51000000;364762.86075031;0.00000001;N;N
CLASSES - FIP;11.709.823/0001-07;APX BRAZIL FUNDO DE INVESTIMENTO EM PARTICIPAÇÕES MULTIESTRATÉGIA;2026-04-30;1723364481.580000000000;;;;S;Investidores qualificados;3000141490.00000000;3000.14149000;3000141490.00000000;1230.88763000;1230887640.42000000;0.00000000;0.00000000;0.00000000;0.00000000;0.00000000;0.00000000;0.00000000;0.00000000;0.00000000;0.00000000;0.00000000;7.00000000;100.00000000;0.00000000;0.00000000;0.00000000;0.00000000;0.00000000;0.00000000;0.00000000;0.00000000;0.00000000;0.00000000;0.00000000;0.00000000;0.00000000;0.00000000;0.00000000;0.00000000;0.00000000;0.00000000;7.00000000;100.00000000;1;7.00000000;3000.14149000;1230.88763000;1400098.95263957;N;N
CLASSES - FIP;11.709.823/0001-07;APX BRAZIL FUNDO DE INVESTIMENTO EM PARTICIPAÇÕES MULTIESTRATÉGIA;2026-08-31;860971416.910000000000;;;;S;Investidores qualificados;3000141490.00000000;3000.14149000;3000141490.00000000;1230.88763000;1230887640.42000000;0.00000000;0.00000000;0.00000000;0.00000000;0.00000000;0.00000000;0.00000000;0.00000000;0.00000000;0.00000000;0.00000000;7.00000000;100.00000000;0.00000000;0.00000000;0.00000000;0.00000000;0.00000000;0.00000000;0.00000000;0.00000000;0.00000000;0.00000000;0.00000000;0.00000000;0.00000000;0.00000000;0.00000000;0.00000000;0.00000000;0.00000000;7.00000000;100.00000000;1;7.00000000;3000.14149000;1230.88763000;699471.98747135;N;N
CLASSES - FIP;11.720.606/0001-18;PROSPERITAS III REAL ESTATE FUNDO DE INVESTIMENTO EM PARTICIPAÇÕES;2026-04-30;3747560.100000000000;;;;S;Investidores profissionais;1262700000.00000000;558359.36343112;1262700000.00000000;558359.36343112;1256669206.19000000;0.00000000;0.00000000;0.00000000;0.00000000;0.00000000;0.00000000;0.00000000;0.00000000;0.00000000;0.00000000;0.00000000;3.00000000;100.00000000;0.00000000;0.00000000;0.00000000;0.00000000;0.00000000;0.00000000;0.00000000;0.00000000;0.00000000;0.00000000;0.00000000;0.00000000;0.00000000;0.00000000;0.00000000;0.00000000;0.00000000;0.00000000;3.00000000;100.00000000;1;3.00000000;558359.36343112;558359.36343112;6.71173503;N;N
CLASSES - FIP;11.720.606/0001-18;PROSPERITAS III REAL ESTATE FUNDO DE INVESTIMENTO EM PARTICIPAÇÕES;2026-08-31;3721439.690000000000;;;;S;Investidores profissionais;1262700000.00000000;558359.36343112;1262700000.00000000;558359.36343112;1244935937.15000000;0.00000000;0.00000000;0.00000000;0.00000000;0.00000000;0.00000000;0.00000000;0.00000000;0.00000000;0.00000000;0.00000000;3.00000000;100.00000000;0.00000000;0.00000000;0.00000000;0.00000000;0.00000000;0.00000000;0.00000000;0.00000000;0.00000000;0.00000000;0.00000000;0.00000000;0.00000000;0.00000000;0.00000000;0.00000000;0.00000000;0.00000000;3.00000000;100.00000000;1;3.00000000;558359.36343112;558359.36343112;6.66495438;N;N
CLASSES - FIP;11.760.191/0001-06;FUNDO BRASIL DE INTERNACIONALIZAÇÃO DE EMPRESAS FIP MULTIESTRATÉGIA;2026-04-30;36077984.930000000000;;;;S;Investidores qualificados;360000000.00000000;360000.00000000;360000000.00000000;348071.50299000;348071502.99000000;0.00000000;0.00000000;0.00000000;1.00000000;0.25000000;0.00000000;0.00000000;0.00000000;0.00000000;1.00000000;24.44444444;1.00000000;8.09388889;0.00000000;0.00000000;1.00000000;3.00000000;0.00000000;0.00000000;0.00000000;0.00000000;0.00000000;0.00000000;0.00000000;0.00000000;10.00000000;64.21166667;0.00000000;0.00000000;0.00000000;0.00000000;14.00000000;100.00000000;1;14.00000000;360000.00000000;348071.50299000;103.65107347;N;N
CLASSES - FIP;11.760.191/0001-06;FUNDO BRASIL DE INTERNACIONALIZAÇÃO DE EMPRESAS FIP MULTIESTRATÉGIA;2026-08-31;16459940.660000000000;;;;S;Investidores qualificados;360000000.00000000;360000.00000000;360000000.00000000;348071.50299000;348071502.99000000;0.00000000;0.00000000;0.00000000;1.00000000;0.25000000;0.00000000;0.00000000;0.00000000;0.00000000;1.00000000;24.44444444;1.00000000;8.09388889;0.00000000;0.00000000;1.00000000;3.00000000;0.00000000;0.00000000;0.00000000;0.00000000;0.00000000;0.00000000;0.00000000;0.00000000;10.00000000;64.21166667;0.00000000;0.00000000;0.00000000;0.00000000;14.00000000;100.00000000;1;14.00000000;360000.00000000;348071.50299000;47.28896367;N;N
CLASSES - FIP;11.839.577/0001-08;IDEE FIP - Multiestratégia;2026-04-30;256403593.290000000000;;;;S;Investidores qualificados;91626954.13000000;126825.41813001;91626954.13000000;126825.41813001;100458662.91000000;0.00000000;1.00000000;100.00000000;0.00000000;0.00000000;0.00000000;0.00000000;0.00000000;0.00000000;0.00000000;0.00000000;0.00000000;0.00000000;0.00000000;0.00000000;0.00000000;0.00000000;0.00000000;0.00000000;0.00000000;0.00000000;0.00000000;0.00000000;0.00000000;0.00000000;0.00000000;0.00000000;0.00000000;0.00000000;0.00000000;0.00000000;1.00000000;100.00000000;1;1.00000000;126825.41813001;126825.41813001;2055.56338495;N;N
CLASSES - FIP;11.839.577/0001-08;IDEE FIP - Multiestratégia;2026-08-31;252311046.850000000000;;;;S;Investidores qualificados;91626954.13000000;126825.41813001;91626954.13000000;126825.41813001;100458662.91000000;0.00000000;1.00000000;100.00000000;0.00000000;0.00000000;0.00000000;0.00000000;0.00000000;0.00000000;0.00000000;0.00000000;0.00000000;0.00000000;0.00000000;0.00000000;0.00000000;0.00000000;0.00000000;0.00000000;0.00000000;0.00000000;0.00000000;0.00000000;0.00000000;0.00000000;0.00000000;0.00000000;0.00000000;0.00000000;0.00000000;0.00000000;1.00000000;100.00000000;1;1.00000000;126825.41813001;126825.41813001;2066.12638821;N;N
CLASSES - FIP;11.874.821/0001-73;IBEX FUNDO DE INVESTIMENTO EM PARTICIPAÇÕES MULTIESTRATÉGIA INVESTIMENTO NO EXTERIOR;2026-04-30;182352728.020000000000;;;;N;Investidores profissionais;514257625.34000000;0.00000000;514257625.34000000;484907623.60952700;650000.00000000;0.00000000;0.00000000;0.00000000;0.00000000;0.00000000;0.00000000;0.00000000;0.00000000;0.00000000;0.00000000;0.00000000;0.00000000;0.00000000;0.00000000;0.00000000;0.00000000;0.00000000;0.00000000;0.00000000;0.00000000;0.00000000;0.00000000;0.00000000;0.00000000;0.00000000;1.00000000;100.00000000;0.00000000;0.00000000;0.00000000;0.00000000;1.00000000;100.00000000;1;1.00000000;0.00000000;484907623.60952700;0.37605663;N;N
CLASSES - FIP;11.874.821/0001-73;IBEX FUNDO DE INVESTIMENTO EM PARTICIPAÇÕES MULTIESTRATÉGIA INVESTIMENTO NO EXTERIOR;2026-08-31;182332704.160000000000;;;;N;Investidores profissionais;514257625.34000000;0.00000000;514257625.34000000;484907623.60952700;650000.00000000;0.00000000;0.00000000;0.00000000;0.00000000;0.00000000;0.00000000;0.00000000;0.00000000;0.00000000;0.00000000;0.00000000;0.00000000;0.00000000;0.00000000;0.00000000;0.00000000;0.00000000;0.00000000;0.00000000;0.00000000;0.00000000;0.00000000;0.00000000;0.00000000;0.00000000;1.00000000;100.00000000;0.00000000;0.00000000;0.00000000;0.00000000;1.00000000;100.00000000;1;1.00000000;0.00000000;484907623.60952700;0.37601534;N;N
CLASSES - FIP;11.938.926/0001-49;BTG PACTUAL PRINCIPAL INVESTMENTS FI EM PARTICIPAÇÕES MULTIESTRATÉGIA RESPONSABILIDADE LIMITADA;2026-04-30;15224.110000000000;;;;S;Investidores qualificados;0.00000000;0.00000000;0.00000000;2294935337.46946000;969540521.20070000;0.00000000;0.00000000;0.00000000;0.00000000;0.00000000;0.00000000;0.00000000;0.00000000;0.00000000;0.00000000;0.00000000;3.00000000;67.97000000;0.00000000;0.00000000;0.00000000;0.00000000;0.00000000;0.00000000;0.00000000;0.00000000;0.00000000;0.00000000;0.00000000;0.00000000;2.00000000;32.03000000;0.00000000;0.00000000;0.00000000;0.00000000;0.00000000;100.00000000;1;5.00000000;2472693697.94860000;2294935337.46946000;0.00000663;N;N
CLASSES - FIP;11.938.926/0001-49;BTG PACTUAL PRINCIPAL INVESTMENTS FI EM PARTICIPAÇÕES MULTIESTRATÉGIA RESPONSABILIDADE LIMITADA;2026-08-31;23854.020000000000;;;;S;Investidores qualificados;0.00000000;0.00000000;0.00000000;2294935337.46946000;969540521.20070000;0.00000000;0.00000000;0.00000000;0.00000000;0.00000000;0.00000000;0.00000000;0.00000000;0.00000000;0.00000000;0.00000000;0.00000000;0.00000000;0.00000000;0.00000000;0.00000000;0.00000000;0.00000000;0.00000000;0.00000000;0.00000000;0.00000000;0.00000000;0.00000000;0.00000000;0.00000000;0.00000000;0.00000000;0.00000000;0.00000000;0.00000000;0.00000000;100.00000000;1;0.00000000;0.00000000;2294935337.46946000;0.00001039;N;N
CLASSES - FIP;11.938.979/0001-60;G5 LABEL - FUNDO DE INVESTIMENTO EM PARTICIPAÇÕES EMPRESAS EMERGENTES;2026-04-30;199301057.690000000000;;;;S;Investidores qualificados;15000000.00000000;15000.00000000;15000000.00000000;12752.32604263;13347443.33000000;2361664.58000000;0.00000000;0.00000000;0.00000000;0.00000000;0.00000000;0.00000000;0.00000000;0.00000000;0.00000000;0.00000000;0.00000000;0.00000000;0.00000000;0.00000000;0.00000000;0.00000000;0.00000000;0.00000000;0.00000000;0.00000000;0.00000000;0.00000000;0.00000000;0.00000000;1.00000000;100.00000000;0.00000000;0.00000000;0.00000000;0.00000000;1.00000000;100.00000000;UNICA;1.00000000;15000.00000000;12752.32604263;15628.60430511;N;N
CLASSES - FIP;11.938.979/0001-60;G5 LABEL - FUNDO DE INVESTIMENTO EM PARTICIPAÇÕES EMPRESAS EMERGENTES;2026-08-31;199303798.790000000000;;;;S;Investidores qualificados;15000000.00000000;15000.00000000;15000000.00000000;12764.61665511;13539443.33000000;2371755.57000000;0.00000000;0.00000000;0.00000000;0.00000000;0.00000000;0.00000000;0.00000000;0.00000000;0.00000000;0.00000000;0.00000000;0.00000000;0.00000000;0.00000000;0.00000000;0.00000000;0.00000000;0.00000000;0.00000000;0.00000000;0.00000000;0.00000000;0.00000000;0.00000000;1.00000000;100.00000000;0.00000000;0.00000000;0.00000000;0.00000000;1.00000000;100.00000000;UNICA;1.00000000;15000.00000000;12764.61665511;15613.77079900;N;N
CLASSES - FIP;11.939.047/0001-31;GIF RUMO FIP MULTIESTRATÉGIA;2026-04-30;715570.340000000000;;;;S;Investidores qualificados;700000000.00000000;700000.00000000;700000000.00000000;201299.00001000;201299000.01000000;0.00000000;11.00000000;2.36000000;1.00000000;2.05000000;0.00000000;0.00000000;0.00000000;0.00000000;0.00000000;0.00000000;5.00000000;89.69000000;1.00000000;4.60000000;0.00000000;0.00000000;0.00000000;0.00000000;0.00000000;0.00000000;0.00000000;0.00000000;0.00000000;0.00000000;6.00000000;1.30000000;0.00000000;0.00000000;0.00000000;0.00000000;24.00000000;100.00000000;1;24.00000000;700000.00000000;201299.00001000;3.55476300;N;N
CLASSES - FIP;11.939.047/0001-31;GIF RUMO FIP MULTIESTRATÉGIA;2026-08-31;717227.150000000000;;;;S;Investidores qualificados;700000000.89000000;700000.00088000;700000000.89000000;201298.99971810;201298999.72000000;0.00000000;11.00000000;2.36000000;1.00000000;2.05000000;0.00000000;0.00000000;0.00000000;0.00000000;0.00000000;0.00000000;5.00000000;89.69000000;1.00000000;4.60000000;0.00000000;0.00000000;0.00000000;0.00000000;0.00000000;0.00000000;0.00000000;0.00000000;0.00000000;0.00000000;6.00000000;1.30000000;0.00000000;0.00000000;0.00000000;0.00000000;24.00000000;100.00000000;1;24.00000000;700000.00088000;201298.99971810;3.56299400;N;N
CLASSES - FIP;11.998.505/0001-03;BTG PACTUAL PRINCIPAL INVESTMENTS FI EM COTAS DE FUNDO DE INVESTIMENTO PARTICIPAÇÕES;2026-04-30;26.670000000000;;;;S;Investidores qualificados;0.00000000;0.00000000;63000.00000000;266647958.01763640;78235.49630000;1952.86630000;0.00000000;0.00000000;0.00000000;0.00000000;0.00000000;0.00000000;0.00000000;0.00000000;0.00000000;0.00000000;0.00000000;0.00000000;0.00000000;0.00000000;0.00000000;0.00000000;0.00000000;0.00000000;0.00000000;0.00000000;0.00000000;0.00000000;0.00000000;0.00000000;0.00000000;0.00000000;0.00000000;0.00000000;0.00000000;0.00000000;0.00000000;100.00000000;1;0.00000000;0.00000000;266647958.01763600;0.00000010;N;N
CLASSES - FIP;11.998.505/0001-03;BTG PACTUAL PRINCIPAL INVESTMENTS FI EM COTAS DE FUNDO DE INVESTIMENTO PARTICIPAÇÕES;2026-08-31;26.670000000000;;;;S;Investidores qualificados;0.00000000;0.00000000;63000.00000000;266647958.01763640;78235.49630000;3060.37420000;0.00000000;0.00000000;0.00000000;0.00000000;0.00000000;0.00000000;0.00000000;0.00000000;0.00000000;0.00000000;0.00000000;0.00000000;0.00000000;0.00000000;0.00000000;0.00000000;0.00000000;0.00000000;0.00000000;0.00000000;0.00000000;0.00000000;0.00000000;0.00000000;0.00000000;0.00000000;0.00000000;0.00000000;0.00000000;0.00000000;0.00000000;100.00000000;1;0.00000000;0.00000000;266647958.01763600;0.00000010;N;N
CLASSES - FIP;12.126.714/0001-20;MSP FUNDO DE INVESTIMENTO EM PARTICIPAÇÕES - MULTIESTRATÉGIA;2026-04-30;517319686.370000000000;;;;S;Investidores profissionais;337088271.24000000;129040.42232716;337088271.24000000;129040.42232716;105475495.15000000;6338340.40000000;3.00000000;100.00000000;0.00000000;0.00000000;0.00000000;0.00000000;0.00000000;0.00000000;0.00000000;0.00000000;0.00000000;0.00000000;0.00000000;0.00000000;0.00000000;0.00000000;0.00000000;0.00000000;0.00000000;0.00000000;0.00000000;0.00000000;0.00000000;0.00000000;0.00000000;0.00000000;0.00000000;0.00000000;0.00000000;0.00000000;3.00000000;100.00000000;1;3.00000000;129040.42232716;129076.03828238;4008.97390941;N;N
CLASSES - FIP;12.126.714/0001-20;MSP FUNDO DE INVESTIMENTO EM PARTICIPAÇÕES - MULTIESTRATÉGIA;2026-08-31;611500752.000000000000;;;;S;Investidores profissionais;337088271.24000000;129040.42232716;337088271.24000000;129040.42232716;105475495.15000000;6338340.40000000;3.00000000;100.00000000;0.00000000;0.00000000;0.00000000;0.00000000;0.00000000;0.00000000;0.00000000;0.00000000;0.00000000;0.00000000;0.00000000;0.00000000;0.00000000;0.00000000;0.00000000;0.00000000;0.00000000;0.00000000;0.00000000;0.00000000;0.00000000;0.00000000;0.00000000;0.00000000;0.00000000;0.00000000;0.00000000;0.00000000;3.00000000;100.00000000;1;3.00000000;129040.42232716;129076.03828238;4738.83098777;N;N
CLASSES - FIP;12.228.085/0001-49;BTG PACTUAL PRINCIPAL INVESTMENTS 2 FI EM COTAS DE FI PARTICIPAÇÕES MULTIESTRATÉGIA RESP LIMITADA;2026-04-30;27.310000000000;;;;S;Investidores qualificados;0.00000000;0.00000000;544793.19000000;400707755.13409750;167121.79000000;2920.73410000;0.00000000;0.00000000;0.00000000;0.00000000;0.00000000;0.00000000;0.00000000;0.00000000;0.00000000;0.00000000;0.00000000;0.00000000;0.00000000;0.00000000;0.00000000;0.00000000;0.00000000;0.00000000;0.00000000;0.00000000;0.00000000;0.00000000;0.00000000;0.00000000;0.00000000;0.00000000;0.00000000;0.00000000;0.00000000;0.00000000;0.00000000;100.00000000;1;0.00000000;0.00000000;400707755.13409800;0.00000007;N;N
CLASSES - FIP;12.228.085/0001-49;BTG PACTUAL PRINCIPAL INVESTMENTS 2 FI EM COTAS DE FI PARTICIPAÇÕES MULTIESTRATÉGIA RESP LIMITADA;2026-08-31;27.310000000000;;;;S;Investidores qualificados;0.00000000;0.00000000;544793.19000000;400707755.13409750;167121.79000000;4577.13830000;0.00000000;0.00000000;0.00000000;0.00000000;0.00000000;0.00000000;0.00000000;0.00000000;0.00000000;0.00000000;0.00000000;0.00000000;0.00000000;0.00000000;0.00000000;0.00000000;0.00000000;0.00000000;0.00000000;0.00000000;0.00000000;0.00000000;0.00000000;0.00000000;0.00000000;0.00000000;0.00000000;0.00000000;0.00000000;0.00000000;0.00000000;100.00000000;1;0.00000000;0.00000000;400707755.13409800;0.00000007;N;N
CLASSES - FIP;12.231.743/0001-51;FUNDO DE INVESTIMENTO EM PARTICIPAÇÕES AUSTRO MULTISETORIAL;2026-04-30;15549137.830000000000;;;;S;Investidores qualificados;23349000.67000000;139551.19988636;67279970.49000000;139551.19988636;67279970.49000000;0.00000000;0.00000000;0.00000000;0.00000000;0.00000000;0.00000000;0.00000000;0.00000000;0.00000000;0.00000000;0.00000000;0.00000000;0.00000000;0.00000000;0.00000000;0.00000000;0.00000000;39.00000000;87.50000000;0.00000000;0.00000000;0.00000000;0.00000000;0.00000000;0.00000000;1.00000000;12.50000000;0.00000000;0.00000000;0.00000000;0.00000000;40.00000000;100.00000000;Unica;40.00000000;139551.19988636;139551.19988636;111.42245887;N;N
CLASSES - FIP;12.231.743/0001-51;FUNDO DE INVESTIMENTO EM PARTICIPAÇÕES AUSTRO MULTISETORIAL;2026-08-31;15462191.760000000000;;;;S;Investidores qualificados;23349000.67000000;139551.19988636;67279970.49000000;139551.19988636;67279970.49000000;0.00000000;0.00000000;0.00000000;0.00000000;0.00000000;0.00000000;0.00000000;0.00000000;0.00000000;0.00000000;0.00000000;0.00000000;0.00000000;0.00000000;0.00000000;0.00000000;0.00000000;39.00000000;87.50000000;0.00000000;0.00000000;0.00000000;0.00000000;0.00000000;0.00000000;1.00000000;12.50000000;0.00000000;0.00000000;0.00000000;0.00000000;40.00000000;100.00000000;Unica;40.00000000;139551.19988636;139551.19988636;110.79941822;N;N
CLASSES - FIP;12.288.012/0001-42;MCL FUNDO DE INVESTIMENTO EM PARTICIPACOES MULTIESTRATÉGIA;2026-04-30;1806150.230000000000;;;;N;Investidores qualificados;0.00000000;50181.84315000;50181387.58000000;50181.84315000;50181387.58000000;0.00000000;0.00000000;0.00000000;1.00000000;100.00000000;0.00000000;0.00000000;0.00000000;0.00000000;0.00000000;0.00000000;0.00000000;0.00000000;0.00000000;0.00000000;0.00000000;0.00000000;0.00000000;0.00000000;0.00000000;0.00000000;0.00000000;0.00000000;0.00000000;0.00000000;0.00000000;0.00000000;0.00000000;0.00000000;0.00000000;0.00000000;1.00000000;100.00000055;1;1.00000000;50181.84315000;50181.84315000;35.99210624;N;N
CLASSES - FIP;12.288.012/0001-42;MCL FUNDO DE INVESTIMENTO EM PARTICIPACOES MULTIESTRATÉGIA;2026-08-31;1759073.490000000000;;;;N;Investidores qualificados;0.00000000;50181.84315000;50181387.58000000;50181.84315000;50181387.58000000;0.00000000;0.00000000;0.00000000;1.00000000;100.00000000;0.00000000;0.00000000;0.00000000;0.00000000;0.00000000;0.00000000;0.00000000;0.00000000;0.00000000;0.00000000;0.00000000;0.00000000;0.00000000;0.00000000;0.00000000;0.00000000;0.00000000;0.00000000;0.00000000;0.00000000;0.00000000;0.00000000;0.00000000;0.00000000;0.00000000;0.00000000;1.00000000;100.00000000;1;1.00000000;50181.84315000;50181.84315000;35.05398326;N;N
CLASSES - FIP;12.304.328/0001-80;BRAZIL XXI FUNDO DE INVESTIMENTO EM PARTICIPAÇÕES MULTIESTRATÉGIA RESPONSABILIDADE LIMITADA;2026-04-30;244221089.480000000000;;;;N;Investidores qualificados;490000000.00000000;493231.66328600;493231.66323830;493231.66323830;493231.66000000;0.00000000;0.00000000;0.00000000;0.00000000;0.00000000;0.00000000;0.00000000;0.00000000;0.00000000;0.00000000;0.00000000;1.00000000;100.00000000;0.00000000;0.00000000;0.00000000;0.00000000;0.00000000;0.00000000;0.00000000;0.00000000;0.00000000;0.00000000;0.00000000;0.00000000;0.00000000;0.00000000;0.00000000;0.00000000;0.00000000;0.00000000;1.00000000;100.00000000;1;1.00000000;192715.83161930;192715.83161930;495.14479240;N;N
CLASSES - FIP;12.304.328/0001-80;BRAZIL XXI FUNDO DE INVESTIMENTO EM PARTICIPAÇÕES MULTIESTRATÉGIA RESPONSABILIDADE LIMITADA;2026-04-30;244221089.480000000000;;;;N;Investidores qualificados;490000000.00000000;493231.66328600;493231.66323830;493231.66323830;493231.66000000;0.00000000;0.00000000;0.00000000;0.00000000;0.00000000;0.00000000;0.00000000;0.00000000;0.00000000;0.00000000;0.00000000;1.00000000;100.00000000;0.00000000;0.00000000;0.00000000;0.00000000;0.00000000;0.00000000;0.00000000;0.00000000;0.00000000;0.00000000;0.00000000;0.00000000;0.00000000;0.00000000;0.00000000;0.00000000;0.00000000;0.00000000;1.00000000;100.00000000;2;1.00000000;300515.83161900;300515.83161900;495.14479240;N;N
CLASSES - FIP;12.304.328/0001-80;BRAZIL XXI FUNDO DE INVESTIMENTO EM PARTICIPAÇÕES MULTIESTRATÉGIA RESPONSABILIDADE LIMITADA;2026-08-31;231487685.350000000000;;;;N;Investidores qualificados;490000000.00000000;493231.66328600;493231.66323830;493231.66323830;493231.66000000;0.00000000;0.00000000;0.00000000;0.00000000;0.00000000;0.00000000;0.00000000;0.00000000;0.00000000;0.00000000;0.00000000;1.00000000;100.00000000;0.00000000;0.00000000;0.00000000;0.00000000;0.00000000;0.00000000;0.00000000;0.00000000;0.00000000;0.00000000;0.00000000;0.00000000;0.00000000;0.00000000;0.00000000;0.00000000;0.00000000;0.00000000;1.00000000;100.00000000;1;1.00000000;192715.83161930;192715.83161930;469.32851760;N;N
CLASSES - FIP;12.304.328/0001-80;BRAZIL XXI FUNDO DE INVESTIMENTO EM PARTICIPAÇÕES MULTIESTRATÉGIA RESPONSABILIDADE LIMITADA;2026-08-31;231487685.350000000000;;;;N;Investidores qualificados;490000000.00000000;493231.66328600;493231.66323830;493231.66323830;493231.66000000;0.00000000;0.00000000;0.00000000;0.00000000;0.00000000;0.00000000;0.00000000;0.00000000;0.00000000;0.00000000;0.00000000;1.00000000;100.00000000;0.00000000;0.00000000;0.00000000;0.00000000;0.00000000;0.00000000;0.00000000;0.00000000;0.00000000;0.00000000;0.00000000;0.00000000;0.00000000;0.00000000;0.00000000;0.00000000;0.00000000;0.00000000;1.00000000;100.00000000;2;1.00000000;300515.83161900;300515.83161900;469.32851760;N;N
CLASSES - FIP;12.312.767/0001-35;BRASIL FLORESTAL FUNDO DE  INVESTIMENTO EM PARTICIPAÇÕES MULTIESTRATÉGIA - EM LIQUIDAÇÃO;2026-08-31;125621369.140000000000;;;;S;Investidores qualificados;176869564.81000000;182.58515117;176869564.81000000;182.58515117;176869564.81000000;0.00000000;0.00000000;0.00000000;0.00000000;0.00000000;0.00000000;0.00000000;0.00000000;0.00000000;0.00000000;0.00000000;0.00000000;0.00000000;0.00000000;0.00000000;4.00000000;22.73000000;16.00000000;48.85000000;0.00000000;0.00000000;0.00000000;0.00000000;0.00000000;0.00000000;1.00000000;20.78000000;0.00000000;0.00000000;1.00000000;7.64000000;22.00000000;100.00000000;1;22.00000000;182.58515117;182.58515117;688015.25389672;N;N
CLASSES - FIP;12.353.723/0001-53;ETB FIP - MULTIESTRATEGIA;2026-04-30;50048356.750000000000;;;;N;Investidores qualificados;525781125.56000000;4140499.91057250;525781125.56000000;4140499.91057250;525781125.56000000;0.00000000;0.00000000;0.00000000;1.00000000;29.81000000;0.00000000;0.00000000;0.00000000;0.00000000;0.00000000;0.00000000;0.00000000;0.00000000;0.00000000;0.00000000;0.00000000;0.00000000;3.00000000;23.21000000;0.00000000;0.00000000;0.00000000;0.00000000;0.00000000;0.00000000;1.00000000;46.98000000;0.00000000;0.00000000;0.00000000;0.00000000;5.00000000;100.00000000;UNICA;5.00000000;4140499.91057250;4140499.91057250;12.08751548;N;N
CLASSES - FIP;12.353.723/0001-53;ETB FIP - MULTIESTRATEGIA;2026-08-31;50986546.360000000000;;;;N;Investidores qualificados;525781125.56000000;4140499.91057250;525781125.56000000;4140499.91057250;525781125.56000000;0.00000000;0.00000000;0.00000000;1.00000000;29.81000000;0.00000000;0.00000000;0.00000000;0.00000000;0.00000000;0.00000000;0.00000000;0.00000000;0.00000000;0.00000000;0.00000000;0.00000000;3.00000000;23.21000000;0.00000000;0.00000000;0.00000000;0.00000000;0.00000000;0.00000000;1.00000000;46.98000000;0.00000000;0.00000000;0.00000000;0.00000000;5.00000000;100.00000000;unica;5.00000000;4140499.91057250;4140499.91057250;12.31410396;N;N
CLASSES - FIP;12.412.232/0001-36;FUNDO DE INVESTIMENTO EM PARTICIPAÇÕES AMAZON - MULTIESTRATÉGIA;2026-04-30;33674553.590000000000;;;;N;Investidores qualificados;156681675.51000000;184368.88545925;156681675.51000000;184368.88545925;156681675.51000000;0.00000000;1.00000000;98.27000000;0.00000000;0.00000000;0.00000000;0.00000000;0.00000000;0.00000000;0.00000000;0.00000000;0.00000000;0.00000000;0.00000000;0.00000000;0.00000000;0.00000000;0.00000000;0.00000000;0.00000000;0.00000000;0.00000000;0.00000000;0.00000000;0.00000000;1.00000000;1.73000000;0.00000000;0.00000000;0.00000000;0.00000000;2.00000000;100.00000000;1;2.00000000;184368.88545925;184368.88545925;182.64770384;N;N
CLASSES - FIP;12.412.232/0001-36;FUNDO DE INVESTIMENTO EM PARTICIPAÇÕES AMAZON - MULTIESTRATÉGIA;2026-08-31;32688091.710000000000;;;;N;Investidores qualificados;156582241.16000000;184563.03745925;156582241.16000000;184563.03745925;155094709.58000000;0.00000000;1.00000000;100.00000000;0.00000000;0.00000000;0.00000000;0.00000000;0.00000000;0.00000000;0.00000000;0.00000000;0.00000000;0.00000000;0.00000000;0.00000000;0.00000000;0.00000000;0.00000000;0.00000000;0.00000000;0.00000000;0.00000000;0.00000000;0.00000000;0.00000000;0.00000000;0.00000000;0.00000000;0.00000000;0.00000000;0.00000000;1.00000000;100.00000000;1;1.00000000;184563.03745925;184563.03745925;177.11071599;N;N
CLASSES - FIP;12.440.961/0001-04;FUNDO DE INVESTIMENTO EM PARTICIPAÇÕES BRASIL DE PRIVATE EQUITY MULTIESTRATÉGIA - EM  LIQUIDAÇÃO;2026-04-30;142653.010000000000;;;;S;Investidores qualificados;578840605.00000000;578840605.00000000;578840605.00000000;558472885.20000000;5599621.08000000;0.00000000;0.00000000;0.00000000;0.00000000;0.00000000;0.00000000;0.00000000;0.00000000;0.00000000;0.00000000;0.00000000;3.00000000;100.00000000;0.00000000;0.00000000;0.00000000;0.00000000;0.00000000;0.00000000;0.00000000;0.00000000;0.00000000;0.00000000;0.00000000;0.00000000;0.00000000;0.00000000;0.00000000;0.00000000;0.00000000;0.00000000;3.00000000;100.00000000;1;3.00000000;578840605.00000000;558472885.20000000;0.00025543;N;N
CLASSES - FIP;12.440.961/0001-04;FUNDO DE INVESTIMENTO EM PARTICIPAÇÕES BRASIL DE PRIVATE EQUITY MULTIESTRATÉGIA - EM  LIQUIDAÇÃO;2026-08-31;142424.650000000000;;;;S;Investidores qualificados;578840605.00000000;578840605.00000000;578840605.00000000;558472885.20000000;5599621.08000000;0.00000000;0.00000000;0.00000000;0.00000000;0.00000000;0.00000000;0.00000000;0.00000000;0.00000000;0.00000000;0.00000000;3.00000000;100.00000000;0.00000000;0.00000000;0.00000000;0.00000000;0.00000000;0.00000000;0.00000000;0.00000000;0.00000000;0.00000000;0.00000000;0.00000000;0.00000000;0.00000000;0.00000000;0.00000000;0.00000000;0.00000000;3.00000000;100.00000000;1;3.00000000;578840605.00000000;558472885.20000000;0.00025502;N;N
CLASSES - FIP;12.446.103/0001-69;FUNDO DE INVESTIMENTO EM PARTICIPACOES MULTIESTRATÉGIA RG ESTALEIROS;2026-04-30;46611.270000000000;;;;N;Investidores qualificados;0.00000000;564400000.00000000;0.00000000;564400000.00000000;564400000.00000000;0.00000000;0.00000000;0.00000000;1.00000000;75.00000000;0.00000000;0.00000000;0.00000000;0.00000000;0.00000000;0.00000000;0.00000000;0.00000000;0.00000000;0.00000000;2.00000000;25.00000000;0.00000000;0.00000000;0.00000000;0.00000000;0.00000000;0.00000000;0.00000000;0.00000000;0.00000000;0.00000000;0.00000000;0.00000000;0.00000000;0.00000000;2.00000000;100.00000000;1;3.00000000;564400000.00000000;564400000.00000000;0.00008259;N;N
CLASSES - FIP;12.446.103/0001-69;FUNDO DE INVESTIMENTO EM PARTICIPACOES MULTIESTRATÉGIA RG ESTALEIROS;2026-08-31;-53584.490000000000;;;;N;Investidores qualificados;0.00000000;564400000.00000000;0.00000000;564400000.00000000;564400000.00000000;0.00000000;0.00000000;0.00000000;1.00000000;75.00000000;0.00000000;0.00000000;0.00000000;0.00000000;0.00000000;0.00000000;0.00000000;0.00000000;0.00000000;0.00000000;2.00000000;25.00000000;0.00000000;0.00000000;0.00000000;0.00000000;0.00000000;0.00000000;0.00000000;0.00000000;0.00000000;0.00000000;0.00000000;0.00000000;0.00000000;0.00000000;2.00000000;100.00000000;1;3.00000000;564400000.00000000;564400000.00000000;-0.00009494;N;N
CLASSES - FIP;12.517.924/0001-49;Patria Infraestrutura Fundo de Investimentos em Quotas de Fundo de Investimento em Participações;2026-04-30;33048356.360000000000;;;;S;Investidores qualificados;65121014.41000000;69534.08813922;65121014.41000000;69534.08813922;65121014.41000000;31526133.12000000;2.00000000;6.44000000;0.00000000;0.00000000;0.00000000;0.00000000;0.00000000;0.00000000;0.00000000;0.00000000;0.00000000;0.00000000;0.00000000;0.00000000;6.00000000;71.88000000;0.00000000;0.00000000;0.00000000;0.00000000;0.00000000;0.00000000;0.00000000;0.00000000;3.00000000;21.68000000;0.00000000;0.00000000;0.00000000;0.00000000;11.00000000;100.00000000;1;11.00000000;69534.08813922;69534.08813922;475.28280364;N;N
CLASSES - FIP;12.517.924/0001-49;Patria Infraestrutura Fundo de Investimentos em Quotas de Fundo de Investimento em Participações;2026-08-31;37228070.500000000000;;;;S;Investidores qualificados;62874693.05000000;69534.08813922;62874693.05000000;69534.08813922;62874693.05000000;35682053.14000000;2.00000000;6.44000000;0.00000000;0.00000000;0.00000000;0.00000000;0.00000000;0.00000000;0.00000000;0.00000000;0.00000000;0.00000000;0.00000000;0.00000000;5.00000000;58.21000000;0.00000000;0.00000000;0.00000000;0.00000000;0.00000000;0.00000000;0.00000000;0.00000000;7.00000000;35.35000000;0.00000000;0.00000000;0.00000000;0.00000000;14.00000000;100.00000000;1;14.00000000;69534.08813922;69534.08813922;535.39309274;N;N
CLASSES - FIP;12.595.306/0001-17;BOTAFOGO FUNDO DE INVESTIMENTO EM PARTICIPAÇÕES MULTIESTRATÉGIA INVESTIMENTO NO EXTERIOR;2026-04-30;225517079.040000000000;;;;S;Investidores profissionais;223203938.11000000;535116.01000000;223203938.11000000;535116.01000000;223203938.11000000;0.00000000;3.00000000;93.14000000;0.00000000;0.00000000;0.00000000;0.00000000;0.00000000;0.00000000;0.00000000;0.00000000;0.00000000;0.00000000;0.00000000;0.00000000;0.00000000;0.00000000;0.00000000;0.00000000;0.00000000;0.00000000;0.00000000;0.00000000;0.00000000;0.00000000;2.00000000;6.86000000;0.00000000;0.00000000;0.00000000;0.00000000;5.00000000;100.00000000;1;5.00000000;535116.00792556;535116.00792560;421.43586760;N;N
CLASSES - FIP;12.595.306/0001-17;BOTAFOGO FUNDO DE INVESTIMENTO EM PARTICIPAÇÕES MULTIESTRATÉGIA INVESTIMENTO NO EXTERIOR;2026-08-31;225256679.640000000000;;;;S;Investidores profissionais;223110245.13000000;535116.00792550;223110245.13000000;535116.00792550;223110245.13000000;0.00000000;0.00000000;0.00000000;0.00000000;0.00000000;0.00000000;0.00000000;0.00000000;0.00000000;0.00000000;0.00000000;0.00000000;0.00000000;0.00000000;0.00000000;0.00000000;0.00000000;0.00000000;0.00000000;0.00000000;0.00000000;0.00000000;0.00000000;0.00000000;0.00000000;1.00000000;100.00000000;0.00000000;0.00000000;0.00000000;0.00000000;1.00000000;100.00000000;1;1.00000000;535116.00792550;535116.00792550;420.94924522;N;N
CLASSES - FIP;12.758.872/0001-00;VINCI CAPITAL PARTNERS II  FUNDO DE INVESTIMENTO EM COTAS DE FIP - RESP LIMITADA - EM LIQUIDAÇÃO;2026-04-30;615380733.200000000000;;;;S;Investidores qualificados;7859219.56000000;785921956.00000000;7859219.56000000;953284.86773020;0.00000000;613918206.41540000;0.00000000;0.00000000;0.00000000;0.00000000;0.00000000;0.00000000;0.00000000;0.00000000;0.00000000;0.00000000;0.00000000;0.00000000;0.00000000;0.00000000;0.00000000;0.00000000;0.00000000;0.00000000;0.00000000;0.00000000;0.00000000;0.00000000;0.00000000;0.00000000;1.00000000;100.00000000;0.00000000;0.00000000;0.00000000;0.00000000;1.00000000;100.00000000;1;1.00000000;785921956.00000000;953284.86773020;645.53708340;N;N
CLASSES - FIP;12.758.872/0001-00;VINCI CAPITAL PARTNERS II  FUNDO DE INVESTIMENTO EM COTAS DE FIP - RESP LIMITADA - EM LIQUIDAÇÃO;2026-08-31;615050718.060000000000;;;;S;Investidores qualificados;7859219.56000000;785921956.00000000;7859219.56000000;953284.86773020;0.00000000;613710436.00540000;0.00000000;0.00000000;0.00000000;0.00000000;0.00000000;0.00000000;0.00000000;0.00000000;0.00000000;0.00000000;0.00000000;0.00000000;0.00000000;0.00000000;0.00000000;0.00000000;0.00000000;0.00000000;0.00000000;0.00000000;0.00000000;0.00000000;0.00000000;0.00000000;1.00000000;100.00000000;0.00000000;0.00000000;0.00000000;0.00000000;1.00000000;100.00000000;1;1.00000000;785921956.00000000;953284.86773020;645.19089610;N;N
CLASSES - FIP;12.829.821/0001-14;FUNDO DE INVESTIMENTO EM PARTICIPAÇÕES BRASIL DE PRIVATE EQUITY II MULTIESTRATÉGIA - EM  LIQUIDAÇÃO;2026-04-30;77361.990000000000;;;;S;Investidores qualificados;39830145.00000000;39830145.00000000;39830145.00000000;39410951.57100000;1205891.94000000;0.00000000;0.00000000;0.00000000;0.00000000;0.00000000;0.00000000;0.00000000;0.00000000;0.00000000;0.00000000;0.00000000;3.00000000;100.00000000;0.00000000;0.00000000;0.00000000;0.00000000;0.00000000;0.00000000;0.00000000;0.00000000;0.00000000;0.00000000;0.00000000;0.00000000;0.00000000;0.00000000;0.00000000;0.00000000;0.00000000;0.00000000;3.00000000;100.00000000;1;3.00000000;39830145.00000000;39410951.57100000;0.00196295;N;N
CLASSES - FIP;12.829.821/0001-14;FUNDO DE INVESTIMENTO EM PARTICIPAÇÕES BRASIL DE PRIVATE EQUITY II MULTIESTRATÉGIA - EM  LIQUIDAÇÃO;2026-08-31;45288.230000000000;;;;S;Investidores qualificados;39830145.00000000;39830145.00000000;39830145.00000000;39410951.57100000;1205891.94000000;0.00000000;0.00000000;0.00000000;0.00000000;0.00000000;0.00000000;0.00000000;0.00000000;0.00000000;0.00000000;0.00000000;3.00000000;100.00000000;0.00000000;0.00000000;0.00000000;0.00000000;0.00000000;0.00000000;0.00000000;0.00000000;0.00000000;0.00000000;0.00000000;0.00000000;0.00000000;0.00000000;0.00000000;0.00000000;0.00000000;0.00000000;3.00000000;100.00000000;1;3.00000000;39830145.00000000;39410951.57100000;0.00114912;N;N
CLASSES - FIP;12.834.634/0001-29;FUNDO DE INVESTIMENTO EM PARTICIPAÇÕES BRASIL DE PRIVATE EQUITY III MULTIESTRATÉGIA - EM  LIQUIDAÇÃO;2026-04-30;47167.210000000000;;;;S;Investidores qualificados;56329251.00000000;56361662.80000000;56329251.00000000;56361662.80000000;1324998.01000000;0.00000000;0.00000000;0.00000000;0.00000000;0.00000000;0.00000000;0.00000000;0.00000000;0.00000000;0.00000000;0.00000000;3.00000000;100.00000000;0.00000000;0.00000000;0.00000000;0.00000000;0.00000000;0.00000000;0.00000000;0.00000000;0.00000000;0.00000000;0.00000000;0.00000000;0.00000000;0.00000000;0.00000000;0.00000000;0.00000000;0.00000000;3.00000000;100.00000000;1;3.00000000;56361662.80000000;56361662.80000000;0.00083686;N;N
CLASSES - FIP;12.834.634/0001-29;FUNDO DE INVESTIMENTO EM PARTICIPAÇÕES BRASIL DE PRIVATE EQUITY III MULTIESTRATÉGIA - EM  LIQUIDAÇÃO;2026-08-31;18160.670000000000;;;;S;Investidores qualificados;56329251.00000000;56361662.80000000;56329251.00000000;56361662.80000000;1324998.01000000;0.00000000;0.00000000;0.00000000;0.00000000;0.00000000;0.00000000;0.00000000;0.00000000;0.00000000;0.00000000;0.00000000;3.00000000;100.00000000;0.00000000;0.00000000;0.00000000;0.00000000;0.00000000;0.00000000;0.00000000;0.00000000;0.00000000;0.00000000;0.00000000;0.00000000;0.00000000;0.00000000;0.00000000;0.00000000;0.00000000;0.00000000;3.00000000;100.00000000;1;3.00000000;56361662.80000000;56361662.80000000;0.00032221;N;N
CLASSES - FIP;12.907.124/0001-34;FUNDO FINHEALTH I - FUNDO DE INVESTIMENTO EM PARTICIPAÇÕES EM EEI RESPONSABILIDADE LIMITADA;2026-04-30;158103962.830000000000;;;;S;Investidores qualificados;185540000.00000000;9277.00000000;185540000.00000000;9276.00000000;183760861.34000000;0.00000000;0.00000000;0.00000000;2.00000000;9.99000000;0.00000000;0.00000000;0.00000000;0.00000000;4.00000000;48.82000000;3.00000000;26.81000000;0.00000000;0.00000000;1.00000000;16.38000000;0.00000000;0.00000000;0.00000000;0.00000000;0.00000000;0.00000000;0.00000000;0.00000000;0.00000000;0.00000000;0.00000000;0.00000000;0.00000000;0.00000000;10.00000000;100.00000000;B;4.00000000;2652.00000000;2651.00000000;17044.41168931;N;N
CLASSES - FIP;12.907.124/0001-34;FUNDO FINHEALTH I - FUNDO DE INVESTIMENTO EM PARTICIPAÇÕES EM EEI RESPONSABILIDADE LIMITADA;2026-04-30;158103962.830000000000;;;;S;Investidores qualificados;185540000.00000000;9277.00000000;185540000.00000000;9276.00000000;183760861.34000000;0.00000000;0.00000000;0.00000000;2.00000000;9.99000000;0.00000000;0.00000000;0.00000000;0.00000000;4.00000000;48.82000000;3.00000000;26.81000000;0.00000000;0.00000000;1.00000000;16.38000000;0.00000000;0.00000000;0.00000000;0.00000000;0.00000000;0.00000000;0.00000000;0.00000000;0.00000000;0.00000000;0.00000000;0.00000000;0.00000000;0.00000000;10.00000000;100.00000000;A;6.00000000;6625.00000000;6625.00000000;17044.41168931;N;N
CLASSES - FIP;12.907.124/0001-34;FUNDO FINHEALTH I - FUNDO DE INVESTIMENTO EM PARTICIPAÇÕES EM EEI RESPONSABILIDADE LIMITADA;2026-08-31;157497354.890000000000;;;;S;Investidores qualificados;185540000.00000000;9277.00000000;185540000.00000000;9276.00000000;183760861.34000000;0.00000000;0.00000000;0.00000000;2.00000000;9.99000000;0.00000000;0.00000000;0.00000000;0.00000000;4.00000000;48.82000000;3.00000000;26.81000000;0.00000000;0.00000000;1.00000000;16.38000000;0.00000000;0.00000000;0.00000000;0.00000000;0.00000000;0.00000000;0.00000000;0.00000000;0.00000000;0.00000000;0.00000000;0.00000000;0.00000000;0.00000000;10.00000000;100.00000000;A;6.00000000;6625.00000000;6625.00000000;16079.01620671;N;N
CLASSES - FIP;12.907.124/0001-34;FUNDO FINHEALTH I - FUNDO DE INVESTIMENTO EM PARTICIPAÇÕES EM EEI RESPONSABILIDADE LIMITADA;2026-08-31;157497354.890000000000;;;;S;Investidores qualificados;185540000.00000000;9277.00000000;185540000.00000000;9276.00000000;183760861.34000000;0.00000000;0.00000000;0.00000000;2.00000000;9.99000000;0.00000000;0.00000000;0.00000000;0.00000000;4.00000000;48.82000000;3.00000000;26.81000000;0.00000000;0.00000000;1.00000000;16.38000000;0.00000000;0.00000000;0.00000000;0.00000000;0.00000000;0.00000000;0.00000000;0.00000000;0.00000000;0.00000000;0.00000000;0.00000000;0.00000000;0.00000000;10.00000000;100.00000000;B;4.00000000;2652.00000000;2651.00000000;16079.01620671;N;N
CLASSES - FIP;12.952.755/0001-75;KSM Realty I Fundo de Investimento em Participações Multiestratégia;2026-04-30;49149210.700000000000;;;;S;Investidores qualificados;77668.00000000;77668.00000000;60109670.83000000;77668.00000000;49149210.70000000;0.00000000;0.00000000;0.00000000;0.00000000;0.00000000;0.00000000;0.00000000;0.00000000;0.00000000;0.00000000;0.00000000;0.00000000;0.00000000;0.00000000;0.00000000;0.00000000;0.00000000;0.00000000;0.00000000;0.00000000;0.00000000;0.00000000;0.00000000;0.00000000;0.00000000;0.00000000;0.00000000;1.00000000;1.00000000;0.00000000;0.00000000;1.00000000;1.00000000;A;1.00000000;77668.00000000;77668.37598290;632.80852828;N;N
CLASSES - FIP;12.952.755/0001-75;KSM Realty I Fundo de Investimento em Participações Multiestratégia;2026-08-31;49109771.150000000000;;;;S;Investidores qualificados;77668.00000000;77668.00000000;60109670.83000000;77668.00000000;49109771.15000000;0.00000000;0.00000000;0.00000000;0.00000000;0.00000000;1.00000000;1.00000000;0.00000000;0.00000000;0.00000000;0.00000000;0.00000000;0.00000000;0.00000000;0.00000000;0.00000000;0.00000000;0.00000000;0.00000000;0.00000000;0.00000000;0.00000000;0.00000000;0.00000000;0.00000000;0.00000000;0.00000000;0.00000000;0.00000000;0.00000000;0.00000000;1.00000000;1.00000000;A;1.00000000;77668.00000000;77668.37598290;632.30073410;N;N
CLASSES - FIP;12.993.435/0001-63;FUNDO DE INVESTIMENTO EM PARTICIPAÇÕES MZO LOGÍSTICA  MULTIESTRATEGIA;2026-04-30;69470857.170000000000;;;;S;Investidores qualificados;64558443.66000000;55440.77930000;64558443.66000000;58209.83971100;63389888.29000000;0.00000000;0.00000000;0.00000000;0.00000000;0.00000000;0.00000000;0.00000000;0.00000000;0.00000000;0.00000000;0.00000000;0.00000000;0.00000000;0.00000000;0.00000000;0.00000000;0.00000000;0.00000000;0.00000000;0.00000000;0.00000000;0.00000000;0.00000000;0.00000000;0.00000000;8.00000000;51.50000000;0.00000000;0.00000000;9.00000000;48.50000000;17.00000000;100.00000000;1;17.00000000;55440.77930000;58209.83971100;1193.45556550;N;N
CLASSES - FIP;12.993.435/0001-63;FUNDO DE INVESTIMENTO EM PARTICIPAÇÕES MZO LOGÍSTICA  MULTIESTRATEGIA;2026-08-31;70354592.610000000000;;;;S;Investidores qualificados;64558443.66000000;55440.77930000;64558443.66000000;58209.83971100;63389888.29000000;0.00000000;0.00000000;0.00000000;0.00000000;0.00000000;0.00000000;0.00000000;0.00000000;0.00000000;0.00000000;0.00000000;0.00000000;0.00000000;0.00000000;0.00000000;0.00000000;0.00000000;0.00000000;0.00000000;0.00000000;0.00000000;0.00000000;0.00000000;0.00000000;0.00000000;8.00000000;51.50000000;0.00000000;0.00000000;9.00000000;48.50000000;17.00000000;100.00000000;1;17.00000000;55440.77930000;58209.83971100;1208.63745650;N;N
CLASSES - FIP;13.054.400/0001-21;FUNDO DE INVESTIMENTO EM PARTICIPAÇÕES BROPP 1 - MULTIESTRATÉGIA;2026-04-30;6786945.420000000000;;;;S;Investidores qualificados;26556423.44000000;25730.08000000;26556423.44000000;25730.08302310;26339843.57000000;0.00000000;2.00000000;55.61000000;2.00000000;9.66000000;0.00000000;0.00000000;0.00000000;0.00000000;0.00000000;0.00000000;0.00000000;0.00000000;0.00000000;0.00000000;0.00000000;0.00000000;0.00000000;0.00000000;0.00000000;0.00000000;0.00000000;0.00000000;0.00000000;0.00000000;2.00000000;34.73000000;0.00000000;0.00000000;0.00000000;0.00000000;6.00000000;100.00000000;1;6.00000000;25730.08302310;25730.08302310;263.77471902;N;N
CLASSES - FIP;13.054.400/0001-21;FUNDO DE INVESTIMENTO EM PARTICIPAÇÕES BROPP 1 - MULTIESTRATÉGIA;2026-08-31;6717252.090000000000;;;;S;Investidores qualificados;26556423.44000000;25730.08000000;26556423.44000000;25730.08302310;26339843.57000000;0.00000000;2.00000000;55.61000000;2.00000000;9.66000000;0.00000000;0.00000000;0.00000000;0.00000000;0.00000000;0.00000000;0.00000000;0.00000000;0.00000000;0.00000000;0.00000000;0.00000000;0.00000000;0.00000000;0.00000000;0.00000000;0.00000000;0.00000000;0.00000000;0.00000000;2.00000000;34.73000000;0.00000000;0.00000000;0.00000000;0.00000000;6.00000000;100.00000000;1;6.00000000;25730.08302310;25730.08302310;261.06608688;N;N
CLASSES - FIP;13.099.546/0001-93;GIF IV FUNDO DE INVESTIMENTO EM PARTICIPAÇÕES MULTIESTRATÉGIA;2026-04-30;332987085.370000000000;;;;S;Investidores qualificados;2810000000.00000000;2810000.00000000;2810000000.00000000;2745524.99911100;2745524999.11000000;0.00000000;0.00000000;0.00000000;0.00000000;0.00000000;0.00000000;0.00000000;0.00000000;0.00000000;0.00000000;0.00000000;6.00000000;91.60000000;0.00000000;0.00000000;0.00000000;0.00000000;0.00000000;0.00000000;0.00000000;0.00000000;0.00000000;0.00000000;0.00000000;0.00000000;3.00000000;8.40000000;0.00000000;0.00000000;0.00000000;0.00000000;9.00000000;100.00000000;1;9.00000000;2810000.00000000;2745524.99911100;121.28357400;N;N
CLASSES - FIP;13.099.546/0001-93;GIF IV FUNDO DE INVESTIMENTO EM PARTICIPAÇÕES MULTIESTRATÉGIA;2026-08-31;347279569.640000000000;;;;S;Investidores qualificados;2810000000.02000000;2810000.00000000;2810000000.02000000;2742524.99911100;2742524999.11000000;0.00000000;0.00000000;0.00000000;0.00000000;0.00000000;0.00000000;0.00000000;0.00000000;0.00000000;0.00000000;0.00000000;6.00000000;91.60000000;0.00000000;0.00000000;0.00000000;0.00000000;0.00000000;0.00000000;0.00000000;0.00000000;0.00000000;0.00000000;0.00000000;0.00000000;3.00000000;8.40000000;0.00000000;0.00000000;0.00000000;0.00000000;9.00000000;100.00000000;1;9.00000000;2810000.00000000;2742524.99911100;126.48931200;N;N
CLASSES - FIP;13.235.469/0001-51;TREECORP FUNDO DE INVESTIMENTO EM PARTICIPAÇÕES I MULTIESTRATÉGIA;2026-04-30;28219675.040000000000;;;;S;Investidores profissionais;43105264.99000000;43105.26000000;43105264.99000000;56696.07000000;36723881.42000000;28286596.15000000;11.00000000;0.32000000;1.00000000;0.06000000;0.00000000;0.00000000;0.00000000;0.00000000;0.00000000;0.00000000;0.00000000;0.00000000;0.00000000;0.00000000;0.00000000;0.00000000;0.00000000;0.00000000;0.00000000;0.00000000;0.00000000;0.00000000;0.00000000;0.00000000;2.00000000;0.62000000;0.00000000;0.00000000;0.00000000;0.00000000;14.00000000;1.00000000;1;11.00000000;19700.29000000;20867.35000000;525.00000000;N;N
CLASSES - FIP;13.235.469/0001-51;TREECORP FUNDO DE INVESTIMENTO EM PARTICIPAÇÕES I MULTIESTRATÉGIA;2026-04-30;28219675.040000000000;;;;S;Investidores profissionais;43105264.99000000;43105.26000000;43105264.99000000;56696.07000000;36723881.42000000;28286596.15000000;11.00000000;0.32000000;1.00000000;0.06000000;0.00000000;0.00000000;0.00000000;0.00000000;0.00000000;0.00000000;0.00000000;0.00000000;0.00000000;0.00000000;0.00000000;0.00000000;0.00000000;0.00000000;0.00000000;0.00000000;0.00000000;0.00000000;0.00000000;0.00000000;2.00000000;0.62000000;0.00000000;0.00000000;0.00000000;0.00000000;14.00000000;1.00000000;2;3.00000000;23404.97000000;35828.72000000;481.86000000;N;N
CLASSES - FIP;13.235.469/0001-51;TREECORP FUNDO DE INVESTIMENTO EM PARTICIPAÇÕES I MULTIESTRATÉGIA;2026-08-31;24533812.840000000000;;;;S;Investidores profissionais;43105264.99000000;43105.26000000;43105264.99000000;56696.07000000;36723881.42000000;24533812.93000000;11.00000000;32.25000000;1.00000000;5.55000000;0.00000000;0.00000000;0.00000000;0.00000000;0.00000000;0.00000000;0.00000000;0.00000000;0.00000000;0.00000000;0.00000000;0.00000000;0.00000000;0.00000000;0.00000000;0.00000000;0.00000000;0.00000000;0.00000000;0.00000000;2.00000000;62.21000000;0.00000000;0.00000000;0.00000000;0.00000000;14.00000000;100.00000000;1;11.00000000;24493.40000000;20867.35000000;457.00000000;N;N
CLASSES - FIP;13.235.469/0001-51;TREECORP FUNDO DE INVESTIMENTO EM PARTICIPAÇÕES I MULTIESTRATÉGIA;2026-08-31;24533812.840000000000;;;;S;Investidores profissionais;43105264.99000000;43105.26000000;43105264.99000000;56696.07000000;36723881.42000000;24533812.93000000;11.00000000;32.25000000;1.00000000;5.55000000;0.00000000;0.00000000;0.00000000;0.00000000;0.00000000;0.00000000;0.00000000;0.00000000;0.00000000;0.00000000;0.00000000;0.00000000;0.00000000;0.00000000;0.00000000;0.00000000;0.00000000;0.00000000;0.00000000;0.00000000;2.00000000;62.21000000;0.00000000;0.00000000;0.00000000;0.00000000;14.00000000;100.00000000;2;3.00000000;42054.55000000;35828.72000000;418.59000000;N;N
CLASSES - FIP;13.309.354/0001-64;FUNDO DE INVESTIMENTO EM PARTICIPAÇÕES MELROSE MULTIESTRATÉGIA RESPONSABILIDADE LIMITADA;2026-04-30;28230765.790000000000;;;;N;Investidores profissionais;110820673.38000000;110820.67338000;110820673.38000000;110820.67325000;111677795.43000000;0.00000000;7.00000000;99.87141388;1.00000000;0.12858612;0.00000000;0.00000000;0.00000000;0.00000000;0.00000000;0.00000000;0.00000000;0.00000000;0.00000000;0.00000000;0.00000000;0.00000000;0.00000000;0.00000000;0.00000000;0.00000000;0.00000000;0.00000000;0.00000000;0.00000000;0.00000000;0.00000000;0.00000000;0.00000000;0.00000000;0.00000000;8.00000000;100.00000000;1;8.00000000;110820.67338000;110820.67325000;94.77914908;N;N
CLASSES - FIP;13.309.354/0001-64;FUNDO DE INVESTIMENTO EM PARTICIPAÇÕES MELROSE MULTIESTRATÉGIA RESPONSABILIDADE LIMITADA;2026-08-31;28186618.850000000000;;;;N;Investidores profissionais;110820673.38000000;110820.67338000;110820673.38000000;110820.67325000;111677795.43000000;0.00000000;7.00000000;99.87141388;1.00000000;0.12858612;0.00000000;0.00000000;0.00000000;0.00000000;0.00000000;0.00000000;0.00000000;0.00000000;0.00000000;0.00000000;0.00000000;0.00000000;0.00000000;0.00000000;0.00000000;0.00000000;0.00000000;0.00000000;0.00000000;0.00000000;0.00000000;0.00000000;0.00000000;0.00000000;0.00000000;0.00000000;8.00000000;100.00000000;1;8.00000000;110820.67338000;110820.67325000;94.63093456;N;N
CLASSES - FIP;13.311.502/0001-85;EDIFY FUNDO DE INVESTIMENTO EM PARTICIPAÇÕES - MULTIESTRATÉGIA;2026-04-30;108006190.000000000000;;;;S;Investidores qualificados;150000000.00000000;150000.00000000;150000000.00000000;48177.53019000;48177530.19000000;0.00000000;30.00000000;41.02000000;0.00000000;0.00000000;0.00000000;0.00000000;0.00000000;0.00000000;0.00000000;0.00000000;2.00000000;24.03000000;0.00000000;0.00000000;0.00000000;0.00000000;0.00000000;0.00000000;0.00000000;0.00000000;0.00000000;0.00000000;0.00000000;0.00000000;17.00000000;34.95000000;0.00000000;0.00000000;0.00000000;0.00000000;49.00000000;100.00000000;1;49.00000000;150000.00000000;48177.53019000;2241.83742033;N;N
CLASSES - FIP;13.311.502/0001-85;EDIFY FUNDO DE INVESTIMENTO EM PARTICIPAÇÕES - MULTIESTRATÉGIA;2026-08-31;62518866.970000000000;;;;S;Investidores qualificados;149999999.99000000;149999.99999000;149999999.99000000;48177.53019000;22353308.84000000;0.00000000;30.00000000;41.02000000;0.00000000;0.00000000;0.00000000;0.00000000;0.00000000;0.00000000;0.00000000;0.00000000;2.00000000;24.03000000;0.00000000;0.00000000;0.00000000;0.00000000;0.00000000;0.00000000;0.00000000;0.00000000;0.00000000;0.00000000;0.00000000;0.00000000;17.00000000;34.95000000;0.00000000;0.00000000;0.00000000;0.00000000;49.00000000;100.00000000;1;49.00000000;149999.99999000;48177.53019000;1297.67687807;N;N
CLASSES - FIP;13.328.511/0001-89;BRAZILIAN PRIVATE EQUITY IV - FI EM QUOTAS DE FIP - RESPONSABILIDADE LIMITADA;2026-04-30;48820264.390000000000;;;;S;Investidores qualificados;49860299.56000000;42729.00000000;49860299.56000000;31291.97733806;53404869.72000000;44332444.71000000;27.00000000;18.44000000;0.00000000;0.00000000;0.00000000;0.00000000;0.00000000;0.00000000;0.00000000;0.00000000;5.00000000;10.43000000;0.00000000;0.00000000;0.00000000;0.00000000;0.00000000;0.00000000;0.00000000;0.00000000;0.00000000;0.00000000;0.00000000;0.00000000;5.00000000;45.61000000;1.00000000;25.52000000;0.00000000;0.00000000;38.00000000;100.00000000;1;38.00000000;42729.00000000;31291.97733806;1560.15274657;N;N
CLASSES - FIP;13.328.511/0001-89;BRAZILIAN PRIVATE EQUITY IV - FI EM QUOTAS DE FIP - RESPONSABILIDADE LIMITADA;2026-08-31;12306799.290000000000;;;;S;Investidores qualificados;49860299.56000000;42729.00000000;49860299.56000000;33694.07313117;58820780.79000000;7625546.31000000;27.00000000;18.44000000;0.00000000;0.00000000;0.00000000;0.00000000;0.00000000;0.00000000;0.00000000;0.00000000;5.00000000;10.43000000;0.00000000;0.00000000;0.00000000;0.00000000;0.00000000;0.00000000;0.00000000;0.00000000;0.00000000;0.00000000;0.00000000;0.00000000;5.00000000;45.61000000;1.00000000;25.52000000;0.00000000;0.00000000;38.00000000;100.00000000;1;38.00000000;42729.00000000;33694.07313117;365.25115981;N;N
CLASSES - FIP;13.328.548/0001-07;Pátria Private Equity Fund III Co-Investimento Fundo de Investimento em Participações Mult;2026-04-30;5198404.960000000000;;;;S;Investidores qualificados;29437000.00000000;29437.00000000;29437000.00000000;23566.48904990;22247923.48000000;0.00000000;6.00000000;7.50000000;0.00000000;0.00000000;0.00000000;0.00000000;0.00000000;0.00000000;0.00000000;0.00000000;2.00000000;4.50000000;0.00000000;0.00000000;0.00000000;0.00000000;0.00000000;0.00000000;0.00000000;0.00000000;0.00000000;0.00000000;0.00000000;0.00000000;4.00000000;68.75000000;1.00000000;19.25000000;0.00000000;0.00000000;13.00000000;100.00000000;1;13.00000000;29437.00000000;23566.48904990;220.58461695;N;N
CLASSES - FIP;13.328.548/0001-07;Pátria Private Equity Fund III Co-Investimento Fundo de Investimento em Participações Mult;2026-08-31;3217336.960000000000;;;;S;Investidores qualificados;29437000.00000000;23566.48904990;29437000.00000000;23566.48904990;22247923.48000000;0.00000000;6.00000000;7.50000000;0.00000000;0.00000000;0.00000000;0.00000000;0.00000000;0.00000000;0.00000000;0.00000000;2.00000000;4.50000000;0.00000000;0.00000000;0.00000000;0.00000000;0.00000000;0.00000000;0.00000000;0.00000000;0.00000000;0.00000000;0.00000000;0.00000000;4.00000000;68.75000000;1.00000000;19.25000000;0.00000000;0.00000000;13.00000000;100.00000000;1;13.00000000;23566.48904990;23566.48904990;136.52169201;N;N
CLASSES - FIP;13.328.577/0001-79;Pátria Brazilian Private Equity Fund IV Fundo de Investimento em Participações Multiestratégia;2026-04-30;3534397539.190000000000;;;;S;Investidores qualificados;4148282351.37000000;2520508.00000000;4148282351.37000000;2323308.73522938;3271869707.76000000;0.00000000;0.00000000;0.00000000;0.00000000;0.00000000;0.00000000;0.00000000;0.00000000;0.00000000;0.00000000;0.00000000;4.00000000;98.74000000;0.00000000;0.00000000;0.00000000;0.00000000;0.00000000;0.00000000;0.00000000;0.00000000;0.00000000;0.00000000;0.00000000;0.00000000;1.00000000;1.26000000;0.00000000;0.00000000;0.00000000;0.00000000;5.00000000;100.00000000;1;4.00000000;2488707.00000000;2294210.01085113;1521.23962750;N;N
CLASSES - FIP;13.328.577/0001-79;Pátria Brazilian Private Equity Fund IV Fundo de Investimento em Participações Multiestratégia;2026-04-30;3534397539.190000000000;;;;S;Investidores qualificados;4148282351.37000000;2520508.00000000;4148282351.37000000;2323308.73522938;3271869707.76000000;0.00000000;0.00000000;0.00000000;0.00000000;0.00000000;0.00000000;0.00000000;0.00000000;0.00000000;0.00000000;0.00000000;4.00000000;98.74000000;0.00000000;0.00000000;0.00000000;0.00000000;0.00000000;0.00000000;0.00000000;0.00000000;0.00000000;0.00000000;0.00000000;0.00000000;1.00000000;1.26000000;0.00000000;0.00000000;0.00000000;0.00000000;5.00000000;100.00000000;2;1.00000000;31801.00000000;29098.72437825;1523.51849296;N;N
CLASSES - FIP;13.328.577/0001-79;Pátria Brazilian Private Equity Fund IV Fundo de Investimento em Participações Multiestratégia;2026-08-31;590544383.880000000000;;;;S;Investidores qualificados;4148282351.37000000;2520508.00000000;4148282351.37000000;2487834.87487763;3661869707.77000000;0.00000000;0.00000000;0.00000000;0.00000000;0.00000000;0.00000000;0.00000000;0.00000000;0.00000000;0.00000000;0.00000000;4.00000000;98.74000000;0.00000000;0.00000000;0.00000000;0.00000000;0.00000000;0.00000000;0.00000000;0.00000000;0.00000000;0.00000000;0.00000000;0.00000000;1.00000000;1.26000000;0.00000000;0.00000000;0.00000000;0.00000000;5.00000000;100.00000000;1;4.00000000;2488707.00000000;2456446.10846488;237.61902314;N;N
CLASSES - FIP;13.328.577/0001-79;Pátria Brazilian Private Equity Fund IV Fundo de Investimento em Participações Multiestratégia;2026-08-31;590544383.880000000000;;;;S;Investidores qualificados;4148282351.37000000;2520508.00000000;4148282351.37000000;2487834.87487763;3661869707.77000000;0.00000000;0.00000000;0.00000000;0.00000000;0.00000000;0.00000000;0.00000000;0.00000000;0.00000000;0.00000000;0.00000000;4.00000000;98.74000000;0.00000000;0.00000000;0.00000000;0.00000000;0.00000000;0.00000000;0.00000000;0.00000000;0.00000000;0.00000000;0.00000000;0.00000000;1.00000000;1.26000000;0.00000000;0.00000000;0.00000000;0.00000000;5.00000000;100.00000000;2;1.00000000;31801.00000000;31388.76641275;242.93870647;N;N
CLASSES - FIP;13.328.665/0001-70;Brazilian Private Equity IV Fundo de Investimento em Participações Multiestratégia;2026-04-30;78622240.710000000000;;;;S;Investidores qualificados;95200000.00000000;95200.00000000;95200000.00000000;71029.67061808;127246293.42000000;0.00000000;4.00000000;17.00000000;0.00000000;0.00000000;0.00000000;0.00000000;0.00000000;0.00000000;0.00000000;0.00000000;1.00000000;10.46000000;0.00000000;0.00000000;0.00000000;0.00000000;0.00000000;0.00000000;0.00000000;0.00000000;0.00000000;0.00000000;0.00000000;0.00000000;7.00000000;72.54000000;0.00000000;0.00000000;0.00000000;0.00000000;12.00000000;100.00000000;1;12.00000000;95200.00000000;71029.67061808;1106.89294356;N;N
CLASSES - FIP;13.328.665/0001-70;Brazilian Private Equity IV Fundo de Investimento em Participações Multiestratégia;2026-08-31;10142667.570000000000;;;;S;Investidores qualificados;95200000.00000000;95200.00000000;95200000.00000000;73362.31637680;132537142.20000000;0.00000000;4.00000000;17.00000000;0.00000000;0.00000000;0.00000000;0.00000000;0.00000000;0.00000000;0.00000000;0.00000000;1.00000000;10.46000000;0.00000000;0.00000000;0.00000000;0.00000000;0.00000000;0.00000000;0.00000000;0.00000000;0.00000000;0.00000000;0.00000000;0.00000000;7.00000000;72.54000000;0.00000000;0.00000000;0.00000000;0.00000000;12.00000000;100.00000000;1;12.00000000;95200.00000000;73362.31637680;138.25446265;N;N
CLASSES - FIP;13.368.108/0001-83;FARO CAPITAL FUNDO DE INVESTIMENTO EM PARTICIPAÇÕES MULTIESTRATEGIA;2026-04-30;538829890.700000000000;;;;N;Investidores qualificados;7100000.00000000;71000.00000000;7100000.00000000;66088.24463140;68570528.16000000;0.00000000;12.00000000;100.00000000;0.00000000;0.00000000;0.00000000;0.00000000;0.00000000;0.00000000;0.00000000;0.00000000;0.00000000;0.00000000;0.00000000;0.00000000;0.00000000;0.00000000;0.00000000;0.00000000;0.00000000;0.00000000;0.00000000;0.00000000;0.00000000;0.00000000;0.00000000;0.00000000;0.00000000;0.00000000;0.00000000;0.00000000;12.00000000;100.00000000;1;12.00000000;71000.00000000;66088.24463140;8153.18874332;N;N
CLASSES - FIP;13.368.108/0001-83;FARO CAPITAL FUNDO DE INVESTIMENTO EM PARTICIPAÇÕES MULTIESTRATEGIA;2026-08-31;677175042.680000000000;;;;N;Investidores qualificados;7100000.00000000;71000.00000000;7100000.00000000;66088.24463140;68570528.16000000;0.00000000;12.00000000;100.00000000;0.00000000;0.00000000;0.00000000;0.00000000;0.00000000;0.00000000;0.00000000;0.00000000;0.00000000;0.00000000;0.00000000;0.00000000;0.00000000;0.00000000;0.00000000;0.00000000;0.00000000;0.00000000;0.00000000;0.00000000;0.00000000;0.00000000;0.00000000;0.00000000;0.00000000;0.00000000;0.00000000;0.00000000;12.00000000;100.00000000;1;12.00000000;71000.00000000;66088.24463140;10246.52869213;N;N
CLASSES - FIP;13.417.743/0001-03;RW BRASIL FUNDO DE INVESTIMENTO EM PARTICIPAÇÕES MULTIESTRATÉGIA RESPONSABILIDADE LIMITDA;2026-04-30;75767788.600000000000;;;;S;Investidores profissionais;219118205.86000000;219118.21000000;219118205.86000000;220204.11000000;79674163.16000000;792108.40000000;0.00000000;0.00000000;0.00000000;0.00000000;0.00000000;0.00000000;0.00000000;0.00000000;0.00000000;0.00000000;4.00000000;1.00000000;0.00000000;0.00000000;0.00000000;0.00000000;0.00000000;0.00000000;0.00000000;0.00000000;0.00000000;0.00000000;0.00000000;0.00000000;0.00000000;0.00000000;0.00000000;0.00000000;0.00000000;0.00000000;4.00000000;1.00000000;1;4.00000000;219118.21000000;220204.11000000;344.08000000;N;N
CLASSES - FIP;13.417.743/0001-03;RW BRASIL FUNDO DE INVESTIMENTO EM PARTICIPAÇÕES MULTIESTRATÉGIA RESPONSABILIDADE LIMITDA;2026-08-31;85271729.970000000000;;;;S;Investidores qualificados;219118205.86000000;219118.21000000;219118205.86000000;220204.11000000;79674163.16000000;478997.47000000;0.00000000;0.00000000;0.00000000;0.00000000;0.00000000;0.00000000;0.00000000;0.00000000;0.00000000;0.00000000;4.00000000;100.00000000;0.00000000;0.00000000;0.00000000;0.00000000;0.00000000;0.00000000;0.00000000;0.00000000;0.00000000;0.00000000;0.00000000;0.00000000;0.00000000;0.00000000;0.00000000;0.00000000;0.00000000;0.00000000;4.00000000;100.00000000;1;4.00000000;605600.72000000;220204.11000000;387.24000000;N;N
CLASSES - FIP;13.451.285/0001-29;GESTÃO E CRESCIMENTO I FUNDO DE INVESTIMENTO EM PARTICIPAÇÕES MULTIESTRATÉGIA;2026-04-30;1154525323.840000000000;;;;S;Investidores profissionais;238962256.24000000;1306.06000000;238962256.24000000;1306.06000000;238962256.24000000;0.00000000;0.00000000;0.00000000;6.00000000;100.00000000;0.00000000;0.00000000;0.00000000;0.00000000;0.00000000;0.00000000;0.00000000;0.00000000;0.00000000;0.00000000;0.00000000;0.00000000;0.00000000;0.00000000;0.00000000;0.00000000;0.00000000;0.00000000;0.00000000;0.00000000;0.00000000;0.00000000;0.00000000;0.00000000;0.00000000;0.00000000;6.00000000;100.00000000;1;6.00000000;1306.05573604;1306.05573600;883978.60000000;N;N
CLASSES - FIP;13.451.285/0001-29;GESTÃO E CRESCIMENTO I FUNDO DE INVESTIMENTO EM PARTICIPAÇÕES MULTIESTRATÉGIA;2026-08-31;1154546652.640000000000;;;;S;Investidores profissionais;76711293.08543700;1306.05573601;76711293.08543700;15756.04340272;76711300.11000000;0.00000000;0.00000000;0.00000000;6.00000000;100.00000000;0.00000000;0.00000000;0.00000000;0.00000000;0.00000000;0.00000000;0.00000000;0.00000000;0.00000000;0.00000000;0.00000000;0.00000000;0.00000000;0.00000000;0.00000000;0.00000000;0.00000000;0.00000000;0.00000000;0.00000000;0.00000000;0.00000000;0.00000000;0.00000000;0.00000000;0.00000000;6.00000000;100.00000000;1;6.00000000;1306.05573601;15756.04340272;883994.93024133;N;N
CLASSES - FIP;13.451.738/0001-17;FUNDO DE INVESTIMENTO EM COTAS DE FUNDO DE INVESTIMENTO EM PARTICIPAÇÕES PÁTRIA PRIVATE EQUITY IV;2026-04-30;15766646.160000000000;;;;S;Investidores qualificados;20294187.78000000;14875.26935100;20294187.78000000;14875.26935100;20294187.78000000;15801887.61000000;0.00000000;0.00000000;0.00000000;0.00000000;0.00000000;0.00000000;0.00000000;0.00000000;0.00000000;0.00000000;0.00000000;0.00000000;0.00000000;0.00000000;0.00000000;0.00000000;0.00000000;0.00000000;0.00000000;0.00000000;0.00000000;0.00000000;0.00000000;0.00000000;0.00000000;0.00000000;30.00000000;100.00000000;0.00000000;0.00000000;0.00000000;0.00000000;Única;30.00000000;14875.26935100;14875.26935100;1059.92340620;N;N
CLASSES - FIP;13.451.738/0001-17;FUNDO DE INVESTIMENTO EM COTAS DE FUNDO DE INVESTIMENTO EM PARTICIPAÇÕES PÁTRIA PRIVATE EQUITY IV;2026-08-31;2081746.880000000000;;;;S;Investidores qualificados;21681128.51000000;15476.01272098;21681128.51000000;15476.01272098;21681128.51000000;2055197.63000000;15.00000000;52.83000000;1.00000000;5.36000000;0.00000000;0.00000000;0.00000000;0.00000000;0.00000000;0.00000000;0.00000000;0.00000000;0.00000000;0.00000000;0.00000000;0.00000000;0.00000000;0.00000000;0.00000000;0.00000000;0.00000000;0.00000000;0.00000000;0.00000000;0.00000000;0.00000000;14.00000000;41.81000000;0.00000000;0.00000000;30.00000000;100.00000000;1;30.00000000;15476.01272098;15476.01272098;134.31368414;N;N
CLASSES - FIP;13.528.558/0001-96;DGF INOVA FUNDO DE INVESTIMENTO EM PARTICIPAÇÕES EM EMPRESAS EMERGENTES - INOVAÇÃO DE RESP. LIMITADA;2026-04-30;1717523.560000000000;;;;S;Investidores qualificados;49884122.90000000;2494.20614500;49884122.90000000;2499.99821500;50882332.03790000;0.00000000;39.00000000;23.52000000;0.00000000;0.00000000;0.00000000;0.00000000;0.00000000;0.00000000;0.00000000;0.00000000;1.00000000;0.10000000;0.00000000;0.00000000;0.00000000;0.00000000;0.00000000;0.00000000;0.00000000;0.00000000;0.00000000;0.00000000;0.00000000;0.00000000;3.00000000;1.21000000;0.00000000;0.00000000;2.00000000;75.17000000;45.00000000;100.00000000;1;1.00000000;875.00000000;875.00000100;0.00001340;N;N
CLASSES - FIP;13.528.558/0001-96;DGF INOVA FUNDO DE INVESTIMENTO EM PARTICIPAÇÕES EM EMPRESAS EMERGENTES - INOVAÇÃO DE RESP. LIMITADA;2026-04-30;1717523.560000000000;;;;S;Investidores qualificados;49884122.90000000;2494.20614500;49884122.90000000;2499.99821500;50882332.03790000;0.00000000;39.00000000;23.52000000;0.00000000;0.00000000;0.00000000;0.00000000;0.00000000;0.00000000;0.00000000;0.00000000;1.00000000;0.10000000;0.00000000;0.00000000;0.00000000;0.00000000;0.00000000;0.00000000;0.00000000;0.00000000;0.00000000;0.00000000;0.00000000;0.00000000;3.00000000;1.21000000;0.00000000;0.00000000;2.00000000;75.17000000;45.00000000;100.00000000;2;43.00000000;619.20614500;624.99821200;436.14689840;N;N
CLASSES - FIP;13.528.558/0001-96;DGF INOVA FUNDO DE INVESTIMENTO EM PARTICIPAÇÕES EM EMPRESAS EMERGENTES - INOVAÇÃO DE RESP. LIMITADA;2026-04-30;1717523.560000000000;;;;S;Investidores qualificados;49884122.90000000;2494.20614500;49884122.90000000;2499.99821500;50882332.03790000;0.00000000;39.00000000;23.52000000;0.00000000;0.00000000;0.00000000;0.00000000;0.00000000;0.00000000;0.00000000;0.00000000;1.00000000;0.10000000;0.00000000;0.00000000;0.00000000;0.00000000;0.00000000;0.00000000;0.00000000;0.00000000;0.00000000;0.00000000;0.00000000;0.00000000;3.00000000;1.21000000;0.00000000;0.00000000;2.00000000;75.17000000;45.00000000;100.00000000;3;2.00000000;1000.00000000;1000.00000200;1444.93251710;N;N
CLASSES - FIP;13.528.558/0001-96;DGF INOVA FUNDO DE INVESTIMENTO EM PARTICIPAÇÕES EM EMPRESAS EMERGENTES - INOVAÇÃO DE RESP. LIMITADA;2026-08-31;2333335.650000000000;;;;S;Investidores qualificados;49884122.90000000;2494.20614500;49884122.90000000;2499.99821500;50882332.03790000;0.00000000;39.00000000;23.52000000;0.00000000;0.00000000;0.00000000;0.00000000;0.00000000;0.00000000;0.00000000;0.00000000;1.00000000;0.10000000;0.00000000;0.00000000;0.00000000;0.00000000;0.00000000;0.00000000;0.00000000;0.00000000;0.00000000;0.00000000;0.00000000;0.00000000;3.00000000;1.21000000;0.00000000;0.00000000;2.00000000;75.17000000;45.00000000;100.00000000;1;1.00000000;875.00000000;875.00000100;0.00001140;N;N
CLASSES - FIP;13.528.558/0001-96;DGF INOVA FUNDO DE INVESTIMENTO EM PARTICIPAÇÕES EM EMPRESAS EMERGENTES - INOVAÇÃO DE RESP. LIMITADA;2026-08-31;2333335.650000000000;;;;S;Investidores qualificados;49884122.90000000;2494.20614500;49884122.90000000;2499.99821500;50882332.03790000;0.00000000;39.00000000;23.52000000;0.00000000;0.00000000;0.00000000;0.00000000;0.00000000;0.00000000;0.00000000;0.00000000;1.00000000;0.10000000;0.00000000;0.00000000;0.00000000;0.00000000;0.00000000;0.00000000;0.00000000;0.00000000;0.00000000;0.00000000;0.00000000;0.00000000;3.00000000;1.21000000;0.00000000;0.00000000;2.00000000;75.17000000;45.00000000;100.00000000;2;43.00000000;619.20614500;624.99821200;1923.17886180;N;N
CLASSES - FIP;13.528.558/0001-96;DGF INOVA FUNDO DE INVESTIMENTO EM PARTICIPAÇÕES EM EMPRESAS EMERGENTES - INOVAÇÃO DE RESP. LIMITADA;2026-08-31;2333335.650000000000;;;;S;Investidores qualificados;49884122.90000000;2494.20614500;49884122.90000000;2499.99821500;50882332.03790000;0.00000000;39.00000000;23.52000000;0.00000000;0.00000000;0.00000000;0.00000000;0.00000000;0.00000000;0.00000000;0.00000000;1.00000000;0.10000000;0.00000000;0.00000000;0.00000000;0.00000000;0.00000000;0.00000000;0.00000000;0.00000000;0.00000000;0.00000000;0.00000000;0.00000000;3.00000000;1.21000000;0.00000000;0.00000000;2.00000000;75.17000000;45.00000000;100.00000000;3;2.00000000;1000.00000000;1000.00000200;1131.35228770;N;N
CLASSES - FIP;13.536.797/0001-98;CYPRESS M3 FUNDO DE INVESTIMENTO EM PARTICIPAÇÕES MULTIESTRATÉGIA RESPONSABILIDADE LIMITADA;2026-04-30;38060926.180000000000;;;;S;Investidores qualificados;20100000.00000000;20100000.00000000;20100000.00000000;19386471.00000000;19386471.00000000;0.00000000;18.00000000;95.52238806;2.00000000;4.47761194;0.00000000;0.00000000;0.00000000;0.00000000;0.00000000;0.00000000;0.00000000;0.00000000;0.00000000;0.00000000;0.00000000;0.00000000;0.00000000;0.00000000;0.00000000;0.00000000;0.00000000;0.00000000;0.00000000;0.00000000;0.00000000;0.00000000;0.00000000;0.00000000;0.00000000;0.00000000;20.00000000;100.00000000;1;20.00000000;20100000.00000000;19386471.00000000;1.96327254;N;N
CLASSES - FIP;13.536.797/0001-98;CYPRESS M3 FUNDO DE INVESTIMENTO EM PARTICIPAÇÕES MULTIESTRATÉGIA RESPONSABILIDADE LIMITADA;2026-08-31;37985308.520000000000;;;;S;Investidores qualificados;20100000.00000000;20100000.00000000;20100000.00000000;19386471.00000000;19386471.00000000;0.00000000;18.00000000;95.52238806;2.00000000;4.47761194;0.00000000;0.00000000;0.00000000;0.00000000;0.00000000;0.00000000;0.00000000;0.00000000;0.00000000;0.00000000;0.00000000;0.00000000;0.00000000;0.00000000;0.00000000;0.00000000;0.00000000;0.00000000;0.00000000;0.00000000;0.00000000;0.00000000;0.00000000;0.00000000;0.00000000;0.00000000;20.00000000;100.00000000;1;20.00000000;20100000.00000000;19386471.00000000;1.95937200;N;N
CLASSES - FIP;13.549.562/0001-30;FUNDO DE INVESTIMENTOS EM PARTICIPAÇÕES MULTIESTRATÉGIA NA AMAZÔNIA - RESPONSABILIDADE LIMITADA;2026-04-30;17116460.240000000000;;;;S;Investidores qualificados;100000000.00000000;100000.00000000;100000000.00000000;72800.00000000;71011590.64000000;0.00000000;2.00000000;4.00000000;3.00000000;91.00000000;1.00000000;5.00000000;0.00000000;0.00000000;0.00000000;0.00000000;0.00000000;0.00000000;0.00000000;0.00000000;0.00000000;0.00000000;0.00000000;0.00000000;0.00000000;0.00000000;0.00000000;0.00000000;0.00000000;0.00000000;0.00000000;0.00000000;0.00000000;0.00000000;0.00000000;0.00000000;6.00000000;100.00000000;1;6.00000000;100000.00000000;72800.00000000;235.11621208;N;N
CLASSES - FIP;13.549.562/0001-30;FUNDO DE INVESTIMENTOS EM PARTICIPAÇÕES MULTIESTRATÉGIA NA AMAZÔNIA - RESPONSABILIDADE LIMITADA;2026-08-31;14245345.920000000000;;;;S;Investidores qualificados;100000000.00000000;100000.00000000;100000000.00000000;72800.00000000;71011590.64000000;0.00000000;2.00000000;4.00000000;3.00000000;91.00000000;1.00000000;5.00000000;0.00000000;0.00000000;0.00000000;0.00000000;0.00000000;0.00000000;0.00000000;0.00000000;0.00000000;0.00000000;0.00000000;0.00000000;0.00000000;0.00000000;0.00000000;0.00000000;0.00000000;0.00000000;0.00000000;0.00000000;0.00000000;0.00000000;0.00000000;0.00000000;6.00000000;100.00000000;1;6.00000000;100000.00000000;72800.00000000;195.67782857;N;N
CLASSES - FIP;13.611.406/0001-52;VITÓRIA FUNDO DE INVESTIMENTO EM PARTICIPAÇÕES MULTIESTRATÉGIA;2026-04-30;195137516.700000000000;;;;N;Investidores qualificados;0.00000000;4652061.72367654;0.00000000;4652061.72367654;0.00000000;0.00000000;1.00000000;99.99999999;0.00000000;0.00000000;0.00000000;0.00000000;0.00000000;0.00000000;0.00000000;0.00000000;0.00000000;0.00000000;0.00000000;0.00000000;0.00000000;0.00000000;0.00000000;0.00000000;0.00000000;0.00000000;0.00000000;0.00000000;0.00000000;0.00000000;0.00000000;0.00000000;0.00000000;0.00000000;0.00000000;0.00000000;1.00000000;99.99999999;1;1.00000000;4652061.72367654;4652061.72367654;41.94645907;N;N
CLASSES - FIP;13.611.406/0001-52;VITÓRIA FUNDO DE INVESTIMENTO EM PARTICIPAÇÕES MULTIESTRATÉGIA;2026-08-31;116167420.220000000000;;;;N;Investidores qualificados;0.00000000;4652061.72367654;0.00000000;4652061.72367654;0.00000000;0.00000000;1.00000000;99.99999998;0.00000000;0.00000000;0.00000000;0.00000000;0.00000000;0.00000000;0.00000000;0.00000000;0.00000000;0.00000000;0.00000000;0.00000000;0.00000000;0.00000000;0.00000000;0.00000000;0.00000000;0.00000000;0.00000000;0.00000000;0.00000000;0.00000000;0.00000000;0.00000000;0.00000000;0.00000000;0.00000000;0.00000000;1.00000000;99.99999998;1;1.00000000;4652061.72367654;4652061.72367654;24.97116915;N;N
CLASSES - FIP;13.716.004/0001-12;L2 PARTICIPAÇÕES  FUNDO DE INVESTIMENTO EM PARTICIPAÇÕES MULTIESTRATÉGIA;2026-04-30;648801343.200000000000;;;;S;Investidores profissionais;463920850.27000000;55484264.41000000;463920850.27000000;553678912.40828100;32747007.76000000;87338419.29720000;0.00000000;0.00000000;0.00000000;0.00000000;0.00000000;0.00000000;0.00000000;0.00000000;0.00000000;0.00000000;0.00000000;0.00000000;0.00000000;0.00000000;0.00000000;0.00000000;0.00000000;0.00000000;0.00000000;0.00000000;0.00000000;0.00000000;0.00000000;0.00000000;1.00000000;100.00000000;0.00000000;0.00000000;0.00000000;0.00000000;1.00000000;100.00000000;1;1.00000000;55484264.41000000;553678912.40828100;1.17180071;N;N
CLASSES - FIP;13.716.004/0001-12;L2 PARTICIPAÇÕES  FUNDO DE INVESTIMENTO EM PARTICIPAÇÕES MULTIESTRATÉGIA;2026-08-31;649038892.470000000000;;;;S;Investidores profissionais;463920850.27000000;55484264.41000000;463920850.27000000;553678912.40828100;32747007.76000000;87001374.58950000;0.00000000;0.00000000;0.00000000;0.00000000;0.00000000;0.00000000;0.00000000;0.00000000;0.00000000;0.00000000;0.00000000;0.00000000;0.00000000;0.00000000;0.00000000;0.00000000;0.00000000;0.00000000;0.00000000;0.00000000;0.00000000;0.00000000;0.00000000;0.00000000;1.00000000;100.00000000;0.00000000;0.00000000;0.00000000;0.00000000;1.00000000;100.00000000;1;1.00000000;55484264.41000000;553678912.40828100;1.17222975;N;N
CLASSES - FIP;13.812.224/0001-40;LACAN FLORESTAL - FUNDO DE INVESTIMENTO EM PARTICIPAÇÕES MULTIESTRATÉGIA RESPONSABILIDADE LIMITADA;2026-04-30;315978620.060000000000;;;;S;Investidores qualificados;269200000.20000000;26920.00002000;269200000.20000000;25281.26904400;428242816.90000000;0.00000000;15.00000000;12.37000000;1.00000000;0.49000000;0.00000000;0.00000000;0.00000000;0.00000000;0.00000000;0.00000000;0.00000000;0.00000000;0.00000000;0.00000000;2.00000000;5.96000000;0.00000000;0.00000000;0.00000000;0.00000000;0.00000000;0.00000000;0.00000000;0.00000000;38.00000000;81.18000000;0.00000000;0.00000000;0.00000000;0.00000000;56.00000000;100.00000000;1;56.00000000;26920.00002000;25281.26904400;12498.52685441;N;N
CLASSES - FIP;13.812.224/0001-40;LACAN FLORESTAL - FUNDO DE INVESTIMENTO EM PARTICIPAÇÕES MULTIESTRATÉGIA RESPONSABILIDADE LIMITADA;2026-08-31;314932960.410000000000;;;;S;Investidores qualificados;269200000.20000000;26920.00002000;269200000.20000000;25281.26904400;428242816.90000000;0.00000000;15.00000000;12.37000000;1.00000000;0.49000000;0.00000000;0.00000000;0.00000000;0.00000000;0.00000000;0.00000000;0.00000000;0.00000000;0.00000000;0.00000000;2.00000000;5.96000000;0.00000000;0.00000000;0.00000000;0.00000000;0.00000000;0.00000000;0.00000000;0.00000000;39.00000000;81.18000000;0.00000000;0.00000000;0.00000000;0.00000000;57.00000000;100.00000000;1;57.00000000;26920.00002000;25281.26904400;12457.16581165;N;N
CLASSES - FIP;13.883.056/0001-83;FUNDO DE INVESTIMENTO EM PARTICIPAÇÕES BPAC3 - MULTIESTRATÉGIA RESPONSABILIDADE LIMITADA;2026-04-30;7161517206.790000000000;;;;S;Investidores qualificados;1700125883.22000000;1700125883.22000000;1700125883.22000000;879954876.53805260;1935679941.29410000;5326297415.44920000;287.00000000;65.88000000;0.00000000;0.00000000;0.00000000;0.00000000;0.00000000;0.00000000;0.00000000;0.00000000;37.00000000;4.90000000;0.00000000;0.00000000;0.00000000;0.00000000;0.00000000;0.00000000;0.00000000;0.00000000;0.00000000;0.00000000;0.00000000;0.00000000;1.00000000;28.20000000;0.00000000;0.00000000;1.00000000;1.02000000;326.00000000;100.00000000;1;326.00000000;1700125883.22000000;879954876.53805200;8.13850510;N;N
CLASSES - FIP;13.883.056/0001-83;FUNDO DE INVESTIMENTO EM PARTICIPAÇÕES BPAC3 - MULTIESTRATÉGIA RESPONSABILIDADE LIMITADA;2026-08-31;8016431723.680000000000;;;;S;Investidores qualificados;1700125883.22000000;1700125883.22000000;1700125883.22000000;879954866.40739360;1935679941.29410000;5308572605.54460000;287.00000000;65.88000000;0.00000000;0.00000000;0.00000000;0.00000000;0.00000000;0.00000000;0.00000000;0.00000000;37.00000000;4.90000000;0.00000000;0.00000000;0.00000000;0.00000000;0.00000000;0.00000000;0.00000000;0.00000000;0.00000000;0.00000000;0.00000000;0.00000000;1.00000000;28.20000000;0.00000000;0.00000000;1.00000000;1.02000000;326.00000000;100.00000000;1;326.00000000;1700125883.22000000;879954866.40739400;9.11004870;N;N
CLASSES - FIP;13.884.810/0001-08;CTS - FUNDO DE INVESTIMENTO EM PARTICIPAÇÕES MULTIESTRATÉGIA;2026-04-30;28963558.200000000000;;;;S;Investidores profissionais;175288075.35000000;175288075.35000002;175288075.35000000;172455667.74000000;172455667.74000000;0.00000000;0.00000000;0.00000000;0.00000000;0.00000000;0.00000000;0.00000000;0.00000000;0.00000000;0.00000000;0.00000000;3.00000000;100.00000000;0.00000000;0.00000000;0.00000000;0.00000000;0.00000000;0.00000000;0.00000000;0.00000000;0.00000000;0.00000000;0.00000000;0.00000000;0.00000000;0.00000000;0.00000000;0.00000000;0.00000000;0.00000000;3.00000000;100.00000000;1;3.00000000;175288075.35000002;172455667.74000000;0.16794785;N;N
CLASSES - FIP;13.884.810/0001-08;CTS - FUNDO DE INVESTIMENTO EM PARTICIPAÇÕES MULTIESTRATÉGIA;2026-08-31;115183.240000000000;;;;S;Investidores profissionais;175288075.35000000;175288075.35000002;175288075.35000000;172455667.74000000;172455667.74000000;0.00000000;0.00000000;0.00000000;0.00000000;0.00000000;0.00000000;0.00000000;0.00000000;0.00000000;0.00000000;0.00000000;3.00000000;100.00000000;0.00000000;0.00000000;0.00000000;0.00000000;0.00000000;0.00000000;0.00000000;0.00000000;0.00000000;0.00000000;0.00000000;0.00000000;0.00000000;0.00000000;0.00000000;0.00000000;0.00000000;0.00000000;3.00000000;100.00000000;1;3.00000000;175288075.35000002;172455667.74000000;0.00066790;N;N
CLASSES - FIP;13.977.989/0001-30;FUNDO DE INVESTIMENTO EM PARTICIPAÇÕES ZEST PAR MULTIESTRATÉGIA -  RESPONSABILIDADE LIMITADA;2026-04-30;196433588.410000000000;;;;S;Investidores profissionais;207681479.33000000;207681479.33000000;207681479.33000000;200813774.80000000;200813774.80000000;95020494.18000000;1.00000000;100.00000000;0.00000000;0.00000000;0.00000000;0.00000000;0.00000000;0.00000000;0.00000000;0.00000000;0.00000000;0.00000000;0.00000000;0.00000000;0.00000000;0.00000000;0.00000000;0.00000000;0.00000000;0.00000000;0.00000000;0.00000000;0.00000000;0.00000000;0.00000000;0.00000000;0.00000000;0.00000000;0.00000000;0.00000000;1.00000000;100.00000000;1;1.00000000;207681479.33000000;200813774.80000000;0.97818781;N;N
CLASSES - FIP;13.977.989/0001-30;FUNDO DE INVESTIMENTO EM PARTICIPAÇÕES ZEST PAR MULTIESTRATÉGIA -  RESPONSABILIDADE LIMITADA;2026-08-31;194262571.310000000000;;;;S;Investidores profissionais;207681479.33000000;207681479.33000000;207681479.33000000;200963774.80000000;200963774.80000000;95060027.80000000;1.00000000;100.00000000;0.00000000;0.00000000;0.00000000;0.00000000;0.00000000;0.00000000;0.00000000;0.00000000;0.00000000;0.00000000;0.00000000;0.00000000;0.00000000;0.00000000;0.00000000;0.00000000;0.00000000;0.00000000;0.00000000;0.00000000;0.00000000;0.00000000;0.00000000;0.00000000;0.00000000;0.00000000;0.00000000;0.00000000;1.00000000;100.00000000;1;1.00000000;207681479.33000000;200963774.80000000;0.96665466;N;N
CLASSES - FIP;14.035.157/0001-67;FUNDO DE INVESTIMENTO EM PARTICIPAÇÕES NUTRINVEST MULTIESTRATÉGIA - RESPONSABILIDADE LIMITADA;2026-04-30;99946329.640000000000;;;;N;Investidores qualificados;91550714.41000000;91866.71546197;91550714.41000000;91550.17551455;91550714.41000000;0.00000000;2.00000000;100.00000000;0.00000000;0.00000000;0.00000000;0.00000000;0.00000000;0.00000000;0.00000000;0.00000000;0.00000000;0.00000000;0.00000000;0.00000000;0.00000000;0.00000000;0.00000000;0.00000000;0.00000000;0.00000000;0.00000000;0.00000000;0.00000000;0.00000000;0.00000000;0.00000000;0.00000000;0.00000000;0.00000000;0.00000000;2.00000000;100.00000000;1;2.00000000;91866.71546197;91550.17551455;1091.71095608;N;N
CLASSES - FIP;14.035.157/0001-67;FUNDO DE INVESTIMENTO EM PARTICIPAÇÕES NUTRINVEST MULTIESTRATÉGIA - RESPONSABILIDADE LIMITADA;2026-08-31;123073149.880000000000;;;;N;Investidores qualificados;91550714.41000000;91866.71546197;91550714.41000000;91550.17551455;91550714.41000000;0.00000000;2.00000000;100.00000000;0.00000000;0.00000000;0.00000000;0.00000000;0.00000000;0.00000000;0.00000000;0.00000000;0.00000000;0.00000000;0.00000000;0.00000000;0.00000000;0.00000000;0.00000000;0.00000000;0.00000000;0.00000000;0.00000000;0.00000000;0.00000000;0.00000000;0.00000000;0.00000000;0.00000000;0.00000000;0.00000000;0.00000000;2.00000000;100.00000000;1;2.00000000;91866.71546197;91550.17551455;1344.32456507;N;N
CLASSES - FIP;14.067.616/0001-94;FUNDO DE INVESTIMENTO EM PARTICIPAÇÕES TERRA BRASIS RE 2 - MULTIESTRATÉGIA;2026-04-30;-474.230000000000;;;;N;Investidores profissionais;28026.21000000;28026.21226781;14219.71307781;28026.21226781;36547510.20000000;0.00000000;0.00000000;0.00000000;0.00000000;0.00000000;0.00000000;0.00000000;0.00000000;0.00000000;0.00000000;0.00000000;0.00000000;0.00000000;0.00000000;0.00000000;0.00000000;0.00000000;0.00000000;0.00000000;0.00000000;0.00000000;0.00000000;0.00000000;0.00000000;0.00000000;1.00000000;100.00000000;0.00000000;0.00000000;0.00000000;0.00000000;1.00000000;100.00000000;1;1.00000000;28026.21226781;28026.21226781;-0.01692095;N;N
CLASSES - FIP;14.067.616/0001-94;FUNDO DE INVESTIMENTO EM PARTICIPAÇÕES TERRA BRASIS RE 2 - MULTIESTRATÉGIA;2026-08-31;-1191.590000000000;;;;N;Investidores profissionais;28026.21000000;28026.21226781;14219.71307781;28026.21226781;36547510.20000000;0.00000000;0.00000000;0.00000000;0.00000000;0.00000000;0.00000000;0.00000000;0.00000000;0.00000000;0.00000000;0.00000000;0.00000000;0.00000000;0.00000000;0.00000000;0.00000000;0.00000000;0.00000000;0.00000000;0.00000000;0.00000000;0.00000000;0.00000000;0.00000000;0.00000000;1.00000000;100.00000000;0.00000000;0.00000000;0.00000000;0.00000000;1.00000000;100.00000000;1;1.00000000;28026.21226781;28026.21226781;-0.04251698;N;N
CLASSES - FIP;14.067.618/0001-83;FUNDO DE INVESTIMENTO EM PARTICIPAÇÕES TERRA BRASIS RE 1 - MULTIESTRATÉGIA;2026-04-30;15032.600000000000;;;;N;Investidores profissionais;27579.32000000;27579.31546359;27579.31546359;27579.31546359;33121853.24000000;0.00000000;0.00000000;0.00000000;0.00000000;0.00000000;0.00000000;0.00000000;0.00000000;0.00000000;0.00000000;0.00000000;0.00000000;0.00000000;0.00000000;0.00000000;0.00000000;0.00000000;0.00000000;0.00000000;0.00000000;0.00000000;0.00000000;0.00000000;0.00000000;0.00000000;1.00000000;100.00000000;0.00000000;0.00000000;0.00000000;0.00000000;1.00000000;100.00000000;1;1.00000000;27579.31546359;27579.31546359;0.54506792;N;N
CLASSES - FIP;14.067.618/0001-83;FUNDO DE INVESTIMENTO EM PARTICIPAÇÕES TERRA BRASIS RE 1 - MULTIESTRATÉGIA;2026-08-31;4420.160000000000;;;;N;Investidores profissionais;27579.32000000;27579.31546359;27579.31546359;27579.31546359;33121853.24000000;0.00000000;0.00000000;0.00000000;0.00000000;0.00000000;0.00000000;0.00000000;0.00000000;0.00000000;0.00000000;0.00000000;0.00000000;0.00000000;0.00000000;0.00000000;0.00000000;0.00000000;0.00000000;0.00000000;0.00000000;0.00000000;0.00000000;0.00000000;0.00000000;0.00000000;1.00000000;100.00000000;0.00000000;0.00000000;0.00000000;0.00000000;1.00000000;100.00000000;1;1.00000000;27579.31546359;27579.31546359;0.16027084;N;N
CLASSES - FIP;14.113.407/0001-30;VISEU FUNDO DE INVESTIMENTO EM PARTICIPAÇÕES - CAPITAL SEMENTE;2026-04-30;51435867.000000000000;;;;N;Investidores profissionais;51435867.00000000;7934.60301910;51435867.00000000;7934.60301910;51435867.00000000;0.00000000;0.00000000;0.00000000;0.00000000;0.00000000;0.00000000;0.00000000;0.00000000;0.00000000;0.00000000;0.00000000;0.00000000;0.00000000;0.00000000;0.00000000;0.00000000;0.00000000;0.00000000;0.00000000;0.00000000;0.00000000;0.00000000;0.00000000;0.00000000;0.00000000;1.00000000;100.00000000;0.00000000;0.00000000;0.00000000;0.00000000;7.00000000;100.00000000;1;1.00000000;7934.60301910;7934.60301910;6482.47516305;N;N
CLASSES - FIP;14.113.407/0001-30;VISEU FUNDO DE INVESTIMENTO EM PARTICIPAÇÕES - CAPITAL SEMENTE;2026-08-31;55871394.950000000000;;;;S;Investidores profissionais;0.00000000;8628.36487148;55933784.94731680;8628.36487148;55933784.94731680;0.00000000;0.00000000;0.00000000;0.00000000;0.00000000;0.00000000;0.00000000;0.00000000;0.00000000;0.00000000;0.00000000;0.00000000;0.00000000;0.00000000;0.00000000;0.00000000;0.00000000;0.00000000;0.00000000;0.00000000;0.00000000;0.00000000;0.00000000;0.00000000;0.00000000;1.00000000;100.00000000;0.00000000;0.00000000;0.00000000;0.00000000;1.00000000;100.00000000;1;1.00000000;8628.36487148;8628.36487148;6475.31667729;N;N
CLASSES - FIP;14.188.179/0001-67;FUNDO DE INVESTIMENTO EM PARTICIPAÇÕES BFT MULTIESTRATÉGIA;2026-04-30;34061991.850000000000;;;;N;Investidores profissionais;34061991.85000000;14795.38793000;14795387.93000000;14795.38793000;14795387.93000000;0.00000000;0.00000000;0.00000000;0.00000000;0.00000000;0.00000000;0.00000000;0.00000000;0.00000000;0.00000000;0.00000000;1.00000000;37.67000000;0.00000000;0.00000000;0.00000000;0.00000000;0.00000000;0.00000000;0.00000000;0.00000000;0.00000000;0.00000000;0.00000000;0.00000000;1.00000000;62.33000000;0.00000000;0.00000000;0.00000000;0.00000000;2.00000000;100.00000000;1;1.00000000;93525661.22090630;93525661.22090630;1.38648898;N;N
CLASSES - FIP;14.188.179/0001-67;FUNDO DE INVESTIMENTO EM PARTICIPAÇÕES BFT MULTIESTRATÉGIA;2026-08-31;34035862.470000000000;;;;N;Investidores profissionais;34035862.47000000;55356.68764555;119177405.29000000;55356.68764555;119177405.29000000;0.00000000;0.00000000;0.00000000;0.00000000;0.00000000;0.00000000;0.00000000;0.00000000;0.00000000;0.00000000;0.00000000;1.00000000;37.67000000;0.00000000;0.00000000;0.00000000;0.00000000;0.00000000;0.00000000;0.00000000;0.00000000;0.00000000;0.00000000;0.00000000;0.00000000;1.00000000;62.33000000;0.00000000;0.00000000;0.00000000;0.00000000;2.00000000;100.00000000;unica;2.00000000;55356.68764555;55356.68764555;614.84644255;N;N
CLASSES - FIP;14.240.738/0001-30;FUNDO DE INVESTIMENTO EM PARTICIPACOES MULTIESTRATÉGIA BRASIL PETROLEO 1 RESPONSABILIDADE LIMITADA;2026-04-30;143601.070000000000;;;;S;Investidores qualificados;585364000.00000000;585364.00000000;585364000.00000000;314384.57276280;314384572.76000000;0.00000000;0.00000000;0.00000000;0.00000000;0.00000000;0.00000000;0.00000000;0.00000000;0.00000000;0.00000000;0.00000000;0.00000000;0.00000000;0.00000000;0.00000000;4.00000000;21.35000000;0.00000000;0.00000000;0.00000000;0.00000000;0.00000000;0.00000000;0.00000000;0.00000000;14.00000000;78.65000000;0.00000000;0.00000000;0.00000000;0.00000000;18.00000000;100.00000000;Unica;18.00000000;585364.00000000;314384.57276280;0.45676882;N;N
CLASSES - FIP;14.240.738/0001-30;FUNDO DE INVESTIMENTO EM PARTICIPACOES MULTIESTRATÉGIA BRASIL PETROLEO 1 RESPONSABILIDADE LIMITADA;2026-08-31;288241.020000000000;;;;S;Investidores qualificados;585364000.00000000;585364.00000000;585364000.00000000;314634.57276274;314634572.76000000;0.00000000;0.00000000;0.00000000;0.00000000;0.00000000;0.00000000;0.00000000;0.00000000;0.00000000;0.00000000;0.00000000;0.00000000;0.00000000;0.00000000;0.00000000;4.00000000;21.35000000;0.00000000;0.00000000;0.00000000;0.00000000;0.00000000;0.00000000;0.00000000;0.00000000;14.00000000;78.65000000;0.00000000;0.00000000;0.00000000;0.00000000;18.00000000;100.00000000;1;1.00000000;585364.00000000;314634.57276274;0.91611363;N;N
CLASSES - FIP;14.240.744/0001-98;FUNDO DE INVESTIMENTO EM PARTICIPAÇÕES MULTIESTRATÉGIA BRASIL PETRÓLEO 2 RESPONSABILIDADE LIMITADA;2026-04-30;369487.480000000000;;;;S;Investidores qualificados;154639175.26000000;154639.17526000;154639175.26000000;111100.22911990;111100229.12000000;0.00000000;0.00000000;0.00000000;0.00000000;0.00000000;0.00000000;0.00000000;0.00000000;0.00000000;0.00000000;0.00000000;0.00000000;0.00000000;0.00000000;0.00000000;0.00000000;0.00000000;0.00000000;0.00000000;0.00000000;0.00000000;0.00000000;0.00000000;0.00000000;0.00000000;5.00000000;100.00000000;0.00000000;0.00000000;0.00000000;0.00000000;5.00000000;100.00000000;Unica;5.00000000;154639.17526000;111100.22911990;3.32571303;N;N
CLASSES - FIP;14.240.744/0001-98;FUNDO DE INVESTIMENTO EM PARTICIPAÇÕES MULTIESTRATÉGIA BRASIL PETRÓLEO 2 RESPONSABILIDADE LIMITADA;2026-08-31;272821.490000000000;;;;S;Investidores qualificados;153056000.00000000;153056.00000000;153056000.00000000;111100.22911990;111100229.12000000;0.00000000;0.00000000;0.00000000;0.00000000;0.00000000;0.00000000;0.00000000;0.00000000;0.00000000;0.00000000;0.00000000;0.00000000;0.00000000;0.00000000;0.00000000;0.00000000;0.00000000;0.00000000;0.00000000;0.00000000;0.00000000;0.00000000;0.00000000;0.00000000;0.00000000;5.00000000;100.00000000;0.00000000;0.00000000;0.00000000;0.00000000;5.00000000;100.00000000;1;1.00000000;153056.00000000;111100.22911990;2.45563391;N;N
CLASSES - FIP;14.298.866/0001-35;KINEA COINVESTIMENTO III FUNDO DE INVESTIMENTO EM PARTICIPAÇÕES MULTIESTRATÉGIA RESP LIMITADA;2026-04-30;27317772.940200000000;;;;S;Investidores qualificados;0.00000000;64330.00733000;64330000.00000000;61114.96148000;63640825.46000000;0.00000000;2.00000000;10.35000000;0.00000000;0.00000000;0.00000000;0.00000000;0.00000000;0.00000000;0.00000000;0.00000000;1.00000000;28.23000000;0.00000000;0.00000000;0.00000000;0.00000000;0.00000000;0.00000000;0.00000000;0.00000000;0.00000000;0.00000000;0.00000000;0.00000000;6.00000000;61.41000000;0.00000000;0.00000000;0.00000000;0.00000000;9.00000000;99.99000000;1;9.00000000;64330.00733000;61114.96148000;446.98993950;N;N
CLASSES - FIP;14.298.866/0001-35;KINEA COINVESTIMENTO III FUNDO DE INVESTIMENTO EM PARTICIPAÇÕES MULTIESTRATÉGIA RESP LIMITADA;2026-08-31;28258585.320000000000;;;;S;Investidores qualificados;0.00000000;70989.67733000;64330000.00000000;61114.96148000;63640825.46000000;0.00000000;2.00000000;18.76000000;0.00000000;0.00000000;0.00000000;0.00000000;0.00000000;0.00000000;0.00000000;0.00000000;1.00000000;25.59000000;0.00000000;0.00000000;0.00000000;0.00000000;0.00000000;0.00000000;0.00000000;0.00000000;0.00000000;0.00000000;0.00000000;0.00000000;6.00000000;55.65000000;0.00000000;0.00000000;0.00000000;0.00000000;9.00000000;100.00000000;1;9.00000000;70989.67733000;61114.96148000;462.38408130;N;N
CLASSES - FIP;14.311.936/0001-48;PATRIMONIAL BLUE - FUNDO DE INVESTIMENTO EM PARTICIPAÇÕES MULTIESTRATÉGIA;2026-04-30;5114416.480000000000;;;;S;Investidores qualificados;0.00000000;848766.08071580;23957527.99000000;848766.08071580;23957527.99000000;0.00000000;1.00000000;9.98085983;0.00000000;0.00000000;0.00000000;0.00000000;0.00000000;0.00000000;0.00000000;0.00000000;0.00000000;0.00000000;0.00000000;0.00000000;0.00000000;0.00000000;0.00000000;0.00000000;0.00000000;0.00000000;0.00000000;0.00000000;0.00000000;0.00000000;1.00000000;90.01914037;0.00000000;0.00000000;0.00000000;0.00000000;2.00000000;100.00000020;1;2.00000000;848766.08071580;848766.08071580;6.02570790;N;N
CLASSES - FIP;14.311.936/0001-48;PATRIMONIAL BLUE - FUNDO DE INVESTIMENTO EM PARTICIPAÇÕES MULTIESTRATÉGIA;2026-08-31;5063913.580000000000;;;;S;Investidores qualificados;0.00000000;848766.08071580;23957527.99000000;848766.08071580;23957527.99000000;0.00000000;1.00000000;9.98085931;0.00000000;0.00000000;0.00000000;0.00000000;0.00000000;0.00000000;0.00000000;0.00000000;0.00000000;0.00000000;0.00000000;0.00000000;0.00000000;0.00000000;0.00000000;0.00000000;0.00000000;0.00000000;0.00000000;0.00000000;0.00000000;0.00000000;1.00000000;90.01913911;0.00000000;0.00000000;0.00000000;0.00000000;2.00000000;99.99999842;1;2.00000000;848766.08071580;848766.08071580;5.96620630;N;N
CLASSES - FIP;14.364.235/0001-77;FINVEST BSO FUNDO DE INVESTIMENTO EM PARTICIPAÇÕES MULTIESTRATÉGIA RESPONSABILIDADE LIMITADA;2026-04-30;127048828.310000000000;;;;S;Investidores qualificados;77902711.04000000;63.51611809;77902711.04000000;63.51611809;77902711.04000000;0.00000000;0.00000000;0.00000000;0.00000000;0.00000000;0.00000000;0.00000000;0.00000000;0.00000000;0.00000000;0.00000000;3.00000000;68.75000000;0.00000000;0.00000000;0.00000000;0.00000000;0.00000000;0.00000000;0.00000000;0.00000000;0.00000000;0.00000000;0.00000000;0.00000000;3.00000000;31.25000000;0.00000000;0.00000000;0.00000000;0.00000000;6.00000000;100.00000000;1;6.00000000;63.51611809;63.51611809;2000261.22707903;N;N
CLASSES - FIP;14.432.324/0001-03;BRATUS MIDDLE MARKET FIP MULTIESTRATÉGIA RESPONSABILIDADE LIMITADA;2026-04-30;19322376.830000000000;;;;S;Investidores qualificados;46583466.68000000;53.00000007;46583466.68000000;53.00000000;29181481.54000000;0.00000000;9.00000000;53.11000000;0.00000000;0.00000000;0.00000000;0.00000000;0.00000000;0.00000000;0.00000000;0.00000000;0.00000000;0.00000000;0.00000000;0.00000000;0.00000000;0.00000000;0.00000000;0.00000000;0.00000000;0.00000000;0.00000000;0.00000000;0.00000000;0.00000000;4.00000000;35.49000000;0.00000000;0.00000000;3.00000000;11.40000000;16.00000000;100.00000000;1;5.00000000;27.24179331;27.00000000;380641.52780071;N;N
CLASSES - FIP;14.432.324/0001-03;BRATUS MIDDLE MARKET FIP MULTIESTRATÉGIA RESPONSABILIDADE LIMITADA;2026-04-30;19322376.830000000000;;;;S;Investidores qualificados;46583466.68000000;53.00000007;46583466.68000000;53.00000000;29181481.54000000;0.00000000;9.00000000;53.11000000;0.00000000;0.00000000;0.00000000;0.00000000;0.00000000;0.00000000;0.00000000;0.00000000;0.00000000;0.00000000;0.00000000;0.00000000;0.00000000;0.00000000;0.00000000;0.00000000;0.00000000;0.00000000;0.00000000;0.00000000;0.00000000;0.00000000;4.00000000;35.49000000;0.00000000;0.00000000;3.00000000;11.40000000;16.00000000;100.00000000;2;15.00000000;25.75820676;26.00000000;347886.75313624;N;N
CLASSES - FIP;14.432.324/0001-03;BRATUS MIDDLE MARKET FIP MULTIESTRATÉGIA RESPONSABILIDADE LIMITADA;2026-08-31;19185819.520000000000;;;;S;Investidores qualificados;46583466.68000000;53.00000007;46583466.68000000;53.00000000;29181481.54000000;0.00000000;9.00000000;53.11000000;0.00000000;0.00000000;0.00000000;0.00000000;0.00000000;0.00000000;0.00000000;0.00000000;0.00000000;0.00000000;0.00000000;0.00000000;0.00000000;0.00000000;0.00000000;0.00000000;0.00000000;0.00000000;0.00000000;0.00000000;0.00000000;0.00000000;4.00000000;35.49000000;0.00000000;0.00000000;3.00000000;11.40000000;16.00000000;100.00000000;1;5.00000000;27.24179331;27.00000000;378910.07215805;N;N
CLASSES - FIP;14.432.324/0001-03;BRATUS MIDDLE MARKET FIP MULTIESTRATÉGIA RESPONSABILIDADE LIMITADA;2026-08-31;19185819.520000000000;;;;S;Investidores qualificados;46583466.68000000;53.00000007;46583466.68000000;53.00000000;29181481.54000000;0.00000000;9.00000000;53.11000000;0.00000000;0.00000000;0.00000000;0.00000000;0.00000000;0.00000000;0.00000000;0.00000000;0.00000000;0.00000000;0.00000000;0.00000000;0.00000000;0.00000000;0.00000000;0.00000000;0.00000000;0.00000000;0.00000000;0.00000000;0.00000000;0.00000000;4.00000000;35.49000000;0.00000000;0.00000000;3.00000000;11.40000000;16.00000000;100.00000000;2;15.00000000;25.75820676;26.00000000;344432.59889659;N;N
CLASSES - FIP;14.549.712/0001-79;VN FUNDO DE INVESTIMENTO EM PARTICIPAÇÕES - MULTIESTRATEGIA;2026-04-30;564880156.620000000000;;;;S;Investidores profissionais;114794139.87000000;1616.12990808;114794139.87000000;1616.12990808;114794139.87000000;0.00000000;0.00000000;0.00000000;0.00000000;0.00000000;0.00000000;0.00000000;0.00000000;0.00000000;0.00000000;0.00000000;0.00000000;0.00000000;0.00000000;0.00000000;0.00000000;0.00000000;0.00000000;0.00000000;0.00000000;0.00000000;0.00000000;0.00000000;0.00000000;0.00000000;1.00000000;100.00000000;0.00000000;0.00000000;0.00000000;0.00000000;1.00000000;100.00000000;1;1.00000000;1616.12990808;1616.12990808;349526.45439938;N;N
CLASSES - FIP;14.549.712/0001-79;VN FUNDO DE INVESTIMENTO EM PARTICIPAÇÕES - MULTIESTRATEGIA;2026-08-31;1270754238.520000000000;;;;S;Investidores profissionais;0.00000000;1616.12990000;114794139.87000000;1616.12990000;114794139.87000000;0.00000000;0.00000000;0.00000000;1.00000000;100.00000000;0.00000000;0.00000000;0.00000000;0.00000000;0.00000000;0.00000000;0.00000000;0.00000000;0.00000000;0.00000000;0.00000000;0.00000000;0.00000000;0.00000000;0.00000000;0.00000000;0.00000000;0.00000000;0.00000000;0.00000000;0.00000000;0.00000000;0.00000000;0.00000000;0.00000000;0.00000000;1.00000000;100.00000000;1;1.00000000;1616.12990000;1616.12990000;786294.61160000;N;N
CLASSES - FIP;14.584.094/0001-06;BTG PACTUAL INFRAESTRUTURA II FIC DE FI EM PARTICIPAÇÕES MULTIESTRATÉGIA RESPONSABILIDADE LIMITADA;2026-04-30;11287729.130000000000;;;;S;Investidores qualificados;757600000.00000000;757600000.00000000;757600000.00000000;371981608.65019080;371981608.55000000;15788321.03090000;0.00000000;0.00000000;0.00000000;0.00000000;0.00000000;0.00000000;0.00000000;0.00000000;0.00000000;0.00000000;0.00000000;0.00000000;0.00000000;0.00000000;0.00000000;0.00000000;0.00000000;0.00000000;0.00000000;0.00000000;0.00000000;0.00000000;0.00000000;0.00000000;1.00000000;100.00000000;0.00000000;0.00000000;0.00000000;0.00000000;1.00000000;100.00000000;1;1.00000000;757600000.00000000;371981608.65019100;0.03034490;N;N
CLASSES - FIP;14.584.094/0001-06;BTG PACTUAL INFRAESTRUTURA II FIC DE FI EM PARTICIPAÇÕES MULTIESTRATÉGIA RESPONSABILIDADE LIMITADA;2026-08-31;11277450.460000000000;;;;S;Investidores qualificados;757600000.00000000;757600000.00000000;757600000.00000000;371981608.65019090;371981608.55000000;14594170.98070000;0.00000000;0.00000000;0.00000000;0.00000000;0.00000000;0.00000000;0.00000000;0.00000000;0.00000000;0.00000000;0.00000000;0.00000000;0.00000000;0.00000000;0.00000000;0.00000000;0.00000000;0.00000000;0.00000000;0.00000000;0.00000000;0.00000000;0.00000000;0.00000000;1.00000000;100.00000000;0.00000000;0.00000000;0.00000000;0.00000000;1.00000000;100.00000000;1;1.00000000;757600000.00000000;371981608.65019100;0.03031720;N;N
CLASSES - FIP;14.596.751/0001-27;BTG PACTUAL INFRAESTRUTURA II FIP MULTIESTRATÉGIA RESPONSABILIDADE LIMITADA;2026-04-30;56193944.900000000000;;;;S;Investidores qualificados;0.00000000;0.00000000;0.00000000;419374037.31999990;105304214.77380000;0.00000000;0.00000000;0.00000000;0.00000000;0.00000000;0.00000000;0.00000000;0.00000000;0.00000000;0.00000000;0.00000000;0.00000000;0.00000000;0.00000000;0.00000000;0.00000000;0.00000000;0.00000000;0.00000000;0.00000000;0.00000000;0.00000000;0.00000000;0.00000000;0.00000000;0.00000000;0.00000000;0.00000000;0.00000000;0.00000000;0.00000000;0.00000000;100.00000000;1;0.00000000;0.00000000;419374037.32000000;0.13399480;N;N
CLASSES - FIP;14.596.751/0001-27;BTG PACTUAL INFRAESTRUTURA II FIP MULTIESTRATÉGIA RESPONSABILIDADE LIMITADA;2026-08-31;51943730.920000000000;;;;S;Investidores qualificados;0.00000000;0.00000000;0.00000000;419374037.31999990;105304214.77380000;0.00000000;0.00000000;0.00000000;0.00000000;0.00000000;0.00000000;0.00000000;0.00000000;0.00000000;0.00000000;0.00000000;0.00000000;0.00000000;0.00000000;0.00000000;0.00000000;0.00000000;0.00000000;0.00000000;0.00000000;0.00000000;0.00000000;0.00000000;0.00000000;0.00000000;0.00000000;0.00000000;0.00000000;0.00000000;0.00000000;0.00000000;0.00000000;100.00000000;1;0.00000000;0.00000000;419374037.32000000;0.12386010;N;N
CLASSES - FIP;14.596.766/0001-95;2BCAPITAL - BRASIL CAPITAL DE CRESCIMENTO I - FUNDO DE INVESTIMENTO EM PARTICIPAÇÕES MULTIESTRATÉGIA;2026-04-30;216049685.930000000000;;;;S;Investidores qualificados;405000000.00000000;4050.00000000;405000000.00000000;3139.87999990;313987999.99000000;0.00000000;3.00000000;0.74074074;2.00000000;38.76543210;0.00000000;0.00000000;0.00000000;0.00000000;1.00000000;2.46913580;0.00000000;0.00000000;0.00000000;0.00000000;6.00000000;25.92592593;0.00000000;0.00000000;0.00000000;0.00000000;0.00000000;0.00000000;0.00000000;0.00000000;7.00000000;32.09876543;0.00000000;0.00000000;0.00000000;0.00000000;19.00000000;100.00000000;1;19.00000000;4050.00000000;3139.87999990;68808.26207909;N;N
CLASSES - FIP;14.596.766/0001-95;2BCAPITAL - BRASIL CAPITAL DE CRESCIMENTO I - FUNDO DE INVESTIMENTO EM PARTICIPAÇÕES MULTIESTRATÉGIA;2026-08-31;177283274.770000000000;;;;S;Investidores qualificados;405000000.00000000;4050.00000000;405000000.00000000;3139.87999990;313987999.99000000;0.00000000;3.00000000;0.74074074;2.00000000;38.76543210;0.00000000;0.00000000;0.00000000;0.00000000;1.00000000;2.46913580;0.00000000;0.00000000;0.00000000;0.00000000;6.00000000;25.92592593;0.00000000;0.00000000;0.00000000;0.00000000;0.00000000;0.00000000;0.00000000;0.00000000;7.00000000;32.09876543;0.00000000;0.00000000;0.00000000;0.00000000;19.00000000;100.00000000;1;19.00000000;4050.00000000;3139.87999990;56461.79942407;N;N
CLASSES - FIP;14.609.746/0001-01;HSI IV REAL ESTATE FUNDO DE INVESTIMENTO EM PARTICIPAÇÕES;2026-04-30;328772900.210000000000;;;;S;Investidores profissionais;1800000000.00000000;18000.00000000;1800000000.00000000;16396.30326948;1533419762.18000000;0.00000000;0.00000000;0.00000000;0.00000000;0.00000000;0.00000000;0.00000000;0.00000000;0.00000000;0.00000000;0.00000000;3.00000000;100.00000000;0.00000000;0.00000000;0.00000000;0.00000000;0.00000000;0.00000000;0.00000000;0.00000000;0.00000000;0.00000000;0.00000000;0.00000000;0.00000000;0.00000000;0.00000000;0.00000000;0.00000000;0.00000000;3.00000000;100.00000000;1;3.00000000;18000.00000000;16396.30326948;20051.64791151;N;N
CLASSES - FIP;14.609.746/0001-01;HSI IV REAL ESTATE FUNDO DE INVESTIMENTO EM PARTICIPAÇÕES;2026-08-31;349836346.160000000000;;;;S;Investidores profissionais;1800000000.00000000;18000.00000000;1800000000.00000000;16396.30326948;1533419762.18000000;0.00000000;0.00000000;0.00000000;0.00000000;0.00000000;0.00000000;0.00000000;0.00000000;0.00000000;0.00000000;0.00000000;3.00000000;100.00000000;0.00000000;0.00000000;0.00000000;0.00000000;0.00000000;0.00000000;0.00000000;0.00000000;0.00000000;0.00000000;0.00000000;0.00000000;0.00000000;0.00000000;0.00000000;0.00000000;0.00000000;0.00000000;3.00000000;100.00000000;1;3.00000000;18000.00000000;16396.30326948;21336.29394445;N;N
CLASSES - FIP;14.665.341/0001-90;DONEC I - FUNDO DE INVESTIMENTO EM PARTICIPAÇÕES - MULTIESTRATÉGIA;2026-04-30;122449605.040000000000;;;;S;Investidores qualificados;2995200.00000000;78807824.98972930;2995200.00000000;78807824.98972930;78965223.05000000;0.00000000;0.00000000;0.00000000;0.00000000;0.00000000;0.00000000;0.00000000;0.00000000;0.00000000;0.00000000;0.00000000;3.00000000;100.00000000;0.00000000;0.00000000;0.00000000;0.00000000;0.00000000;0.00000000;0.00000000;0.00000000;0.00000000;0.00000000;0.00000000;0.00000000;0.00000000;0.00000000;0.00000000;0.00000000;0.00000000;0.00000000;3.00000000;100.00000000;1;3.00000000;78807824.98972930;78807824.98972930;1.55377470;N;N
CLASSES - FIP;14.665.341/0001-90;DONEC I - FUNDO DE INVESTIMENTO EM PARTICIPAÇÕES - MULTIESTRATÉGIA;2026-08-31;122511291.280000000000;;;;S;Investidores qualificados;2995200.00000000;78807824.98972930;2995200.00000000;78807824.98972930;78965223.05000000;0.00000000;0.00000000;0.00000000;0.00000000;0.00000000;0.00000000;0.00000000;0.00000000;0.00000000;0.00000000;0.00000000;3.00000000;100.00000000;0.00000000;0.00000000;0.00000000;0.00000000;0.00000000;0.00000000;0.00000000;0.00000000;0.00000000;0.00000000;0.00000000;0.00000000;0.00000000;0.00000000;0.00000000;0.00000000;0.00000000;0.00000000;3.00000000;100.00000000;1;3.00000000;78807824.98972930;78807824.98972930;1.55455744;N;N
CLASSES - FIP;14.721.044/0001-15;INFRA SETORIAL FUNDO DE INVESTIMENTO EM PARTICIPAÇÕES MULTIESTRATÉGIA;2026-04-30;1021738929.220000000000;;;;S;Investidores qualificados;736476161.62000000;536524.17471062;736476161.62000000;536524.17471062;736476161.62000000;0.00000000;0.00000000;0.00000000;0.00000000;0.00000000;0.00000000;0.00000000;0.00000000;0.00000000;0.00000000;0.00000000;1.00000000;39.93000000;0.00000000;0.00000000;3.00000000;2.15000000;9.00000000;24.34000000;0.00000000;0.00000000;0.00000000;0.00000000;0.00000000;0.00000000;1.00000000;33.58000000;0.00000000;0.00000000;0.00000000;0.00000000;14.00000000;100.00000000;1;14.00000000;536524.17471062;536524.17471062;1904.36699292;N;N
CLASSES - FIP;14.721.044/0001-15;INFRA SETORIAL FUNDO DE INVESTIMENTO EM PARTICIPAÇÕES MULTIESTRATÉGIA;2026-08-31;1021978449.560000000000;;;;S;Investidores qualificados;736476161.62000000;536524.17471062;736476161.62000000;536524.17471062;736476161.62000000;0.00000000;0.00000000;0.00000000;0.00000000;0.00000000;0.00000000;0.00000000;0.00000000;0.00000000;0.00000000;0.00000000;1.00000000;39.93000000;0.00000000;0.00000000;3.00000000;2.15000000;9.00000000;24.34000000;0.00000000;0.00000000;0.00000000;0.00000000;0.00000000;0.00000000;1.00000000;33.58000000;0.00000000;0.00000000;0.00000000;0.00000000;14.00000000;100.00000000;1;14.00000000;536524.17471062;536524.17471062;1904.81342264;N;N
CLASSES - FIP;14.737.553/0001-36;BRASIL PORTOS E ATIVOS LOGÍSTICOS FUNDO DE INVESTIMENTO E M PARTICIPAÇÕES RESPONSABILIDADE LIMITADA;2026-04-30;300777921.930000000000;;;;S;Investidores profissionais;900000000.00000000;282800.99999235;900000000.00000000;282800.99999235;900000000.00000000;0.00000000;0.00000000;0.00000000;0.00000000;0.00000000;0.00000000;0.00000000;2275.00000000;63.93000000;0.00000000;0.00000000;0.00000000;0.00000000;0.00000000;0.00000000;0.00000000;0.00000000;0.00000000;0.00000000;0.00000000;0.00000000;0.00000000;0.00000000;0.00000000;0.00000000;0.00000000;0.00000000;3.00000000;36.07000000;0.00000000;0.00000000;2278.00000000;100.00000000;1;23.00000000;282800.99999235;282800.99999235;1063.56739169;N;N
CLASSES - FIP;14.737.553/0001-36;BRASIL PORTOS E ATIVOS LOGÍSTICOS FUNDO DE INVESTIMENTO E M PARTICIPAÇÕES RESPONSABILIDADE LIMITADA;2026-08-31;350279052.670000000000;;;;S;Investidores profissionais;815725000.00000000;282800.99999000;815725000.00000000;282800.99999235;181770840.35000000;0.00000000;0.00000000;0.00000000;1.00000000;32.11000000;0.00000000;0.00000000;0.00000000;0.00000000;1.00000000;18.81000000;0.00000000;0.00000000;2.00000000;0.33000000;19.00000000;35.36000000;0.00000000;0.00000000;0.00000000;0.00000000;0.00000000;0.00000000;0.00000000;0.00000000;3.00000000;10.89000000;0.00000000;0.00000000;1.00000000;2.50000000;27.00000000;100.00000000;1;27.00000000;282800.99999000;282800.99999235;1238.60613180;N;N
CLASSES - FIP;14.769.978/0001-27;TELLES FUNDO DE INVESTIMENTO EM PARTICIPAÇÕES - MULTIESTRATEGIA;2026-04-30;0.000000000000;;;;N;Investidores qualificados;0.00000000;0.00000000;0.00000000;0.00000000;0.00000000;0.00000000;0.00000000;0.00000000;0.00000000;0.00000000;0.00000000;0.00000000;0.00000000;0.00000000;0.00000000;0.00000000;0.00000000;0.00000000;0.00000000;0.00000000;0.00000000;0.00000000;0.00000000;0.00000000;0.00000000;0.00000000;0.00000000;0.00000000;0.00000000;0.00000000;0.00000000;0.00000000;0.00000000;0.00000000;0.00000000;0.00000000;0.00000000;0.00000000;1;0.00000000;0.00000000;0.00000000;0.00000000;N;N
CLASSES - FIP;14.769.978/0001-27;TELLES FUNDO DE INVESTIMENTO EM PARTICIPAÇÕES - MULTIESTRATEGIA;2026-08-31;758483908.239968000000;;;;N;Investidores qualificados;433366351.41000000;1012788639.96783000;543990247.46000000;1012788639.96781000;543990247.46000000;0.00000000;0.00000000;0.00000000;0.00000000;0.00000000;0.00000000;0.00000000;0.00000000;0.00000000;0.00000000;0.00000000;0.00000000;0.00000000;0.00000000;0.00000000;0.00000000;0.00000000;0.00000000;0.00000000;0.00000000;0.00000000;0.00000000;0.00000000;0.00000000;0.00000000;0.00000000;0.00000000;0.00000000;0.00000000;1.00000000;100.00000000;1.00000000;100.00000000;1;1.00000000;1012788639.96783000;1012788639.96781000;0.74890640;N;N
CLASSES - FIP;14.824.053/0001-31;FUNDO DE INVESTIMENTO EM PARTICIPAÇÕES MULTIESTRATÉGIA - AMC;2026-04-30;-118941.530000000000;;;;N;Investidores qualificados;0.00000000;50254.12978240;11840796.47000000;50254.12978240;11840796.47000000;0.00000000;0.00000000;0.00000000;0.00000000;0.00000000;0.00000000;0.00000000;0.00000000;0.00000000;0.00000000;0.00000000;0.00000000;0.00000000;0.00000000;0.00000000;0.00000000;0.00000000;0.00000000;0.00000000;0.00000000;0.00000000;0.00000000;0.00000000;0.00000000;0.00000000;0.00000000;0.00000000;0.00000000;0.00000000;0.00000000;0.00000000;0.00000000;0.00000000;1;0.00000000;50254.12978240;50254.12978240;2.36680110;N;N
CLASSES - FIP;14.824.053/0001-31;FUNDO DE INVESTIMENTO EM PARTICIPAÇÕES MULTIESTRATÉGIA - AMC;2026-08-31;-133881.730000000000;;;;N;Investidores qualificados;0.00000000;50254.12978240;11840796.47000000;50254.12978240;11840796.47000000;0.00000000;0.00000000;0.00000000;0.00000000;0.00000000;0.00000000;0.00000000;0.00000000;0.00000000;0.00000000;0.00000000;0.00000000;0.00000000;0.00000000;0.00000000;0.00000000;0.00000000;0.00000000;0.00000000;0.00000000;0.00000000;0.00000000;0.00000000;0.00000000;0.00000000;0.00000000;0.00000000;0.00000000;0.00000000;0.00000000;0.00000000;0.00000000;0.00000000;1;0.00000000;50254.12978240;50254.12978240;2.66409410;N;N
CLASSES - FIP;14.851.652/0001-44;FUNDO DE INVESTIMENTO EM PARTICIPAÇÕES AJL II MULTIESTRATÉGIA;2026-04-30;9051986.470000000000;;;;S;Investidores qualificados;300234059.09000000;300234.05909000;300234059.09000000;203035.37895246;55691825.95000000;0.00000000;0.00000000;0.00000000;0.00000000;0.00000000;0.00000000;0.00000000;0.00000000;0.00000000;0.00000000;0.00000000;0.00000000;0.00000000;0.00000000;0.00000000;0.00000000;0.00000000;0.00000000;0.00000000;0.00000000;0.00000000;0.00000000;0.00000000;0.00000000;0.00000000;2.00000000;100.00000000;0.00000000;0.00000000;0.00000000;0.00000000;2.00000000;100.00000000;1;2.00000000;300234.05909000;203035.37895246;44.58329635;N;N
CLASSES - FIP;14.851.652/0001-44;FUNDO DE INVESTIMENTO EM PARTICIPAÇÕES AJL II MULTIESTRATÉGIA;2026-08-31;9154529.100000000000;;;;S;Investidores qualificados;300234059.09000000;300234.05909000;300234059.09000000;203035.37895246;55691825.95000000;0.00000000;0.00000000;0.00000000;0.00000000;0.00000000;0.00000000;0.00000000;0.00000000;0.00000000;0.00000000;0.00000000;0.00000000;0.00000000;0.00000000;0.00000000;0.00000000;0.00000000;0.00000000;0.00000000;0.00000000;0.00000000;0.00000000;0.00000000;0.00000000;0.00000000;2.00000000;100.00000000;0.00000000;0.00000000;0.00000000;0.00000000;2.00000000;100.00000000;1;2.00000000;300234.05909000;203035.37895246;45.05232222;N;N
CLASSES - FIP;14.853.687/0001-12;INNOVA FUNDO DE INVESTIMENTO EM PARTICIPAÇÕES - MULTIESTRATEGIA;2026-04-30;21775398.410000000000;;;;S;Investidores qualificados;195840000.00000000;195840.00000000;195840000.00000000;141178.87000000;136541000.04000000;0.00000000;5.00000000;25.01000000;0.00000000;0.00000000;0.00000000;0.00000000;0.00000000;0.00000000;0.00000000;0.00000000;10.00000000;74.99000000;0.00000000;0.00000000;0.00000000;0.00000000;0.00000000;0.00000000;0.00000000;0.00000000;0.00000000;0.00000000;0.00000000;0.00000000;0.00000000;0.00000000;0.00000000;0.00000000;0.00000000;0.00000000;15.00000000;100.00000000;1;5.00000000;146880.00000000;79436.15225000;266.86181000;N;N
CLASSES - FIP;14.853.687/0001-12;INNOVA FUNDO DE INVESTIMENTO EM PARTICIPAÇÕES - MULTIESTRATEGIA;2026-04-30;21775398.410000000000;;;;S;Investidores qualificados;195840000.00000000;195840.00000000;195840000.00000000;141178.87000000;136541000.04000000;0.00000000;5.00000000;25.01000000;0.00000000;0.00000000;0.00000000;0.00000000;0.00000000;0.00000000;0.00000000;0.00000000;10.00000000;74.99000000;0.00000000;0.00000000;0.00000000;0.00000000;0.00000000;0.00000000;0.00000000;0.00000000;0.00000000;0.00000000;0.00000000;0.00000000;0.00000000;0.00000000;0.00000000;0.00000000;0.00000000;0.00000000;15.00000000;100.00000000;2;5.00000000;12240.00000000;35304.17918000;-38.68981000;N;N
CLASSES - FIP;14.853.687/0001-12;INNOVA FUNDO DE INVESTIMENTO EM PARTICIPAÇÕES - MULTIESTRATEGIA;2026-04-30;21775398.410000000000;;;;S;Investidores qualificados;195840000.00000000;195840.00000000;195840000.00000000;141178.87000000;136541000.04000000;0.00000000;5.00000000;25.01000000;0.00000000;0.00000000;0.00000000;0.00000000;0.00000000;0.00000000;0.00000000;0.00000000;10.00000000;74.99000000;0.00000000;0.00000000;0.00000000;0.00000000;0.00000000;0.00000000;0.00000000;0.00000000;0.00000000;0.00000000;0.00000000;0.00000000;0.00000000;0.00000000;0.00000000;0.00000000;0.00000000;0.00000000;15.00000000;100.00000000;3;5.00000000;36720.00000000;26438.53838000;73.48514000;N;N
CLASSES - FIP;14.853.687/0001-12;INNOVA FUNDO DE INVESTIMENTO EM PARTICIPAÇÕES - MULTIESTRATEGIA;2026-08-31;0.000000000000;;;;S;Investidores qualificados;0.00000000;0.00000000;0.00000000;0.00000000;0.00000000;0.00000000;0.00000000;0.00000000;0.00000000;0.00000000;0.00000000;0.00000000;0.00000000;0.00000000;0.00000000;0.00000000;0.00000000;0.00000000;0.00000000;0.00000000;0.00000000;0.00000000;0.00000000;0.00000000;0.00000000;0.00000000;0.00000000;0.00000000;0.00000000;0.00000000;0.00000000;0.00000000;0.00000000;0.00000000;0.00000000;0.00000000;0.00000000;0.00000000;1;0.00000000;0.00000000;0.00000000;0.00000000;N;N
CLASSES - FIP;14.853.687/0001-12;INNOVA FUNDO DE INVESTIMENTO EM PARTICIPAÇÕES - MULTIESTRATEGIA;2026-08-31;0.000000000000;;;;S;Investidores qualificados;0.00000000;0.00000000;0.00000000;0.00000000;0.00000000;0.00000000;0.00000000;0.00000000;0.00000000;0.00000000;0.00000000;0.00000000;0.00000000;0.00000000;0.00000000;0.00000000;0.00000000;0.00000000;0.00000000;0.00000000;0.00000000;0.00000000;0.00000000;0.00000000;0.00000000;0.00000000;0.00000000;0.00000000;0.00000000;0.00000000;0.00000000;0.00000000;0.00000000;0.00000000;0.00000000;0.00000000;0.00000000;0.00000000;2;0.00000000;0.00000000;0.00000000;0.00000000;N;N
CLASSES - FIP;14.853.687/0001-12;INNOVA FUNDO DE INVESTIMENTO EM PARTICIPAÇÕES - MULTIESTRATEGIA;2026-08-31;0.000000000000;;;;S;Investidores qualificados;0.00000000;0.00000000;0.00000000;0.00000000;0.00000000;0.00000000;0.00000000;0.00000000;0.00000000;0.00000000;0.00000000;0.00000000;0.00000000;0.00000000;0.00000000;0.00000000;0.00000000;0.00000000;0.00000000;0.00000000;0.00000000;0.00000000;0.00000000;0.00000000;0.00000000;0.00000000;0.00000000;0.00000000;0.00000000;0.00000000;0.00000000;0.00000000;0.00000000;0.00000000;0.00000000;0.00000000;0.00000000;0.00000000;3;0.00000000;0.00000000;0.00000000;0.00000000;N;N
CLASSES - FIP;14.952.388/0001-35;ITAÚ PRIVATE FUNDO DE INVESTIMENTO EM COTAS DO FIP BRASIL PETRÓLEO 2 RESPONSABILIDADE LIMITADA;2026-04-30;2275764.019999620000;;;;S;Investidores qualificados;40000000.00000000;39999999.99000000;40000000.00000000;28053590.52000000;28053590.55000000;89122.02761301;2.00000000;25.00000000;0.00000000;0.00000000;0.00000000;0.00000000;0.00000000;0.00000000;0.00000000;0.00000000;1.00000000;25.00000000;0.00000000;0.00000000;0.00000000;0.00000000;0.00000000;0.00000000;0.00000000;0.00000000;0.00000000;0.00000000;0.00000000;0.00000000;3.00000000;37.50000000;0.00000000;0.00000000;1.00000000;12.50000000;7.00000000;100.00000000;1;7.00000000;39999999.99000000;28053590.52000000;0.08112200;N;N
CLASSES - FIP;14.952.388/0001-35;ITAÚ PRIVATE FUNDO DE INVESTIMENTO EM COTAS DO FIP BRASIL PETRÓLEO 2 RESPONSABILIDADE LIMITADA;2026-08-31;2317556.099997690000;;;;S;Investidores qualificados;40000000.00000000;39999999.99000000;40000000.00000000;28053590.52000000;28053590.55000000;65805.76022142;2.00000000;25.00000000;0.00000000;0.00000000;0.00000000;0.00000000;0.00000000;0.00000000;0.00000000;0.00000000;1.00000000;25.00000000;0.00000000;0.00000000;0.00000000;0.00000000;0.00000000;0.00000000;0.00000000;0.00000000;0.00000000;0.00000000;0.00000000;0.00000000;3.00000000;37.50000000;0.00000000;0.00000000;1.00000000;12.50000000;7.00000000;100.00000000;1;7.00000000;39999999.99000000;28053590.52000000;0.08261170;N;N
CLASSES - FIP;15.013.496/0001-05;BRAPINVEST IV FUNDO DE INVESTIMENTO EM PARTICIPAÇÕES - MULTIESTRATÉGIA - RESPONSABILIDADE LIMITADA;2026-04-30;13150370.730000000000;;;;S;Investidores profissionais;13150370.73000000;11.90573500;10345439.08000000;11.90573500;10345439.08000000;0.00000000;0.00000000;0.00000000;0.00000000;0.00000000;0.00000000;0.00000000;0.00000000;0.00000000;0.00000000;0.00000000;1.00000000;100.00000000;0.00000000;0.00000000;0.00000000;0.00000000;0.00000000;0.00000000;0.00000000;0.00000000;0.00000000;0.00000000;0.00000000;0.00000000;0.00000000;0.00000000;0.00000000;0.00000000;0.00000000;0.00000000;1.00000000;100.00000000;UNICA;1.00000000;11.90573500;11.90573500;1104540.85615042;N;N
CLASSES - FIP;15.013.496/0001-05;BRAPINVEST IV FUNDO DE INVESTIMENTO EM PARTICIPAÇÕES - MULTIESTRATÉGIA - RESPONSABILIDADE LIMITADA;2026-08-31;9733512.430000000000;;;;S;Investidores profissionais;9733512.43000000;11.90573500;4614415.53000000;11.90573500;4614415.53000000;0.00000000;0.00000000;0.00000000;0.00000000;0.00000000;0.00000000;0.00000000;0.00000000;0.00000000;0.00000000;0.00000000;1.00000000;100.00000000;0.00000000;0.00000000;0.00000000;0.00000000;0.00000000;0.00000000;0.00000000;0.00000000;0.00000000;0.00000000;0.00000000;0.00000000;0.00000000;0.00000000;0.00000000;0.00000000;0.00000000;0.00000000;1.00000000;100.00000000;unica;1.00000000;11.90573500;11.90573500;817548.21772868;N;N
CLASSES - FIP;15.018.580/0001-11;GLP INVESTIMENTOS FUNDO DE INVESTIMENTO EM PARTICIPAÇÕES MULTIESTRATÉGIA;2026-04-30;1463876161.450000000000;;;;S;Investidores qualificados;4000000000.00000000;4000000.00000000;4000000000.00000000;2619682.94000000;2619682942.70000000;32019371.86000000;0.00000000;0.00000000;0.00000000;0.00000000;0.00000000;0.00000000;0.00000000;0.00000000;0.00000000;0.00000000;8.00000000;1.00000000;0.00000000;0.00000000;0.00000000;0.00000000;0.00000000;0.00000000;0.00000000;0.00000000;0.00000000;0.00000000;0.00000000;0.00000000;0.00000000;0.00000000;0.00000000;0.00000000;0.00000000;0.00000000;8.00000000;1.00000000;1;8.00000000;4000000.00000000;2619682.94000000;1117.60000000;N;N
CLASSES - FIP;15.018.580/0001-11;GLP INVESTIMENTOS FUNDO DE INVESTIMENTO EM PARTICIPAÇÕES MULTIESTRATÉGIA;2026-08-31;893300004.080000000000;;;;S;Investidores qualificados;4000000000.00000000;4000000.00000000;4000000000.00000000;1309841.47000000;806818541.99000000;41700393.91000000;0.00000000;0.00000000;0.00000000;0.00000000;0.00000000;0.00000000;0.00000000;0.00000000;0.00000000;0.00000000;4.00000000;100.00000000;0.00000000;0.00000000;0.00000000;0.00000000;0.00000000;0.00000000;0.00000000;0.00000000;0.00000000;0.00000000;0.00000000;0.00000000;0.00000000;0.00000000;0.00000000;0.00000000;0.00000000;0.00000000;4.00000000;100.00000000;1;4.00000000;6493859.04000000;1309841.47000000;749.26000000;N;N
CLASSES - FIP;15.035.021/0001-10;INFRA PORTFOLIO I FUNDO DE INVESTIMENTO EM PARTICIPAÇÕES MULTIESTRATÉGIA;2026-04-30;473445010.490000000000;;;;S;Investidores profissionais;465134439.34000000;7836132.98000000;465134439.34000000;7836132.98000000;0.00000000;0.00000000;12.00000000;57.14000000;2.00000000;12.10000000;0.00000000;0.00000000;0.00000000;0.00000000;0.00000000;0.00000000;0.00000000;0.00000000;0.00000000;0.00000000;0.00000000;0.00000000;0.00000000;0.00000000;0.00000000;0.00000000;0.00000000;0.00000000;0.00000000;0.00000000;1.00000000;30.76000000;0.00000000;0.00000000;0.00000000;0.00000000;15.00000000;100.00000000;1;14.00000000;5425865.35000000;5425865.35000000;57.06942397;N;N
CLASSES - FIP;15.035.021/0001-10;INFRA PORTFOLIO I FUNDO DE INVESTIMENTO EM PARTICIPAÇÕES MULTIESTRATÉGIA;2026-04-30;473445010.490000000000;;;;S;Investidores profissionais;465134439.34000000;7836132.98000000;465134439.34000000;7836132.98000000;0.00000000;0.00000000;12.00000000;57.14000000;2.00000000;12.10000000;0.00000000;0.00000000;0.00000000;0.00000000;0.00000000;0.00000000;0.00000000;0.00000000;0.00000000;0.00000000;0.00000000;0.00000000;0.00000000;0.00000000;0.00000000;0.00000000;0.00000000;0.00000000;0.00000000;0.00000000;1.00000000;30.76000000;0.00000000;0.00000000;0.00000000;0.00000000;15.00000000;100.00000000;2;1.00000000;2410267.63000000;2410267.63000000;61.90577972;N;N
CLASSES - FIP;15.035.021/0001-10;INFRA PORTFOLIO I FUNDO DE INVESTIMENTO EM PARTICIPAÇÕES MULTIESTRATÉGIA;2026-08-31;473364124.000000000000;;;;S;Investidores profissionais;465134439.00000000;465134.00000000;465134439.00000000;7311963.00000000;132165578.00000000;0.00000000;12.00000000;57.14000000;2.00000000;12.10000000;0.00000000;0.00000000;0.00000000;0.00000000;0.00000000;0.00000000;0.00000000;0.00000000;0.00000000;0.00000000;0.00000000;0.00000000;0.00000000;0.00000000;0.00000000;0.00000000;0.00000000;0.00000000;0.00000000;0.00000000;1.00000000;30.76000000;0.00000000;0.00000000;0.00000000;0.00000000;15.00000000;100.00000000;1;14.00000000;5425865.35000000;5425865.35000000;60.03266107;N;N
CLASSES - FIP;15.035.021/0001-10;INFRA PORTFOLIO I FUNDO DE INVESTIMENTO EM PARTICIPAÇÕES MULTIESTRATÉGIA;2026-08-31;473364124.000000000000;;;;S;Investidores profissionais;465134439.00000000;465134.00000000;465134439.00000000;7311963.00000000;132165578.00000000;0.00000000;12.00000000;57.14000000;2.00000000;12.10000000;0.00000000;0.00000000;0.00000000;0.00000000;0.00000000;0.00000000;0.00000000;0.00000000;0.00000000;0.00000000;0.00000000;0.00000000;0.00000000;0.00000000;0.00000000;0.00000000;0.00000000;0.00000000;0.00000000;0.00000000;1.00000000;30.76000000;0.00000000;0.00000000;0.00000000;0.00000000;15.00000000;100.00000000;2;1.00000000;2410267.63000000;2410267.63000000;61.90577972;N;N
CLASSES - FIP;15.039.162/0001-00;FUNDO DE INVESTIMENTO EM PARTICIPAÇÕES KINEA PRIVATE EQUITY II MULTIESTRATÉGIA  RESP. LIMITADA;2026-04-30;98796555.610000000000;;;;S;Investidores qualificados;804500000.00000000;804500.00000000;804500000.00000000;713531.00000000;713531000.00000000;0.00000000;8.00000000;0.12119520;0.00000000;0.00000000;0.00000000;0.00000000;0.00000000;0.00000000;1.00000000;3.72902424;2.00000000;3.73212985;0.00000000;0.00000000;30.00000000;50.15537601;7.00000000;8.70105656;0.00000000;0.00000000;0.00000000;0.00000000;0.00000000;0.00000000;6.00000000;33.56121815;0.00000000;0.00000000;0.00000000;0.00000000;54.00000000;100.00000000;1;54.00000000;804500.00000000;713531.00000000;138.46147625;N;N
CLASSES - FIP;15.039.162/0001-00;FUNDO DE INVESTIMENTO EM PARTICIPAÇÕES KINEA PRIVATE EQUITY II MULTIESTRATÉGIA  RESP. LIMITADA;2026-08-31;103114096.630000000000;;;;S;Investidores qualificados;804500000.00000000;804500.00000000;804500000.00000000;713531.00000000;713531000.00000000;0.00000000;8.00000000;0.12119520;0.00000000;0.00000000;0.00000000;0.00000000;0.00000000;0.00000000;1.00000000;3.72902424;2.00000000;3.73212985;0.00000000;0.00000000;30.00000000;50.15537601;7.00000000;8.70105656;0.00000000;0.00000000;0.00000000;0.00000000;0.00000000;0.00000000;6.00000000;33.56121815;0.00000000;0.00000000;0.00000000;0.00000000;54.00000000;100.00000000;1;54.00000000;804500.00000000;713531.00000000;144.51242711;N;N
CLASSES - FIP;15.049.586/0001-56;GLP INVESTIMENTOS II FUNDO DE INVESTIMENTO EM PARTICIPAÇÕES MULTIESTRATÉGIA;2026-04-30;2676380942.210000000000;;;;S;Investidores qualificados;4065000000.00000000;4065000.00000000;4065000000.00000000;4466503.66000000;4466503662.44000000;59007615.20000000;0.00000000;0.00000000;0.00000000;0.00000000;0.00000000;0.00000000;0.00000000;0.00000000;0.00000000;0.00000000;6.00000000;1.00000000;0.00000000;0.00000000;0.00000000;0.00000000;0.00000000;0.00000000;0.00000000;0.00000000;0.00000000;0.00000000;0.00000000;0.00000000;0.00000000;0.00000000;0.00000000;0.00000000;0.00000000;0.00000000;6.00000000;1.00000000;1;6.00000000;4065000.00000000;4466503.66000000;1198.42000000;N;N
CLASSES - FIP;15.049.586/0001-56;GLP INVESTIMENTOS II FUNDO DE INVESTIMENTO EM PARTICIPAÇÕES MULTIESTRATÉGIA;2026-08-31;2690874032.400000000000;;;;S;Investidores qualificados;4065000000.00000000;4065000.00000000;4065000000.00000000;2233251.83000000;1216788603.25000000;29034868.11000000;0.00000000;0.00000000;0.00000000;0.00000000;0.00000000;0.00000000;0.00000000;0.00000000;0.00000000;0.00000000;3.00000000;100.00000000;0.00000000;0.00000000;0.00000000;0.00000000;0.00000000;0.00000000;0.00000000;0.00000000;0.00000000;0.00000000;0.00000000;0.00000000;0.00000000;0.00000000;0.00000000;0.00000000;0.00000000;0.00000000;3.00000000;100.00000000;1;3.00000000;7460760.78000000;2233251.83000000;1204.91000000;N;N
CLASSES - FIP;15.077.915/0001-72;FUNDO DE INVESTIMENTO EM PARTICIPAÇÕES T-BDH L2 MULTIESTRATÉGIA - RESPONSABILIDADE LIMITADA;2026-04-30;36255841.790000000000;;;;N;Investidores qualificados;82322602.20000000;3180956.69418600;82322602.20000000;3180956.69418600;32345374.89000000;0.00000000;1.00000000;100.00000000;0.00000000;0.00000000;0.00000000;0.00000000;0.00000000;0.00000000;0.00000000;0.00000000;0.00000000;0.00000000;0.00000000;0.00000000;0.00000000;0.00000000;0.00000000;0.00000000;0.00000000;0.00000000;0.00000000;0.00000000;0.00000000;0.00000000;0.00000000;0.00000000;0.00000000;0.00000000;0.00000000;0.00000000;1.00000000;100.00000000;1;1.00000000;3180956.69418600;3180956.69418600;11.39777911;N;N
CLASSES - FIP;15.077.915/0001-72;FUNDO DE INVESTIMENTO EM PARTICIPAÇÕES T-BDH L2 MULTIESTRATÉGIA - RESPONSABILIDADE LIMITADA;2026-08-31;35787032.160000000000;;;;N;Investidores qualificados;82322602.20000000;3180956.69418600;82322602.20000000;3180956.69418600;36299840.18000000;0.00000000;1.00000000;100.00000000;0.00000000;0.00000000;0.00000000;0.00000000;0.00000000;0.00000000;0.00000000;0.00000000;0.00000000;0.00000000;0.00000000;0.00000000;0.00000000;0.00000000;0.00000000;0.00000000;0.00000000;0.00000000;0.00000000;0.00000000;0.00000000;0.00000000;0.00000000;0.00000000;0.00000000;0.00000000;0.00000000;0.00000000;1.00000000;100.00000000;1;1.00000000;3180956.69418600;3180956.69418600;11.25039904;N;N
CLASSES - FIP;15.098.357/0001-21;BRASIL 63 FUNDO DE INVESTIMENTO EM PARTICIPAÇÕES MULTIESTRATÉGIA;2026-04-30;2245717.580000000000;;;;N;Investidores qualificados;0.00000000;374854.73365000;374854733.65000004;374854.73365000;374854733.65000004;0.00000000;1.00000000;93.57974562;0.00000000;0.00000000;0.00000000;0.00000000;0.00000000;0.00000000;0.00000000;0.00000000;2.00000000;6.42025438;0.00000000;0.00000000;0.00000000;0.00000000;0.00000000;0.00000000;0.00000000;0.00000000;0.00000000;0.00000000;0.00000000;0.00000000;0.00000000;0.00000000;0.00000000;0.00000000;0.00000000;0.00000000;3.00000000;100.00000000;1;3.00000000;374854.73365000;374854.73365000;5.99090095;N;N
CLASSES - FIP;15.098.357/0001-21;BRASIL 63 FUNDO DE INVESTIMENTO EM PARTICIPAÇÕES MULTIESTRATÉGIA;2026-08-31;2182518.670000000000;;;;N;Investidores qualificados;0.00000000;374854.73365000;374854733.64999998;374854.73365000;374854733.64999998;0.00000000;1.00000000;93.57974562;0.00000000;0.00000000;0.00000000;0.00000000;0.00000000;0.00000000;0.00000000;0.00000000;2.00000000;6.42025438;0.00000000;0.00000000;0.00000000;0.00000000;0.00000000;0.00000000;0.00000000;0.00000000;0.00000000;0.00000000;0.00000000;0.00000000;0.00000000;0.00000000;0.00000000;0.00000000;0.00000000;0.00000000;3.00000000;100.00000000;1;3.00000000;374854.73365000;374854.73365000;5.82230521;N;N
CLASSES - FIP;15.190.417/0001-31;BRASIL FLORESTAL FI EM COTAS DE FUNDOS DE INVESTIMENTO EM PARTICIPAÇÕES - EM LIQUIDAÇÃO;2026-08-31;25892285.750000000000;;;;S;Investidores qualificados;36905676.71000000;36.90567671;36905676.71000000;36.90567671;36905676.71000000;0.00000000;0.00000000;0.00000000;0.00000000;0.00000000;0.00000000;0.00000000;0.00000000;0.00000000;0.00000000;0.00000000;0.00000000;0.00000000;0.00000000;0.00000000;0.00000000;0.00000000;16.00000000;94.31000000;0.00000000;0.00000000;0.00000000;0.00000000;0.00000000;0.00000000;0.00000000;0.00000000;0.00000000;0.00000000;1.00000000;5.69000000;17.00000000;100.00000000;1;17.00000000;36.90567671;36.90567671;701580.02936671;N;N
CLASSES - FIP;15.249.226/0001-06;ELEVA EDUCAÇÃO I FUNDO DE INVESTIMENTO EM PARTICIPAÇÕES - MULTIESTRATÉGIA;2026-04-30;10198138.460000000000;;;;S;Investidores profissionais;139488821.04590000;27591.76510523;139488821.04590000;132250.00012000;152286599.92360000;0.00000000;23.00000000;32.44000000;0.00000000;0.00000000;0.00000000;0.00000000;0.00000000;0.00000000;0.00000000;0.00000000;3.00000000;35.04000000;0.00000000;0.00000000;0.00000000;0.00000000;0.00000000;0.00000000;0.00000000;0.00000000;0.00000000;0.00000000;0.00000000;0.00000000;12.00000000;32.52000000;0.00000000;0.00000000;0.00000000;0.00000000;38.00000000;100.00000000;1;38.00000000;27591.76510523;132250.00012000;77.11257804;N;N
CLASSES - FIP;15.249.226/0001-06;ELEVA EDUCAÇÃO I FUNDO DE INVESTIMENTO EM PARTICIPAÇÕES - MULTIESTRATÉGIA;2026-08-31;10222126.000000000000;;;;S;Investidores profissionais;139488821.05000000;27591.76510563;139488821.05000000;132250.00012000;69673453.95000000;0.00000000;23.00000000;32.44000000;0.00000000;0.00000000;0.00000000;0.00000000;0.00000000;0.00000000;0.00000000;0.00000000;3.00000000;35.04000000;0.00000000;0.00000000;0.00000000;0.00000000;0.00000000;0.00000000;0.00000000;0.00000000;0.00000000;0.00000000;0.00000000;0.00000000;12.00000000;32.52000000;0.00000000;0.00000000;0.00000000;0.00000000;38.00000000;100.00000000;1;38.00000000;27591.76510563;132250.00012000;77.29395834;N;N
CLASSES - FIP;15.254.448/0001-09;FUNDO DE INVESTIMENTO EM PARTICIPAÇÕES INFRAESTRUTURA MILÃO DE RESPONSABILIDADE ILIMITADA;2026-04-30;1786580.320000000000;;;;N;Investidores profissionais;0.00000000;1279113.63185630;1789925.40949812;1279113.63185630;1789925.40949812;0.00000000;2.00000000;78.72908872;3.00000000;21.27091128;0.00000000;0.00000000;0.00000000;0.00000000;0.00000000;0.00000000;0.00000000;0.00000000;0.00000000;0.00000000;0.00000000;0.00000000;0.00000000;0.00000000;0.00000000;0.00000000;0.00000000;0.00000000;0.00000000;0.00000000;0.00000000;0.00000000;0.00000000;0.00000000;0.00000000;0.00000000;5.00000000;100.00000000;1;1.00000000;503379.05286741;503379.05286741;1.39673305;N;N
CLASSES - FIP;15.254.448/0001-09;FUNDO DE INVESTIMENTO EM PARTICIPAÇÕES INFRAESTRUTURA MILÃO DE RESPONSABILIDADE ILIMITADA;2026-08-31;1953945.800000000000;;;;N;Investidores profissionais;0.00000000;1417938.15967156;1984189.26816524;1417938.15967156;1984189.26816524;0.00000000;2.00000000;78.86526688;3.00000000;21.13473312;0.00000000;0.00000000;0.00000000;0.00000000;0.00000000;0.00000000;0.00000000;0.00000000;0.00000000;0.00000000;0.00000000;0.00000000;0.00000000;0.00000000;0.00000000;0.00000000;0.00000000;0.00000000;0.00000000;0.00000000;0.00000000;0.00000000;0.00000000;0.00000000;0.00000000;0.00000000;5.00000000;100.00000000;1;1.00000000;100290.20699429;100290.20699429;1.37801899;N;N
CLASSES - FIP;15.296.704/0001-20;GLP INVESTIMENTOS III FUNDO DE INVESTIMENTO EM PARTICIPAÇÕES MULTIESTRATÉGIA;2026-04-30;266934730.480000000000;;;;S;Investidores qualificados;3998800000.00000000;3998800.00000000;3998800000.00000000;3443579.10000000;3443579102.72000000;6337593.80000000;0.00000000;0.00000000;0.00000000;0.00000000;0.00000000;0.00000000;0.00000000;0.00000000;0.00000000;0.00000000;6.00000000;1.00000000;0.00000000;0.00000000;0.00000000;0.00000000;0.00000000;0.00000000;0.00000000;0.00000000;0.00000000;0.00000000;0.00000000;0.00000000;0.00000000;0.00000000;0.00000000;0.00000000;0.00000000;0.00000000;6.00000000;1.00000000;1;6.00000000;3998800.00000000;3443579.10000000;155.03000000;N;N
CLASSES - FIP;15.296.704/0001-20;GLP INVESTIMENTOS III FUNDO DE INVESTIMENTO EM PARTICIPAÇÕES MULTIESTRATÉGIA;2026-08-31;321025888.580000000000;;;;S;Investidores qualificados;3998800000.00000000;3998800.00000000;3998800000.00000000;1721789.55000000;213964755.12000000;6346440.75000000;0.00000000;0.00000000;0.00000000;0.00000000;0.00000000;0.00000000;0.00000000;0.00000000;0.00000000;0.00000000;3.00000000;100.00000000;0.00000000;0.00000000;0.00000000;0.00000000;0.00000000;0.00000000;0.00000000;0.00000000;0.00000000;0.00000000;0.00000000;0.00000000;0.00000000;0.00000000;0.00000000;0.00000000;0.00000000;0.00000000;3.00000000;100.00000000;1;3.00000000;32178627.06000000;1721789.55000000;186.45000000;N;N
CLASSES - FIP;15.320.924/0001-42;FUNDO DE INVESTIMENTO EM PARTICIPAÇÕES BEIRA RIO - MULTIESTRATÉGIA INVESTIMENTO NO EXTERIOR;2026-04-30;11161326.350000000000;;;;S;Investidores profissionais;1186682405.00000000;151493.99235189;1186682405.00000000;9660077.70523500;222703000.00000000;0.00000000;0.00000000;0.00000000;0.00000000;0.00000000;0.00000000;0.00000000;0.00000000;0.00000000;0.00000000;0.00000000;1.00000000;99.04000000;0.00000000;0.00000000;0.00000000;0.00000000;0.00000000;0.00000000;0.00000000;0.00000000;0.00000000;0.00000000;0.00000000;0.00000000;0.00000000;0.00000000;0.00000000;0.00000000;1.00000000;0.96000000;2.00000000;100.00000000;1;2.00000000;151493.99235189;9660077.70523500;1.15540750;N;N
CLASSES - FIP;15.320.924/0001-42;FUNDO DE INVESTIMENTO EM PARTICIPAÇÕES BEIRA RIO - MULTIESTRATÉGIA INVESTIMENTO NO EXTERIOR;2026-08-31;18981094.840000000000;;;;S;Investidores profissionais;1194501405.00000000;229683.99235189;1194501405.00000000;9738267.70523500;230522000.00000000;0.00000000;0.00000000;0.00000000;0.00000000;0.00000000;0.00000000;0.00000000;0.00000000;0.00000000;0.00000000;0.00000000;1.00000000;98.39000000;0.00000000;0.00000000;0.00000000;0.00000000;0.00000000;0.00000000;0.00000000;0.00000000;0.00000000;0.00000000;0.00000000;0.00000000;0.00000000;0.00000000;0.00000000;0.00000000;1.00000000;1.61000000;2.00000000;100.00000000;1;2.00000000;229683.99235189;9738267.70523500;1.94912440;N;N
CLASSES - FIP;15.320.940/0001-35;FIP DEVELOPMENT FUNDO WAREHOUSE - MULTIESTRATÉGIA INVESTIMENTO NO EXTERIOR RESPONSABILIDADE LIMITADA;2026-04-30;4161483678.450000000000;;;;S;Investidores profissionais;6050400989.02000000;3551910989.02000000;6050400989.02000000;905538899.54193800;5127126130.88000000;2192713703.26330000;0.00000000;0.00000000;0.00000000;0.00000000;0.00000000;0.00000000;0.00000000;0.00000000;0.00000000;0.00000000;0.00000000;0.00000000;0.00000000;0.00000000;0.00000000;0.00000000;0.00000000;0.00000000;0.00000000;0.00000000;0.00000000;0.00000000;0.00000000;0.00000000;0.00000000;0.00000000;0.00000000;0.00000000;1.00000000;100.00000000;1.00000000;100.00000000;1;1.00000000;3551910989.02000000;905538899.54193800;4.59558795;N;N
CLASSES - FIP;15.320.940/0001-35;FIP DEVELOPMENT FUNDO WAREHOUSE - MULTIESTRATÉGIA INVESTIMENTO NO EXTERIOR RESPONSABILIDADE LIMITADA;2026-08-31;3808239688.130000000000;;;;S;Investidores profissionais;6050400989.02000000;3551910989.02000000;6050400989.02000000;905538899.54193800;5127126130.88000000;1863173203.71790000;0.00000000;0.00000000;0.00000000;0.00000000;0.00000000;0.00000000;0.00000000;0.00000000;0.00000000;0.00000000;0.00000000;0.00000000;0.00000000;0.00000000;0.00000000;0.00000000;0.00000000;0.00000000;0.00000000;0.00000000;0.00000000;0.00000000;0.00000000;0.00000000;0.00000000;0.00000000;0.00000000;0.00000000;1.00000000;100.00000000;1.00000000;100.00000000;1;1.00000000;3551910989.02000000;905538899.54193800;4.20549540;N;N
CLASSES - FIP;15.321.021/0001-86;FUNDO DE INVESTIMENTO EM PARTICIPAÇÕES TURQUESA - MULTIESTRATÉGIA IE RESPONSABILIDADE LIMITADA;2026-04-30;380852005.770000000000;;;;S;Investidores profissionais;4211000000.00000000;32110.00000000;4211000000.00000000;42402.00147920;4241372020.71000000;0.00000000;0.00000000;0.00000000;0.00000000;0.00000000;0.00000000;0.00000000;0.00000000;0.00000000;0.00000000;0.00000000;1.00000000;100.00000000;0.00000000;0.00000000;0.00000000;0.00000000;0.00000000;0.00000000;0.00000000;0.00000000;0.00000000;0.00000000;0.00000000;0.00000000;0.00000000;0.00000000;0.00000000;0.00000000;0.00000000;0.00000000;1.00000000;100.00000000;1;1.00000000;32110.00000000;42402.00147920;8981.93463700;N;N
CLASSES - FIP;15.321.021/0001-86;FUNDO DE INVESTIMENTO EM PARTICIPAÇÕES TURQUESA - MULTIESTRATÉGIA IE RESPONSABILIDADE LIMITADA;2026-08-31;380804231.020000000000;;;;S;Investidores profissionais;4211000000.00000000;32110.00000000;4211000000.00000000;42402.00147920;4241372020.71000000;0.00000000;0.00000000;0.00000000;0.00000000;0.00000000;0.00000000;0.00000000;0.00000000;0.00000000;0.00000000;0.00000000;1.00000000;100.00000000;0.00000000;0.00000000;0.00000000;0.00000000;0.00000000;0.00000000;0.00000000;0.00000000;0.00000000;0.00000000;0.00000000;0.00000000;0.00000000;0.00000000;0.00000000;0.00000000;0.00000000;0.00000000;1.00000000;100.00000000;1;1.00000000;32110.00000000;42402.00147920;8980.80792730;N;N
CLASSES - FIP;15.437.701/0001-60;ENERP FUNDO DE INVESTIMENTO EM PARTICIPAÇÕES MULTIESTRATÉGIA DE RESPONSABILIDADE LIMITADA;2026-04-30;4712274.520000000000;;;;N;Investidores qualificados;10000000.00000000;438723.89596390;10000000.00000000;438723.89596390;10000000.00000000;0.00000000;1.00000000;100.00000000;0.00000000;0.00000000;0.00000000;0.00000000;0.00000000;0.00000000;0.00000000;0.00000000;0.00000000;0.00000000;0.00000000;0.00000000;0.00000000;0.00000000;0.00000000;0.00000000;0.00000000;0.00000000;0.00000000;0.00000000;0.00000000;0.00000000;0.00000000;0.00000000;0.00000000;0.00000000;0.00000000;0.00000000;1.00000000;100.00000000;1;2.00000000;438723.89596390;438723.89596390;10.74086587;N;N
CLASSES - FIP;15.437.701/0001-60;ENERP FUNDO DE INVESTIMENTO EM PARTICIPAÇÕES MULTIESTRATÉGIA DE RESPONSABILIDADE LIMITADA;2026-08-31;4677296.500000000000;;;;N;Investidores qualificados;10000000.00000000;472812.00000000;10000000.00000000;438723.89596390;4724048.03000000;0.00000000;9.00000000;100.00000000;0.00000000;0.00000000;0.00000000;0.00000000;0.00000000;0.00000000;0.00000000;0.00000000;0.00000000;0.00000000;0.00000000;0.00000000;0.00000000;0.00000000;0.00000000;0.00000000;0.00000000;0.00000000;0.00000000;0.00000000;0.00000000;0.00000000;0.00000000;0.00000000;0.00000000;0.00000000;0.00000000;0.00000000;9.00000000;100.00000000;1;9.00000000;472812.00000000;438723.89596390;10.66113910;N;N
CLASSES - FIP;15.437.768/0001-02;FUNDO DE INVESTIMENTO EM PARTICIPAÇÕES RPEV1 BRAZIL MULTI IE RESPONSABILIDADE LIMITADA;2026-04-30;910241401.290000000000;;;;S;Investidores profissionais;293941294.65000000;299836.97567000;293941294.65000000;299836.97567000;293941294.65000000;0.00000000;0.00000000;0.00000000;0.00000000;0.00000000;0.00000000;0.00000000;0.00000000;0.00000000;0.00000000;0.00000000;5.00000000;100.00000000;0.00000000;0.00000000;0.00000000;0.00000000;0.00000000;0.00000000;0.00000000;0.00000000;0.00000000;0.00000000;0.00000000;0.00000000;0.00000000;0.00000000;0.00000000;0.00000000;0.00000000;0.00000000;5.00000000;100.00000000;1;5.00000000;299836.97567000;299836.97567000;3035.78769515;N;N
CLASSES - FIP;15.437.768/0001-02;FUNDO DE INVESTIMENTO EM PARTICIPAÇÕES RPEV1 BRAZIL MULTI IE RESPONSABILIDADE LIMITADA;2026-08-31;590338243.570000000000;;;;S;Investidores profissionais;293941294.65000000;299836.97567000;293941294.65000000;299836.97567000;293941294.65000000;0.00000000;0.00000000;0.00000000;0.00000000;0.00000000;0.00000000;0.00000000;0.00000000;0.00000000;0.00000000;0.00000000;5.00000000;100.00000000;0.00000000;0.00000000;0.00000000;0.00000000;0.00000000;0.00000000;0.00000000;0.00000000;0.00000000;0.00000000;0.00000000;0.00000000;0.00000000;0.00000000;0.00000000;0.00000000;0.00000000;0.00000000;5.00000000;100.00000000;1;5.00000000;299836.97567000;299836.97567000;1968.86405437;N;N
CLASSES - FIP;15.478.997/0001-67;KINEA PRIVATE EQUITY III FUNDO DE INVESTIMENTO EM PARTICIPAÇÕES MULTIESTRATÉGIA RESP LIMITADA;2026-04-30;19493413.733200000000;;;;S;Investidores qualificados;0.00000000;163485.62328067;179860000.00000000;163485.61400000;163430051.31000000;0.00000000;5.00000000;7.42000000;0.00000000;0.00000000;0.00000000;0.00000000;0.00000000;0.00000000;0.00000000;0.00000000;1.00000000;8.34000000;0.00000000;0.00000000;0.00000000;0.00000000;0.00000000;0.00000000;0.00000000;0.00000000;0.00000000;0.00000000;0.00000000;0.00000000;11.00000000;68.95000000;0.00000000;0.00000000;3.00000000;15.29000000;20.00000000;100.00000000;1;20.00000000;163485.62328067;163485.61400000;119.23626340;N;N
CLASSES - FIP;15.478.997/0001-67;KINEA PRIVATE EQUITY III FUNDO DE INVESTIMENTO EM PARTICIPAÇÕES MULTIESTRATÉGIA RESP LIMITADA;2026-08-31;20138187.087400000000;;;;S;Investidores qualificados;0.00000000;169548.39743334;179860000.00000000;163485.61400000;163430051.31000000;0.00000000;5.00000000;10.73000000;0.00000000;0.00000000;0.00000000;0.00000000;0.00000000;0.00000000;0.00000000;0.00000000;1.00000000;8.04000000;0.00000000;0.00000000;0.00000000;0.00000000;0.00000000;0.00000000;0.00000000;0.00000000;0.00000000;0.00000000;0.00000000;0.00000000;11.00000000;66.49000000;0.00000000;0.00000000;3.00000000;14.74000000;20.00000000;100.00000000;1;20.00000000;169548.39743334;163485.61400000;123.18017830;N;N
CLASSES - FIP;15.505.288/0001-23;ÓRIA TECH 1 INOVACAO FUNDO DE INVESTIMENTO EM PARTICIPAÇÕES MULTIESTRATEGIA;2026-04-30;201152686.230000000000;;;;S;Investidores qualificados;175500000.00000000;175500000.00000003;175500000.00000000;164991660.00000003;164991660.00000000;0.00000000;7.00000000;5.12820513;1.00000000;5.69800570;0.00000000;0.00000000;0.00000000;0.00000000;2.00000000;19.94301994;1.00000000;11.39601140;0.00000000;0.00000000;15.00000000;32.02279202;0.00000000;0.00000000;0.00000000;0.00000000;0.00000000;0.00000000;0.00000000;0.00000000;8.00000000;25.81196581;0.00000000;0.00000000;0.00000000;0.00000000;34.00000000;100.00000000;1;34.00000000;175500000.00000003;164991660.00000003;1.21916881;N;N
CLASSES - FIP;15.505.288/0001-23;ÓRIA TECH 1 INOVACAO FUNDO DE INVESTIMENTO EM PARTICIPAÇÕES MULTIESTRATEGIA;2026-08-31;133921177.230000000000;;;;S;Investidores qualificados;175500000.00000000;175500000.00000003;175500000.00000000;164991660.00000003;164991660.00000000;0.00000000;7.00000000;5.12820513;1.00000000;5.69800570;0.00000000;0.00000000;0.00000000;0.00000000;2.00000000;19.94301994;1.00000000;11.39601140;0.00000000;0.00000000;15.00000000;32.02279202;0.00000000;0.00000000;0.00000000;0.00000000;0.00000000;0.00000000;0.00000000;0.00000000;8.00000000;25.81196581;0.00000000;0.00000000;0.00000000;0.00000000;34.00000000;100.00000000;1;34.00000000;175500000.00000003;164991660.00000003;0.81168453;N;N
CLASSES - FIP;15.592.517/0001-94;ASTRA REALTY I FUNDO DE INVESTIMENTO EM PARTICIPAÇÕES MULTIESTRATÉGIA;2026-04-30;130883872.250000000000;;;;S;Investidores profissionais;0.00000000;70756.69522262;130883872.25000000;70756.69522262;130883872.25000000;0.00000000;0.00000000;0.00000000;0.00000000;0.00000000;0.00000000;0.00000000;0.00000000;0.00000000;0.00000000;0.00000000;0.00000000;0.00000000;0.00000000;0.00000000;0.00000000;0.00000000;0.00000000;0.00000000;0.00000000;0.00000000;0.00000000;0.00000000;0.00000000;0.00000000;1.00000000;100.00000000;0.00000000;0.00000000;0.00000000;0.00000000;1.00000000;100.00000000;1;1.00000000;70756.69522262;70756.69522262;1849.77367637;N;N
CLASSES - FIP;15.592.517/0001-94;ASTRA REALTY I FUNDO DE INVESTIMENTO EM PARTICIPAÇÕES MULTIESTRATÉGIA;2026-08-31;130492818.620000000000;;;;S;Investidores profissionais;0.00000000;287004.42790000;123716000.00000000;70765.90345513;18147527.48000000;0.00000000;0.00000000;0.00000000;0.00000000;0.00000000;0.00000000;0.00000000;0.00000000;0.00000000;0.00000000;0.00000000;0.00000000;0.00000000;0.00000000;0.00000000;0.00000000;0.00000000;0.00000000;0.00000000;0.00000000;0.00000000;0.00000000;0.00000000;0.00000000;0.00000000;1.00000000;100.00000000;0.00000000;0.00000000;0.00000000;0.00000000;1.00000000;100.00000000;1;1.00000000;287004.42790000;70765.90345513;1844.00696167;N;N
CLASSES - FIP;15.621.171/0001-05;VSAP22 FUNDO DE INVESTIMENTO EM PARTICIPAÇÕES MULTIESTRATÉGIA;2026-04-30;0.000000000000;;;;S;Investidores profissionais;172675675.01000000;13930000.00000000;172675675.01000000;13924444.17580000;172570973.58000000;0.00000000;0.00000000;0.00000000;0.00000000;0.00000000;0.00000000;0.00000000;0.00000000;0.00000000;0.00000000;0.00000000;4.00000000;100.00000000;0.00000000;0.00000000;0.00000000;0.00000000;0.00000000;0.00000000;0.00000000;0.00000000;0.00000000;0.00000000;0.00000000;0.00000000;0.00000000;0.00000000;0.00000000;0.00000000;0.00000000;0.00000000;4.00000000;100.00000000;1;4.00000000;13930000.00000000;13924444.17580000;-0.00081049;N;N
CLASSES - FIP;15.621.171/0001-05;VSAP22 FUNDO DE INVESTIMENTO EM PARTICIPAÇÕES MULTIESTRATÉGIA;2026-08-31;37671.440000000000;;;;S;Investidores profissionais;172673273.58000000;14026744.17580000;172673273.58000000;14026744.17580000;172673273.58000000;0.00000000;0.00000000;0.00000000;0.00000000;0.00000000;0.00000000;0.00000000;0.00000000;0.00000000;0.00000000;0.00000000;4.00000000;100.00000000;0.00000000;0.00000000;0.00000000;0.00000000;0.00000000;0.00000000;0.00000000;0.00000000;0.00000000;0.00000000;0.00000000;0.00000000;0.00000000;0.00000000;0.00000000;0.00000000;0.00000000;0.00000000;4.00000000;100.00000000;1;4.00000000;14026744.17580000;14026744.17580000;0.00260000;N;N
CLASSES - FIP;15.690.451/0001-75;FIJI FUNDO DE INVESTIMENTO EM PARTICIPAÇÕES;2026-04-30;7329692828.690000000000;;;;S;Investidores profissionais;4053455344.53000000;4053455344.53000000;4053455344.53000000;3998955344.52999970;3998955344.53000000;0.00000000;0.00000000;0.00000000;0.00000000;0.00000000;0.00000000;0.00000000;0.00000000;0.00000000;0.00000000;0.00000000;4.00000000;100.00000000;0.00000000;0.00000000;0.00000000;0.00000000;0.00000000;0.00000000;0.00000000;0.00000000;0.00000000;0.00000000;0.00000000;0.00000000;0.00000000;0.00000000;0.00000000;0.00000000;0.00000000;0.00000000;4.00000000;100.00000000;1;4.00000000;4053455344.53000000;3998955344.53000000;1.83290190;N;N
CLASSES - FIP;15.690.451/0001-75;FIJI FUNDO DE INVESTIMENTO EM PARTICIPAÇÕES;2026-08-31;7345946628.930000000000;;;;S;Investidores profissionais;4084910688.00000000;189910688.00000000;4084910688.00000000;3998955344.52999970;54500000.00000000;0.00000000;0.00000000;0.00000000;0.00000000;0.00000000;0.00000000;0.00000000;0.00000000;0.00000000;0.00000000;0.00000000;4.00000000;100.00000000;0.00000000;0.00000000;0.00000000;0.00000000;0.00000000;0.00000000;0.00000000;0.00000000;0.00000000;0.00000000;0.00000000;0.00000000;0.00000000;0.00000000;0.00000000;0.00000000;0.00000000;0.00000000;4.00000000;100.00000000;1;4.00000000;189910688.00000000;3998955344.53000000;1.83696640;N;N
CLASSES - FIP;15.711.200/0001-20;SIGNAL CAPITAL FUNDO DE INVESTIMENTO EM PARTICIPAÇÕES MULTIESTRATÉGIA RESPONSABILIDADE LIMITADA;2026-04-30;50195832.370000000000;;;;S;Investidores qualificados;100100000.00000000;0.00000000;100100000.00000000;121054.00357370;121538057.69000000;47024466.37220000;0.00000000;0.00000000;0.00000000;0.00000000;0.00000000;0.00000000;0.00000000;0.00000000;0.00000000;0.00000000;1.00000000;6.93000000;0.00000000;0.00000000;0.00000000;0.00000000;0.00000000;0.00000000;0.00000000;0.00000000;0.00000000;0.00000000;0.00000000;0.00000000;5.00000000;21.30000000;0.00000000;0.00000000;11.00000000;71.77000000;17.00000000;100.00000000;1;17.00000000;0.00000000;121054.00357370;414.65652420;N;N
CLASSES - FIP;15.711.200/0001-20;SIGNAL CAPITAL FUNDO DE INVESTIMENTO EM PARTICIPAÇÕES MULTIESTRATÉGIA RESPONSABILIDADE LIMITADA;2026-08-31;41973046.870000000000;;;;S;Investidores qualificados;100100000.00000000;0.00000000;100100000.00000000;121054.00357370;121538057.69000000;40755509.46480000;0.00000000;0.00000000;0.00000000;0.00000000;0.00000000;0.00000000;0.00000000;0.00000000;0.00000000;0.00000000;1.00000000;6.93000000;0.00000000;0.00000000;0.00000000;0.00000000;0.00000000;0.00000000;0.00000000;0.00000000;0.00000000;0.00000000;0.00000000;0.00000000;5.00000000;21.30000000;0.00000000;0.00000000;11.00000000;71.77000000;17.00000000;100.00000000;1;17.00000000;0.00000000;121054.00357370;346.72993570;N;N
CLASSES - FIP;15.711.367/0001-90;W7 FUNDO DE INVESTIMENTO EM PARTICIPAÇÕES MULTIESTRATÉGIA;2026-04-30;39668224.740000000000;;;;S;Investidores qualificados;107414267.65000000;114502577.75801968;107414267.65000000;114502577.75801968;107414267.65000000;0.00000000;0.00000000;0.00000000;0.00000000;0.00000000;0.00000000;0.00000000;0.00000000;0.00000000;0.00000000;0.00000000;0.00000000;0.00000000;0.00000000;0.00000000;0.00000000;0.00000000;27.00000000;94.87000000;0.00000000;0.00000000;0.00000000;0.00000000;0.00000000;0.00000000;1.00000000;5.13000000;0.00000000;0.00000000;0.00000000;0.00000000;28.00000000;100.00000000;1;28.00000000;114502577.75801968;114502577.75801968;0.34643958;N;N
CLASSES - FIP;15.711.367/0001-90;W7 FUNDO DE INVESTIMENTO EM PARTICIPAÇÕES MULTIESTRATÉGIA;2026-08-31;39467823.780000000000;;;;S;Investidores qualificados;107414267.65000000;114502577.75801968;107414267.65000000;114502577.75801968;107414267.65000000;0.00000000;0.00000000;0.00000000;0.00000000;0.00000000;0.00000000;0.00000000;0.00000000;0.00000000;0.00000000;0.00000000;0.00000000;0.00000000;0.00000000;0.00000000;0.00000000;0.00000000;27.00000000;94.87000000;0.00000000;0.00000000;0.00000000;0.00000000;0.00000000;0.00000000;1.00000000;5.13000000;0.00000000;0.00000000;0.00000000;0.00000000;28.00000000;100.00000000;1;28.00000000;114502577.75801968;114502577.75801968;0.34468939;N;N
CLASSES - FIP;15.769.575/0001-40;POLAR II FUNDO DE INVESTIMENTO EM PARTICIPAÇÕES MULTIESTRATÉGIA INVESTIMENTO NO EXTERIOR RESP LIMITA;2026-04-30;2043226.940000000000;;;;N;Investidores profissionais;26029010283.62000000;28774.26993803;26029010283.62000000;28774.26993803;26029010283.62000000;0.00000000;0.00000000;0.00000000;0.00000000;0.00000000;0.00000000;0.00000000;0.00000000;0.00000000;0.00000000;0.00000000;1.00000000;100.00000000;0.00000000;0.00000000;0.00000000;0.00000000;0.00000000;0.00000000;0.00000000;0.00000000;0.00000000;0.00000000;0.00000000;0.00000000;0.00000000;0.00000000;0.00000000;0.00000000;0.00000000;0.00000000;1.00000000;100.00000000;1;1.00000000;28774.26993803;28774.26993803;71.00883873;N;N
CLASSES - FIP;15.769.575/0001-40;POLAR II FUNDO DE INVESTIMENTO EM PARTICIPAÇÕES MULTIESTRATÉGIA INVESTIMENTO NO EXTERIOR RESP LIMITA;2026-08-31;1663173.140000000000;;;;N;Investidores profissionais;26029010283.62000000;28774.26993803;26029010283.62000000;28774.26993803;26029010283.62000000;0.00000000;0.00000000;0.00000000;0.00000000;0.00000000;0.00000000;0.00000000;0.00000000;0.00000000;0.00000000;0.00000000;1.00000000;100.00000000;0.00000000;0.00000000;0.00000000;0.00000000;0.00000000;0.00000000;0.00000000;0.00000000;0.00000000;0.00000000;0.00000000;0.00000000;0.00000000;0.00000000;0.00000000;0.00000000;0.00000000;0.00000000;1.00000000;100.00000000;1;1.00000000;28774.26993803;28774.26993803;57.80072246;N;N
CLASSES - FIP;15.798.354/0001-09;FUNDO DE INVESTIMENTO EM PARTICIPAÇÕES LSH - MULTIESTRATÉGIA;2026-04-30;-153870094.970000000000;;;;N;Investidores qualificados;385337997.12000000;6244.71472951;385337997.12000000;6244.71472951;385337997.12000000;0.00000000;1.00000000;10.94000000;1.00000000;21.07000000;0.00000000;0.00000000;0.00000000;0.00000000;0.00000000;0.00000000;0.00000000;0.00000000;0.00000000;0.00000000;0.00000000;0.00000000;46.00000000;37.74000000;0.00000000;0.00000000;0.00000000;0.00000000;0.00000000;0.00000000;2.00000000;1.02000000;0.00000000;0.00000000;3.00000000;29.23000000;53.00000000;100.00000000;1;53.00000000;6244.71472951;6244.71472951;-24640.05188944;N;N
CLASSES - FIP;15.798.354/0001-09;FUNDO DE INVESTIMENTO EM PARTICIPAÇÕES LSH - MULTIESTRATÉGIA;2026-08-31;-154138784.690000000000;;;;N;Investidores qualificados;385337997.12000000;6244.71472951;385337997.12000000;6244.71472951;385337997.12000000;0.00000000;1.00000000;10.94000000;1.00000000;21.07000000;0.00000000;0.00000000;0.00000000;0.00000000;0.00000000;0.00000000;0.00000000;0.00000000;0.00000000;0.00000000;0.00000000;0.00000000;46.00000000;37.74000000;0.00000000;0.00000000;0.00000000;0.00000000;0.00000000;0.00000000;2.00000000;1.02000000;0.00000000;0.00000000;3.00000000;29.23000000;53.00000000;100.00000000;1;53.00000000;6244.71472951;6244.71472951;-24683.07862992;N;N
CLASSES - FIP;15.802.394/0001-79;SIGNAL CAPITAL FUNDO DE INVESTIMENTO EM PARTICIPAÇÕES MULTIESTRATÉGIA - CO-INVESTIMENTO;2026-08-31;0.000000000000;;;;S;Investidores qualificados;60000000.00000000;60000.00000000;60000000.00000000;0.00000000;40562260.03000000;0.00000000;0.00000000;0.00000000;0.00000000;0.00000000;0.00000000;0.00000000;0.00000000;0.00000000;0.00000000;0.00000000;0.00000000;0.00000000;0.00000000;0.00000000;0.00000000;0.00000000;0.00000000;0.00000000;0.00000000;0.00000000;0.00000000;0.00000000;0.00000000;0.00000000;1.00000000;100.00000000;0.00000000;0.00000000;0.00000000;0.00000000;1.00000000;100.00000000;1;1.00000000;60000.00000000;0.00000000;0.00000000;N;N
CLASSES - FIP;15.807.802/0001-85;FUNDO DE INVESTIMENTO EM PARTICIPAÇÕES AJL MULTIESTRATÉGIA  RESPONSABILIDADE LIMITADA;2026-04-30;2708834.220000000000;;;;N;Investidores qualificados;81897415.75000000;82235.00000000;81897415.75000000;82235.00000000;81897415.75000000;0.00000000;0.00000000;0.00000000;0.00000000;0.00000000;0.00000000;0.00000000;0.00000000;0.00000000;0.00000000;0.00000000;0.00000000;0.00000000;0.00000000;0.00000000;0.00000000;0.00000000;0.00000000;0.00000000;0.00000000;0.00000000;0.00000000;0.00000000;0.00000000;0.00000000;1.00000000;100.00000000;0.00000000;0.00000000;0.00000000;0.00000000;1.00000000;100.00000000;1;1.00000000;82235.00000000;82235.00000000;32.94016197;N;N
CLASSES - FIP;15.807.802/0001-85;FUNDO DE INVESTIMENTO EM PARTICIPAÇÕES AJL MULTIESTRATÉGIA  RESPONSABILIDADE LIMITADA;2026-08-31;13249117.090000000000;;;;N;Investidores qualificados;81897415.75000000;82235.00000000;81897415.75000000;82235.00000000;81897415.75000000;0.00000000;0.00000000;0.00000000;0.00000000;0.00000000;0.00000000;0.00000000;0.00000000;0.00000000;0.00000000;0.00000000;0.00000000;0.00000000;0.00000000;0.00000000;0.00000000;0.00000000;0.00000000;0.00000000;0.00000000;0.00000000;0.00000000;0.00000000;0.00000000;0.00000000;1.00000000;100.00000000;0.00000000;0.00000000;0.00000000;0.00000000;1.00000000;100.00000000;1;1.00000000;82235.00000000;82235.00000000;142.26023898;N;N
CLASSES - FIP;16.465.532/0001-34;CTS II - FUNDO DE INVESTIMENTO EM PARTICIPAÇÕES MULTIESTRATÉGIA;2026-04-30;7224312.310000000000;;;;S;Investidores qualificados;53053800.00000000;53053800.00000000;53053800.00000000;53053800.00000000;53053800.00000000;0.00000000;0.00000000;0.00000000;0.00000000;0.00000000;0.00000000;0.00000000;0.00000000;0.00000000;0.00000000;0.00000000;3.00000000;77.38145053;0.00000000;0.00000000;0.00000000;0.00000000;0.00000000;0.00000000;0.00000000;0.00000000;0.00000000;0.00000000;0.00000000;0.00000000;2.00000000;22.61854947;0.00000000;0.00000000;0.00000000;0.00000000;5.00000000;100.00000000;1;5.00000000;53053800.00000000;53053800.00000000;0.13616955;N;N
CLASSES - FIP;16.465.532/0001-34;CTS II - FUNDO DE INVESTIMENTO EM PARTICIPAÇÕES MULTIESTRATÉGIA;2026-08-31;1335858.520000000000;;;;S;Investidores qualificados;53053800.00000000;53053800.00000000;53053800.00000000;53053800.00000000;53053800.00000000;0.00000000;0.00000000;0.00000000;0.00000000;0.00000000;0.00000000;0.00000000;0.00000000;0.00000000;0.00000000;0.00000000;3.00000000;77.38145053;0.00000000;0.00000000;0.00000000;0.00000000;0.00000000;0.00000000;0.00000000;0.00000000;0.00000000;0.00000000;0.00000000;0.00000000;2.00000000;22.61854947;0.00000000;0.00000000;0.00000000;0.00000000;5.00000000;100.00000000;1;5.00000000;53053800.00000000;53053800.00000000;0.02517932;N;N
CLASSES - FIP;16.465.811/0001-06;FS - FUNDO DE INVESTIMENTO EM PARTICIPAÇÕES MULTIESTRATÉGIA;2026-04-30;2803355.560000000000;;;;S;Investidores qualificados;327202859.55000000;930.06694992;327202859.55000000;930.06694992;327202859.55000000;0.00000000;0.00000000;0.00000000;0.00000000;0.00000000;0.00000000;0.00000000;0.00000000;0.00000000;0.00000000;0.00000000;3.00000000;91.61167922;0.00000000;0.00000000;0.00000000;0.00000000;0.00000000;0.00000000;0.00000000;0.00000000;0.00000000;0.00000000;0.00000000;0.00000000;5.00000000;8.38832086;0.00000000;0.00000000;0.00000000;0.00000000;8.00000000;100.00000000;1;8.00000000;930.06694992;930.06694992;3014.14383152;N;N
CLASSES - FIP;16.465.811/0001-06;FS - FUNDO DE INVESTIMENTO EM PARTICIPAÇÕES MULTIESTRATÉGIA;2026-08-31;3735730.900000000000;;;;S;Investidores qualificados;328453210.41000000;1278.76284506;328453210.41000000;1278.76284506;328453210.41000000;0.00000000;0.00000000;0.00000000;0.00000000;0.00000000;0.00000000;0.00000000;0.00000000;0.00000000;0.00000000;0.00000000;3.00000000;93.89902512;0.00000000;0.00000000;0.00000000;0.00000000;0.00000000;0.00000000;0.00000000;0.00000000;0.00000000;0.00000000;0.00000000;0.00000000;5.00000000;6.10097488;0.00000000;0.00000000;0.00000000;0.00000000;8.00000000;100.00000000;1;8.00000000;1278.76284506;1278.76284506;2921.36334304;N;N
CLASSES - FIP;16.524.588/0001-12;FUNDO DE INVESTIMENTO EM PARTICIPAÇÕES FIMA MULTIESTRATÉGIA RESP LIMITADA;2026-04-30;49086492.360000000000;;;;S;Investidores profissionais;165000000.00000000;165000.00000000;165000000.00000000;63467396.30000000;64462382.90000000;0.00000000;5.00000000;2.42000000;0.00000000;0.00000000;0.00000000;0.00000000;0.00000000;0.00000000;1.00000000;81.85000000;0.00000000;0.00000000;0.00000000;0.00000000;2.00000000;3.03000000;0.00000000;0.00000000;0.00000000;0.00000000;0.00000000;0.00000000;0.00000000;0.00000000;9.00000000;12.70000000;0.00000000;0.00000000;0.00000000;0.00000000;17.00000000;100.00000000;1;17.00000000;165000.00000000;63467396.30000000;0.77341273;N;N
CLASSES - FIP;16.524.588/0001-12;FUNDO DE INVESTIMENTO EM PARTICIPAÇÕES FIMA MULTIESTRATÉGIA RESP LIMITADA;2026-08-31;28734577.000000000000;;;;S;Investidores profissionais;165000000.00000000;165000.00000000;165000000.00000000;63513610.00000000;63388536.00000000;0.00000000;5.00000000;2.48000000;1.00000000;83.65000000;0.00000000;0.00000000;0.00000000;0.00000000;1.00000000;1.93000000;0.00000000;0.00000000;0.00000000;0.00000000;0.00000000;0.00000000;0.00000000;0.00000000;0.00000000;0.00000000;0.00000000;0.00000000;0.00000000;0.00000000;10.00000000;11.94000000;0.00000000;0.00000000;0.00000000;0.00000000;17.00000000;100.00000000;1;17.00000000;165000.00000000;63513609.86000000;0.45241606;N;N
CLASSES - FIP;16.542.170/0001-38;NAZARÉ FUNDO DE INVESTIMENTOS EM PARTICIPAÇÕES  MULTIESTRATÉGIA-RESPONSABILIDADE LIMITADA;2026-04-30;77265471.798000000000;;;;S;Investidores qualificados;77265471.78000000;1085851.52320000;77265471.78000000;1085851.52392394;77265471.78000000;0.00000000;0.00000000;0.00000000;1.00000000;43.29000000;0.00000000;0.00000000;0.00000000;0.00000000;0.00000000;0.00000000;0.00000000;0.00000000;0.00000000;0.00000000;0.00000000;0.00000000;0.00000000;0.00000000;0.00000000;0.00000000;0.00000000;0.00000000;0.00000000;0.00000000;2.00000000;56.71000000;0.00000000;0.00000000;0.00000000;0.00000000;3.00000000;100.00000000;unica;3.00000000;1085851.52392394;1085851.52392394;71.15000000;N;N
CLASSES - FIP;16.542.170/0001-38;NAZARÉ FUNDO DE INVESTIMENTOS EM PARTICIPAÇÕES  MULTIESTRATÉGIA-RESPONSABILIDADE LIMITADA;2026-08-31;77152592.400000000000;;;;S;Investidores qualificados;77152592.39000000;1085851.52392394;77152592.39000000;1085851.52392394;77152592.39000000;0.00000000;0.00000000;0.00000000;1.00000000;43.29000000;0.00000000;0.00000000;0.00000000;0.00000000;0.00000000;0.00000000;0.00000000;0.00000000;0.00000000;0.00000000;0.00000000;0.00000000;0.00000000;0.00000000;0.00000000;0.00000000;0.00000000;0.00000000;0.00000000;0.00000000;2.00000000;56.71000000;0.00000000;0.00000000;0.00000000;0.00000000;3.00000000;100.00000000;unica;3.00000000;1085851.52392394;1085851.52392394;71.05261695;N;N
CLASSES - FIP;16.580.005/0001-70;FLA I - FUNDO DE INVESTIMENTO EM PARTICIPAÇÕES MULTIESTRATÉGIA;2026-04-30;-16651.440000000000;;;;N;Investidores qualificados;0.00000000;1381944.71278696;1361308.16000000;1381944.71278696;1361308.16000000;0.00000000;0.00000000;0.00000000;0.00000000;0.00000000;0.00000000;0.00000000;0.00000000;0.00000000;0.00000000;0.00000000;0.00000000;0.00000000;0.00000000;0.00000000;0.00000000;0.00000000;0.00000000;0.00000000;0.00000000;0.00000000;0.00000000;0.00000000;0.00000000;0.00000000;0.00000000;0.00000000;0.00000000;0.00000000;0.00000000;0.00000000;0.00000000;0.00000000;1;0.00000000;1381944.71278696;1381944.71278696;0.01204928;N;N
CLASSES - FIP;16.580.005/0001-70;FLA I - FUNDO DE INVESTIMENTO EM PARTICIPAÇÕES MULTIESTRATÉGIA;2026-08-31;-140257.650000000000;;;;N;Investidores qualificados;0.00000000;1381944.71278696;1361308.16000000;1381944.71278696;1361308.16000000;0.00000000;0.00000000;0.00000000;0.00000000;0.00000000;0.00000000;0.00000000;0.00000000;0.00000000;0.00000000;0.00000000;0.00000000;0.00000000;0.00000000;0.00000000;0.00000000;0.00000000;0.00000000;0.00000000;0.00000000;0.00000000;0.00000000;0.00000000;0.00000000;0.00000000;0.00000000;0.00000000;0.00000000;0.00000000;0.00000000;0.00000000;0.00000000;0.00000000;1;0.00000000;1381944.71278696;1381944.71278696;0.10149295;N;N
CLASSES - FIP;16.581.185/0001-05;FUNDO DE INVESTIMENTO EM PARTICIPAÇÕES PIANA MULTIESTRATÉGIA DE RESPONSABILIDADE ILIMITADA;2026-04-30;73205108.490000000000;;;;N;Investidores qualificados;119763901.58000000;243703.36754577;119763901.58000000;243703.36754577;119763901.58000000;0.00000000;0.00000000;0.00000000;0.00000000;0.00000000;0.00000000;0.00000000;7047.00000000;64.17000000;0.00000000;0.00000000;0.00000000;0.00000000;0.00000000;0.00000000;0.00000000;0.00000000;0.00000000;0.00000000;0.00000000;0.00000000;0.00000000;0.00000000;0.00000000;0.00000000;0.00000000;0.00000000;12.00000000;35.83000000;0.00000000;0.00000000;7059.00000000;100.00000000;1;3.00000000;243703.36754577;243703.36754577;300.38611787;N;N
CLASSES - FIP;16.581.185/0001-05;FUNDO DE INVESTIMENTO EM PARTICIPAÇÕES PIANA MULTIESTRATÉGIA DE RESPONSABILIDADE ILIMITADA;2026-08-31;270423.930000000000;;;;N;Investidores qualificados;119763901.58000000;238828.71100000;119763901.58000000;243703.36754577;111743502.59000000;0.00000000;3.00000000;100.00000000;0.00000000;0.00000000;0.00000000;0.00000000;0.00000000;0.00000000;0.00000000;0.00000000;0.00000000;0.00000000;0.00000000;0.00000000;0.00000000;0.00000000;0.00000000;0.00000000;0.00000000;0.00000000;0.00000000;0.00000000;0.00000000;0.00000000;0.00000000;0.00000000;0.00000000;0.00000000;0.00000000;0.00000000;3.00000000;100.00000000;1;3.00000000;238828.71100000;243703.36754577;1.10964380;N;N
CLASSES - FIP;16.598.155/0001-01;RHPBK COINVESTIMENTO - FUNDO DE INVESTIMENTO EM PARTICIPAÇÕES MULTIESTRATÉGIA;2026-04-30;25111094.370000000000;;;;S;Investidores qualificados;191902970.12000000;182262930.93698698;191902970.12000000;179015539.20720318;190085813.27000000;0.00000000;9.00000000;6.07369727;1.00000000;0.47696882;0.00000000;0.00000000;0.00000000;0.00000000;0.00000000;0.00000000;2.00000000;13.92502343;0.00000000;0.00000000;0.00000000;0.00000000;0.00000000;0.00000000;0.00000000;0.00000000;0.00000000;0.00000000;0.00000000;0.00000000;20.00000000;79.52431047;0.00000000;0.00000000;0.00000000;0.00000000;32.00000000;100.00000000;1;32.00000000;182262930.93698698;179015539.20720318;0.14027327;N;N
CLASSES - FIP;16.598.155/0001-01;RHPBK COINVESTIMENTO - FUNDO DE INVESTIMENTO EM PARTICIPAÇÕES MULTIESTRATÉGIA;2026-08-31;288036.210000000000;;;;S;Investidores qualificados;152234285.92000000;182262930.93698698;191902970.12000000;179015539.20720318;190085813.27000000;0.00000000;9.00000000;6.07369727;1.00000000;0.47696882;0.00000000;0.00000000;0.00000000;0.00000000;0.00000000;0.00000000;2.00000000;13.92502343;0.00000000;0.00000000;0.00000000;0.00000000;0.00000000;0.00000000;0.00000000;0.00000000;0.00000000;0.00000000;0.00000000;0.00000000;20.00000000;79.52431047;0.00000000;0.00000000;0.00000000;0.00000000;32.00000000;100.00000000;1;32.00000000;182262930.93698698;179015539.20720318;0.00160900;N;N
CLASSES - FIP;16.718.541/0001-90;BROOKFIELD BRAZIL INFRASTRUCTURE FUNDO DE INVESTIMENTO EM PARTICIPAÇÕES;2026-04-30;6700858976.670000000000;;;;S;Investidores profissionais;5000000000.00000000;5000000000.00000000;5000000000.00000000;1987726183.32000260;1987726183.32000000;0.00000000;0.00000000;0.00000000;0.00000000;0.00000000;0.00000000;0.00000000;0.00000000;0.00000000;0.00000000;0.00000000;4.00000000;100.00000000;0.00000000;0.00000000;0.00000000;0.00000000;0.00000000;0.00000000;0.00000000;0.00000000;0.00000000;0.00000000;0.00000000;0.00000000;0.00000000;0.00000000;0.00000000;0.00000000;0.00000000;0.00000000;4.00000000;100.00000000;1;4.00000000;5000000000.00000000;1987726183.32000000;3.37111770;N;N
CLASSES - FIP;16.718.541/0001-90;BROOKFIELD BRAZIL INFRASTRUCTURE FUNDO DE INVESTIMENTO EM PARTICIPAÇÕES;2026-08-31;6570307296.850000000000;;;;S;Investidores profissionais;5000000000.00000000;5000000000.00000000;5000000000.00000000;1987726183.32000260;1987726183.32000000;0.00000000;0.00000000;0.00000000;0.00000000;0.00000000;0.00000000;0.00000000;0.00000000;0.00000000;0.00000000;0.00000000;4.00000000;100.00000000;0.00000000;0.00000000;0.00000000;0.00000000;0.00000000;0.00000000;0.00000000;0.00000000;0.00000000;0.00000000;0.00000000;0.00000000;0.00000000;0.00000000;0.00000000;0.00000000;0.00000000;0.00000000;4.00000000;100.00000000;1;4.00000000;0.00000000;1987726183.32000000;3.30543880;N;N
CLASSES - FIP;16.734.970/0001-50;ICP - FUNDO DE INVESTIMENTO EM PARTICIPAÇÕES MULTIESTRATÉGIA IE;2026-04-30;0.000000000000;;;;S;Investidores profissionais;0.00000000;0.00000000;0.00000000;0.00000000;0.00000000;0.00000000;0.00000000;0.00000000;0.00000000;0.00000000;0.00000000;0.00000000;0.00000000;0.00000000;0.00000000;0.00000000;0.00000000;0.00000000;0.00000000;0.00000000;0.00000000;0.00000000;0.00000000;0.00000000;0.00000000;0.00000000;0.00000000;0.00000000;0.00000000;0.00000000;0.00000000;0.00000000;0.00000000;0.00000000;0.00000000;0.00000000;0.00000000;0.00000000;0;0.00000000;0.00000000;0.00000000;0.00000000;N;N
CLASSES - FIP;16.779.915/0001-87;G5 VENTURE CAPITAL FIP MULTIESTRATÉGIA INVESTIMENTO NO EXTERIOR DE RESPONSABILIDADE LIMITADA;2026-04-30;131553150.780000000000;;;;S;Investidores profissionais;79500000.00000000;0.00000000;79500000.00000000;53779.76818700;66125118.87000000;0.00000000;0.00000000;0.00000000;0.00000000;0.00000000;0.00000000;0.00000000;0.00000000;0.00000000;0.00000000;0.00000000;2.00000000;23.10000000;0.00000000;0.00000000;0.00000000;0.00000000;0.00000000;0.00000000;0.00000000;0.00000000;0.00000000;0.00000000;0.00000000;0.00000000;1.00000000;76.90000000;0.00000000;0.00000000;0.00000000;0.00000000;3.00000000;100.00000000;1;3.00000000;0.00000000;53779.76818700;2446.14573860;N;N
CLASSES - FIP;16.779.915/0001-87;G5 VENTURE CAPITAL FIP MULTIESTRATÉGIA INVESTIMENTO NO EXTERIOR DE RESPONSABILIDADE LIMITADA;2026-08-31;131484464.600000000000;;;;S;Investidores profissionais;79500000.00000000;0.00000000;79500000.00000000;53779.76818700;66125118.87000000;0.00000000;0.00000000;0.00000000;0.00000000;0.00000000;0.00000000;0.00000000;0.00000000;0.00000000;0.00000000;0.00000000;2.00000000;23.10000000;0.00000000;0.00000000;0.00000000;0.00000000;0.00000000;0.00000000;0.00000000;0.00000000;0.00000000;0.00000000;0.00000000;0.00000000;1.00000000;76.90000000;0.00000000;0.00000000;0.00000000;0.00000000;3.00000000;100.00000000;1;3.00000000;0.00000000;53779.76818700;2444.86856370;N;N
CLASSES - FIP;16.847.637/0001-58;ANGEL FUNDO DE INVESTIMENTO EM PARTICIPAÇÕES MULTIESTRATÉGIA;2026-04-30;-163868.620000000000;;;;N;Investidores qualificados;17354153.81000000;16.16252770;17354153.81000000;16.16252770;17859153.82000000;0.00000000;9.00000000;100.00000000;0.00000000;0.00000000;0.00000000;0.00000000;0.00000000;0.00000000;0.00000000;0.00000000;0.00000000;0.00000000;0.00000000;0.00000000;0.00000000;0.00000000;0.00000000;0.00000000;0.00000000;0.00000000;0.00000000;0.00000000;0.00000000;0.00000000;0.00000000;0.00000000;0.00000000;0.00000000;0.00000000;0.00000000;9.00000000;100.00000000;1;9.00000000;16.16252770;16.16252770;-10138.79902119;N;N
CLASSES - FIP;16.847.637/0001-58;ANGEL FUNDO DE INVESTIMENTO EM PARTICIPAÇÕES MULTIESTRATÉGIA;2026-08-31;-250099.650000000000;;;;N;Investidores qualificados;17354153.81000000;16.16252770;17354153.81000000;16.16252770;17859153.82000000;0.00000000;9.00000000;100.00000000;0.00000000;0.00000000;0.00000000;0.00000000;0.00000000;0.00000000;0.00000000;0.00000000;0.00000000;0.00000000;0.00000000;0.00000000;0.00000000;0.00000000;0.00000000;0.00000000;0.00000000;0.00000000;0.00000000;0.00000000;0.00000000;0.00000000;0.00000000;0.00000000;0.00000000;0.00000000;0.00000000;0.00000000;9.00000000;100.00000000;1;9.00000000;16.16252770;16.16252770;-15474.04308781;N;N
CLASSES - FIP;16.854.510/0001-66;BR PARTNERS OUTLET PREMIUM FUNDO DE INVESTIMENTO EM  PARTICIPAÇOES MULTIESTRATÉGIA RESP LIMITADA;2026-04-30;213552275.610000000000;;;;S;Investidores profissionais;213552275.61000000;14990909.00000000;1499099.02000000;14990909.00000000;14990909.02000000;0.00000000;17.00000000;45.81000000;3.00000000;34.63000000;0.00000000;0.00000000;0.00000000;0.00000000;0.00000000;0.00000000;0.00000000;0.00000000;0.00000000;0.00000000;0.00000000;0.00000000;0.00000000;0.00000000;0.00000000;0.00000000;0.00000000;0.00000000;0.00000000;0.00000000;6.00000000;19.56000000;0.00000000;0.00000000;0.00000000;0.00000000;26.00000000;100.00000000;UNICA;26.00000000;87359082.91351772;87359082.91351772;2.44453431;N;N
CLASSES - FIP;16.854.510/0001-66;BR PARTNERS OUTLET PREMIUM FUNDO DE INVESTIMENTO EM  PARTICIPAÇOES MULTIESTRATÉGIA RESP LIMITADA;2026-08-31;212607076.030000000000;;;;S;Investidores profissionais;212607076.03000000;87359082.91351772;76858604.27000000;87359082.91351772;76858604.27000000;0.00000000;17.00000000;45.81000000;3.00000000;34.63000000;0.00000000;0.00000000;0.00000000;0.00000000;0.00000000;0.00000000;0.00000000;0.00000000;0.00000000;0.00000000;0.00000000;0.00000000;0.00000000;0.00000000;0.00000000;0.00000000;0.00000000;0.00000000;0.00000000;0.00000000;6.00000000;19.56000000;0.00000000;0.00000000;0.00000000;0.00000000;26.00000000;100.00000000;unica;26.00000000;87359082.91351772;87359082.91351772;2.43371461;N;N
CLASSES - FIP;16.858.931/0001-65;FUNDO DE INVESTIMENTO EM PARTICIPAÇÕES BVEP PLAZA MULTIESTRATÉGIA;2026-04-30;94960590.810000000000;;;;S;Investidores qualificados;143319330.55000000;144170.99999950;143319330.55000000;144170.99999950;143319330.55000000;0.00000000;10.00000000;12.37000000;1.00000000;0.71000000;1.00000000;51.15000000;0.00000000;0.00000000;0.00000000;0.00000000;0.00000000;0.00000000;0.00000000;0.00000000;20.00000000;29.00000000;0.00000000;0.00000000;0.00000000;0.00000000;2.00000000;6.77000000;0.00000000;0.00000000;0.00000000;0.00000000;0.00000000;0.00000000;0.00000000;0.00000000;34.00000000;100.00000000;1;8.00000000;78851.00001210;78851.00001210;680.79639870;N;N
CLASSES - FIP;16.858.931/0001-65;FUNDO DE INVESTIMENTO EM PARTICIPAÇÕES BVEP PLAZA MULTIESTRATÉGIA;2026-04-30;94960590.810000000000;;;;S;Investidores qualificados;143319330.55000000;144170.99999950;143319330.55000000;144170.99999950;143319330.55000000;0.00000000;10.00000000;12.37000000;1.00000000;0.71000000;1.00000000;51.15000000;0.00000000;0.00000000;0.00000000;0.00000000;0.00000000;0.00000000;0.00000000;0.00000000;20.00000000;29.00000000;0.00000000;0.00000000;0.00000000;0.00000000;2.00000000;6.77000000;0.00000000;0.00000000;0.00000000;0.00000000;0.00000000;0.00000000;0.00000000;0.00000000;34.00000000;100.00000000;2;26.00000000;65319.99998740;65319.99998740;631.82304370;N;N
CLASSES - FIP;16.858.931/0001-65;FUNDO DE INVESTIMENTO EM PARTICIPAÇÕES BVEP PLAZA MULTIESTRATÉGIA;2026-08-31;94795312.930000000000;;;;S;Investidores qualificados;0.00000000;0.00000000;0.00000000;0.00000000;0.00000000;0.00000000;0.00000000;0.00000000;0.00000000;0.00000000;0.00000000;0.00000000;0.00000000;0.00000000;0.00000000;0.00000000;0.00000000;0.00000000;0.00000000;0.00000000;0.00000000;0.00000000;0.00000000;0.00000000;0.00000000;0.00000000;0.00000000;0.00000000;0.00000000;0.00000000;0.00000000;0.00000000;0.00000000;0.00000000;0.00000000;0.00000000;0.00000000;0.00000000;1;0.00000000;0.00000000;0.00000000;779.86888121;N;N
CLASSES - FIP;16.973.196/0001-30;TS COINVESTIMENTO - FUNDO DE INVESTIMENTO EM PARTICIPAÇÕES MULTIESTRATÉGIA;2026-04-30;1101396.740000000000;;;;S;Investidores qualificados;120985463.66000000;120985.46366000;120985463.66000000;117498.22401000;117498224.01000000;0.00000000;7.00000000;6.19909184;1.00000000;0.25000000;0.00000000;0.00000000;0.00000000;0.00000000;0.00000000;0.00000000;1.00000000;8.26545578;0.00000000;0.00000000;0.00000000;0.00000000;0.00000000;0.00000000;0.00000000;0.00000000;0.00000000;0.00000000;0.00000000;0.00000000;13.00000000;85.28545238;0.00000000;0.00000000;0.00000000;0.00000000;22.00000000;100.00000000;1;21.00000000;120683.00000000;117203.83785000;9.37373093;N;N
CLASSES - FIP;16.973.196/0001-30;TS COINVESTIMENTO - FUNDO DE INVESTIMENTO EM PARTICIPAÇÕES MULTIESTRATÉGIA;2026-04-30;1101396.740000000000;;;;S;Investidores qualificados;120985463.66000000;120985.46366000;120985463.66000000;117498.22401000;117498224.01000000;0.00000000;7.00000000;6.19909184;1.00000000;0.25000000;0.00000000;0.00000000;0.00000000;0.00000000;0.00000000;0.00000000;1.00000000;8.26545578;0.00000000;0.00000000;0.00000000;0.00000000;0.00000000;0.00000000;0.00000000;0.00000000;0.00000000;0.00000000;0.00000000;0.00000000;13.00000000;85.28545238;0.00000000;0.00000000;0.00000000;0.00000000;22.00000000;100.00000000;2;0.00000000;0.00000000;0.00000000;0.00000000;N;N
CLASSES - FIP;16.973.196/0001-30;TS COINVESTIMENTO - FUNDO DE INVESTIMENTO EM PARTICIPAÇÕES MULTIESTRATÉGIA;2026-04-30;1101396.740000000000;;;;S;Investidores qualificados;120985463.66000000;120985.46366000;120985463.66000000;117498.22401000;117498224.01000000;0.00000000;7.00000000;6.19909184;1.00000000;0.25000000;0.00000000;0.00000000;0.00000000;0.00000000;0.00000000;0.00000000;1.00000000;8.26545578;0.00000000;0.00000000;0.00000000;0.00000000;0.00000000;0.00000000;0.00000000;0.00000000;0.00000000;0.00000000;0.00000000;0.00000000;13.00000000;85.28545238;0.00000000;0.00000000;0.00000000;0.00000000;22.00000000;100.00000000;3;1.00000000;302.46366000;294.38616000;9.37374230;N;N
CLASSES - FIP;16.973.196/0001-30;TS COINVESTIMENTO - FUNDO DE INVESTIMENTO EM PARTICIPAÇÕES MULTIESTRATÉGIA;2026-08-31;1236472.310000000000;;;;S;Investidores qualificados;120985463.66000000;120985.46366000;120985463.66000000;117498.22401000;117498224.01000000;0.00000000;7.00000000;6.19909184;1.00000000;0.25000000;0.00000000;0.00000000;0.00000000;0.00000000;0.00000000;0.00000000;1.00000000;8.26545578;0.00000000;0.00000000;0.00000000;0.00000000;0.00000000;0.00000000;0.00000000;0.00000000;0.00000000;0.00000000;0.00000000;0.00000000;13.00000000;85.28545238;0.00000000;0.00000000;0.00000000;0.00000000;22.00000000;100.00000000;1;21.00000000;120683.00000000;117203.83785000;10.52332767;N;N
CLASSES - FIP;16.973.196/0001-30;TS COINVESTIMENTO - FUNDO DE INVESTIMENTO EM PARTICIPAÇÕES MULTIESTRATÉGIA;2026-08-31;1236472.310000000000;;;;S;Investidores qualificados;120985463.66000000;120985.46366000;120985463.66000000;117498.22401000;117498224.01000000;0.00000000;7.00000000;6.19909184;1.00000000;0.25000000;0.00000000;0.00000000;0.00000000;0.00000000;0.00000000;0.00000000;1.00000000;8.26545578;0.00000000;0.00000000;0.00000000;0.00000000;0.00000000;0.00000000;0.00000000;0.00000000;0.00000000;0.00000000;0.00000000;0.00000000;13.00000000;85.28545238;0.00000000;0.00000000;0.00000000;0.00000000;22.00000000;100.00000000;2;0.00000000;0.00000000;0.00000000;10.52332765;N;N
CLASSES - FIP;16.973.196/0001-30;TS COINVESTIMENTO - FUNDO DE INVESTIMENTO EM PARTICIPAÇÕES MULTIESTRATÉGIA;2026-08-31;1236472.310000000000;;;;S;Investidores qualificados;120985463.66000000;120985.46366000;120985463.66000000;117498.22401000;117498224.01000000;0.00000000;7.00000000;6.19909184;1.00000000;0.25000000;0.00000000;0.00000000;0.00000000;0.00000000;0.00000000;0.00000000;1.00000000;8.26545578;0.00000000;0.00000000;0.00000000;0.00000000;0.00000000;0.00000000;0.00000000;0.00000000;0.00000000;0.00000000;0.00000000;0.00000000;13.00000000;85.28545238;0.00000000;0.00000000;0.00000000;0.00000000;22.00000000;100.00000000;3;1.00000000;302.46366000;294.38616000;10.52332080;N;N
