CNPJ_FUNDO;DENOM_SOCIAL;DT_COMPTC;VL_PATRIM_LIQ;QT_COTA;VL_PATRIM_COTA;NR_COTST;ENTID_INVEST;PUBLICO_ALVO;VL_CAP_COMPROM;QT_COTA_SUBSCR;VL_CAP_SUBSCR;QT_COTA_INTEGR;VL_CAP_INTEGR;VL_INVEST_FIP_COTA;NR_COTST_SUBSCR_PF;PR_COTA_SUBSCR_PF;NR_COTST_SUBSCR_PJ_NAO_FINANC;PR_COTA_SUBSCR_PJ_NAO_FINANC;NR_COTST_SUBSCR_BANCO;PR_COTA_SUBSCR_BANCO;NR_COTST_SUBSCR_CORRETORA_DISTRIB;PR_COTA_SUBSCR_CORRETORA_DISTRIB;NR_COTST_SUBSCR_PJ_FINANC;PR_COTA_SUBSCR_PJ_FINANC;NR_COTST_SUBSCR_INVNR;PR_COTA_SUBSCR_INVNR;NR_COTST_SUBSCR_EAPC;PR_COTA_SUBSCR_EAPC;NR_COTST_SUBSCR_EFPC;PR_COTA_SUBSCR_EFPC;NR_COTST_SUBSCR_RPPS;PR_COTA_SUBSCR_RPPS;NR_COTST_SUBSCR_SEGUR;PR_COTA_SUBSCR_SEGUR;NR_COTST_SUBSCR_CAPITALIZ;PR_COTA_SUBSCR_CAPITALIZ;NR_COTST_SUBSCR_FII;PR_COTA_SUBSCR_FII;NR_COTST_SUBSCR_FI;PR_COTA_SUBSCR_FI;NR_COTST_SUBSCR_DISTRIB;PR_COTA_SUBSCR_DISTRIB;NR_COTST_SUBSCR_OUTRO;PR_COTA_SUBSCR_OUTRO;NR_TOTAL_COTST_SUBSCR;PR_TOTAL_COTA_SUBSCR;CLASSE_COTA;NR_COTST_SUBSCR_CLASSE;QT_COTA_SUBSCR_CLASSE;QT_COTA_INTEGR_CLASSE;VL_QUOTA_CLASSE;DIREITO_POLIT_CLASSE;DIREITO_ECON_CLASSE
01.909.558/0001-57;INVESTIDORES INSTITUCIONAIS FUNDO DE INVESTIMENTO EM PARTICIPAÇÕES MULTIESTRATÉGIA;2023-03-31;4603790.170000000000;;;;S;Investidores qualificados;403051116.57000000;728975.89894200;403051116.57000000;728975.89894200;403051116.57000000;0.00000000;0.00000000;0.00000000;2.00000000;1.33000000;0.00000000;0.00000000;0.00000000;0.00000000;0.00000000;0.00000000;0.00000000;0.00000000;0.00000000;0.00000000;11.00000000;90.97000000;0.00000000;0.00000000;0.00000000;0.00000000;0.00000000;0.00000000;0.00000000;0.00000000;2.00000000;7.70000000;0.00000000;0.00000000;0.00000000;0.00000000;15.00000000;100.00000000;1;15.00000000;728975.89894199;728975.89894199;6.31542164;N;N
01.909.558/0001-57;INVESTIDORES INSTITUCIONAIS FUNDO DE INVESTIMENTO EM PARTICIPAÇÕES MULTIESTRATÉGIA;2023-06-30;4683887.460000000000;;;;S;Investidores qualificados;403051116.57000000;728975.89894200;403051116.57000000;728975.89894200;403051116.57000000;0.00000000;0.00000000;0.00000000;2.00000000;1.33000000;0.00000000;0.00000000;0.00000000;0.00000000;0.00000000;0.00000000;0.00000000;0.00000000;0.00000000;0.00000000;14.00000000;90.97000000;0.00000000;0.00000000;0.00000000;0.00000000;0.00000000;0.00000000;0.00000000;0.00000000;2.00000000;7.70000000;0.00000000;0.00000000;0.00000000;0.00000000;18.00000000;100.00000000;1;18.00000000;728975.89894199;728975.89894199;6.42529810;N;N
01.909.558/0001-57;INVESTIDORES INSTITUCIONAIS FUNDO DE INVESTIMENTO EM PARTICIPAÇÕES MULTIESTRATÉGIA;2023-09-30;4783541.120000000000;;;;S;Investidores qualificados;403051116.57000000;728975.89894200;403051116.57000000;728975.89894200;403051116.57000000;0.00000000;0.00000000;0.00000000;2.00000000;1.33000000;0.00000000;0.00000000;0.00000000;0.00000000;0.00000000;0.00000000;0.00000000;0.00000000;0.00000000;0.00000000;14.00000000;90.97000000;0.00000000;0.00000000;0.00000000;0.00000000;0.00000000;0.00000000;0.00000000;0.00000000;2.00000000;7.70000000;0.00000000;0.00000000;0.00000000;0.00000000;18.00000000;100.00000000;1;18.00000000;728975.89894199;728975.89894199;6.56200174;N;N
01.909.558/0001-57;INVESTIDORES INSTITUCIONAIS FUNDO DE INVESTIMENTO EM PARTICIPAÇÕES MULTIESTRATÉGIA;2023-12-31;4762019.790000000000;;;;S;Investidores qualificados;403051116.57000000;728975.89894200;403051116.57000000;728975.89894200;403051116.57000000;0.00000000;0.00000000;0.00000000;2.00000000;1.33000000;0.00000000;0.00000000;0.00000000;0.00000000;0.00000000;0.00000000;0.00000000;0.00000000;0.00000000;0.00000000;24.00000000;90.97000000;0.00000000;0.00000000;0.00000000;0.00000000;0.00000000;0.00000000;0.00000000;0.00000000;2.00000000;7.70000000;0.00000000;0.00000000;0.00000000;0.00000000;28.00000000;100.00000000;1;28.00000000;728975.89894199;728975.89894199;6.53247905;N;N
04.258.365/0001-71;MVP TECH FUND - FUNDO DE INVESTIMENTO EM PARTICIPAÇÕES EM EMPRESAS EMERGENTES DE BASE TECNOLÓGICA;2023-03-31;958080.790000000000;;;;S;Investidores qualificados;25505010.60000000;1275.25000000;25505010.60000000;1275.25000000;25505010.60000000;0.00000000;1.00000000;8.91000000;1.00000000;0.17000000;0.00000000;0.00000000;0.00000000;0.00000000;2.00000000;54.96000000;0.00000000;0.00000000;0.00000000;0.00000000;1.00000000;5.20000000;0.00000000;0.00000000;0.00000000;0.00000000;0.00000000;0.00000000;0.00000000;0.00000000;0.00000000;0.00000000;0.00000000;0.00000000;2.00000000;30.76000000;7.00000000;100.00000000;Única;7.00000000;1275.25000000;1275.25000000;751.28829050;N;N
04.258.365/0001-71;MVP TECH FUND - FUNDO DE INVESTIMENTO EM PARTICIPAÇÕES EM EMPRESAS EMERGENTES DE BASE TECNOLÓGICA;2023-06-30;984962.910000000000;;;;S;Investidores qualificados;25505010.60000000;1275.25000000;25505010.60000000;1275.25000000;25505010.60000000;0.00000000;1.00000000;8.91000000;1.00000000;0.17000000;0.00000000;0.00000000;0.00000000;0.00000000;2.00000000;54.96000000;0.00000000;0.00000000;0.00000000;0.00000000;1.00000000;5.20000000;0.00000000;0.00000000;0.00000000;0.00000000;0.00000000;0.00000000;0.00000000;0.00000000;0.00000000;0.00000000;0.00000000;0.00000000;2.00000000;30.76000000;7.00000000;100.00000000;Única;7.00000000;1275.25000000;1275.25000000;751.28829050;N;N
04.258.365/0001-71;MVP TECH FUND - FUNDO DE INVESTIMENTO EM PARTICIPAÇÕES EM EMPRESAS EMERGENTES DE BASE TECNOLÓGICA;2023-09-30;745895.890000000000;;;;S;Investidores qualificados;25505010.60000000;1275.25000000;25505010.60000000;1275.25000000;25505010.60000000;0.00000000;1.00000000;8.91000000;1.00000000;0.17000000;0.00000000;0.00000000;0.00000000;0.00000000;2.00000000;54.96000000;0.00000000;0.00000000;0.00000000;0.00000000;1.00000000;5.20000000;0.00000000;0.00000000;0.00000000;0.00000000;0.00000000;0.00000000;0.00000000;0.00000000;0.00000000;0.00000000;0.00000000;0.00000000;2.00000000;30.76000000;7.00000000;100.00000000;ÚNICA;7.00000000;1275.25000000;1275.25000000;584.90145500;N;N
04.258.365/0001-71;MVP TECH FUND - FUNDO DE INVESTIMENTO EM PARTICIPAÇÕES EM EMPRESAS EMERGENTES DE BASE TECNOLÓGICA;2023-12-31;27036.970000000000;;;;S;Investidores qualificados;25505010.60000000;1275.25000000;25505010.60000000;1275.25000000;25505010.60000000;0.00000000;1.00000000;8.91000000;1.00000000;0.17000000;0.00000000;0.00000000;0.00000000;0.00000000;2.00000000;54.96000000;0.00000000;0.00000000;0.00000000;0.00000000;1.00000000;5.20000000;0.00000000;0.00000000;0.00000000;0.00000000;0.00000000;0.00000000;0.00000000;0.00000000;0.00000000;0.00000000;0.00000000;0.00000000;2.00000000;30.76000000;7.00000000;100.00000000;ÚNICA;7.00000000;1275.25000000;1275.25000000;21.20130070;N;N
04.904.732/0001-67;REIF - RETURNING ENTREPRENEUR INVESTMENT FUND - FUNDO DE INVEST. EM PARTICIP. EM EMPRESAS EMERGENTES;2023-03-31;1954826.190000000000;;;;S;Investidores qualificados;22000000.00000000;2200.00000000;22000000.00000000;2200.00000000;22000000.00000000;0.00000000;0.00000000;0.00000000;0.00000000;0.00000000;0.00000000;0.00000000;0.00000000;0.00000000;0.00000000;0.00000000;0.00000000;0.00000000;0.00000000;0.00000000;0.00000000;0.00000000;0.00000000;0.00000000;0.00000000;0.00000000;0.00000000;0.00000000;0.00000000;0.00000000;3.00000000;68.18000000;0.00000000;0.00000000;2.00000000;31.82000000;5.00000000;100.00000000;0;0.00000000;0.00000000;0.00000000;0.00000000;N;N
04.904.732/0001-67;REIF - RETURNING ENTREPRENEUR INVESTMENT FUND - FUNDO DE INVEST. EM PARTICIP. EM EMPRESAS EMERGENTES;2023-03-31;1954826.190000000000;;;;S;Investidores qualificados;22000000.00000000;2200.00000000;22000000.00000000;2200.00000000;22000000.00000000;0.00000000;0.00000000;0.00000000;0.00000000;0.00000000;0.00000000;0.00000000;0.00000000;0.00000000;0.00000000;0.00000000;0.00000000;0.00000000;0.00000000;0.00000000;0.00000000;0.00000000;0.00000000;0.00000000;0.00000000;0.00000000;0.00000000;0.00000000;0.00000000;0.00000000;3.00000000;68.18000000;0.00000000;0.00000000;2.00000000;31.82000000;5.00000000;100.00000000;Única;5.00000000;2200.00000000;2200.00000000;888.55735910;N;N
04.904.732/0001-67;REIF - RETURNING ENTREPRENEUR INVESTMENT FUND - FUNDO DE INVEST. EM PARTICIP. EM EMPRESAS EMERGENTES;2023-06-30;1536207.700000000000;;;;S;Investidores qualificados;22000000.00000000;2200.00000000;22000000.00000000;2200.00000000;22000000.00000000;0.00000000;0.00000000;0.00000000;0.00000000;0.00000000;0.00000000;0.00000000;0.00000000;0.00000000;0.00000000;0.00000000;0.00000000;0.00000000;0.00000000;0.00000000;0.00000000;0.00000000;0.00000000;0.00000000;0.00000000;0.00000000;0.00000000;0.00000000;0.00000000;0.00000000;3.00000000;68.18000000;0.00000000;0.00000000;2.00000000;31.82000000;5.00000000;100.00000000;Única;5.00000000;2200.00000000;2200.00000000;698.27622730;N;N
04.904.732/0001-67;REIF - RETURNING ENTREPRENEUR INVESTMENT FUND - FUNDO DE INVEST. EM PARTICIP. EM EMPRESAS EMERGENTES;2023-09-30;1336343.560000000000;;;;S;Investidores qualificados;22000000.00000000;2200.00000000;22000000.00000000;2200.00000000;22000000.00000000;0.00000000;0.00000000;0.00000000;0.00000000;0.00000000;0.00000000;0.00000000;0.00000000;0.00000000;0.00000000;0.00000000;0.00000000;0.00000000;0.00000000;0.00000000;0.00000000;0.00000000;0.00000000;0.00000000;0.00000000;0.00000000;0.00000000;0.00000000;0.00000000;0.00000000;3.00000000;68.18000000;0.00000000;0.00000000;2.00000000;31.82000000;5.00000000;100.00000000;ÚNICA;5.00000000;2200.00000000;2200.00000000;607.42889090;N;N
04.904.732/0001-67;REIF - RETURNING ENTREPRENEUR INVESTMENT FUND - FUNDO DE INVEST. EM PARTICIP. EM EMPRESAS EMERGENTES;2023-12-31;1305010.210000000000;;;;S;Investidores qualificados;22000000.00000000;2200.00000000;22000000.00000000;2200.00000000;22000000.00000000;0.00000000;0.00000000;0.00000000;0.00000000;0.00000000;0.00000000;0.00000000;0.00000000;0.00000000;0.00000000;0.00000000;0.00000000;0.00000000;0.00000000;0.00000000;0.00000000;0.00000000;0.00000000;0.00000000;0.00000000;0.00000000;0.00000000;0.00000000;0.00000000;0.00000000;3.00000000;68.18000000;0.00000000;0.00000000;2.00000000;31.82000000;5.00000000;100.00000000;ÚNICA;5.00000000;2200.00000000;2200.00000000;593.18645910;N;N
06.033.235/0001-66;CRT FIP - MULTIESTRATÉGIA;2023-03-31;18462135.570000000000;;;;S;Investidores qualificados;10317201.00000000;103.00000000;10317201.00000000;103.00000000;10317201.00000000;0.00000000;0.00000000;0.00000000;0.00000000;0.00000000;0.00000000;0.00000000;0.00000000;0.00000000;0.00000000;0.00000000;0.00000000;0.00000000;0.00000000;0.00000000;1.00000000;100.00000000;0.00000000;0.00000000;0.00000000;0.00000000;0.00000000;0.00000000;0.00000000;0.00000000;0.00000000;0.00000000;0.00000000;0.00000000;0.00000000;0.00000000;1.00000000;100.00000000;1;1.00000000;103.00000000;103.00000000;179244.03466019;N;N
06.033.235/0001-66;CRT FIP - MULTIESTRATÉGIA;2023-06-30;18462135.570000000000;;;;S;Investidores qualificados;10317201.00000000;103.00000000;10317201.00000000;103.00000000;10317201.00000000;0.00000000;0.00000000;0.00000000;0.00000000;0.00000000;0.00000000;0.00000000;0.00000000;0.00000000;0.00000000;0.00000000;0.00000000;0.00000000;0.00000000;0.00000000;1.00000000;100.00000000;0.00000000;0.00000000;0.00000000;0.00000000;0.00000000;0.00000000;0.00000000;0.00000000;0.00000000;0.00000000;0.00000000;0.00000000;0.00000000;0.00000000;1.00000000;100.00000000;1;1.00000000;103.00000000;103.00000000;179244.03466019;N;N
06.033.235/0001-66;CRT FIP - MULTIESTRATÉGIA;2023-09-30;12871912.930000000000;;;;S;Investidores qualificados;10317201.00000000;103.00000000;10317201.00000000;103.00000000;10317201.00000000;0.00000000;0.00000000;0.00000000;0.00000000;0.00000000;0.00000000;0.00000000;0.00000000;0.00000000;0.00000000;0.00000000;0.00000000;0.00000000;0.00000000;0.00000000;1.00000000;100.00000000;0.00000000;0.00000000;0.00000000;0.00000000;0.00000000;0.00000000;0.00000000;0.00000000;0.00000000;0.00000000;0.00000000;0.00000000;0.00000000;0.00000000;1.00000000;100.00000000;1;1.00000000;103.00000000;103.00000000;124970.02844000;N;N
06.033.235/0001-66;CRT FIP - MULTIESTRATÉGIA;2023-09-30;12871912.930000000000;;;;S;Investidores qualificados;10317201.00000000;103.00000000;10317201.00000000;103.00000000;10317201.00000000;0.00000000;0.00000000;0.00000000;0.00000000;0.00000000;0.00000000;0.00000000;0.00000000;0.00000000;0.00000000;0.00000000;0.00000000;0.00000000;0.00000000;0.00000000;1.00000000;100.00000000;0.00000000;0.00000000;0.00000000;0.00000000;0.00000000;0.00000000;0.00000000;0.00000000;0.00000000;0.00000000;0.00000000;0.00000000;0.00000000;0.00000000;1.00000000;100.00000000;1;1.00000000;91861.52144032;91861.52144030;918.74413519;N;N
06.033.235/0001-66;CRT FIP - MULTIESTRATÉGIA;2023-12-31;27316229.660000000000;;;;S;Investidores qualificados;10317201.00000000;103.00000000;10317201.00000000;103.00000000;10317201.00000000;0.00000000;0.00000000;0.00000000;0.00000000;0.00000000;0.00000000;0.00000000;0.00000000;0.00000000;0.00000000;0.00000000;0.00000000;0.00000000;0.00000000;0.00000000;1.00000000;100.00000000;0.00000000;0.00000000;0.00000000;0.00000000;0.00000000;0.00000000;0.00000000;0.00000000;0.00000000;0.00000000;0.00000000;0.00000000;0.00000000;0.00000000;1.00000000;100.00000000;1;1.00000000;103.00000000;103.00000000;265206.11320388;N;N
06.940.581/0001-28;ENERGIA PCH - FIP MULTIESTRATÉGIA;2023-03-31;26797130.200000000000;;;;S;Investidores qualificados;542840059.24000000;4402.51947557;542840059.24000000;4400.72037200;542612059.23000000;0.00000000;0.00000000;0.00000000;0.00000000;0.00000000;0.00000000;0.00000000;0.00000000;0.00000000;0.00000000;0.00000000;0.00000000;0.00000000;0.00000000;0.00000000;7.00000000;100.00000000;0.00000000;0.00000000;0.00000000;0.00000000;0.00000000;0.00000000;0.00000000;0.00000000;0.00000000;0.00000000;0.00000000;0.00000000;0.00000000;0.00000000;7.00000000;100.00000000;1;7.00000000;4402.51947557;4400.72037200;6089.25992700;N;N
06.940.581/0001-28;ENERGIA PCH - FIP MULTIESTRATÉGIA;2023-06-30;37471423.970000000000;;;;S;Investidores qualificados;542840059.24000000;4402.51947557;542840059.24000000;4400.72037200;542612059.23000000;0.00000000;0.00000000;0.00000000;0.00000000;0.00000000;0.00000000;0.00000000;0.00000000;0.00000000;0.00000000;0.00000000;0.00000000;0.00000000;0.00000000;0.00000000;7.00000000;100.00000000;0.00000000;0.00000000;0.00000000;0.00000000;0.00000000;0.00000000;0.00000000;0.00000000;0.00000000;0.00000000;0.00000000;0.00000000;0.00000000;0.00000000;7.00000000;100.00000000;1;7.00000000;4402.51947557;4400.72037200;8514.83866700;N;N
06.962.594/0001-06;INVESTIDORES INSTITUCIONAIS II - FUNDO DE INVESTIMENTO EM PARTICIPACOES MULTIESTRATÉGIA;2023-03-31;-10437346.940000000000;;;;S;Investidores qualificados;300000000.00000000;407203.02985557;300000000.00000000;407203.02981000;296310133.22000000;0.00000000;4.00000000;3.57000000;0.00000000;0.00000000;0.00000000;0.00000000;0.00000000;0.00000000;1.00000000;20.00000000;0.00000000;0.00000000;0.00000000;0.00000000;0.00000000;0.00000000;0.00000000;0.00000000;0.00000000;0.00000000;0.00000000;0.00000000;0.00000000;0.00000000;3.00000000;32.02000000;0.00000000;0.00000000;9.00000000;44.41000000;17.00000000;100.00000000;1;17.00000000;407203.02985557;407203.02981000;-25.63180070;N;N
06.962.594/0001-06;INVESTIDORES INSTITUCIONAIS II - FUNDO DE INVESTIMENTO EM PARTICIPACOES MULTIESTRATÉGIA;2023-06-30;-9076017.829999980000;;;;S;Investidores qualificados;300000000.00000000;407203.02985557;300000000.00000000;407203.02981000;296310133.22000000;0.00000000;4.00000000;3.57000000;1.00000000;13.13000000;0.00000000;0.00000000;0.00000000;0.00000000;1.00000000;20.00000000;0.00000000;0.00000000;0.00000000;0.00000000;0.00000000;0.00000000;0.00000000;0.00000000;0.00000000;0.00000000;0.00000000;0.00000000;0.00000000;0.00000000;3.00000000;32.02000000;0.00000000;0.00000000;10.00000000;31.28000000;19.00000000;100.00000000;1;19.00000000;407203.02985557;407203.02981000;-22.28867950;N;N
06.962.594/0001-06;INVESTIDORES INSTITUCIONAIS II - FUNDO DE INVESTIMENTO EM PARTICIPACOES MULTIESTRATÉGIA;2023-09-30;-9681138.809999970000;;;;S;Investidores qualificados;300000000.00000000;407203.02985557;300000000.00000000;407203.02981000;296310133.22000000;0.00000000;4.00000000;3.57000000;1.00000000;13.13000000;0.00000000;0.00000000;0.00000000;0.00000000;1.00000000;20.00000000;0.00000000;0.00000000;0.00000000;0.00000000;0.00000000;0.00000000;0.00000000;0.00000000;0.00000000;0.00000000;0.00000000;0.00000000;0.00000000;0.00000000;3.00000000;32.02000000;0.00000000;0.00000000;11.00000000;31.28000000;20.00000000;100.00000000;1;20.00000000;407203.02985557;407203.02981000;-23.77472190;N;N
06.962.594/0001-06;INVESTIDORES INSTITUCIONAIS II - FUNDO DE INVESTIMENTO EM PARTICIPACOES MULTIESTRATÉGIA;2023-12-31;-14909702.870000000000;;;;S;Investidores qualificados;0.00000000;407203.02985557;0.00000000;407203.02981000;0.00000000;0.00000000;4.00000000;3.57000000;1.00000000;13.13000000;0.00000000;0.00000000;0.00000000;0.00000000;1.00000000;20.00000000;0.00000000;0.00000000;0.00000000;0.00000000;0.00000000;0.00000000;0.00000000;0.00000000;0.00000000;0.00000000;0.00000000;0.00000000;0.00000000;0.00000000;3.00000000;32.02000000;0.00000000;0.00000000;11.00000000;31.28000000;20.00000000;100.00000000;1;20.00000000;407203.02985557;407203.02981000;-36.61491140;N;N
07.319.087/0001-03;ASCET I - FUNDO DE INVESTIMENTO EM PARTICIPAÇÕES MULTIESTRATÉGIA;2023-03-31;25446.770000000000;;;;N;Investidores profissionais;8588348.44000000;450000000.00000000;8588348.44000000;539.80331900;938602.02000000;0.00000000;11.00000000;100.00000000;0.00000000;0.00000000;0.00000000;0.00000000;0.00000000;0.00000000;0.00000000;0.00000000;0.00000000;0.00000000;0.00000000;0.00000000;0.00000000;0.00000000;0.00000000;0.00000000;0.00000000;0.00000000;0.00000000;0.00000000;0.00000000;0.00000000;0.00000000;0.00000000;0.00000000;0.00000000;0.00000000;0.00000000;11.00000000;100.00000000;1;2.00000000;273512028.16520700;328.09489020;47.14081340;N;N
07.319.087/0001-03;ASCET I - FUNDO DE INVESTIMENTO EM PARTICIPAÇÕES MULTIESTRATÉGIA;2023-03-31;25446.770000000000;;;;N;Investidores profissionais;8588348.44000000;450000000.00000000;8588348.44000000;539.80331900;938602.02000000;0.00000000;11.00000000;100.00000000;0.00000000;0.00000000;0.00000000;0.00000000;0.00000000;0.00000000;0.00000000;0.00000000;0.00000000;0.00000000;0.00000000;0.00000000;0.00000000;0.00000000;0.00000000;0.00000000;0.00000000;0.00000000;0.00000000;0.00000000;0.00000000;0.00000000;0.00000000;0.00000000;0.00000000;0.00000000;0.00000000;0.00000000;11.00000000;100.00000000;2;3.00000000;119559206.42459000;143.41879210;47.14082370;N;N
07.319.087/0001-03;ASCET I - FUNDO DE INVESTIMENTO EM PARTICIPAÇÕES MULTIESTRATÉGIA;2023-03-31;25446.770000000000;;;;N;Investidores profissionais;8588348.44000000;450000000.00000000;8588348.44000000;539.80331900;938602.02000000;0.00000000;11.00000000;100.00000000;0.00000000;0.00000000;0.00000000;0.00000000;0.00000000;0.00000000;0.00000000;0.00000000;0.00000000;0.00000000;0.00000000;0.00000000;0.00000000;0.00000000;0.00000000;0.00000000;0.00000000;0.00000000;0.00000000;0.00000000;0.00000000;0.00000000;0.00000000;0.00000000;0.00000000;0.00000000;0.00000000;0.00000000;11.00000000;100.00000000;3;5.00000000;55728765.42465270;66.85016120;47.14079880;N;N
07.319.087/0001-03;ASCET I - FUNDO DE INVESTIMENTO EM PARTICIPAÇÕES MULTIESTRATÉGIA;2023-03-31;25446.770000000000;;;;N;Investidores profissionais;8588348.44000000;450000000.00000000;8588348.44000000;539.80331900;938602.02000000;0.00000000;11.00000000;100.00000000;0.00000000;0.00000000;0.00000000;0.00000000;0.00000000;0.00000000;0.00000000;0.00000000;0.00000000;0.00000000;0.00000000;0.00000000;0.00000000;0.00000000;0.00000000;0.00000000;0.00000000;0.00000000;0.00000000;0.00000000;0.00000000;0.00000000;0.00000000;0.00000000;0.00000000;0.00000000;0.00000000;0.00000000;11.00000000;100.00000000;4;1.00000000;1199999.98555029;1.43947550;47.14217090;N;N
07.319.087/0001-03;ASCET I - FUNDO DE INVESTIMENTO EM PARTICIPAÇÕES MULTIESTRATÉGIA;2023-06-30;555.320000000000;;;;N;Investidores profissionais;8588348.44000000;450000000.00000000;8588348.44000000;539.80331900;938602.02000000;0.00000000;11.00000000;100.00000000;0.00000000;0.00000000;0.00000000;0.00000000;0.00000000;0.00000000;0.00000000;0.00000000;0.00000000;0.00000000;0.00000000;0.00000000;0.00000000;0.00000000;0.00000000;0.00000000;0.00000000;0.00000000;0.00000000;0.00000000;0.00000000;0.00000000;0.00000000;0.00000000;0.00000000;0.00000000;0.00000000;0.00000000;11.00000000;100.00000000;1;2.00000000;273512028.16520700;328.09489020;1.02875730;N;N
07.319.087/0001-03;ASCET I - FUNDO DE INVESTIMENTO EM PARTICIPAÇÕES MULTIESTRATÉGIA;2023-06-30;555.320000000000;;;;N;Investidores profissionais;8588348.44000000;450000000.00000000;8588348.44000000;539.80331900;938602.02000000;0.00000000;11.00000000;100.00000000;0.00000000;0.00000000;0.00000000;0.00000000;0.00000000;0.00000000;0.00000000;0.00000000;0.00000000;0.00000000;0.00000000;0.00000000;0.00000000;0.00000000;0.00000000;0.00000000;0.00000000;0.00000000;0.00000000;0.00000000;0.00000000;0.00000000;0.00000000;0.00000000;0.00000000;0.00000000;0.00000000;0.00000000;11.00000000;100.00000000;2;3.00000000;119559206.42459000;143.41879210;1.02873550;N;N
07.319.087/0001-03;ASCET I - FUNDO DE INVESTIMENTO EM PARTICIPAÇÕES MULTIESTRATÉGIA;2023-06-30;555.320000000000;;;;N;Investidores profissionais;8588348.44000000;450000000.00000000;8588348.44000000;539.80331900;938602.02000000;0.00000000;11.00000000;100.00000000;0.00000000;0.00000000;0.00000000;0.00000000;0.00000000;0.00000000;0.00000000;0.00000000;0.00000000;0.00000000;0.00000000;0.00000000;0.00000000;0.00000000;0.00000000;0.00000000;0.00000000;0.00000000;0.00000000;0.00000000;0.00000000;0.00000000;0.00000000;0.00000000;0.00000000;0.00000000;0.00000000;0.00000000;11.00000000;100.00000000;3;5.00000000;55728765.42465270;66.85016120;1.02871850;N;N
07.319.087/0001-03;ASCET I - FUNDO DE INVESTIMENTO EM PARTICIPAÇÕES MULTIESTRATÉGIA;2023-06-30;555.320000000000;;;;N;Investidores profissionais;8588348.44000000;450000000.00000000;8588348.44000000;539.80331900;938602.02000000;0.00000000;11.00000000;100.00000000;0.00000000;0.00000000;0.00000000;0.00000000;0.00000000;0.00000000;0.00000000;0.00000000;0.00000000;0.00000000;0.00000000;0.00000000;0.00000000;0.00000000;0.00000000;0.00000000;0.00000000;0.00000000;0.00000000;0.00000000;0.00000000;0.00000000;0.00000000;0.00000000;0.00000000;0.00000000;0.00000000;0.00000000;11.00000000;100.00000000;4;1.00000000;1199999.98555029;1.43947550;1.02815230;N;N
07.319.087/0001-03;ASCET I - FUNDO DE INVESTIMENTO EM PARTICIPAÇÕES MULTIESTRATÉGIA;2023-09-30;555.320000000000;;;;N;Investidores profissionais;8588348.44000000;450000000.00000000;8588348.44000000;539.80331900;938602.02000000;0.00000000;11.00000000;100.00000000;0.00000000;0.00000000;0.00000000;0.00000000;0.00000000;0.00000000;0.00000000;0.00000000;0.00000000;0.00000000;0.00000000;0.00000000;0.00000000;0.00000000;0.00000000;0.00000000;0.00000000;0.00000000;0.00000000;0.00000000;0.00000000;0.00000000;0.00000000;0.00000000;0.00000000;0.00000000;0.00000000;0.00000000;11.00000000;100.00000000;1;2.00000000;273512028.16520700;328.09489020;1.02875730;N;N
07.319.087/0001-03;ASCET I - FUNDO DE INVESTIMENTO EM PARTICIPAÇÕES MULTIESTRATÉGIA;2023-09-30;555.320000000000;;;;N;Investidores profissionais;8588348.44000000;450000000.00000000;8588348.44000000;539.80331900;938602.02000000;0.00000000;11.00000000;100.00000000;0.00000000;0.00000000;0.00000000;0.00000000;0.00000000;0.00000000;0.00000000;0.00000000;0.00000000;0.00000000;0.00000000;0.00000000;0.00000000;0.00000000;0.00000000;0.00000000;0.00000000;0.00000000;0.00000000;0.00000000;0.00000000;0.00000000;0.00000000;0.00000000;0.00000000;0.00000000;0.00000000;0.00000000;11.00000000;100.00000000;2;3.00000000;119559206.42459000;143.41879210;1.02873550;N;N
07.319.087/0001-03;ASCET I - FUNDO DE INVESTIMENTO EM PARTICIPAÇÕES MULTIESTRATÉGIA;2023-09-30;555.320000000000;;;;N;Investidores profissionais;8588348.44000000;450000000.00000000;8588348.44000000;539.80331900;938602.02000000;0.00000000;11.00000000;100.00000000;0.00000000;0.00000000;0.00000000;0.00000000;0.00000000;0.00000000;0.00000000;0.00000000;0.00000000;0.00000000;0.00000000;0.00000000;0.00000000;0.00000000;0.00000000;0.00000000;0.00000000;0.00000000;0.00000000;0.00000000;0.00000000;0.00000000;0.00000000;0.00000000;0.00000000;0.00000000;0.00000000;0.00000000;11.00000000;100.00000000;3;5.00000000;55728765.42465270;66.85016120;1.02871850;N;N
07.319.087/0001-03;ASCET I - FUNDO DE INVESTIMENTO EM PARTICIPAÇÕES MULTIESTRATÉGIA;2023-09-30;555.320000000000;;;;N;Investidores profissionais;8588348.44000000;450000000.00000000;8588348.44000000;539.80331900;938602.02000000;0.00000000;11.00000000;100.00000000;0.00000000;0.00000000;0.00000000;0.00000000;0.00000000;0.00000000;0.00000000;0.00000000;0.00000000;0.00000000;0.00000000;0.00000000;0.00000000;0.00000000;0.00000000;0.00000000;0.00000000;0.00000000;0.00000000;0.00000000;0.00000000;0.00000000;0.00000000;0.00000000;0.00000000;0.00000000;0.00000000;0.00000000;11.00000000;100.00000000;4;1.00000000;1199999.98555029;1.43947550;1.02815230;N;N
07.319.087/0001-03;ASCET I - FUNDO DE INVESTIMENTO EM PARTICIPAÇÕES MULTIESTRATÉGIA;2023-12-31;8917.920000000000;;;;N;Investidores profissionais;9038348.44000000;473578456.51588300;9038348.44000000;659.80332900;1058602.04000000;0.00000000;11.00000000;100.00000000;0.00000000;0.00000000;0.00000000;0.00000000;0.00000000;0.00000000;0.00000000;0.00000000;0.00000000;0.00000000;0.00000000;0.00000000;0.00000000;0.00000000;0.00000000;0.00000000;0.00000000;0.00000000;0.00000000;0.00000000;0.00000000;0.00000000;0.00000000;0.00000000;0.00000000;0.00000000;0.00000000;0.00000000;11.00000000;100.00000000;1;2.00000000;287843120.40059700;401.03144020;13.51604750;N;N
07.319.087/0001-03;ASCET I - FUNDO DE INVESTIMENTO EM PARTICIPAÇÕES MULTIESTRATÉGIA;2023-12-31;8917.920000000000;;;;N;Investidores profissionais;9038348.44000000;473578456.51588300;9038348.44000000;659.80332900;1058602.04000000;0.00000000;11.00000000;100.00000000;0.00000000;0.00000000;0.00000000;0.00000000;0.00000000;0.00000000;0.00000000;0.00000000;0.00000000;0.00000000;0.00000000;0.00000000;0.00000000;0.00000000;0.00000000;0.00000000;0.00000000;0.00000000;0.00000000;0.00000000;0.00000000;0.00000000;0.00000000;0.00000000;0.00000000;0.00000000;0.00000000;0.00000000;11.00000000;100.00000000;2;3.00000000;125823698.42075500;175.30124210;13.51599090;N;N
07.319.087/0001-03;ASCET I - FUNDO DE INVESTIMENTO EM PARTICIPAÇÕES MULTIESTRATÉGIA;2023-12-31;8917.920000000000;;;;N;Investidores profissionais;9038348.44000000;473578456.51588300;9038348.44000000;659.80332900;1058602.04000000;0.00000000;11.00000000;100.00000000;0.00000000;0.00000000;0.00000000;0.00000000;0.00000000;0.00000000;0.00000000;0.00000000;0.00000000;0.00000000;0.00000000;0.00000000;0.00000000;0.00000000;0.00000000;0.00000000;0.00000000;0.00000000;0.00000000;0.00000000;0.00000000;0.00000000;0.00000000;0.00000000;0.00000000;0.00000000;0.00000000;0.00000000;11.00000000;100.00000000;3;5.00000000;58648761.82493850;81.71117120;13.51602220;N;N
07.319.087/0001-03;ASCET I - FUNDO DE INVESTIMENTO EM PARTICIPAÇÕES MULTIESTRATÉGIA;2023-12-31;8917.920000000000;;;;N;Investidores profissionais;9038348.44000000;473578456.51588300;9038348.44000000;659.80332900;1058602.04000000;0.00000000;11.00000000;100.00000000;0.00000000;0.00000000;0.00000000;0.00000000;0.00000000;0.00000000;0.00000000;0.00000000;0.00000000;0.00000000;0.00000000;0.00000000;0.00000000;0.00000000;0.00000000;0.00000000;0.00000000;0.00000000;0.00000000;0.00000000;0.00000000;0.00000000;0.00000000;0.00000000;0.00000000;0.00000000;0.00000000;0.00000000;11.00000000;100.00000000;4;1.00000000;1262875.86959265;1.75947550;13.51539140;N;N
07.452.281/0001-62;InfraBrasil Fundo de Investimento em Participações Multiestratégia;2023-03-31;37288.890000000000;;;;S;Investidores qualificados;824000000.00000000;82400.00000000;824000000.00000000;78886.08438036;788860843.80000000;0.00000000;0.00000000;0.00000000;0.00000000;0.00000000;0.00000000;0.00000000;0.00000000;0.00000000;0.00000000;0.00000000;0.00000000;0.00000000;0.00000000;0.00000000;0.00000000;0.00000000;0.00000000;0.00000000;0.00000000;0.00000000;0.00000000;0.00000000;0.00000000;0.00000000;3.00000000;100.00000000;0.00000000;0.00000000;0.00000000;0.00000000;3.00000000;100.00000000;1;1.00000000;31724.00000000;30371.59687160;0.64074400;N;N
07.452.281/0001-62;InfraBrasil Fundo de Investimento em Participações Multiestratégia;2023-03-31;37288.890000000000;;;;S;Investidores qualificados;824000000.00000000;82400.00000000;824000000.00000000;78886.08438036;788860843.80000000;0.00000000;0.00000000;0.00000000;0.00000000;0.00000000;0.00000000;0.00000000;0.00000000;0.00000000;0.00000000;0.00000000;0.00000000;0.00000000;0.00000000;0.00000000;0.00000000;0.00000000;0.00000000;0.00000000;0.00000000;0.00000000;0.00000000;0.00000000;0.00000000;0.00000000;3.00000000;100.00000000;0.00000000;0.00000000;0.00000000;0.00000000;3.00000000;100.00000000;2;1.00000000;29065.00000000;27825.95079336;0.64071380;N;N
07.452.281/0001-62;InfraBrasil Fundo de Investimento em Participações Multiestratégia;2023-03-31;37288.890000000000;;;;S;Investidores qualificados;824000000.00000000;82400.00000000;824000000.00000000;78886.08438036;788860843.80000000;0.00000000;0.00000000;0.00000000;0.00000000;0.00000000;0.00000000;0.00000000;0.00000000;0.00000000;0.00000000;0.00000000;0.00000000;0.00000000;0.00000000;0.00000000;0.00000000;0.00000000;0.00000000;0.00000000;0.00000000;0.00000000;0.00000000;0.00000000;0.00000000;0.00000000;3.00000000;100.00000000;0.00000000;0.00000000;0.00000000;0.00000000;3.00000000;100.00000000;3;1.00000000;21611.00000000;20688.53671542;0.00000000;N;N
07.452.281/0001-62;InfraBrasil Fundo de Investimento em Participações Multiestratégia;2023-06-30;13093.520000000000;;;;S;Investidores qualificados;824000000.00000000;82400.00000000;824000000.00000000;78887.26459236;788860843.80000000;0.00000000;0.00000000;0.00000000;0.00000000;0.00000000;0.00000000;0.00000000;0.00000000;0.00000000;0.00000000;0.00000000;0.00000000;0.00000000;0.00000000;0.00000000;0.00000000;0.00000000;0.00000000;0.00000000;0.00000000;0.00000000;0.00000000;0.00000000;0.00000000;0.00000000;3.00000000;100.00000000;0.00000000;0.00000000;0.00000000;0.00000000;3.00000000;100.00000000;1;1.00000000;31724.00000000;30371.59687160;0.22499800;N;N
07.452.281/0001-62;InfraBrasil Fundo de Investimento em Participações Multiestratégia;2023-06-30;13093.520000000000;;;;S;Investidores qualificados;824000000.00000000;82400.00000000;824000000.00000000;78887.26459236;788860843.80000000;0.00000000;0.00000000;0.00000000;0.00000000;0.00000000;0.00000000;0.00000000;0.00000000;0.00000000;0.00000000;0.00000000;0.00000000;0.00000000;0.00000000;0.00000000;0.00000000;0.00000000;0.00000000;0.00000000;0.00000000;0.00000000;0.00000000;0.00000000;0.00000000;0.00000000;3.00000000;100.00000000;0.00000000;0.00000000;0.00000000;0.00000000;3.00000000;100.00000000;2;1.00000000;29065.00000000;27825.95079298;0.22496880;N;N
07.452.281/0001-62;InfraBrasil Fundo de Investimento em Participações Multiestratégia;2023-06-30;13093.520000000000;;;;S;Investidores qualificados;824000000.00000000;82400.00000000;824000000.00000000;78887.26459236;788860843.80000000;0.00000000;0.00000000;0.00000000;0.00000000;0.00000000;0.00000000;0.00000000;0.00000000;0.00000000;0.00000000;0.00000000;0.00000000;0.00000000;0.00000000;0.00000000;0.00000000;0.00000000;0.00000000;0.00000000;0.00000000;0.00000000;0.00000000;0.00000000;0.00000000;0.00000000;3.00000000;100.00000000;0.00000000;0.00000000;0.00000000;0.00000000;3.00000000;100.00000000;3;1.00000000;21611.00000000;20689.71692780;0.00000000;N;N
07.452.281/0001-62;InfraBrasil Fundo de Investimento em Participações Multiestratégia;2023-09-30;49054.980000000000;;;;S;Investidores qualificados;824000000.00000000;82400.00000000;824000000.00000000;78893.26459236;788932645.92000000;0.00000000;0.00000000;0.00000000;0.00000000;0.00000000;0.00000000;0.00000000;0.00000000;0.00000000;0.00000000;0.00000000;0.00000000;0.00000000;0.00000000;0.00000000;0.00000000;0.00000000;0.00000000;0.00000000;0.00000000;0.00000000;0.00000000;0.00000000;0.00000000;0.00000000;3.00000000;100.00000000;0.00000000;0.00000000;0.00000000;0.00000000;3.00000000;100.00000000;1;1.00000000;31724.00000000;30373.90687160;0.84285500;N;N
07.452.281/0001-62;InfraBrasil Fundo de Investimento em Participações Multiestratégia;2023-09-30;49054.980000000000;;;;S;Investidores qualificados;824000000.00000000;82400.00000000;824000000.00000000;78893.26459236;788932645.92000000;0.00000000;0.00000000;0.00000000;0.00000000;0.00000000;0.00000000;0.00000000;0.00000000;0.00000000;0.00000000;0.00000000;0.00000000;0.00000000;0.00000000;0.00000000;0.00000000;0.00000000;0.00000000;0.00000000;0.00000000;0.00000000;0.00000000;0.00000000;0.00000000;0.00000000;3.00000000;100.00000000;0.00000000;0.00000000;0.00000000;0.00000000;3.00000000;100.00000000;2;1.00000000;29065.00000000;27828.06717636;0.84282460;N;N
07.452.281/0001-62;InfraBrasil Fundo de Investimento em Participações Multiestratégia;2023-09-30;49054.980000000000;;;;S;Investidores qualificados;824000000.00000000;82400.00000000;824000000.00000000;78893.26459236;788932645.92000000;0.00000000;0.00000000;0.00000000;0.00000000;0.00000000;0.00000000;0.00000000;0.00000000;0.00000000;0.00000000;0.00000000;0.00000000;0.00000000;0.00000000;0.00000000;0.00000000;0.00000000;0.00000000;0.00000000;0.00000000;0.00000000;0.00000000;0.00000000;0.00000000;0.00000000;3.00000000;100.00000000;0.00000000;0.00000000;0.00000000;0.00000000;3.00000000;100.00000000;3;1.00000000;21611.00000000;20691.29054442;0.00000000;N;N
07.452.281/0001-62;InfraBrasil Fundo de Investimento em Participações Multiestratégia;2023-12-31;0.000000000000;;;;S;Investidores qualificados;0.00000000;0.00000000;0.00000000;0.00000000;0.00000000;0.00000000;0.00000000;0.00000000;0.00000000;0.00000000;0.00000000;0.00000000;0.00000000;0.00000000;0.00000000;0.00000000;0.00000000;0.00000000;0.00000000;0.00000000;0.00000000;0.00000000;0.00000000;0.00000000;0.00000000;0.00000000;0.00000000;0.00000000;0.00000000;0.00000000;0.00000000;0.00000000;0.00000000;0.00000000;0.00000000;0.00000000;0.00000000;0.00000000;1;0.00000000;0.00000000;0.00000000;0.00000000;N;N
07.452.281/0001-62;InfraBrasil Fundo de Investimento em Participações Multiestratégia;2023-12-31;0.000000000000;;;;S;Investidores qualificados;0.00000000;0.00000000;0.00000000;0.00000000;0.00000000;0.00000000;0.00000000;0.00000000;0.00000000;0.00000000;0.00000000;0.00000000;0.00000000;0.00000000;0.00000000;0.00000000;0.00000000;0.00000000;0.00000000;0.00000000;0.00000000;0.00000000;0.00000000;0.00000000;0.00000000;0.00000000;0.00000000;0.00000000;0.00000000;0.00000000;0.00000000;0.00000000;0.00000000;0.00000000;0.00000000;0.00000000;0.00000000;0.00000000;2;0.00000000;0.00000000;0.00000000;0.00000000;N;N
07.452.281/0001-62;InfraBrasil Fundo de Investimento em Participações Multiestratégia;2023-12-31;0.000000000000;;;;S;Investidores qualificados;0.00000000;0.00000000;0.00000000;0.00000000;0.00000000;0.00000000;0.00000000;0.00000000;0.00000000;0.00000000;0.00000000;0.00000000;0.00000000;0.00000000;0.00000000;0.00000000;0.00000000;0.00000000;0.00000000;0.00000000;0.00000000;0.00000000;0.00000000;0.00000000;0.00000000;0.00000000;0.00000000;0.00000000;0.00000000;0.00000000;0.00000000;0.00000000;0.00000000;0.00000000;0.00000000;0.00000000;0.00000000;0.00000000;3;0.00000000;0.00000000;0.00000000;0.00000000;N;N
07.672.313/0001-35;FUNDO DE INVESTIMENTO EM PARTICIPAÇÕES VOLLUTO MULTIESTRATÉGIA RESPONSABILIDADE LIMITADA;2023-03-31;20776864.060000000000;;;;N;Investidores profissionais;368647028.48000000;50031864.70284980;368647028.48000000;16369611.45810570;336047028.48000000;0.00000000;4.00000000;100.00000000;0.00000000;0.00000000;0.00000000;0.00000000;0.00000000;0.00000000;0.00000000;0.00000000;0.00000000;0.00000000;0.00000000;0.00000000;0.00000000;0.00000000;0.00000000;0.00000000;0.00000000;0.00000000;0.00000000;0.00000000;0.00000000;0.00000000;0.00000000;0.00000000;0.00000000;0.00000000;0.00000000;0.00000000;0.00000000;0.00000000;1;4.00000000;50031864.70284980;16369611.45810570;1.26923379;N;N
07.672.313/0001-35;FUNDO DE INVESTIMENTO EM PARTICIPAÇÕES VOLLUTO MULTIESTRATÉGIA RESPONSABILIDADE LIMITADA;2023-06-30;49522627.540000000000;;;;N;Investidores profissionais;368647028.48000000;50031864.70284980;368647028.48000000;16369611.45810570;336047028.48000000;6854786.48000000;4.00000000;100.00000000;0.00000000;0.00000000;0.00000000;0.00000000;0.00000000;0.00000000;0.00000000;0.00000000;0.00000000;0.00000000;0.00000000;0.00000000;0.00000000;0.00000000;0.00000000;0.00000000;0.00000000;0.00000000;0.00000000;0.00000000;0.00000000;0.00000000;0.00000000;0.00000000;0.00000000;0.00000000;0.00000000;0.00000000;0.00000000;0.00000000;Unica;4.00000000;50031864.70284980;16369611.45810570;3.02527812;N;N
07.672.313/0001-35;FUNDO DE INVESTIMENTO EM PARTICIPAÇÕES VOLLUTO MULTIESTRATÉGIA RESPONSABILIDADE LIMITADA;2023-09-30;49585003.630000000000;;;;N;Investidores profissionais;368647028.48000000;50031864.70284980;368647028.48000000;16369611.45810570;336047028.48000000;0.00000000;4.00000000;100.00000000;0.00000000;0.00000000;0.00000000;0.00000000;0.00000000;0.00000000;0.00000000;0.00000000;0.00000000;0.00000000;0.00000000;0.00000000;0.00000000;0.00000000;0.00000000;0.00000000;0.00000000;0.00000000;0.00000000;0.00000000;0.00000000;0.00000000;0.00000000;0.00000000;0.00000000;0.00000000;0.00000000;0.00000000;4.00000000;100.00000000;1;4.00000000;50031864.70284980;16369611.45810570;3.02908860;N;N
07.672.313/0001-35;FUNDO DE INVESTIMENTO EM PARTICIPAÇÕES VOLLUTO MULTIESTRATÉGIA RESPONSABILIDADE LIMITADA;2023-12-31;49632659.870000000000;;;;S;Investidores profissionais;368647028.48000000;50031864.70284980;368647028.48000000;16369611.51028600;336047028.48000000;0.00000000;4.00000000;100.00000000;0.00000000;0.00000000;0.00000000;0.00000000;0.00000000;0.00000000;0.00000000;0.00000000;0.00000000;0.00000000;0.00000000;0.00000000;0.00000000;0.00000000;0.00000000;0.00000000;0.00000000;0.00000000;0.00000000;0.00000000;0.00000000;0.00000000;0.00000000;0.00000000;0.00000000;0.00000000;0.00000000;0.00000000;4.00000000;100.00000000;1;4.00000000;50031864.70284980;16369611.51028600;3.03199986;N;N
07.715.713/0001-80;ANGRA INFRA MULTIESTRATÉGIA FUNDO DE INVESTIMENTO EM PARTICIPAÇÕES;2023-03-31;901328413.410000000000;;;;S;Investidores qualificados;739766216.34000000;7397.66216341;739766216.34000000;7396.55974820;739655974.82000000;0.00000000;0.00000000;0.00000000;2.00000000;25.81000000;1.00000000;8.18000000;0.00000000;0.00000000;0.00000000;0.00000000;0.00000000;0.00000000;0.00000000;0.00000000;5.00000000;36.07000000;0.00000000;0.00000000;0.00000000;0.00000000;0.00000000;0.00000000;0.00000000;0.00000000;7.00000000;29.94000000;0.00000000;0.00000000;0.00000000;0.00000000;15.00000000;100.00000000;1;15.00000000;7397.66216341;7396.55974820;121857.78849810;N;N
07.715.713/0001-80;ANGRA INFRA MULTIESTRATÉGIA FUNDO DE INVESTIMENTO EM PARTICIPAÇÕES;2023-06-30;900960065.360000000000;;;;S;Investidores qualificados;739766216.34000000;7397.66216341;739766216.34000000;7396.55974820;739655974.82000000;0.00000000;0.00000000;0.00000000;2.00000000;25.81000000;1.00000000;8.18000000;0.00000000;0.00000000;0.00000000;0.00000000;0.00000000;0.00000000;0.00000000;0.00000000;5.00000000;36.07000000;0.00000000;0.00000000;0.00000000;0.00000000;0.00000000;0.00000000;0.00000000;0.00000000;7.00000000;29.94000000;0.00000000;0.00000000;0.00000000;0.00000000;15.00000000;100.00000000;1;15.00000000;7397.66216341;7396.55974820;121807.98858270;N;N
07.715.713/0001-80;ANGRA INFRA MULTIESTRATÉGIA FUNDO DE INVESTIMENTO EM PARTICIPAÇÕES;2023-09-30;915922291.120000000000;;;;S;Investidores qualificados;739766216.34000000;7397.66216341;739766216.34000000;7396.55974820;739655974.82000000;0.00000000;0.00000000;0.00000000;2.00000000;25.81000000;1.00000000;8.18000000;0.00000000;0.00000000;0.00000000;0.00000000;0.00000000;0.00000000;0.00000000;0.00000000;5.00000000;36.07000000;0.00000000;0.00000000;0.00000000;0.00000000;0.00000000;0.00000000;0.00000000;0.00000000;7.00000000;29.94000000;0.00000000;0.00000000;0.00000000;0.00000000;15.00000000;100.00000000;1;15.00000000;7397.66216341;7396.55974820;123830.85140940;N;N
07.715.713/0001-80;ANGRA INFRA MULTIESTRATÉGIA FUNDO DE INVESTIMENTO EM PARTICIPAÇÕES;2023-12-31;916677472.510000000000;;;;S;Investidores qualificados;739766216.34000000;7397.66216340;739766216.34000000;7396.55974820;739655974.82000000;0.00000000;0.00000000;0.00000000;2.00000000;8.93000000;1.00000000;25.64000000;0.00000000;0.00000000;0.00000000;0.00000000;0.00000000;0.00000000;0.00000000;0.00000000;8.00000000;35.75000000;0.00000000;0.00000000;0.00000000;0.00000000;0.00000000;0.00000000;0.00000000;0.00000000;7.00000000;29.68000000;0.00000000;0.00000000;0.00000000;0.00000000;18.00000000;100.00000000;1;18.00000000;7397.66216340;7396.55974820;123932.95041430;N;N
08.053.318/0001-42;LOGÍSTICA BRASIL FUNDO DE INVESTIMENTO EM PARTICIPAÇÕES MULTIESTRATÉGIA - RESP LIMITADA;2023-03-31;34900744.510000000000;;;;S;Investidores qualificados;462000000.00000000;46200.00000000;462000000.00000000;46200.00000000;462000000.00000000;0.00000000;0.00000000;0.00000000;3.00000000;15.58000000;1.00000000;12.99000000;0.00000000;0.00000000;0.00000000;0.00000000;0.00000000;0.00000000;0.00000000;0.00000000;10.00000000;71.43000000;0.00000000;0.00000000;0.00000000;0.00000000;0.00000000;0.00000000;0.00000000;0.00000000;0.00000000;0.00000000;0.00000000;0.00000000;0.00000000;0.00000000;14.00000000;100.00000000;1;14.00000000;46200.00000020;46200.00000020;755.42737030;N;N
08.053.318/0001-42;LOGÍSTICA BRASIL FUNDO DE INVESTIMENTO EM PARTICIPAÇÕES MULTIESTRATÉGIA - RESP LIMITADA;2023-06-30;36829579.900000000000;;;;S;Investidores qualificados;461999999.99000000;46200.00000000;461999999.99000000;46200.00000000;462000000.00000000;0.00000000;0.00000000;0.00000000;3.00000000;15.58000000;1.00000000;12.99000000;0.00000000;0.00000000;0.00000000;0.00000000;0.00000000;0.00000000;0.00000000;0.00000000;13.00000000;71.43000000;0.00000000;0.00000000;0.00000000;0.00000000;0.00000000;0.00000000;0.00000000;0.00000000;0.00000000;0.00000000;0.00000000;0.00000000;0.00000000;0.00000000;17.00000000;100.00000000;1;17.00000000;46200.00000020;46200.00000000;797.17705410;N;N
08.053.318/0001-42;LOGÍSTICA BRASIL FUNDO DE INVESTIMENTO EM PARTICIPAÇÕES MULTIESTRATÉGIA - RESP LIMITADA;2023-09-30;13118691.660000000000;;;;S;Investidores qualificados;461999999.99000000;46200.00000020;461999999.99000000;46200.00000020;462000000.00000000;0.00000000;0.00000000;0.00000000;3.00000000;15.58000000;1.00000000;12.99000000;0.00000000;0.00000000;0.00000000;0.00000000;0.00000000;0.00000000;0.00000000;0.00000000;10.00000000;71.43000000;0.00000000;0.00000000;0.00000000;0.00000000;0.00000000;0.00000000;0.00000000;0.00000000;0.00000000;0.00000000;0.00000000;0.00000000;0.00000000;0.00000000;14.00000000;100.00000000;1;14.00000000;46200.00000020;46200.00000020;283.95436490;N;N
08.053.318/0001-42;LOGÍSTICA BRASIL FUNDO DE INVESTIMENTO EM PARTICIPAÇÕES MULTIESTRATÉGIA - RESP LIMITADA;2023-12-31;12908799.180000000000;;;;S;Investidores qualificados;461999999.99000000;46200.00000020;461999999.99000000;46200.00000020;462000000.00000000;0.00000000;0.00000000;0.00000000;1.00000000;12.98000000;1.00000000;12.99000000;0.00000000;0.00000000;0.00000000;0.00000000;0.00000000;0.00000000;0.00000000;0.00000000;18.00000000;71.43000000;0.00000000;0.00000000;0.00000000;0.00000000;0.00000000;0.00000000;0.00000000;0.00000000;2.00000000;2.60000000;0.00000000;0.00000000;0.00000000;0.00000000;22.00000000;100.00000000;1;22.00000000;46200.00000020;46200.00000020;279.41123760;N;N
08.277.553/0001-06;OPPORTUNITY HOLDING FUNDO DE INVESTIMENTO EM PARTICIPAÇÕES MULTIESTRATÉGIA - RESP LIMITADA;2023-03-31;3418560092.770000000000;;;;S;Investidores profissionais;823163790.19000000;206950386.82000000;823163790.19000000;206950386.82000000;823163790.19000000;0.00000000;0.00000000;0.00000000;0.00000000;0.00000000;0.00000000;0.00000000;0.00000000;0.00000000;0.00000000;0.00000000;0.00000000;0.00000000;0.00000000;0.00000000;0.00000000;0.00000000;0.00000000;0.00000000;0.00000000;0.00000000;0.00000000;0.00000000;0.00000000;0.00000000;4.00000000;0.37000000;0.00000000;0.00000000;1.00000000;99.63000000;5.00000000;100.00000000;1;5.00000000;206950386.82000000;206950386.82000000;16.51874222;N;N
08.277.553/0001-06;OPPORTUNITY HOLDING FUNDO DE INVESTIMENTO EM PARTICIPAÇÕES MULTIESTRATÉGIA - RESP LIMITADA;2023-06-30;2729353593.390000000000;;;;S;Investidores profissionais;823163790.19000000;206950386.82000000;823163790.19000000;206950386.82000000;823163790.19000000;0.00000000;0.00000000;0.00000000;0.00000000;0.00000000;0.00000000;0.00000000;0.00000000;0.00000000;0.00000000;0.00000000;0.00000000;0.00000000;0.00000000;0.00000000;0.00000000;0.00000000;0.00000000;0.00000000;0.00000000;0.00000000;0.00000000;0.00000000;0.00000000;0.00000000;4.00000000;0.37000000;0.00000000;0.00000000;1.00000000;99.63000000;5.00000000;100.00000000;1;5.00000000;206950386.82000000;206950386.82000000;13.18844402;N;N
08.277.553/0001-06;OPPORTUNITY HOLDING FUNDO DE INVESTIMENTO EM PARTICIPAÇÕES MULTIESTRATÉGIA - RESP LIMITADA;2023-09-30;2822287930.990000000000;;;;S;Investidores profissionais;823163790.19000000;206950386.82000000;823163790.19000000;206950386.82000000;823163790.19000000;0.00000000;0.00000000;0.00000000;0.00000000;0.00000000;0.00000000;0.00000000;0.00000000;0.00000000;0.00000000;0.00000000;0.00000000;0.00000000;0.00000000;0.00000000;0.00000000;0.00000000;0.00000000;0.00000000;0.00000000;0.00000000;0.00000000;0.00000000;0.00000000;0.00000000;4.00000000;0.37000000;0.00000000;0.00000000;1.00000000;99.63000000;5.00000000;100.00000000;1;5.00000000;206950386.82000000;206950386.82000000;13.63750981;N;N
08.277.553/0001-06;OPPORTUNITY HOLDING FUNDO DE INVESTIMENTO EM PARTICIPAÇÕES MULTIESTRATÉGIA - RESP LIMITADA;2023-12-31;2773455186.110000000000;;;;S;Investidores profissionais;820187032.03000000;206950386.82000000;820187032.03000000;206950386.82000000;820187032.03000000;0.00000000;0.00000000;0.00000000;0.00000000;0.00000000;0.00000000;0.00000000;0.00000000;0.00000000;0.00000000;0.00000000;0.00000000;0.00000000;0.00000000;0.00000000;0.00000000;0.00000000;0.00000000;0.00000000;0.00000000;0.00000000;0.00000000;0.00000000;0.00000000;0.00000000;4.00000000;0.37000000;0.00000000;0.00000000;1.00000000;99.63000000;5.00000000;100.00000000;1;5.00000000;206950386.82000000;206950386.82000000;13.40154627;N;N
08.509.248/0001-94;CORES FUNDO DE INVESTIMENTO EM PARTICIPAÇÕES MULTIESTRATÉGIA - INVESTIMENTO NO EXTERIOR;2023-03-31;104028280.610000000000;;;;N;Investidores profissionais;56068676.24000000;10.89721331;56068676.24000000;10.89721331;56068676.24000000;0.00000000;1.00000000;2.20000000;0.00000000;0.00000000;0.00000000;0.00000000;0.00000000;0.00000000;0.00000000;0.00000000;0.00000000;0.00000000;0.00000000;0.00000000;0.00000000;0.00000000;0.00000000;0.00000000;0.00000000;0.00000000;0.00000000;0.00000000;0.00000000;0.00000000;4.00000000;97.80000000;0.00000000;0.00000000;0.00000000;0.00000000;5.00000000;100.00000000;1;5.00000000;10.89721331;10.89721330;9546319.56360226;N;N
08.509.248/0001-94;CORES FUNDO DE INVESTIMENTO EM PARTICIPAÇÕES MULTIESTRATÉGIA - INVESTIMENTO NO EXTERIOR;2023-06-30;102967862.190000000000;;;;N;Investidores profissionais;71264937.38000000;10.89721331;71264937.38000000;10.89721331;71264937.38000000;0.00000000;1.00000000;2.20000000;0.00000000;0.00000000;0.00000000;0.00000000;0.00000000;0.00000000;0.00000000;0.00000000;0.00000000;0.00000000;0.00000000;0.00000000;0.00000000;0.00000000;0.00000000;0.00000000;0.00000000;0.00000000;0.00000000;0.00000000;0.00000000;0.00000000;4.00000000;97.80000000;0.00000000;0.00000000;0.00000000;0.00000000;5.00000000;100.00000000;1;5.00000000;10.89721331;10.89721330;9449008.59153687;N;N
08.509.248/0001-94;CORES FUNDO DE INVESTIMENTO EM PARTICIPAÇÕES MULTIESTRATÉGIA - INVESTIMENTO NO EXTERIOR;2023-09-30;156920918.240000000000;;;;N;Investidores profissionais;72741937.38000000;10.90000000;72741937.38000000;10.89721391;72741937.38000000;0.00000000;1.00000000;2.00000000;0.00000000;0.00000000;0.00000000;0.00000000;0.00000000;0.00000000;0.00000000;0.00000000;0.00000000;0.00000000;0.00000000;0.00000000;0.00000000;0.00000000;0.00000000;0.00000000;0.00000000;0.00000000;0.00000000;0.00000000;0.00000000;0.00000000;4.00000000;98.00000000;0.00000000;0.00000000;0.00000000;0.00000000;5.00000000;100.00000000;1;5.00000000;10.89721391;10.89721390;14400096.04070050;N;N
08.509.248/0001-94;CORES FUNDO DE INVESTIMENTO EM PARTICIPAÇÕES MULTIESTRATÉGIA - INVESTIMENTO NO EXTERIOR;2023-12-31;74730461.240000000000;;;;N;Investidores profissionais;126613115.17000000;5.26961666;126613115.17000000;126613115.20000000;126613115.17000000;0.00000000;1.00000000;2.00000000;0.00000000;0.00000000;0.00000000;0.00000000;0.00000000;0.00000000;0.00000000;0.00000000;0.00000000;0.00000000;0.00000000;0.00000000;0.00000000;0.00000000;0.00000000;0.00000000;0.00000000;0.00000000;0.00000000;0.00000000;0.00000000;0.00000000;4.00000000;98.00000000;0.00000000;0.00000000;0.00000000;0.00000000;5.00000000;100.00000000;1;5.00000000;5.26961666;126613115.17000000;14181384.73000000;N;N
08.509.271/0001-89;FUNDO DE INVESTIMENTO EM PARTICIPAÇÕES ARCO-ÍRIS MULTIESTRATÉGIA;2023-03-31;431913316.530400000000;;;;N;Investidores profissionais;128771646.22000000;28.82591786;128771646.22000000;96.68508674;100175914.96060000;0.00000000;4.00000000;100.00000000;0.00000000;0.00000000;0.00000000;0.00000000;0.00000000;0.00000000;0.00000000;0.00000000;0.00000000;0.00000000;0.00000000;0.00000000;0.00000000;0.00000000;0.00000000;0.00000000;0.00000000;0.00000000;0.00000000;0.00000000;0.00000000;0.00000000;0.00000000;0.00000000;0.00000000;0.00000000;0.00000000;0.00000000;4.00000000;100.00000000;1;4.00000000;28.82591786;96.68508674;4467217.55229840;N;N
08.509.271/0001-89;FUNDO DE INVESTIMENTO EM PARTICIPAÇÕES ARCO-ÍRIS MULTIESTRATÉGIA;2023-06-30;431292449.565300000000;;;;N;Investidores profissionais;128771646.22000000;128.77164622;128771646.22000000;96.68508674;100175914.96000000;0.00000000;4.00000000;100.00000000;0.00000000;0.00000000;0.00000000;0.00000000;0.00000000;0.00000000;0.00000000;0.00000000;0.00000000;0.00000000;0.00000000;0.00000000;0.00000000;0.00000000;0.00000000;0.00000000;0.00000000;0.00000000;0.00000000;0.00000000;0.00000000;0.00000000;0.00000000;0.00000000;0.00000000;0.00000000;0.00000000;0.00000000;4.00000000;100.00000000;1;4.00000000;128.77164622;96.68508674;4460796.01423080;N;N
08.509.271/0001-89;FUNDO DE INVESTIMENTO EM PARTICIPAÇÕES ARCO-ÍRIS MULTIESTRATÉGIA;2023-09-30;431156869.222900000000;;;;N;Investidores profissionais;128771646.22000000;128.77164622;128771646.22000000;96.68508674;100175914.96000000;0.00000000;4.00000000;100.00000000;0.00000000;0.00000000;0.00000000;0.00000000;0.00000000;0.00000000;0.00000000;0.00000000;0.00000000;0.00000000;0.00000000;0.00000000;0.00000000;0.00000000;0.00000000;0.00000000;0.00000000;0.00000000;0.00000000;0.00000000;0.00000000;0.00000000;0.00000000;0.00000000;0.00000000;0.00000000;0.00000000;0.00000000;4.00000000;100.00000000;1;4.00000000;128.77164622;96.68508674;4459393.72617310;N;N
08.509.271/0001-89;FUNDO DE INVESTIMENTO EM PARTICIPAÇÕES ARCO-ÍRIS MULTIESTRATÉGIA;2023-12-31;441486349.470000000000;;;;N;Investidores profissionais;136682155.47000000;136.68215547;136682155.47000000;94.96724674;108086424.21000000;0.00000000;4.00000000;100.00000000;0.00000000;0.00000000;0.00000000;0.00000000;0.00000000;0.00000000;0.00000000;0.00000000;0.00000000;0.00000000;0.00000000;0.00000000;0.00000000;0.00000000;0.00000000;0.00000000;0.00000000;0.00000000;0.00000000;0.00000000;0.00000000;0.00000000;0.00000000;0.00000000;0.00000000;0.00000000;0.00000000;0.00000000;4.00000000;100.00000000;1;4.00000000;136.68215547;94.96724674;4691257.32984160;N;N
08.533.582/0001-83;FIP BRASIL EQUITY II - MULTIESTRATÉGIA - RESPONSABILIDADE LIMITADA;2023-03-31;0.010000000000;;;;S;Investidores qualificados;100886926.77000000;100886.92678580;100886926.77000000;100886.92678580;100886926.77000000;0.00000000;0.00000000;0.00000000;0.00000000;0.00000000;0.00000000;0.00000000;0.00000000;0.00000000;0.00000000;0.00000000;3.00000000;0.00000000;0.00000000;0.00000000;0.00000000;0.00000000;0.00000000;0.00000000;0.00000000;0.00000000;0.00000000;0.00000000;0.00000000;0.00000000;0.00000000;0.00000000;0.00000000;0.00000000;0.00000000;0.00000000;3.00000000;0.00000000;1;3.00000000;100886.92678580;100886.92678580;0.00000001;N;N
08.533.582/0001-83;FIP BRASIL EQUITY II - MULTIESTRATÉGIA - RESPONSABILIDADE LIMITADA;2023-06-30;156417.370000000000;;;;S;Investidores qualificados;101182726.76000000;101182.72677580;101182726.76000000;101182.72677580;101182726.76000000;0.00000000;0.00000000;0.00000000;0.00000000;0.00000000;0.00000000;0.00000000;0.00000000;0.00000000;0.00000000;0.00000000;3.00000000;0.00000000;0.00000000;100.00000000;0.00000000;0.00000000;0.00000000;0.00000000;0.00000000;0.00000000;0.00000000;0.00000000;0.00000000;0.00000000;0.00000000;0.00000000;0.00000000;0.00000000;0.00000000;0.00000000;3.00000000;0.00000000;1;3.00000000;101182.72677580;101182.72677580;0.00000001;N;N
08.533.582/0001-83;FIP BRASIL EQUITY II - MULTIESTRATÉGIA - RESPONSABILIDADE LIMITADA;2023-09-30;94715.760000000000;;;;S;Investidores qualificados;101182726.77580000;101182.72677580;101182726.77580000;101182.72677580;101182726.77580000;0.00000000;0.00000000;0.00000000;0.00000000;0.00000000;0.00000000;0.00000000;0.00000000;0.00000000;0.00000000;0.00000000;3.00000000;0.00000000;0.00000000;100.00000000;0.00000000;0.00000000;0.00000000;0.00000000;0.00000000;0.00000000;0.00000000;0.00000000;0.00000000;0.00000000;0.00000000;0.00000000;0.00000000;0.00000000;0.00000000;0.00000000;3.00000000;0.00000000;1;3.00000000;101182.72677580;101182.72677580;0.00000001;N;N
08.533.582/0001-83;FIP BRASIL EQUITY II - MULTIESTRATÉGIA - RESPONSABILIDADE LIMITADA;2023-12-31;30839.860000000000;;;;S;Investidores qualificados;101182726.77580000;101182.72677580;101182726.77580000;101182.72677580;101182726.77580000;0.00000000;0.00000000;0.00000000;0.00000000;0.00000000;0.00000000;0.00000000;0.00000000;0.00000000;0.00000000;0.00000000;3.00000000;0.00000000;0.00000000;100.00000000;0.00000000;0.00000000;0.00000000;0.00000000;0.00000000;0.00000000;0.00000000;0.00000000;0.00000000;0.00000000;0.00000000;0.00000000;0.00000000;0.00000000;0.00000000;0.00000000;3.00000000;0.00000000;1;3.00000000;101182.72677580;101182.72677580;0.00000001;N;N
08.621.544/0001-82;FUNDO DE INVESTIMENTO EM PARTICIPAÇÕES PCP - MULTIESTRATÉGIA RESPONSABILIDADE LIMITADA;2023-03-31;82907468.685000000000;;;;S;Investidores profissionais;0.00000000;1405.00000000;1405.00000000;901.88538308;901.88538308;0.00000000;0.00000000;0.00000000;0.00000000;0.00000000;0.00000000;0.00000000;0.00000000;0.00000000;0.00000000;0.00000000;0.00000000;0.00000000;0.00000000;0.00000000;0.00000000;0.00000000;0.00000000;0.00000000;0.00000000;0.00000000;0.00000000;0.00000000;0.00000000;0.00000000;0.00000000;0.00000000;0.00000000;0.00000000;1.00000000;100.00000000;1.00000000;100.00000000;1;1.00000000;1405.00000000;901.88538308;91926.83487360;N;N
08.621.544/0001-82;FUNDO DE INVESTIMENTO EM PARTICIPAÇÕES PCP - MULTIESTRATÉGIA RESPONSABILIDADE LIMITADA;2023-06-30;82828417.039000000000;;;;S;Investidores profissionais;0.00000000;1405.00000000;1405.00000000;901.88538308;1.88538308;0.00000000;0.00000000;0.00000000;0.00000000;0.00000000;0.00000000;0.00000000;0.00000000;0.00000000;0.00000000;0.00000000;0.00000000;0.00000000;0.00000000;0.00000000;0.00000000;0.00000000;0.00000000;0.00000000;0.00000000;0.00000000;0.00000000;0.00000000;0.00000000;0.00000000;0.00000000;0.00000000;0.00000000;0.00000000;1.00000000;100.00000000;1.00000000;100.00000000;1;1.00000000;1405.00000000;901.88538308;91839.18332990;N;N
08.621.544/0001-82;FUNDO DE INVESTIMENTO EM PARTICIPAÇÕES PCP - MULTIESTRATÉGIA RESPONSABILIDADE LIMITADA;2023-09-30;82810897.729000000000;;;;S;Investidores profissionais;0.00000000;1405.00000000;1405.00000000;901.88538308;901.89000000;0.00000000;0.00000000;0.00000000;0.00000000;0.00000000;0.00000000;0.00000000;0.00000000;0.00000000;0.00000000;0.00000000;0.00000000;0.00000000;0.00000000;0.00000000;0.00000000;0.00000000;0.00000000;0.00000000;0.00000000;0.00000000;0.00000000;0.00000000;0.00000000;0.00000000;0.00000000;0.00000000;0.00000000;0.00000000;1.00000000;100.00000000;1.00000000;100.00000000;1;1.00000000;1405.00000000;901.88538308;91819.75812320;N;N
08.621.544/0001-82;FUNDO DE INVESTIMENTO EM PARTICIPAÇÕES PCP - MULTIESTRATÉGIA RESPONSABILIDADE LIMITADA;2023-12-31;82796856.719000000000;;;;S;Investidores profissionais;0.00000000;1405.00000000;1405.00000000;901.88538308;901.88538308;0.00000000;0.00000000;0.00000000;0.00000000;0.00000000;0.00000000;0.00000000;0.00000000;0.00000000;0.00000000;0.00000000;0.00000000;0.00000000;0.00000000;0.00000000;0.00000000;0.00000000;0.00000000;0.00000000;0.00000000;0.00000000;0.00000000;0.00000000;0.00000000;0.00000000;0.00000000;0.00000000;0.00000000;0.00000000;1.00000000;100.00000000;1.00000000;100.00000000;1;1.00000000;1405.00000000;901.88538308;91804.18961500;N;N
08.669.289/0001-48;GIF II - FIP MULTIESTRATÉGIA;2023-03-31;118265.550000000000;;;;S;Investidores qualificados;1000000000.00000000;10000000.00000000;1000000000.00000000;6867594.75702800;686759475.70000000;0.00000000;0.00000000;0.00000000;0.00000000;0.00000000;0.00000000;0.00000000;0.00000000;0.00000000;0.00000000;0.00000000;4.00000000;88.29000000;1.00000000;11.71000000;0.00000000;0.00000000;0.00000000;0.00000000;0.00000000;0.00000000;0.00000000;0.00000000;0.00000000;0.00000000;0.00000000;0.00000000;0.00000000;0.00000000;0.00000000;0.00000000;5.00000000;100.00000000;1;5.00000000;10000000.00000000;6867594.75702800;0.01722100;N;N
08.669.289/0001-48;GIF II - FIP MULTIESTRATÉGIA;2023-06-30;258392.260000000000;;;;S;Investidores qualificados;1000000000.00000000;10000000.00000000;1000000000.00000000;6867594.75702800;686759475.70000000;0.00000000;0.00000000;0.00000000;0.00000000;0.00000000;0.00000000;0.00000000;0.00000000;0.00000000;0.00000000;0.00000000;4.00000000;88.29000000;1.00000000;11.71000000;0.00000000;0.00000000;0.00000000;0.00000000;0.00000000;0.00000000;0.00000000;0.00000000;0.00000000;0.00000000;0.00000000;0.00000000;0.00000000;0.00000000;0.00000000;0.00000000;5.00000000;100.00000000;1;5.00000000;10000000.00000000;6867594.75702800;0.03762500;N;N
08.669.289/0001-48;GIF II - FIP MULTIESTRATÉGIA;2023-09-30;243397.750000000000;;;;S;Investidores qualificados;1000000000.00000000;10000000.00000000;1000000000.00000000;6867594.75702800;686759475.70000000;0.00000000;0.00000000;0.00000000;0.00000000;0.00000000;0.00000000;0.00000000;0.00000000;0.00000000;0.00000000;0.00000000;4.00000000;88.29000000;1.00000000;11.71000000;0.00000000;0.00000000;0.00000000;0.00000000;0.00000000;0.00000000;0.00000000;0.00000000;0.00000000;0.00000000;0.00000000;0.00000000;0.00000000;0.00000000;0.00000000;0.00000000;5.00000000;100.00000000;1;5.00000000;10000000.00000000;6867594.75702800;0.03544100;N;N
08.669.289/0001-48;GIF II - FIP MULTIESTRATÉGIA;2023-12-31;161414.290000000000;;;;S;Investidores qualificados;1000000000.00000000;10000000.00000000;1000000000.00000000;6867594.75702800;686759475.70000000;0.00000000;0.00000000;0.00000000;0.00000000;0.00000000;0.00000000;0.00000000;0.00000000;0.00000000;0.00000000;0.00000000;4.00000000;88.29000000;1.00000000;11.71000000;0.00000000;0.00000000;0.00000000;0.00000000;0.00000000;0.00000000;0.00000000;0.00000000;0.00000000;0.00000000;0.00000000;0.00000000;0.00000000;0.00000000;0.00000000;0.00000000;5.00000000;100.00000000;1;5.00000000;10000000.00000000;6867594.75702800;0.02350400;N;N
08.693.474/0001-78;NORDESTE II FIP - EMPRESAS EMERGENTES RESPONSABILIDADE LIMITADA - EM LIQUIDAÇÃO;2023-03-31;-2534577.260000000000;;;;S;Investidores qualificados;114450406.74000000;1177.03002402;114450406.74000000;1177.03002402;114450406.74000000;0.00000000;12.00000000;2.53000000;2.00000000;17.22000000;1.00000000;15.09000000;0.00000000;0.00000000;0.00000000;0.00000000;0.00000000;0.00000000;0.00000000;0.00000000;3.00000000;26.45000000;3.00000000;25.03000000;0.00000000;0.00000000;0.00000000;0.00000000;0.00000000;0.00000000;0.00000000;0.00000000;0.00000000;0.00000000;2.00000000;13.67000000;23.00000000;100.00000000;1;23.00000000;1177.03002402;1177.03002402;-2153.36670116;N;N
08.693.474/0001-78;NORDESTE II FIP - EMPRESAS EMERGENTES RESPONSABILIDADE LIMITADA - EM LIQUIDAÇÃO;2023-06-30;-2497720.370000000000;;;;S;Investidores qualificados;114572759.96000000;1178.25355622;114572759.96000000;1178.25355622;114572759.96000000;0.00000000;12.00000000;2.53000000;2.00000000;17.22000000;1.00000000;15.09000000;0.00000000;0.00000000;0.00000000;0.00000000;0.00000000;0.00000000;0.00000000;0.00000000;3.00000000;26.45000000;3.00000000;25.03000000;0.00000000;0.00000000;0.00000000;0.00000000;0.00000000;0.00000000;0.00000000;0.00000000;0.00000000;0.00000000;2.00000000;13.67000000;23.00000000;100.00000000;1;23.00000000;1178.25355622;1178.25355622;-2119.84963407;N;N
08.693.474/0001-78;NORDESTE II FIP - EMPRESAS EMERGENTES RESPONSABILIDADE LIMITADA - EM LIQUIDAÇÃO;2023-09-30;-2553440.820000000000;;;;S;Investidores qualificados;101611507.06000000;1178.25356601;101611507.06000000;1178.25355622;101611507.06000000;0.00000000;12.00000000;2.53000000;2.00000000;17.22000000;1.00000000;15.09000000;0.00000000;0.00000000;0.00000000;0.00000000;0.00000000;0.00000000;0.00000000;0.00000000;4.00000000;37.81000000;2.00000000;2.31000000;0.00000000;0.00000000;0.00000000;0.00000000;0.00000000;0.00000000;2.00000000;11.36000000;0.00000000;0.00000000;2.00000000;13.67000000;25.00000000;100.00000000;1;25.00000000;1178.25355622;1178.25355622;-2167.14034642;N;N
08.693.474/0001-78;NORDESTE II FIP - EMPRESAS EMERGENTES RESPONSABILIDADE LIMITADA - EM LIQUIDAÇÃO;2023-12-31;-3552024.550000000000;;;;S;Investidores qualificados;101709689.55000000;1179.29482379;101709689.55000000;1179.29481402;101709689.55000000;0.00000000;12.00000000;2.53000000;2.00000000;17.22000000;1.00000000;15.09000000;0.00000000;0.00000000;0.00000000;0.00000000;0.00000000;0.00000000;0.00000000;0.00000000;7.00000000;40.11000000;0.00000000;0.00000000;0.00000000;0.00000000;0.00000000;0.00000000;0.00000000;0.00000000;2.00000000;11.36000000;0.00000000;0.00000000;2.00000000;13.67000000;26.00000000;100.00000000;1;26.00000000;1179.29481402;1179.29481402;-3011.99030791;N;N
08.792.575/0001-04;FUNDO DE INVESTIMENTO EM PARTICIPAÇÕES LATIN AMERICA - MULTIESTRATÉGIA - RESPONSABILIDADE LIMITADA;2023-03-31;0.010000000000;;;;S;Investidores qualificados;76296209.79000000;76296.20979780;76296209.79000000;76296.20979780;76296209.79000000;0.00000000;0.00000000;0.00000000;0.00000000;0.00000000;0.00000000;0.00000000;0.00000000;0.00000000;0.00000000;0.00000000;5.00000000;0.00000000;0.00000000;0.00000000;0.00000000;0.00000000;0.00000000;0.00000000;0.00000000;0.00000000;0.00000000;0.00000000;0.00000000;0.00000000;0.00000000;0.00000000;0.00000000;0.00000000;0.00000000;0.00000000;5.00000000;0.00000000;1;5.00000000;76296.20979780;76296.20979780;0.00000001;N;N
08.792.575/0001-04;FUNDO DE INVESTIMENTO EM PARTICIPAÇÕES LATIN AMERICA - MULTIESTRATÉGIA - RESPONSABILIDADE LIMITADA;2023-06-30;157476.130000000000;;;;S;Investidores qualificados;76592009.79000000;76592.00979780;76592009.79000000;76592.00979780;76592009.79000000;0.00000000;0.00000000;0.00000000;0.00000000;0.00000000;0.00000000;0.00000000;0.00000000;0.00000000;0.00000000;0.00000000;5.00000000;0.00000000;0.00000000;100.00000000;0.00000000;0.00000000;0.00000000;0.00000000;0.00000000;0.00000000;0.00000000;0.00000000;0.00000000;0.00000000;0.00000000;0.00000000;0.00000000;0.00000000;0.00000000;0.00000000;5.00000000;0.00000000;1;5.00000000;76592.00979780;76592.00979780;0.00000001;N;N
08.792.575/0001-04;FUNDO DE INVESTIMENTO EM PARTICIPAÇÕES LATIN AMERICA - MULTIESTRATÉGIA - RESPONSABILIDADE LIMITADA;2023-09-30;95791.140000000000;;;;S;Investidores qualificados;76592009.79000000;76592.00979780;76592009.79000000;76592.00979780;76592009.79000000;0.00000000;0.00000000;0.00000000;0.00000000;0.00000000;0.00000000;0.00000000;0.00000000;0.00000000;0.00000000;0.00000000;5.00000000;0.00000000;0.00000000;100.00000000;0.00000000;0.00000000;0.00000000;0.00000000;0.00000000;0.00000000;0.00000000;0.00000000;0.00000000;0.00000000;0.00000000;0.00000000;0.00000000;0.00000000;0.00000000;0.00000000;5.00000000;0.00000000;1;5.00000000;76592.00979780;76592.00979780;0.00000001;N;N
08.792.575/0001-04;FUNDO DE INVESTIMENTO EM PARTICIPAÇÕES LATIN AMERICA - MULTIESTRATÉGIA - RESPONSABILIDADE LIMITADA;2023-12-31;31948.380000000000;;;;S;Investidores qualificados;76592009.79000000;76592.00979780;76592009.79000000;76592.00979780;76592009.79000000;0.00000000;0.00000000;0.00000000;0.00000000;0.00000000;0.00000000;0.00000000;0.00000000;0.00000000;0.00000000;0.00000000;5.00000000;0.00000000;0.00000000;100.00000000;0.00000000;0.00000000;0.00000000;0.00000000;0.00000000;0.00000000;0.00000000;0.00000000;0.00000000;0.00000000;0.00000000;0.00000000;0.00000000;0.00000000;0.00000000;0.00000000;5.00000000;0.00000000;1;5.00000000;76592.00979780;76592.00979780;0.00000001;N;N
08.796.172/0001-25;MZEL VENTURE CAPITAL - FUNDO DE INVESTIMENTO EM PARTICIPAÇÕES - MULTIESTRATÉGIA;2023-03-31;55670537.690000000000;;;;S;Investidores qualificados;100000000.00000000;1000.00000000;100000000.00000000;800.00000000;80000000.00000000;0.00000000;1.00000000;1.00000000;2.00000000;14.00000000;1.00000000;20.00000000;0.00000000;0.00000000;0.00000000;0.00000000;0.00000000;0.00000000;0.00000000;0.00000000;3.00000000;65.00000000;0.00000000;0.00000000;0.00000000;0.00000000;0.00000000;0.00000000;0.00000000;0.00000000;0.00000000;0.00000000;0.00000000;0.00000000;0.00000000;0.00000000;7.00000000;100.00000000;1;7.00000000;1000.00000000;800.00000000;69588.17211200;N;N
08.796.172/0001-25;MZEL VENTURE CAPITAL - FUNDO DE INVESTIMENTO EM PARTICIPAÇÕES - MULTIESTRATÉGIA;2023-06-30;52343308.070000000000;;;;S;Investidores qualificados;100000000.00000000;1000.00000000;100000000.00000000;800.00000000;80000000.00000000;0.00000000;1.00000000;1.00000000;2.00000000;14.00000000;1.00000000;20.00000000;0.00000000;0.00000000;0.00000000;0.00000000;0.00000000;0.00000000;0.00000000;0.00000000;0.00000000;0.00000000;3.00000000;65.00000000;0.00000000;0.00000000;0.00000000;0.00000000;0.00000000;0.00000000;0.00000000;0.00000000;0.00000000;0.00000000;0.00000000;0.00000000;7.00000000;100.00000000;1;7.00000000;1000.00000000;800.00000000;65429.13508700;N;N
08.796.172/0001-25;MZEL VENTURE CAPITAL - FUNDO DE INVESTIMENTO EM PARTICIPAÇÕES - MULTIESTRATÉGIA;2023-09-30;52467980.390000000000;;;;S;Investidores qualificados;100000000.00000000;1000.00000000;100000000.00000000;800.00000000;80000000.00000000;0.00000000;1.00000000;1.00000000;2.00000000;14.00000000;1.00000000;20.00000000;0.00000000;0.00000000;0.00000000;0.00000000;0.00000000;0.00000000;0.00000000;0.00000000;3.00000000;65.00000000;0.00000000;0.00000000;0.00000000;0.00000000;0.00000000;0.00000000;0.00000000;0.00000000;0.00000000;0.00000000;0.00000000;0.00000000;0.00000000;0.00000000;7.00000000;100.00000000;1;7.00000000;1000.00000000;800.00000000;65584.97548700;N;N
08.796.172/0001-25;MZEL VENTURE CAPITAL - FUNDO DE INVESTIMENTO EM PARTICIPAÇÕES - MULTIESTRATÉGIA;2023-12-31;53051067.380000000000;;;;S;Investidores qualificados;100000000.00000000;1000.00000000;100000000.00000000;800.00000000;80000000.00000000;0.00000000;1.00000000;1.00000000;2.00000000;14.00000000;1.00000000;20.00000000;0.00000000;0.00000000;0.00000000;0.00000000;0.00000000;0.00000000;0.00000000;0.00000000;0.00000000;0.00000000;0.00000000;0.00000000;4.00000000;45.00000000;0.00000000;0.00000000;0.00000000;0.00000000;1.00000000;20.00000000;0.00000000;0.00000000;0.00000000;0.00000000;9.00000000;100.00000000;1;9.00000000;1000.00000000;800.00000000;66313.83422500;N;N
08.829.899/0001-61;FIP RAH FUNDO DE INVESTIMENTO EM PARTICIPAÇÕES;2023-03-31;0.000000000000;;;;N;Investidores qualificados;0.00000000;0.00000000;0.00000000;0.00000000;0.00000000;0.00000000;0.00000000;0.00000000;1.00000000;100.00000000;0.00000000;0.00000000;0.00000000;0.00000000;0.00000000;0.00000000;0.00000000;0.00000000;0.00000000;0.00000000;0.00000000;0.00000000;0.00000000;0.00000000;0.00000000;0.00000000;0.00000000;0.00000000;0.00000000;0.00000000;0.00000000;0.00000000;0.00000000;0.00000000;0.00000000;0.00000000;1.00000000;100.00000000;3;1.00000000;0.00000000;0.00000000;0.00000000;N;N
08.829.899/0001-61;FIP RAH FUNDO DE INVESTIMENTO EM PARTICIPAÇÕES;2023-06-30;0.000000000000;;;;N;Investidores qualificados;0.00000000;0.00000000;0.00000000;0.00000000;0.00000000;0.00000000;0.00000000;0.00000000;1.00000000;100.00000000;0.00000000;0.00000000;0.00000000;0.00000000;0.00000000;0.00000000;0.00000000;0.00000000;0.00000000;0.00000000;0.00000000;0.00000000;0.00000000;0.00000000;0.00000000;0.00000000;0.00000000;0.00000000;0.00000000;0.00000000;0.00000000;0.00000000;0.00000000;0.00000000;0.00000000;0.00000000;1.00000000;100.00000000;3;1.00000000;0.00000000;0.00000000;0.00000000;N;N
08.829.899/0001-61;FIP RAH FUNDO DE INVESTIMENTO EM PARTICIPAÇÕES;2023-09-30;0.000000000000;;;;N;Investidores qualificados;0.00000000;0.00000000;0.00000000;0.00000000;0.00000000;0.00000000;0.00000000;0.00000000;1.00000000;100.00000000;0.00000000;0.00000000;0.00000000;0.00000000;0.00000000;0.00000000;0.00000000;0.00000000;0.00000000;0.00000000;0.00000000;0.00000000;0.00000000;0.00000000;0.00000000;0.00000000;0.00000000;0.00000000;0.00000000;0.00000000;0.00000000;0.00000000;0.00000000;0.00000000;0.00000000;0.00000000;1.00000000;100.00000000;3;1.00000000;0.00000000;0.00000000;0.00000000;N;N
08.829.899/0001-61;FIP RAH FUNDO DE INVESTIMENTO EM PARTICIPAÇÕES;2023-12-31;0.000000000000;;;;N;Investidores qualificados;0.00000000;0.00000000;0.00000000;0.00000000;0.00000000;0.00000000;0.00000000;0.00000000;1.00000000;100.00000000;0.00000000;0.00000000;0.00000000;0.00000000;0.00000000;0.00000000;0.00000000;0.00000000;0.00000000;0.00000000;0.00000000;0.00000000;0.00000000;0.00000000;0.00000000;0.00000000;0.00000000;0.00000000;0.00000000;0.00000000;0.00000000;0.00000000;0.00000000;0.00000000;0.00000000;0.00000000;1.00000000;100.00000000;3;1.00000000;0.00000000;0.00000000;0.00000000;N;N
08.869.530/0001-82;BRASIF LEBLON FUNDO DE INVESTIMENTO EM PARTICIPAÇÕES MULTIESTRATÉGIA RESPONSABILIDADE LIMITADA;2023-03-31;699215823.210000000000;;;;N;Investidores qualificados;680260585.68000000;528573.20090768;680260585.68000000;528573.20090768;639456810.52326200;0.00000000;5.00000000;64.20000000;0.00000000;0.00000000;0.00000000;0.00000000;0.00000000;0.00000000;0.00000000;0.00000000;2.00000000;35.80000000;0.00000000;0.00000000;0.00000000;0.00000000;0.00000000;0.00000000;0.00000000;0.00000000;0.00000000;0.00000000;0.00000000;0.00000000;0.00000000;0.00000000;0.00000000;0.00000000;0.00000000;0.00000000;7.00000000;100.00000000;A;6.00000000;345391.04950557;345391.04950557;1299.70671511;N;N
08.869.530/0001-82;BRASIF LEBLON FUNDO DE INVESTIMENTO EM PARTICIPAÇÕES MULTIESTRATÉGIA RESPONSABILIDADE LIMITADA;2023-03-31;699215823.210000000000;;;;N;Investidores qualificados;680260585.68000000;528573.20090768;680260585.68000000;528573.20090768;639456810.52326200;0.00000000;5.00000000;64.20000000;0.00000000;0.00000000;0.00000000;0.00000000;0.00000000;0.00000000;0.00000000;0.00000000;2.00000000;35.80000000;0.00000000;0.00000000;0.00000000;0.00000000;0.00000000;0.00000000;0.00000000;0.00000000;0.00000000;0.00000000;0.00000000;0.00000000;0.00000000;0.00000000;0.00000000;0.00000000;0.00000000;0.00000000;7.00000000;100.00000000;B;1.00000000;183182.15140211;183182.15140211;1366.44730349;N;N
08.869.530/0001-82;BRASIF LEBLON FUNDO DE INVESTIMENTO EM PARTICIPAÇÕES MULTIESTRATÉGIA RESPONSABILIDADE LIMITADA;2023-06-30;688319613.065000000000;;;;N;Investidores qualificados;680260585.68000000;528573.20090768;680260585.68000000;528573.20090768;639456810.52326200;0.00000000;5.00000000;64.20000000;0.00000000;0.00000000;0.00000000;0.00000000;0.00000000;0.00000000;0.00000000;0.00000000;2.00000000;35.80000000;0.00000000;0.00000000;0.00000000;0.00000000;0.00000000;0.00000000;0.00000000;0.00000000;0.00000000;0.00000000;0.00000000;0.00000000;0.00000000;0.00000000;0.00000000;0.00000000;0.00000000;0.00000000;7.00000000;100.00000000;A;6.00000000;345391.04950557;345391.04950557;1268.22200602;N;N
08.869.530/0001-82;BRASIF LEBLON FUNDO DE INVESTIMENTO EM PARTICIPAÇÕES MULTIESTRATÉGIA RESPONSABILIDADE LIMITADA;2023-06-30;688319613.065000000000;;;;N;Investidores qualificados;680260585.68000000;528573.20090768;680260585.68000000;528573.20090768;639456810.52326200;0.00000000;5.00000000;64.20000000;0.00000000;0.00000000;0.00000000;0.00000000;0.00000000;0.00000000;0.00000000;0.00000000;2.00000000;35.80000000;0.00000000;0.00000000;0.00000000;0.00000000;0.00000000;0.00000000;0.00000000;0.00000000;0.00000000;0.00000000;0.00000000;0.00000000;0.00000000;0.00000000;0.00000000;0.00000000;0.00000000;0.00000000;7.00000000;100.00000000;B;1.00000000;183182.15140211;183182.15140211;1366.32898721;N;N
08.869.530/0001-82;BRASIF LEBLON FUNDO DE INVESTIMENTO EM PARTICIPAÇÕES MULTIESTRATÉGIA RESPONSABILIDADE LIMITADA;2023-09-30;739821257.052500000000;;;;N;Investidores qualificados;694774285.68000000;539196.93809560;694774285.68000000;539196.93809560;653970510.52325800;0.00000000;5.00000000;64.20000000;0.00000000;0.00000000;0.00000000;0.00000000;0.00000000;0.00000000;0.00000000;0.00000000;2.00000000;35.80000000;0.00000000;0.00000000;0.00000000;0.00000000;0.00000000;0.00000000;0.00000000;0.00000000;0.00000000;0.00000000;0.00000000;0.00000000;0.00000000;0.00000000;0.00000000;0.00000000;0.00000000;0.00000000;7.00000000;100.00000000;A;6.00000000;345391.04950557;345391.04950557;1334.96479487;N;N
08.869.530/0001-82;BRASIF LEBLON FUNDO DE INVESTIMENTO EM PARTICIPAÇÕES MULTIESTRATÉGIA RESPONSABILIDADE LIMITADA;2023-09-30;739821257.052500000000;;;;N;Investidores qualificados;694774285.68000000;539196.93809560;694774285.68000000;539196.93809560;653970510.52325800;0.00000000;5.00000000;64.20000000;0.00000000;0.00000000;0.00000000;0.00000000;0.00000000;0.00000000;0.00000000;0.00000000;2.00000000;35.80000000;0.00000000;0.00000000;0.00000000;0.00000000;0.00000000;0.00000000;0.00000000;0.00000000;0.00000000;0.00000000;0.00000000;0.00000000;0.00000000;0.00000000;0.00000000;0.00000000;0.00000000;0.00000000;7.00000000;100.00000000;B;1.00000000;193805.88859003;193805.88859003;1438.22443956;N;N
08.869.530/0001-82;BRASIF LEBLON FUNDO DE INVESTIMENTO EM PARTICIPAÇÕES MULTIESTRATÉGIA RESPONSABILIDADE LIMITADA;2023-12-31;819984966.660000000000;;;;N;Investidores qualificados;722593649.15000000;558968.53364454;722593649.15000000;558968.53364454;681789873.99325800;0.00000000;5.00000000;40.39000000;0.00000000;0.00000000;0.00000000;0.00000000;0.00000000;0.00000000;0.00000000;0.00000000;3.00000000;59.61000000;0.00000000;0.00000000;0.00000000;0.00000000;0.00000000;0.00000000;0.00000000;0.00000000;0.00000000;0.00000000;0.00000000;0.00000000;0.00000000;0.00000000;0.00000000;0.00000000;0.00000000;0.00000000;8.00000000;100.00000000;A;7.00000000;342512.33388848;342512.33388848;1467.90319286;N;N
08.869.530/0001-82;BRASIF LEBLON FUNDO DE INVESTIMENTO EM PARTICIPAÇÕES MULTIESTRATÉGIA RESPONSABILIDADE LIMITADA;2023-12-31;819984966.660000000000;;;;N;Investidores qualificados;722593649.15000000;558968.53364454;722593649.15000000;558968.53364454;681789873.99325800;0.00000000;5.00000000;40.39000000;0.00000000;0.00000000;0.00000000;0.00000000;0.00000000;0.00000000;0.00000000;0.00000000;3.00000000;59.61000000;0.00000000;0.00000000;0.00000000;0.00000000;0.00000000;0.00000000;0.00000000;0.00000000;0.00000000;0.00000000;0.00000000;0.00000000;0.00000000;0.00000000;0.00000000;0.00000000;0.00000000;0.00000000;8.00000000;100.00000000;B;1.00000000;201057.57416263;201057.57416263;1577.70737795;N;N
08.872.944/0001-60;EMPREENDEDOR BRASIL FUNDO DE INVESTIMENTO EM PARTICIPAÇÕES MULTIESTRATÉGIA;2023-03-31;189919353.170000000000;;;;S;Investidores qualificados;216100000.00000000;2161.00000000;216100000.00000000;1960.00000000;196000000.00000000;0.00000000;0.00000000;0.00000000;2.00000000;11.57000000;0.00000000;0.00000000;0.00000000;0.00000000;0.00000000;0.00000000;0.00000000;0.00000000;0.00000000;0.00000000;10.00000000;81.49000000;0.00000000;0.00000000;1.00000000;6.94000000;0.00000000;0.00000000;0.00000000;0.00000000;0.00000000;0.00000000;0.00000000;0.00000000;0.00000000;0.00000000;13.00000000;100.00000000;1;13.00000000;2161.00000000;1960.00000000;96897.62916830;N;N
08.872.944/0001-60;EMPREENDEDOR BRASIL FUNDO DE INVESTIMENTO EM PARTICIPAÇÕES MULTIESTRATÉGIA;2023-06-30;194033725.270000000000;;;;S;Investidores qualificados;216100000.01000000;2161.00000000;216100000.01000000;1960.00000000;196000000.00000000;0.00000000;0.00000000;0.00000000;2.00000000;11.57000000;0.00000000;0.00000000;0.00000000;0.00000000;0.00000000;0.00000000;0.00000000;0.00000000;0.00000000;0.00000000;13.00000000;81.49000000;0.00000000;0.00000000;1.00000000;6.94000000;0.00000000;0.00000000;0.00000000;0.00000000;0.00000000;0.00000000;0.00000000;0.00000000;0.00000000;0.00000000;16.00000000;100.00000000;1;16.00000000;2161.00000000;1960.00000000;98996.79860710;N;N
08.872.944/0001-60;EMPREENDEDOR BRASIL FUNDO DE INVESTIMENTO EM PARTICIPAÇÕES MULTIESTRATÉGIA;2023-09-30;189365556.840000000000;;;;S;Investidores qualificados;216100000.01000000;2161.00000000;216100000.01000000;1960.00000000;196000000.00000000;0.00000000;0.00000000;0.00000000;2.00000000;11.57000000;0.00000000;0.00000000;0.00000000;0.00000000;0.00000000;0.00000000;0.00000000;0.00000000;0.00000000;0.00000000;11.00000000;81.49000000;0.00000000;0.00000000;1.00000000;6.94000000;0.00000000;0.00000000;0.00000000;0.00000000;0.00000000;0.00000000;0.00000000;0.00000000;0.00000000;0.00000000;14.00000000;100.00000000;1;14.00000000;2161.00000000;1960.00000000;96615.08002040;N;N
08.872.944/0001-60;EMPREENDEDOR BRASIL FUNDO DE INVESTIMENTO EM PARTICIPAÇÕES MULTIESTRATÉGIA;2023-12-31;189180758.210000000000;;;;S;Investidores qualificados;216100000.00000000;2161.00000000;216100000.00000000;1960.00000000;196000000.00000000;0.00000000;0.00000000;0.00000000;1.00000000;10.00000000;1.00000000;8.00000000;0.00000000;0.00000000;0.00000000;0.00000000;0.00000000;0.00000000;0.00000000;0.00000000;23.00000000;65.00000000;0.00000000;0.00000000;0.00000000;0.00000000;0.00000000;0.00000000;0.00000000;0.00000000;4.00000000;17.00000000;0.00000000;0.00000000;0.00000000;0.00000000;29.00000000;100.00000000;1;29.00000000;2161.00000000;1960.00000000;96520.79500510;N;N
08.937.196/0001-57;GULF I DE INVESTIMENTO EM PARTICIPAÇÕES MULTIESTRATEGIA - INVESTIMENTO NO EXTERIOR;2023-03-31;27793407.260000000000;;;;N;Investidores profissionais;76887504.79000000;66.98000000;76887504.79000000;66.98000000;76887504.79000000;0.00000000;1.00000000;78.26000000;1.00000000;1.33000000;0.00000000;0.00000000;0.00000000;0.00000000;0.00000000;0.00000000;0.00000000;0.00000000;0.00000000;0.00000000;0.00000000;0.00000000;0.00000000;0.00000000;0.00000000;0.00000000;0.00000000;0.00000000;0.00000000;0.00000000;1.00000000;24.94000000;0.00000000;0.00000000;0.00000000;0.00000000;3.00000000;104.53000000;1;3.00000000;66.98000000;66.98000000;414939.86093343;N;N
08.937.196/0001-57;GULF I DE INVESTIMENTO EM PARTICIPAÇÕES MULTIESTRATEGIA - INVESTIMENTO NO EXTERIOR;2023-06-30;30706608.520000000000;;;;N;Investidores profissionais;79242660.41000000;74.22763592;79242660.41000000;74.22763592;79242660.41000000;0.00000000;1.00000000;0.00000000;0.00000000;86.93532331;0.00000000;0.00000000;0.00000000;0.00000000;0.00000000;0.00000000;0.00000000;0.00000000;0.00000000;0.00000000;0.00000000;0.00000000;0.00000000;0.00000000;0.00000000;0.00000000;0.00000000;0.00000000;0.00000000;0.00000000;1.00000000;0.00000000;0.00000000;13.06467669;0.00000000;0.00000000;2.00000000;0.00000000;1;2.00000000;74.22763592;74.22763592;414939.86093343;N;N
08.937.196/0001-57;GULF I DE INVESTIMENTO EM PARTICIPAÇÕES MULTIESTRATEGIA - INVESTIMENTO NO EXTERIOR;2023-09-30;35630472.680000000000;;;;N;Investidores profissionais;86344.01472400;86.34401472;86344.01472400;86.34401472;86344.01472400;0.00000000;1.00000000;0.00000000;0.00000000;81.77550744;0.00000000;0.00000000;0.00000000;0.00000000;0.00000000;0.00000000;0.00000000;0.00000000;0.00000000;0.00000000;0.00000000;0.00000000;0.00000000;0.00000000;0.00000000;0.00000000;0.00000000;0.00000000;0.00000000;0.00000000;1.00000000;0.00000000;0.00000000;18.22449256;0.00000000;0.00000000;2.00000000;0.00000000;1;2.00000000;86.34401472;86.34401472;414939.86093343;N;N
08.937.196/0001-57;GULF I DE INVESTIMENTO EM PARTICIPAÇÕES MULTIESTRATEGIA - INVESTIMENTO NO EXTERIOR;2023-12-31;46440786.650000000000;;;;N;Investidores profissionais;110598.68400400;110.59868400;110598.68400400;110.59868400;110598.68400400;0.00000000;1.00000000;0.00000000;0.00000000;81.77550744;0.00000000;0.00000000;0.00000000;0.00000000;0.00000000;0.00000000;0.00000000;0.00000000;0.00000000;0.00000000;0.00000000;0.00000000;0.00000000;0.00000000;0.00000000;0.00000000;0.00000000;0.00000000;0.00000000;0.00000000;1.00000000;0.00000000;0.00000000;18.22449256;0.00000000;0.00000000;2.00000000;0.00000000;1;2.00000000;110.59868400;110.59868400;414939.86093343;N;N
08.938.892/0001-88;PROSPERITAS II REAL ESTATE FUNDO DE INVESTIMENTOS EM PARTICIPAÇÕES  - MULTIESTRATEGIA;2023-03-31;251739959.930000000000;;;;S;Investidores profissionais;1000000000.00000000;10000.00000000;1000000000.00000000;8116.89258376;727943262.75000000;0.00000000;0.00000000;0.00000000;0.00000000;0.00000000;0.00000000;0.00000000;0.00000000;0.00000000;0.00000000;0.00000000;3.00000000;100.00000000;0.00000000;0.00000000;0.00000000;0.00000000;0.00000000;0.00000000;0.00000000;0.00000000;0.00000000;0.00000000;0.00000000;0.00000000;0.00000000;0.00000000;0.00000000;0.00000000;0.00000000;0.00000000;3.00000000;100.00000000;1;3.00000000;10000.00000000;8116.89258376;31014.32689077;N;N
08.938.892/0001-88;PROSPERITAS II REAL ESTATE FUNDO DE INVESTIMENTOS EM PARTICIPAÇÕES  - MULTIESTRATEGIA;2023-06-30;251653349.270000000000;;;;S;Investidores profissionais;1000000000.00000000;10000.00000000;1000000000.00000000;8116.89258376;727943262.75000000;0.00000000;0.00000000;0.00000000;0.00000000;0.00000000;0.00000000;0.00000000;0.00000000;0.00000000;0.00000000;0.00000000;3.00000000;100.00000000;0.00000000;0.00000000;0.00000000;0.00000000;0.00000000;0.00000000;0.00000000;0.00000000;0.00000000;0.00000000;0.00000000;0.00000000;0.00000000;0.00000000;0.00000000;0.00000000;0.00000000;0.00000000;3.00000000;100.00000000;1;3.00000000;10000.00000000;8116.89258376;31003.65646990;N;N
08.938.892/0001-88;PROSPERITAS II REAL ESTATE FUNDO DE INVESTIMENTOS EM PARTICIPAÇÕES  - MULTIESTRATEGIA;2023-09-30;17069444.280000000000;;;;S;Investidores profissionais;1000000000.00000000;10000.00000000;1000000000.00000000;8116.89258376;727943262.75000000;0.00000000;0.00000000;0.00000000;0.00000000;0.00000000;0.00000000;0.00000000;0.00000000;0.00000000;0.00000000;0.00000000;3.00000000;100.00000000;0.00000000;0.00000000;0.00000000;0.00000000;0.00000000;0.00000000;0.00000000;0.00000000;0.00000000;0.00000000;0.00000000;0.00000000;0.00000000;0.00000000;0.00000000;0.00000000;0.00000000;0.00000000;3.00000000;100.00000000;1;3.00000000;10000.00000000;8116.89258376;2102.95308258;N;N
08.938.892/0001-88;PROSPERITAS II REAL ESTATE FUNDO DE INVESTIMENTOS EM PARTICIPAÇÕES  - MULTIESTRATEGIA;2023-12-31;0.000000000000;;;;S;Investidores profissionais;0.00000000;0.00000000;0.00000000;0.00000000;0.00000000;0.00000000;0.00000000;0.00000000;0.00000000;0.00000000;0.00000000;0.00000000;0.00000000;0.00000000;0.00000000;0.00000000;0.00000000;0.00000000;0.00000000;0.00000000;0.00000000;0.00000000;0.00000000;0.00000000;0.00000000;0.00000000;0.00000000;0.00000000;0.00000000;0.00000000;0.00000000;0.00000000;0.00000000;0.00000000;0.00000000;0.00000000;0.00000000;0.00000000;1;0.00000000;0.00000000;0.00000000;0.00000000;N;N
08.954.286/0001-56;GPCP4 FUNDO DE INVESTIMENTO EM PARTICIPAÇÕES MULTIESTRATÉGIA RESPONSABILIDADE LIMITADA;2023-03-31;6182055.340000000000;;;;S;Investidores qualificados;11939401.36000000;452516.32774956;11939401.36000000;452516.32774956;11939401.36000000;0.00000000;20.00000000;44.40000000;1.00000000;10.21000000;0.00000000;0.00000000;0.00000000;0.00000000;0.00000000;0.00000000;3.00000000;45.37000000;0.00000000;0.00000000;0.00000000;0.00000000;0.00000000;0.00000000;0.00000000;0.00000000;0.00000000;0.00000000;0.00000000;0.00000000;0.00000000;0.00000000;0.00000000;0.00000000;0.00000000;0.00000000;24.00000000;100.00000000;1;24.00000000;452516.32774956;452516.32774956;13.66150779;N;N
08.954.286/0001-56;GPCP4 FUNDO DE INVESTIMENTO EM PARTICIPAÇÕES MULTIESTRATÉGIA RESPONSABILIDADE LIMITADA;2023-06-30;6171159.130000000000;;;;S;Investidores qualificados;11939401.36000000;452516.32774956;11939401.36000000;452516.32774956;11939401.36000000;0.00000000;20.00000000;44.40000000;1.00000000;10.21000000;0.00000000;0.00000000;0.00000000;0.00000000;0.00000000;0.00000000;3.00000000;45.37000000;0.00000000;0.00000000;0.00000000;0.00000000;0.00000000;0.00000000;0.00000000;0.00000000;0.00000000;0.00000000;0.00000000;0.00000000;0.00000000;0.00000000;0.00000000;0.00000000;0.00000000;0.00000000;24.00000000;100.00000000;1;24.00000000;452516.32774956;452516.32774956;13.63742864;N;N
08.954.286/0001-56;GPCP4 FUNDO DE INVESTIMENTO EM PARTICIPAÇÕES MULTIESTRATÉGIA RESPONSABILIDADE LIMITADA;2023-09-30;6166018.910000000000;;;;S;Investidores qualificados;11828943.81000000;452516.32774956;11828943.81000000;452516.32774956;11828943.81000000;0.00000000;18.00000000;34.09000000;2.00000000;11.84000000;0.00000000;0.00000000;0.00000000;0.00000000;0.00000000;0.00000000;4.00000000;54.05000000;0.00000000;0.00000000;0.00000000;0.00000000;0.00000000;0.00000000;0.00000000;0.00000000;0.00000000;0.00000000;0.00000000;0.00000000;0.00000000;0.00000000;0.00000000;0.00000000;0.00000000;0.00000000;24.00000000;100.00000000;1;24.00000000;452516.32774956;452516.32774956;13.62606945;N;N
08.954.286/0001-56;GPCP4 FUNDO DE INVESTIMENTO EM PARTICIPAÇÕES MULTIESTRATÉGIA RESPONSABILIDADE LIMITADA;2023-12-31;6143899.320000000000;;;;S;Investidores qualificados;11828943.81000000;452516.32774956;11828943.81000000;452516.32774956;11828943.81000000;0.00000000;17.00000000;25.58000000;2.00000000;11.84000000;0.00000000;0.00000000;0.00000000;0.00000000;0.00000000;0.00000000;5.00000000;62.56000000;0.00000000;0.00000000;0.00000000;0.00000000;0.00000000;0.00000000;0.00000000;0.00000000;0.00000000;0.00000000;0.00000000;0.00000000;0.00000000;0.00000000;0.00000000;0.00000000;0.00000000;0.00000000;24.00000000;100.00000000;1;24.00000000;452516.32774956;452516.32774956;13.57718814;N;N
08.978.630/0001-47;FUNDO DE INVESTIMENTO EM PARTICIPAÇÕES MULTIESTRATÉGIA MULTISETORIAL PLUS;2023-03-31;178808162.630000000000;;;;S;Investidores qualificados;2000000000.00000000;20000.00000000;2000000000.00000000;9755.73010000;975573010.00000000;0.00000000;0.00000000;0.00000000;0.00000000;0.00000000;1.00000000;100.00000000;0.00000000;0.00000000;0.00000000;0.00000000;0.00000000;0.00000000;0.00000000;0.00000000;0.00000000;0.00000000;0.00000000;0.00000000;0.00000000;0.00000000;0.00000000;0.00000000;0.00000000;0.00000000;0.00000000;0.00000000;0.00000000;0.00000000;0.00000000;0.00000000;1.00000000;100.00000000;1;1.00000000;20000.00000000;7119.73010000;18415.25027210;N;N
08.978.630/0001-47;FUNDO DE INVESTIMENTO EM PARTICIPAÇÕES MULTIESTRATÉGIA MULTISETORIAL PLUS;2023-06-30;340010803.170000000000;;;;S;Investidores qualificados;2000000000.00000000;20000.00000000;2000000000.00000000;9755.73010000;975573010.00000000;0.00000000;0.00000000;0.00000000;0.00000000;0.00000000;1.00000000;100.00000000;0.00000000;0.00000000;0.00000000;0.00000000;0.00000000;0.00000000;0.00000000;0.00000000;0.00000000;0.00000000;0.00000000;0.00000000;0.00000000;0.00000000;0.00000000;0.00000000;0.00000000;0.00000000;0.00000000;0.00000000;0.00000000;0.00000000;0.00000000;0.00000000;1.00000000;100.00000000;1;1.00000000;20000.00000000;975573010.00000000;35017.32775240;N;N
08.978.630/0001-47;FUNDO DE INVESTIMENTO EM PARTICIPAÇÕES MULTIESTRATÉGIA MULTISETORIAL PLUS;2023-09-30;177392886.700000000000;;;;S;Investidores qualificados;2000000000.00000000;20000.00000000;2000000000.00000000;9755.73010000;975573010.00000000;0.00000000;0.00000000;0.00000000;0.00000000;0.00000000;1.00000000;100.00000000;0.00000000;0.00000000;0.00000000;0.00000000;0.00000000;0.00000000;0.00000000;0.00000000;0.00000000;0.00000000;0.00000000;0.00000000;0.00000000;0.00000000;0.00000000;0.00000000;0.00000000;0.00000000;0.00000000;0.00000000;0.00000000;0.00000000;0.00000000;0.00000000;1.00000000;100.00000000;1;1.00000000;20000.00000000;9755.73010000;18269.49260610;N;N
08.978.630/0001-47;FUNDO DE INVESTIMENTO EM PARTICIPAÇÕES MULTIESTRATÉGIA MULTISETORIAL PLUS;2023-12-31;207883527.180000000000;;;;S;Investidores qualificados;2000000000.00000000;20000.00000000;2000000000.00000000;9755.73010000;975573010.00000000;0.00000000;0.00000000;0.00000000;0.00000000;0.00000000;1.00000000;100.00000000;0.00000000;0.00000000;0.00000000;0.00000000;0.00000000;0.00000000;0.00000000;0.00000000;0.00000000;0.00000000;0.00000000;0.00000000;0.00000000;0.00000000;0.00000000;0.00000000;0.00000000;0.00000000;0.00000000;0.00000000;0.00000000;0.00000000;0.00000000;0.00000000;1.00000000;100.00000000;1;1.00000000;20000.00000000;9755.73010000;21409.68915610;N;N
08.988.307/0001-54;FIP TERRA VIVA - FUNDO DE INVESTIMENTO EM PARTICIPAÇÕES MULTIESTRATÉGIA DE RESP. LIMITADA;2023-03-31;170153.680000000000;;;;S;Investidores qualificados;296200000.00000000;2962.00000000;296200000.00000000;2927.79000000;293317462.53000000;0.00000000;0.00000000;0.00000000;1.00000000;1.01000000;0.00000000;0.00000000;0.00000000;0.00000000;2.00000000;26.74000000;0.00000000;0.00000000;0.00000000;0.00000000;4.00000000;57.05000000;0.00000000;0.00000000;0.00000000;0.00000000;0.00000000;0.00000000;0.00000000;0.00000000;4.00000000;15.20000000;0.00000000;0.00000000;0.00000000;0.00000000;11.00000000;100.00000000;Única;11.00000000;2962.00000000;2927.79000000;58.00665441;N;N
08.988.307/0001-54;FIP TERRA VIVA - FUNDO DE INVESTIMENTO EM PARTICIPAÇÕES MULTIESTRATÉGIA DE RESP. LIMITADA;2023-06-30;85477.560000000000;;;;S;Investidores qualificados;296200000.00000000;2962.00000000;296200000.00000000;2933.17000000;293317462.53000000;0.00000000;0.00000000;0.00000000;1.00000000;1.01000000;0.00000000;0.00000000;0.00000000;0.00000000;2.00000000;26.74000000;0.00000000;0.00000000;0.00000000;0.00000000;7.00000000;57.05000000;0.00000000;0.00000000;0.00000000;0.00000000;0.00000000;0.00000000;0.00000000;0.00000000;4.00000000;15.19000000;0.00000000;0.00000000;0.00000000;0.00000000;14.00000000;100.00000000;0;0.00000000;0.00000000;0.00000000;0.00000000;N;N
08.988.307/0001-54;FIP TERRA VIVA - FUNDO DE INVESTIMENTO EM PARTICIPAÇÕES MULTIESTRATÉGIA DE RESP. LIMITADA;2023-09-30;165972.140000000000;;;;S;Investidores qualificados;296200000.00000000;2962.00000000;296200000.00000000;2954.32048400;295367472.53000000;0.00000000;0.00000000;0.00000000;1.00000000;1.01000000;0.00000000;0.00000000;0.00000000;0.00000000;2.00000000;26.74000000;0.00000000;0.00000000;0.00000000;0.00000000;7.00000000;57.05000000;0.00000000;0.00000000;0.00000000;0.00000000;0.00000000;0.00000000;0.00000000;0.00000000;4.00000000;15.19000000;0.00000000;0.00000000;0.00000000;0.00000000;14.00000000;100.00000000;ÚNICA;14.00000000;2962.00000000;2954.32048400;56.17946357;N;N
08.988.307/0001-54;FIP TERRA VIVA - FUNDO DE INVESTIMENTO EM PARTICIPAÇÕES MULTIESTRATÉGIA DE RESP. LIMITADA;2023-12-31;50264.960000000000;;;;S;Investidores qualificados;296200000.00000000;2962.00000000;296200000.00000000;2953.67472670;295367472.53000000;0.00000000;0.00000000;0.00000000;1.00000000;1.01000000;0.00000000;0.00000000;0.00000000;0.00000000;2.00000000;26.74000000;0.00000000;0.00000000;0.00000000;0.00000000;8.00000000;57.05000000;0.00000000;0.00000000;0.00000000;0.00000000;0.00000000;0.00000000;0.00000000;0.00000000;4.00000000;15.19000000;0.00000000;0.00000000;0.00000000;0.00000000;14.00000000;100.00000000;ÚNICA;15.00000000;2962.00000000;2953.67472670;17.01777096;N;N
08.991.641/0001-67;CAIXA FUNDO DE INVESTIMENTO EM PARTICIPAÇÕES MULTIESTRATÉGIA AMAZÔNIA ENERGIA;2023-03-31;15677792.010000000000;;;;N;Investidores qualificados;2033074390.69000000;2051599285.63758772;2033074390.69000000;2399421483.48438400;2026111083.83000000;0.00000000;0.00000000;0.00000000;1.00000000;50.10000000;0.00000000;0.00000000;0.00000000;0.00000000;0.00000000;0.00000000;0.00000000;0.00000000;0.00000000;0.00000000;0.00000000;0.00000000;0.00000000;0.00000000;0.00000000;0.00000000;0.00000000;0.00000000;0.00000000;0.00000000;1.00000000;49.89990000;0.00000000;0.00000000;0.00000000;0.00000000;2.00000000;100.00000000;1;2.00000000;2051599285.63758772;2416609940.31230800;0.00653300;N;N
08.991.641/0001-67;CAIXA FUNDO DE INVESTIMENTO EM PARTICIPAÇÕES MULTIESTRATÉGIA AMAZÔNIA ENERGIA;2023-06-30;53854152.530000000000;;;;N;Investidores qualificados;2033074390.69000000;2051599285.63758772;2033074390.69000000;2416609940.31230800;2026223358.83000000;0.00000000;0.00000000;0.00000000;1.00000000;50.10000000;0.00000000;0.00000000;0.00000000;0.00000000;0.00000000;0.00000000;0.00000000;0.00000000;0.00000000;0.00000000;0.00000000;0.00000000;0.00000000;0.00000000;0.00000000;0.00000000;0.00000000;0.00000000;0.00000000;0.00000000;1.00000000;49.89990000;0.00000000;0.00000000;0.00000000;0.00000000;2.00000000;100.00000000;1;2.00000000;2051599285.63758772;2421781004.52381500;0.02228500;N;N
08.991.641/0001-67;CAIXA FUNDO DE INVESTIMENTO EM PARTICIPAÇÕES MULTIESTRATÉGIA AMAZÔNIA ENERGIA;2023-09-30;53834743.950000000000;;;;N;Investidores qualificados;2033074390.69000000;2051599285.63758772;2033074390.69000000;2426707323.96801000;2026448358.83000000;0.00000000;0.00000000;0.00000000;1.00000000;50.10000000;0.00000000;0.00000000;0.00000000;0.00000000;0.00000000;0.00000000;0.00000000;0.00000000;0.00000000;0.00000000;0.00000000;0.00000000;0.00000000;0.00000000;0.00000000;0.00000000;0.00000000;0.00000000;0.00000000;0.00000000;1.00000000;49.89990000;0.00000000;0.00000000;0.00000000;0.00000000;2.00000000;100.00000000;1;2.00000000;2051599285.63758772;2436850226.19043300;0.02218400;N;N
08.991.641/0001-67;CAIXA FUNDO DE INVESTIMENTO EM PARTICIPAÇÕES MULTIESTRATÉGIA AMAZÔNIA ENERGIA;2023-12-31;23251312.840000000000;;;;N;Investidores qualificados;2033074390.69000000;2051599285.63758772;2033074390.69000000;2436850226.19043300;2026673358.83000000;0.00000000;0.00000000;0.00000000;1.00000000;50.10000000;0.00000000;0.00000000;0.00000000;0.00000000;0.00000000;0.00000000;0.00000000;0.00000000;0.00000000;0.00000000;0.00000000;0.00000000;0.00000000;0.00000000;0.00000000;0.00000000;0.00000000;0.00000000;0.00000000;0.00000000;1.00000000;49.89990000;0.00000000;0.00000000;0.00000000;0.00000000;2.00000000;100.00000000;1;2.00000000;2188401533.10308179;2436850226.19043300;0.00954100;N;N
08.999.182/0001-68;BRASIL EQUITY PROPERTIES FUNDO DE INVESTIMENTO EM PARTICIPAÇÕES MULTIESTRATEGIA;2023-03-31;0.000000000000;;;;S;Investidores profissionais;429254695.22000000;4292.54695220;429254695.22000000;4292.54370320;429254370.33000000;0.00000000;0.00000000;0.00000000;1.00000000;1.16480000;0.00000000;0.00000000;0.00000000;0.00000000;0.00000000;0.00000000;0.00000000;0.00000000;0.00000000;0.00000000;3.00000000;42.39670000;0.00000000;0.00000000;0.00000000;0.00000000;0.00000000;0.00000000;0.00000000;0.00000000;5.00000000;56.43840000;0.00000000;0.00000000;0.00000000;0.00000000;9.00000000;100.00000000;1;9.00000000;4292.54695220;4292.54370320;-17468.12642801;N;N
08.999.182/0001-68;BRASIL EQUITY PROPERTIES FUNDO DE INVESTIMENTO EM PARTICIPAÇÕES MULTIESTRATEGIA;2023-06-30;0.000000000000;;;;S;Investidores profissionais;429254695.22000000;4292.54695220;429254695.22000000;4292.54370320;429254370.33000000;0.00000000;0.00000000;0.00000000;1.00000000;1.16480000;0.00000000;0.00000000;0.00000000;0.00000000;0.00000000;0.00000000;0.00000000;0.00000000;0.00000000;0.00000000;3.00000000;42.39670000;0.00000000;0.00000000;0.00000000;0.00000000;0.00000000;0.00000000;0.00000000;0.00000000;5.00000000;56.43840000;0.00000000;0.00000000;0.00000000;0.00000000;9.00000000;100.00000000;1;9.00000000;4292.54695220;4292.54370320;-17772.59718880;N;N
08.999.182/0001-68;BRASIL EQUITY PROPERTIES FUNDO DE INVESTIMENTO EM PARTICIPAÇÕES MULTIESTRATEGIA;2023-09-30;0.000000000000;;;;S;Investidores profissionais;439040348.78000000;102149.08255220;439040348.78000000;4292.54370320;429254370.33000000;0.00000000;0.00000000;0.00000000;1.00000000;1.16020000;0.00000000;0.00000000;0.00000000;0.00000000;0.00000000;0.00000000;0.00000000;0.00000000;0.00000000;0.00000000;3.00000000;42.39980000;0.00000000;0.00000000;0.00000000;0.00000000;0.00000000;0.00000000;0.00000000;0.00000000;5.00000000;56.43990000;0.00000000;0.00000000;0.00000000;0.00000000;9.00000000;100.00000000;1;9.00000000;102149.08255220;4292.54370320;-16978.93953871;N;N
08.999.182/0001-68;BRASIL EQUITY PROPERTIES FUNDO DE INVESTIMENTO EM PARTICIPAÇÕES MULTIESTRATEGIA;2023-12-31;0.000000000000;;;;S;Investidores profissionais;439040348.78000000;102149.08255220;439040348.78000000;4292.54370320;429254370.33000000;0.00000000;0.00000000;0.00000000;1.00000000;1.16020000;0.00000000;0.00000000;0.00000000;0.00000000;0.00000000;0.00000000;0.00000000;0.00000000;0.00000000;0.00000000;3.00000000;42.39980000;0.00000000;0.00000000;0.00000000;0.00000000;0.00000000;0.00000000;0.00000000;0.00000000;5.00000000;56.43990000;0.00000000;0.00000000;0.00000000;0.00000000;9.00000000;100.00000000;1;9.00000000;102149.08255220;4292.54370320;-17408.65435293;N;N
08.999.309/0001-49;ANGOPHORA FUNDO DE INVESTIMENTO FINANCEIRO;2023-03-31;113911805.420000000000;;;;S;Investidores profissionais;70918074.72000000;11101.73705700;70918074.72000000;11101.73705700;70918074.72000000;112637223.65000000;1.00000000;0.46120000;0.00000000;0.00000000;0.00000000;0.00000000;0.00000000;0.00000000;0.00000000;0.00000000;3.00000000;90.88220000;0.00000000;0.00000000;0.00000000;0.00000000;0.00000000;0.00000000;0.00000000;0.00000000;0.00000000;0.00000000;0.00000000;0.00000000;2.00000000;8.65640000;0.00000000;0.00000000;0.00000000;0.00000000;6.00000000;99.99980000;Classe I;3.00000000;4803.85094000;4803.85094000;47595116.77000000;N;N
08.999.309/0001-49;ANGOPHORA FUNDO DE INVESTIMENTO FINANCEIRO;2023-03-31;113911805.420000000000;;;;S;Investidores profissionais;70918074.72000000;11101.73705700;70918074.72000000;11101.73705700;70918074.72000000;112637223.65000000;1.00000000;0.46120000;0.00000000;0.00000000;0.00000000;0.00000000;0.00000000;0.00000000;0.00000000;0.00000000;3.00000000;90.88220000;0.00000000;0.00000000;0.00000000;0.00000000;0.00000000;0.00000000;0.00000000;0.00000000;0.00000000;0.00000000;0.00000000;0.00000000;2.00000000;8.65640000;0.00000000;0.00000000;0.00000000;0.00000000;6.00000000;99.99980000;Classe III;6.00000000;5373.32185400;5373.32185400;56573330.55000000;N;N
08.999.309/0001-49;ANGOPHORA FUNDO DE INVESTIMENTO FINANCEIRO;2023-03-31;113911805.420000000000;;;;S;Investidores profissionais;70918074.72000000;11101.73705700;70918074.72000000;11101.73705700;70918074.72000000;112637223.65000000;1.00000000;0.46120000;0.00000000;0.00000000;0.00000000;0.00000000;0.00000000;0.00000000;0.00000000;0.00000000;3.00000000;90.88220000;0.00000000;0.00000000;0.00000000;0.00000000;0.00000000;0.00000000;0.00000000;0.00000000;0.00000000;0.00000000;0.00000000;0.00000000;2.00000000;8.65640000;0.00000000;0.00000000;0.00000000;0.00000000;6.00000000;99.99980000;Classe V;1.00000000;924.56426500;924.56426500;9757875.95000000;N;N
08.999.309/0001-49;ANGOPHORA FUNDO DE INVESTIMENTO FINANCEIRO;2023-06-30;113977384.000000000000;;;;S;Investidores profissionais;70918074.72000000;11101.73706000;70918074.72000000;11101.73706000;70918074.72000000;112762525.31000000;1.00000000;0.46120000;0.00000000;0.00000000;0.00000000;0.00000000;0.00000000;0.00000000;0.00000000;0.00000000;3.00000000;90.88220000;0.00000000;0.00000000;0.00000000;0.00000000;0.00000000;0.00000000;0.00000000;0.00000000;0.00000000;0.00000000;0.00000000;0.00000000;2.00000000;8.65640000;0.00000000;0.00000000;0.00000000;0.00000000;6.00000000;99.99980000;Classe I;3.00000000;4803.85094000;4803.85094000;47636017.53000000;N;N
08.999.309/0001-49;ANGOPHORA FUNDO DE INVESTIMENTO FINANCEIRO;2023-06-30;113977384.000000000000;;;;S;Investidores profissionais;70918074.72000000;11101.73706000;70918074.72000000;11101.73706000;70918074.72000000;112762525.31000000;1.00000000;0.46120000;0.00000000;0.00000000;0.00000000;0.00000000;0.00000000;0.00000000;0.00000000;0.00000000;3.00000000;90.88220000;0.00000000;0.00000000;0.00000000;0.00000000;0.00000000;0.00000000;0.00000000;0.00000000;0.00000000;0.00000000;0.00000000;0.00000000;2.00000000;8.65640000;0.00000000;0.00000000;0.00000000;0.00000000;6.00000000;99.99980000;Classe III;5.00000000;5373.32185400;5373.32185400;56606070.15000000;N;N
08.999.309/0001-49;ANGOPHORA FUNDO DE INVESTIMENTO FINANCEIRO;2023-06-30;113977384.000000000000;;;;S;Investidores profissionais;70918074.72000000;11101.73706000;70918074.72000000;11101.73706000;70918074.72000000;112762525.31000000;1.00000000;0.46120000;0.00000000;0.00000000;0.00000000;0.00000000;0.00000000;0.00000000;0.00000000;0.00000000;3.00000000;90.88220000;0.00000000;0.00000000;0.00000000;0.00000000;0.00000000;0.00000000;0.00000000;0.00000000;0.00000000;0.00000000;0.00000000;0.00000000;2.00000000;8.65640000;0.00000000;0.00000000;0.00000000;0.00000000;6.00000000;99.99980000;Classe V;1.00000000;924.56426500;924.56426500;9764788.88000000;N;N
08.999.309/0001-49;ANGOPHORA FUNDO DE INVESTIMENTO FINANCEIRO;2023-09-30;114024661.400000000000;;;;S;Investidores profissionais;70918074.72000000;11101.73706000;70918074.72000000;11101.73706000;70918074.72000000;112727178.86000000;1.00000000;0.46120000;0.00000000;0.00000000;0.00000000;0.00000000;0.00000000;0.00000000;0.00000000;0.00000000;3.00000000;90.88220000;0.00000000;0.00000000;0.00000000;0.00000000;0.00000000;0.00000000;0.00000000;0.00000000;0.00000000;0.00000000;0.00000000;0.00000000;2.00000000;8.65640000;0.00000000;0.00000000;0.00000000;0.00000000;6.00000000;99.99980000;Classe III;5.00000000;5373.32185400;5373.32185400;56615199.02000000;N;N
08.999.309/0001-49;ANGOPHORA FUNDO DE INVESTIMENTO FINANCEIRO;2023-09-30;114024661.400000000000;;;;S;Investidores profissionais;70918074.72000000;11101.73706000;70918074.72000000;11101.73706000;70918074.72000000;112727178.86000000;1.00000000;0.46120000;0.00000000;0.00000000;0.00000000;0.00000000;0.00000000;0.00000000;0.00000000;0.00000000;3.00000000;90.88220000;0.00000000;0.00000000;0.00000000;0.00000000;0.00000000;0.00000000;0.00000000;0.00000000;0.00000000;0.00000000;0.00000000;0.00000000;2.00000000;8.65640000;0.00000000;0.00000000;0.00000000;0.00000000;6.00000000;99.99980000;Classe I;3.00000000;4803.85094000;4803.85094000;47644763.56000000;N;N
08.999.309/0001-49;ANGOPHORA FUNDO DE INVESTIMENTO FINANCEIRO;2023-09-30;114024661.400000000000;;;;S;Investidores profissionais;70918074.72000000;11101.73706000;70918074.72000000;11101.73706000;70918074.72000000;112727178.86000000;1.00000000;0.46120000;0.00000000;0.00000000;0.00000000;0.00000000;0.00000000;0.00000000;0.00000000;0.00000000;3.00000000;90.88220000;0.00000000;0.00000000;0.00000000;0.00000000;0.00000000;0.00000000;0.00000000;0.00000000;0.00000000;0.00000000;0.00000000;0.00000000;2.00000000;8.65640000;0.00000000;0.00000000;0.00000000;0.00000000;6.00000000;99.99980000;Classe V;1.00000000;924.56426500;924.56426500;9763927.06000000;N;N
08.999.309/0001-49;ANGOPHORA FUNDO DE INVESTIMENTO FINANCEIRO;2023-12-31;111497744.190000000000;;;;S;Investidores profissionais;70918074.72000000;11101.73705700;70918074.72000000;11101.73705700;70918074.72000000;110127425.13000000;1.00000000;0.46120000;0.00000000;0.00000000;0.00000000;0.00000000;0.00000000;0.00000000;0.00000000;0.00000000;3.00000000;90.88220000;0.00000000;0.00000000;0.00000000;0.00000000;0.00000000;0.00000000;0.00000000;0.00000000;0.00000000;0.00000000;0.00000000;0.00000000;2.00000000;8.65640000;0.00000000;0.00000000;0.00000000;0.00000000;6.00000000;99.99980000;Classe I;3.00000000;4803.85094000;4803.85094000;46552298.66000000;N;N
08.999.309/0001-49;ANGOPHORA FUNDO DE INVESTIMENTO FINANCEIRO;2023-12-31;111497744.190000000000;;;;S;Investidores profissionais;70918074.72000000;11101.73705700;70918074.72000000;11101.73705700;70918074.72000000;110127425.13000000;1.00000000;0.46120000;0.00000000;0.00000000;0.00000000;0.00000000;0.00000000;0.00000000;0.00000000;0.00000000;3.00000000;90.88220000;0.00000000;0.00000000;0.00000000;0.00000000;0.00000000;0.00000000;0.00000000;0.00000000;0.00000000;0.00000000;0.00000000;0.00000000;2.00000000;8.65640000;0.00000000;0.00000000;0.00000000;0.00000000;6.00000000;99.99980000;Classe III;5.00000000;5373.32185400;5373.32185400;55391100.11000000;N;N
08.999.309/0001-49;ANGOPHORA FUNDO DE INVESTIMENTO FINANCEIRO;2023-12-31;111497744.190000000000;;;;S;Investidores profissionais;70918074.72000000;11101.73705700;70918074.72000000;11101.73705700;70918074.72000000;110127425.13000000;1.00000000;0.46120000;0.00000000;0.00000000;0.00000000;0.00000000;0.00000000;0.00000000;0.00000000;0.00000000;3.00000000;90.88220000;0.00000000;0.00000000;0.00000000;0.00000000;0.00000000;0.00000000;0.00000000;0.00000000;0.00000000;0.00000000;0.00000000;0.00000000;2.00000000;8.65640000;0.00000000;0.00000000;0.00000000;0.00000000;6.00000000;99.99980000;Classe V;1.00000000;924.56426500;924.56426500;9553478.50000000;N;N
09.009.725/0001-15;FUNDO DE INVESTIMENTO EM PARTICIPAÇÕES MMC MULTIESTRATÉGIA;2023-03-31;320938504.588800000000;;;;N;Investidores qualificados;157491727.92247500;142645.39267767;157491727.92247500;142645.39267767;157491727.92247500;0.00000000;4.00000000;100.00000000;0.00000000;0.00000000;0.00000000;0.00000000;0.00000000;0.00000000;0.00000000;0.00000000;0.00000000;0.00000000;0.00000000;0.00000000;0.00000000;0.00000000;0.00000000;0.00000000;0.00000000;0.00000000;0.00000000;0.00000000;0.00000000;0.00000000;0.00000000;0.00000000;0.00000000;0.00000000;0.00000000;0.00000000;4.00000000;100.00000000;1;4.00000000;142645.39267767;142645.39267767;2249.90445583;N;N
09.009.725/0001-15;FUNDO DE INVESTIMENTO EM PARTICIPAÇÕES MMC MULTIESTRATÉGIA;2023-06-30;320842406.258800000000;;;;N;Investidores qualificados;157491727.92247500;142645.39267767;157491727.92247500;142645.39267767;157491727.92247500;0.00000000;4.00000000;100.00000000;0.00000000;0.00000000;0.00000000;0.00000000;0.00000000;0.00000000;0.00000000;0.00000000;0.00000000;0.00000000;0.00000000;0.00000000;0.00000000;0.00000000;0.00000000;0.00000000;0.00000000;0.00000000;0.00000000;0.00000000;0.00000000;0.00000000;0.00000000;0.00000000;0.00000000;0.00000000;0.00000000;0.00000000;4.00000000;100.00000000;1;4.00000000;142645.39267767;142645.39267767;2249.23076894;N;N
09.009.725/0001-15;FUNDO DE INVESTIMENTO EM PARTICIPAÇÕES MMC MULTIESTRATÉGIA;2023-09-30;320960553.134700000000;;;;N;Investidores qualificados;157691727.92247500;142734.31970079;157691727.92247500;142734.31970079;157691727.92247500;0.00000000;4.00000000;100.00000000;0.00000000;0.00000000;0.00000000;0.00000000;0.00000000;0.00000000;0.00000000;0.00000000;0.00000000;0.00000000;0.00000000;0.00000000;0.00000000;0.00000000;0.00000000;0.00000000;0.00000000;0.00000000;0.00000000;0.00000000;0.00000000;0.00000000;0.00000000;0.00000000;0.00000000;0.00000000;0.00000000;0.00000000;4.00000000;100.00000000;1;4.00000000;100.00000000;142734.31970079;142734.31970079;N;N
09.009.725/0001-15;FUNDO DE INVESTIMENTO EM PARTICIPAÇÕES MMC MULTIESTRATÉGIA;2023-12-31;320960553.134700000000;;;;N;Investidores qualificados;161008008.61247500;144209.44965664;161008008.61247500;138308.97627068;161008008.61247500;0.00000000;4.00000000;100.00000000;0.00000000;0.00000000;0.00000000;0.00000000;0.00000000;0.00000000;0.00000000;0.00000000;0.00000000;0.00000000;0.00000000;0.00000000;0.00000000;0.00000000;0.00000000;0.00000000;0.00000000;0.00000000;0.00000000;0.00000000;0.00000000;0.00000000;0.00000000;0.00000000;0.00000000;0.00000000;0.00000000;0.00000000;4.00000000;100.00000000;1;4.00000000;144209.44965664;138308.97627068;2248.65718215;N;N
09.028.916/0001-24;FUNDO DE INVESTIMENTO EM PARTICIPAÇÕES CRIATEC CAPITAL SEMENTE - RESPONSABILIDADE LIMITADA;2023-03-31;96913527.690000000000;;;;S;Investidores qualificados;104250000.00000000;5000.00000000;100000000.00000000;5000.00000000;96913527.69000000;0.00000000;0.00000000;0.00000000;0.00000000;0.00000000;0.00000000;0.00000000;0.00000000;0.00000000;2.00000000;100.00000000;0.00000000;0.00000000;0.00000000;0.00000000;0.00000000;0.00000000;0.00000000;0.00000000;0.00000000;0.00000000;0.00000000;0.00000000;0.00000000;0.00000000;0.00000000;0.00000000;0.00000000;0.00000000;0.00000000;0.00000000;0.00000000;0.00000000;UNICA;2.00000000;5000.00000000;5000.00000000;19382.70553800;N;N
09.028.916/0001-24;FUNDO DE INVESTIMENTO EM PARTICIPAÇÕES CRIATEC CAPITAL SEMENTE - RESPONSABILIDADE LIMITADA;2023-06-30;97507387.140000000000;;;;S;Investidores qualificados;104250000.00000000;5000.00000000;100000000.00000000;5000.00000000;1385450.17000000;0.00000000;0.00000000;0.00000000;0.00000000;0.00000000;0.00000000;0.00000000;0.00000000;0.00000000;2.00000000;100.00000000;0.00000000;0.00000000;0.00000000;0.00000000;0.00000000;0.00000000;0.00000000;0.00000000;0.00000000;0.00000000;0.00000000;0.00000000;0.00000000;0.00000000;0.00000000;0.00000000;0.00000000;0.00000000;0.00000000;0.00000000;2.00000000;100.00000000;UNICA;2.00000000;5000.00000000;5000.00000000;19501.47742800;N;N
09.028.916/0001-24;FUNDO DE INVESTIMENTO EM PARTICIPAÇÕES CRIATEC CAPITAL SEMENTE - RESPONSABILIDADE LIMITADA;2023-09-30;97157415.860000000000;;;;S;Investidores qualificados;1385450.17000000;5000.00000000;100000000.00000000;5000.00000000;1385450.17000000;0.00000000;0.00000000;0.00000000;0.00000000;0.00000000;0.00000000;0.00000000;0.00000000;0.00000000;2.00000000;100.00000000;0.00000000;0.00000000;0.00000000;0.00000000;0.00000000;0.00000000;0.00000000;0.00000000;0.00000000;0.00000000;0.00000000;0.00000000;0.00000000;0.00000000;0.00000000;0.00000000;0.00000000;0.00000000;0.00000000;0.00000000;2.00000000;100.00000000;UNICA;2.00000000;5000.00000000;5000.00000000;19431.48317200;N;N
09.028.916/0001-24;FUNDO DE INVESTIMENTO EM PARTICIPAÇÕES CRIATEC CAPITAL SEMENTE - RESPONSABILIDADE LIMITADA;2023-12-31;96493742.800000000000;;;;S;Investidores qualificados;1385450.17000000;5000.00000000;100000000.00000000;5000.00000000;1385450.17000000;0.00000000;0.00000000;0.00000000;0.00000000;0.00000000;0.00000000;0.00000000;0.00000000;0.00000000;2.00000000;100.00000000;0.00000000;0.00000000;0.00000000;0.00000000;0.00000000;0.00000000;0.00000000;0.00000000;0.00000000;0.00000000;0.00000000;0.00000000;0.00000000;0.00000000;0.00000000;0.00000000;0.00000000;0.00000000;0.00000000;0.00000000;2.00000000;100.00000000;UNICA;2.00000000;5000.00000000;5000.00000000;19298.74856000;N;N
09.064.476/0001-60;INVESTIDORES INSTITUCIONAIS III - FIP MULTIESTRATÉGIA RESP ILIMITADA;2023-03-31;62821583.730000000000;;;;S;Investidores qualificados;556532177.23000000;296775.10994000;556532177.23000000;296775.10994000;16069723.72000000;0.00000000;4.00000000;0.42000000;7.00000000;21.02000000;0.00000000;0.00000000;0.00000000;0.00000000;0.00000000;0.00000000;0.00000000;0.00000000;0.00000000;0.00000000;6.00000000;27.52000000;0.00000000;0.00000000;0.00000000;0.00000000;0.00000000;0.00000000;0.00000000;0.00000000;7.00000000;51.04000000;0.00000000;0.00000000;0.00000000;0.00000000;24.00000000;100.00000000;1;24.00000000;296775.10994000;296775.10994000;211.68076980;N;N
09.064.476/0001-60;INVESTIDORES INSTITUCIONAIS III - FIP MULTIESTRATÉGIA RESP ILIMITADA;2023-06-30;83338443.810000000000;;;;S;Investidores qualificados;556532177.23000000;296775.10994000;556532177.23000000;296775.10994000;17237618.69000000;0.00000000;4.00000000;0.42000000;11.00000000;14.31000000;0.00000000;0.00000000;0.00000000;0.00000000;0.00000000;0.00000000;0.00000000;0.00000000;0.00000000;0.00000000;7.00000000;31.50000000;0.00000000;0.00000000;0.00000000;0.00000000;0.00000000;0.00000000;0.00000000;0.00000000;7.00000000;53.77000000;0.00000000;0.00000000;0.00000000;0.00000000;29.00000000;100.00000000;1;29.00000000;296775.10994000;296775.10994000;280.81345443;N;N
09.064.476/0001-60;INVESTIDORES INSTITUCIONAIS III - FIP MULTIESTRATÉGIA RESP ILIMITADA;2023-09-30;4622598.760000000000;;;;S;Investidores qualificados;556532177.23000000;296775.10994000;556532177.23000000;296775.10994000;17237618.69000000;0.00000000;4.00000000;0.42000000;6.00000000;9.57000000;0.00000000;0.00000000;0.00000000;0.00000000;0.00000000;0.00000000;0.00000000;0.00000000;0.00000000;0.00000000;12.00000000;36.24000000;0.00000000;0.00000000;0.00000000;0.00000000;0.00000000;0.00000000;0.00000000;0.00000000;6.00000000;44.81000000;0.00000000;0.00000000;1.00000000;8.96000000;29.00000000;100.00000000;1;29.00000000;296775.10994000;296775.10994000;15.57609990;N;N
09.064.476/0001-60;INVESTIDORES INSTITUCIONAIS III - FIP MULTIESTRATÉGIA RESP ILIMITADA;2023-12-31;4721654.090000000000;;;;S;Investidores qualificados;556532177.23000000;296775.10994000;556532177.23000000;296775.10994000;98858088.15000000;0.00000000;4.00000000;0.42000000;6.00000000;9.57000000;0.00000000;0.00000000;0.00000000;0.00000000;0.00000000;0.00000000;0.00000000;0.00000000;0.00000000;0.00000000;12.00000000;36.24000000;0.00000000;0.00000000;0.00000000;0.00000000;0.00000000;0.00000000;0.00000000;0.00000000;6.00000000;44.81000000;0.00000000;0.00000000;1.00000000;8.96000000;29.00000000;100.00000000;1;29.00000000;296775.10994000;296775.10994000;15.90987226;N;N
09.081.760/0001-45;Pátria Economia Real Fundo de Investimento em Participações Multiestratégia;2023-03-31;178305.260000000000;;;;S;Investidores qualificados;36000000.00000000;36000.00000000;36000000.00000000;33029.00000000;43546783.66000000;0.00000000;0.00000000;0.00000000;0.00000000;0.00000000;0.00000000;0.00000000;0.00000000;0.00000000;0.00000000;0.00000000;0.00000000;0.00000000;0.00000000;0.00000000;0.00000000;0.00000000;0.00000000;0.00000000;0.00000000;0.00000000;0.00000000;0.00000000;0.00000000;0.00000000;1.00000000;100.00000000;0.00000000;0.00000000;0.00000000;0.00000000;1.00000000;100.00000000;1;1.00000000;33029.00000000;33029.00000000;5.39844560;N;N
09.081.760/0001-45;Pátria Economia Real Fundo de Investimento em Participações Multiestratégia;2023-06-30;145206.740000000000;;;;S;Investidores qualificados;36000000.00000000;36000.00000000;36000000.00000000;33029.00000000;40347049.36000000;0.00000000;0.00000000;0.00000000;0.00000000;0.00000000;0.00000000;0.00000000;0.00000000;0.00000000;0.00000000;0.00000000;0.00000000;0.00000000;0.00000000;0.00000000;0.00000000;0.00000000;0.00000000;0.00000000;0.00000000;0.00000000;0.00000000;0.00000000;0.00000000;0.00000000;1.00000000;100.00000000;0.00000000;0.00000000;0.00000000;0.00000000;1.00000000;100.00000000;1;1.00000000;33029.00000000;33029.00000000;4.39634079;N;N
09.081.760/0001-45;Pátria Economia Real Fundo de Investimento em Participações Multiestratégia;2023-09-30;1102910.060000000000;;;;S;Investidores qualificados;36000000.00000000;36000.00000000;36000000.00000000;33029.00000000;43546783.66000000;0.00000000;0.00000000;0.00000000;0.00000000;0.00000000;0.00000000;0.00000000;0.00000000;0.00000000;0.00000000;0.00000000;0.00000000;0.00000000;0.00000000;0.00000000;0.00000000;0.00000000;0.00000000;0.00000000;0.00000000;0.00000000;0.00000000;0.00000000;0.00000000;0.00000000;1.00000000;100.00000000;0.00000000;0.00000000;0.00000000;0.00000000;1.00000000;100.00000000;1;1.00000000;33029.00000000;33029.00000000;33.39217233;N;N
09.081.760/0001-45;Pátria Economia Real Fundo de Investimento em Participações Multiestratégia;2023-12-31;0.000000000000;;;;S;Investidores qualificados;0.00000000;0.00000000;0.00000000;0.00000000;0.00000000;0.00000000;0.00000000;0.00000000;0.00000000;0.00000000;0.00000000;0.00000000;0.00000000;0.00000000;0.00000000;0.00000000;0.00000000;0.00000000;0.00000000;0.00000000;0.00000000;0.00000000;0.00000000;0.00000000;0.00000000;0.00000000;0.00000000;0.00000000;0.00000000;0.00000000;0.00000000;0.00000000;0.00000000;0.00000000;0.00000000;0.00000000;0.00000000;0.00000000;1;0.00000000;0.00000000;0.00000000;0.00000000;N;N
09.110.175/0001-26;BROOKFIELD BRAZIL TIMBER FUNDO DE INVESTIMENTO EM PARTICIPAÇÕES;2023-03-31;10805916.776300000000;;;;S;Investidores qualificados;509500000.00000000;509500000.00000000;509500000.00000000;376998831.32329000;0.00000000;0.00000000;0.00000000;0.00000000;0.00000000;0.00000000;0.00000000;0.00000000;0.00000000;0.00000000;0.00000000;0.00000000;5.00000000;100.00000000;0.00000000;0.00000000;0.00000000;0.00000000;0.00000000;0.00000000;0.00000000;0.00000000;0.00000000;0.00000000;0.00000000;0.00000000;0.00000000;0.00000000;0.00000000;0.00000000;0.00000000;0.00000000;5.00000000;100.00000000;1;5.00000000;509500000.00000000;376998831.32329000;0.02866300;N;N
09.110.175/0001-26;BROOKFIELD BRAZIL TIMBER FUNDO DE INVESTIMENTO EM PARTICIPAÇÕES;2023-06-30;11694923.200600000000;;;;S;Investidores qualificados;509500000.00000000;509500000.00000000;509500000.00000000;376998831.32329000;376998831.32329000;0.00000000;0.00000000;0.00000000;0.00000000;0.00000000;0.00000000;0.00000000;0.00000000;0.00000000;0.00000000;0.00000000;5.00000000;100.00000000;0.00000000;0.00000000;0.00000000;0.00000000;0.00000000;0.00000000;0.00000000;0.00000000;0.00000000;0.00000000;0.00000000;0.00000000;0.00000000;0.00000000;0.00000000;0.00000000;0.00000000;0.00000000;5.00000000;100.00000000;1;5.00000000;509500000.00000000;376998831.32329000;0.03102110;N;N
09.110.175/0001-26;BROOKFIELD BRAZIL TIMBER FUNDO DE INVESTIMENTO EM PARTICIPAÇÕES;2023-09-30;10403077.389500000000;;;;S;Investidores qualificados;509500000.00000000;509500000.00000000;509500000.00000000;376998831.32329000;0.00000000;0.00000000;0.00000000;0.00000000;0.00000000;0.00000000;0.00000000;0.00000000;0.00000000;0.00000000;0.00000000;0.00000000;5.00000000;100.00000000;0.00000000;0.00000000;0.00000000;0.00000000;0.00000000;0.00000000;0.00000000;0.00000000;0.00000000;0.00000000;0.00000000;0.00000000;0.00000000;0.00000000;0.00000000;0.00000000;0.00000000;0.00000000;5.00000000;100.00000000;1;5.00000000;509500000.00000000;376998831.32329000;0.02759450;N;N
09.110.175/0001-26;BROOKFIELD BRAZIL TIMBER FUNDO DE INVESTIMENTO EM PARTICIPAÇÕES;2023-12-31;10935120.761300000000;;;;S;Investidores qualificados;509500000.00000000;509500000.00000000;509500000.00000000;376998831.32329000;0.00000000;0.00000000;0.00000000;0.00000000;0.00000000;0.00000000;0.00000000;0.00000000;0.00000000;0.00000000;0.00000000;0.00000000;5.00000000;100.00000000;0.00000000;0.00000000;0.00000000;0.00000000;0.00000000;0.00000000;0.00000000;0.00000000;0.00000000;0.00000000;0.00000000;0.00000000;0.00000000;0.00000000;0.00000000;0.00000000;0.00000000;0.00000000;5.00000000;100.00000000;1;5.00000000;509500000.00000000;376998831.32329000;0.02900570;N;N
09.127.759/0001-04;MDC I FUNDO DE INVESTIMENTO EM PARTICIPAÇÕES MULTIESTRATÉGIA;2023-03-31;43478944.610000000000;;;;N;Investidores profissionais;25428952.35000000;25428952.35000000;25428952.35000000;25428952.35000000;25428952.35000000;0.00000000;0.00000000;0.00000000;1.00000000;0.00000000;0.00000000;99.99999982;0.00000000;0.00000000;0.00000000;0.00000000;0.00000000;0.00000000;0.00000000;0.00000000;0.00000000;0.00000000;0.00000000;0.00000000;0.00000000;0.00000000;0.00000000;0.00000000;0.00000000;0.00000000;0.00000000;0.00000000;0.00000000;0.00000000;0.00000000;0.00000000;1.00000000;0.00000000;1;1.00000000;25428952.35000000;25428952.35000000;1.70982052;N;N
09.127.759/0001-04;MDC I FUNDO DE INVESTIMENTO EM PARTICIPAÇÕES MULTIESTRATÉGIA;2023-06-30;121312319.800000000000;;;;N;Investidores profissionais;25428952.35000000;25428952.35000000;25428952.35000000;25428952.35000000;25428952.35000000;0.00000000;0.00000000;0.00000000;1.00000000;0.00000000;0.00000000;99.99999997;0.00000000;0.00000000;0.00000000;0.00000000;0.00000000;0.00000000;0.00000000;0.00000000;0.00000000;0.00000000;0.00000000;0.00000000;0.00000000;0.00000000;0.00000000;0.00000000;0.00000000;0.00000000;0.00000000;0.00000000;0.00000000;0.00000000;0.00000000;0.00000000;1.00000000;0.00000000;1;1.00000000;25428952.35000000;25428952.35000000;4.77063774;N;N
09.127.759/0001-04;MDC I FUNDO DE INVESTIMENTO EM PARTICIPAÇÕES MULTIESTRATÉGIA;2023-09-30;121115719.860000000000;;;;N;Investidores profissionais;25428952.35000000;25428952.35000000;25428952.35000000;25428952.35000000;25428952.35000000;0.00000000;0.00000000;0.00000000;1.00000000;0.00000000;0.00000000;100.00000002;0.00000000;0.00000000;0.00000000;0.00000000;0.00000000;0.00000000;0.00000000;0.00000000;0.00000000;0.00000000;0.00000000;0.00000000;0.00000000;0.00000000;0.00000000;0.00000000;0.00000000;0.00000000;0.00000000;0.00000000;0.00000000;0.00000000;0.00000000;0.00000000;1.00000000;0.00000000;1;1.00000000;25428952.35000000;25428952.35000000;4.76290640;N;N
09.127.759/0001-04;MDC I FUNDO DE INVESTIMENTO EM PARTICIPAÇÕES MULTIESTRATÉGIA;2023-12-31;116009361.450000000000;;;;N;Investidores profissionais;24444654.07000000;24444654.06660390;24444654.07000000;24444654.06660390;24444654.07000000;0.00000000;1.00000000;100.00000000;0.00000000;0.00000000;0.00000000;0.00000000;0.00000000;0.00000000;0.00000000;0.00000000;0.00000000;0.00000000;0.00000000;0.00000000;0.00000000;0.00000000;0.00000000;0.00000000;0.00000000;0.00000000;0.00000000;0.00000000;0.00000000;0.00000000;0.00000000;0.00000000;0.00000000;0.00000000;0.00000000;0.00000000;1.00000000;100.00000000;Única;1.00000000;24444654.06660390;24444654.06660390;4.74579681;N;N
09.130.400/0001-96;FLORESTAS DO BRASIL FIP MULTIESTRATÉGIA - RESPONSABILIDADE LIMITADA;2023-03-31;77620195.900000000000;;;;S;Investidores qualificados;142900727.64000000;20385.95664448;142900727.64000000;20385.95664448;142900727.64000000;0.00000000;12.00000000;13.16000000;0.00000000;0.00000000;0.00000000;0.00000000;0.00000000;0.00000000;0.00000000;0.00000000;1.00000000;16.39000000;0.00000000;0.00000000;4.00000000;65.27000000;0.00000000;0.00000000;0.00000000;0.00000000;0.00000000;0.00000000;0.00000000;0.00000000;8.00000000;5.18000000;0.00000000;0.00000000;0.00000000;0.00000000;25.00000000;100.00000000;1;25.00000000;20385.95664448;20385.95664448;3807.53266847;N;N
09.130.400/0001-96;FLORESTAS DO BRASIL FIP MULTIESTRATÉGIA - RESPONSABILIDADE LIMITADA;2023-06-30;66090053.380000000000;;;;S;Investidores qualificados;142900727.64000000;20385.95664448;142900727.64000000;20385.95664448;142900727.64000000;0.00000000;12.00000000;13.16000000;0.00000000;0.00000000;0.00000000;0.00000000;0.00000000;0.00000000;0.00000000;0.00000000;1.00000000;16.39000000;0.00000000;0.00000000;7.00000000;65.27000000;0.00000000;0.00000000;0.00000000;0.00000000;0.00000000;0.00000000;0.00000000;0.00000000;8.00000000;5.18000000;0.00000000;0.00000000;0.00000000;0.00000000;28.00000000;100.00000000;1;28.00000000;20385.95664448;20385.95664448;3241.94025005;N;N
09.130.400/0001-96;FLORESTAS DO BRASIL FIP MULTIESTRATÉGIA - RESPONSABILIDADE LIMITADA;2023-09-30;55599633.760000000000;;;;S;Investidores qualificados;142900727.64000000;20385.95664448;142900727.64000000;20385.95664448;142900727.64000000;0.00000000;12.00000000;13.16000000;0.00000000;0.00000000;0.00000000;0.00000000;0.00000000;0.00000000;0.00000000;0.00000000;1.00000000;16.39000000;0.00000000;0.00000000;7.00000000;65.27000000;0.00000000;0.00000000;0.00000000;0.00000000;0.00000000;0.00000000;0.00000000;0.00000000;8.00000000;5.18000000;0.00000000;0.00000000;0.00000000;0.00000000;28.00000000;100.00000000;1;28.00000000;20385.95664448;20385.95664448;2727.34975017;N;N
09.130.400/0001-96;FLORESTAS DO BRASIL FIP MULTIESTRATÉGIA - RESPONSABILIDADE LIMITADA;2023-12-31;63677550.340000000000;;;;S;Investidores qualificados;142900727.64000000;20385.95664448;142900727.64000000;20385.95664448;142900727.64000000;0.00000000;12.00000000;13.16000000;0.00000000;0.00000000;0.00000000;0.00000000;0.00000000;0.00000000;0.00000000;0.00000000;1.00000000;16.39000000;0.00000000;0.00000000;9.00000000;65.27000000;0.00000000;0.00000000;0.00000000;0.00000000;0.00000000;0.00000000;0.00000000;0.00000000;8.00000000;5.18000000;0.00000000;0.00000000;0.00000000;0.00000000;30.00000000;100.00000000;1;30.00000000;20385.95664448;20385.95664448;3123.59883090;N;N
09.172.710/0001-73;LEBLON EQUITIES PARTNERS II FUNDO DE INVESTIMENTO EM PARTICIPAÇÕES MULTIESTRATÉGIA;2023-03-31;405.880000000000;;;;S;Investidores qualificados;50184316.68000000;607525.27953587;50184316.68000000;607525.27953587;50184316.68000000;0.00000000;37.00000000;33.76000000;0.00000000;0.00000000;0.00000000;0.00000000;0.00000000;0.00000000;0.00000000;0.00000000;2.00000000;52.32000000;0.00000000;0.00000000;0.00000000;0.00000000;0.00000000;0.00000000;0.00000000;0.00000000;0.00000000;0.00000000;0.00000000;0.00000000;2.00000000;13.92000000;0.00000000;0.00000000;0.00000000;0.00000000;41.00000000;100.00000000;1;13.00000000;73547.54680180;73547.54680180;0.00066678;N;S
09.172.710/0001-73;LEBLON EQUITIES PARTNERS II FUNDO DE INVESTIMENTO EM PARTICIPAÇÕES MULTIESTRATÉGIA;2023-03-31;405.880000000000;;;;S;Investidores qualificados;50184316.68000000;607525.27953587;50184316.68000000;607525.27953587;50184316.68000000;0.00000000;37.00000000;33.76000000;0.00000000;0.00000000;0.00000000;0.00000000;0.00000000;0.00000000;0.00000000;0.00000000;2.00000000;52.32000000;0.00000000;0.00000000;0.00000000;0.00000000;0.00000000;0.00000000;0.00000000;0.00000000;0.00000000;0.00000000;0.00000000;0.00000000;2.00000000;13.92000000;0.00000000;0.00000000;0.00000000;0.00000000;41.00000000;100.00000000;2;8.00000000;12410.43544849;12410.43544849;0.00065268;N;S
09.172.710/0001-73;LEBLON EQUITIES PARTNERS II FUNDO DE INVESTIMENTO EM PARTICIPAÇÕES MULTIESTRATÉGIA;2023-03-31;405.880000000000;;;;S;Investidores qualificados;50184316.68000000;607525.27953587;50184316.68000000;607525.27953587;50184316.68000000;0.00000000;37.00000000;33.76000000;0.00000000;0.00000000;0.00000000;0.00000000;0.00000000;0.00000000;0.00000000;0.00000000;2.00000000;52.32000000;0.00000000;0.00000000;0.00000000;0.00000000;0.00000000;0.00000000;0.00000000;0.00000000;0.00000000;0.00000000;0.00000000;0.00000000;2.00000000;13.92000000;0.00000000;0.00000000;0.00000000;0.00000000;41.00000000;100.00000000;3;35.00000000;182891.02172861;182891.02172861;0.00065307;N;S
09.172.710/0001-73;LEBLON EQUITIES PARTNERS II FUNDO DE INVESTIMENTO EM PARTICIPAÇÕES MULTIESTRATÉGIA;2023-03-31;405.880000000000;;;;S;Investidores qualificados;50184316.68000000;607525.27953587;50184316.68000000;607525.27953587;50184316.68000000;0.00000000;37.00000000;33.76000000;0.00000000;0.00000000;0.00000000;0.00000000;0.00000000;0.00000000;0.00000000;0.00000000;2.00000000;52.32000000;0.00000000;0.00000000;0.00000000;0.00000000;0.00000000;0.00000000;0.00000000;0.00000000;0.00000000;0.00000000;0.00000000;0.00000000;2.00000000;13.92000000;0.00000000;0.00000000;0.00000000;0.00000000;41.00000000;100.00000000;4;1.00000000;7733.93310810;7733.93310810;0.00066719;N;S
09.172.710/0001-73;LEBLON EQUITIES PARTNERS II FUNDO DE INVESTIMENTO EM PARTICIPAÇÕES MULTIESTRATÉGIA;2023-03-31;405.880000000000;;;;S;Investidores qualificados;50184316.68000000;607525.27953587;50184316.68000000;607525.27953587;50184316.68000000;0.00000000;37.00000000;33.76000000;0.00000000;0.00000000;0.00000000;0.00000000;0.00000000;0.00000000;0.00000000;0.00000000;2.00000000;52.32000000;0.00000000;0.00000000;0.00000000;0.00000000;0.00000000;0.00000000;0.00000000;0.00000000;0.00000000;0.00000000;0.00000000;0.00000000;2.00000000;13.92000000;0.00000000;0.00000000;0.00000000;0.00000000;41.00000000;100.00000000;5;9.00000000;330942.34244887;330942.34244887;0.00067734;N;S
09.172.825/0001-68;FUNDO DE INVESTIMENTO EM PARTICIPAÇÕES DVA MULTIESTRATÉGIA;2023-03-31;352746580.770000000000;;;;N;Investidores qualificados;188215656.91000000;160860.42541835;188215656.91000000;153344.66091380;181818975.90984800;0.00000000;4.00000000;100.00000000;0.00000000;0.00000000;0.00000000;0.00000000;0.00000000;0.00000000;0.00000000;0.00000000;0.00000000;0.00000000;0.00000000;0.00000000;0.00000000;0.00000000;0.00000000;0.00000000;0.00000000;0.00000000;0.00000000;0.00000000;0.00000000;0.00000000;0.00000000;0.00000000;0.00000000;0.00000000;0.00000000;0.00000000;4.00000000;100.00000000;1;4.00000000;160860.42541835;153344.66091380;2300.35123928;N;N
09.172.825/0001-68;FUNDO DE INVESTIMENTO EM PARTICIPAÇÕES DVA MULTIESTRATÉGIA;2023-06-30;352852913.249300000000;;;;N;Investidores qualificados;188428656.91000000;160953.04798190;188428656.91000000;153437.28347735;182031975.90984800;0.00000000;4.00000000;100.00000000;0.00000000;0.00000000;0.00000000;0.00000000;0.00000000;0.00000000;0.00000000;0.00000000;0.00000000;0.00000000;0.00000000;0.00000000;0.00000000;0.00000000;0.00000000;0.00000000;0.00000000;0.00000000;0.00000000;0.00000000;0.00000000;0.00000000;0.00000000;0.00000000;0.00000000;0.00000000;0.00000000;0.00000000;4.00000000;100.00000000;1;4.00000000;160953.04798190;153437.28347735;2300.35123928;N;N
09.172.825/0001-68;FUNDO DE INVESTIMENTO EM PARTICIPAÇÕES DVA MULTIESTRATÉGIA;2023-09-30;352760306.318300000000;;;;N;Investidores qualificados;188428656.91000000;160953.04798190;188428656.91000000;153437.28347735;182031975.90984800;0.00000000;4.00000000;100.00000000;0.00000000;0.00000000;0.00000000;0.00000000;0.00000000;0.00000000;0.00000000;0.00000000;0.00000000;0.00000000;0.00000000;0.00000000;0.00000000;0.00000000;0.00000000;0.00000000;0.00000000;0.00000000;0.00000000;0.00000000;0.00000000;0.00000000;0.00000000;0.00000000;0.00000000;0.00000000;0.00000000;0.00000000;4.00000000;100.00000000;1;4.00000000;160953.04798190;153437.28347735;2299.05208385;N;N
09.172.825/0001-68;FUNDO DE INVESTIMENTO EM PARTICIPAÇÕES DVA MULTIESTRATÉGIA;2023-12-31;300412194.760000000000;;;;N;Investidores qualificados;191842027.52000000;162648.21422976;191842027.52000000;149192.30027659;185445346.51984800;0.00000000;4.00000000;100.00000000;0.00000000;0.00000000;0.00000000;0.00000000;0.00000000;0.00000000;0.00000000;0.00000000;0.00000000;0.00000000;0.00000000;0.00000000;0.00000000;0.00000000;0.00000000;0.00000000;0.00000000;0.00000000;0.00000000;0.00000000;0.00000000;0.00000000;0.00000000;0.00000000;0.00000000;0.00000000;0.00000000;0.00000000;4.00000000;100.00000000;1;4.00000000;162648.21422976;149192.30027659;2013.59047486;N;N
09.180.643/0001-39;URBIS FUNDO DE INVESTIMENTO EM PARTICIPAÇÕES MULTIESTRATÉGIA RESPONSABILIDADE LIMITADA;2023-03-31;109087168.110000000000;;;;S;Investidores qualificados;1260000000.00000000;1193272071.38797000;1260000000.00000000;421230993.38767000;366724996.59000000;0.00000000;0.00000000;0.00000000;0.00000000;0.00000000;0.00000000;0.00000000;0.00000000;0.00000000;0.00000000;0.00000000;0.00000000;0.00000000;0.00000000;0.00000000;0.00000000;0.00000000;0.00000000;0.00000000;0.00000000;0.00000000;0.00000000;0.00000000;0.00000000;0.00000000;1.00000000;100.00000000;0.00000000;0.00000000;0.00000000;0.00000000;1.00000000;100.00000000;1;1.00000000;1193272071.38797000;421230993.38767000;0.25897230;N;N
09.180.643/0001-39;URBIS FUNDO DE INVESTIMENTO EM PARTICIPAÇÕES MULTIESTRATÉGIA RESPONSABILIDADE LIMITADA;2023-06-30;112699486.759984000000;;;;S;Investidores qualificados;1260000000.00000000;1193272071.38797000;1260000000.00000000;421230993.38767000;366724996.59000000;0.00000000;0.00000000;0.00000000;0.00000000;0.00000000;0.00000000;0.00000000;0.00000000;0.00000000;0.00000000;0.00000000;0.00000000;0.00000000;0.00000000;0.00000000;0.00000000;0.00000000;0.00000000;0.00000000;0.00000000;0.00000000;0.00000000;0.00000000;0.00000000;0.00000000;1.00000000;100.00000000;0.00000000;0.00000000;0.00000000;0.00000000;1.00000000;100.00000000;1;1.00000000;1193272071.38797000;421230993.38767000;0.26754790;N;N
09.180.643/0001-39;URBIS FUNDO DE INVESTIMENTO EM PARTICIPAÇÕES MULTIESTRATÉGIA RESPONSABILIDADE LIMITADA;2023-09-30;108862698.129970000000;;;;S;Investidores qualificados;1260000000.00000000;1193272071.38797000;1260000000.00000000;425916825.89024000;366724996.59000000;0.00000000;0.00000000;0.00000000;0.00000000;0.00000000;0.00000000;0.00000000;0.00000000;0.00000000;0.00000000;0.00000000;0.00000000;0.00000000;0.00000000;0.00000000;0.00000000;0.00000000;0.00000000;0.00000000;0.00000000;0.00000000;0.00000000;0.00000000;0.00000000;0.00000000;1.00000000;100.00000000;0.00000000;0.00000000;0.00000000;0.00000000;1.00000000;100.00000000;1;1.00000000;1193272071.38797000;425916825.89024000;0.25559610;N;N
09.180.643/0001-39;URBIS FUNDO DE INVESTIMENTO EM PARTICIPAÇÕES MULTIESTRATÉGIA RESPONSABILIDADE LIMITADA;2023-12-31;118720131.620000000000;;;;S;Investidores qualificados;1260000000.00000000;1193272071.38797000;1260000000.00000000;467164584.85305000;366724996.59000000;0.00000000;0.00000000;0.00000000;0.00000000;0.00000000;0.00000000;0.00000000;0.00000000;0.00000000;0.00000000;0.00000000;0.00000000;0.00000000;0.00000000;0.00000000;0.00000000;0.00000000;0.00000000;0.00000000;0.00000000;0.00000000;0.00000000;0.00000000;0.00000000;0.00000000;1.00000000;100.00000000;0.00000000;0.00000000;0.00000000;0.00000000;1.00000000;100.00000000;1;1.00000000;1193272071.38797000;467164584.85305000;0.25412910;N;N
09.180.660/0001-76;AKKA FUNDO DE INVESTIMENTO EM  PARTICIPAÇÕES MULTIESTRATÉGIA RESPONSABILIDADE LIMITADA;2023-03-31;61993489.940000000000;;;;S;Investidores qualificados;400000000.00000000;296334405.14044500;400000000.00000000;167774278.25921000;167371614.72000000;0.00000000;0.00000000;0.00000000;0.00000000;0.00000000;0.00000000;0.00000000;0.00000000;0.00000000;0.00000000;0.00000000;0.00000000;0.00000000;0.00000000;0.00000000;0.00000000;0.00000000;0.00000000;0.00000000;0.00000000;0.00000000;0.00000000;0.00000000;0.00000000;0.00000000;1.00000000;100.00000000;0.00000000;0.00000000;0.00000000;0.00000000;1.00000000;100.00000000;1;1.00000000;296334405.14044500;167774278.25921000;0.36950530;N;N
09.180.660/0001-76;AKKA FUNDO DE INVESTIMENTO EM  PARTICIPAÇÕES MULTIESTRATÉGIA RESPONSABILIDADE LIMITADA;2023-06-30;63591198.029993100000;;;;S;Investidores qualificados;400000000.00000000;296334405.14044500;400000000.00000000;169102666.09319000;167371614.72000000;0.00000000;0.00000000;0.00000000;0.00000000;0.00000000;0.00000000;0.00000000;0.00000000;0.00000000;0.00000000;0.00000000;0.00000000;0.00000000;0.00000000;0.00000000;0.00000000;0.00000000;0.00000000;0.00000000;0.00000000;0.00000000;0.00000000;0.00000000;0.00000000;0.00000000;1.00000000;100.00000000;0.00000000;0.00000000;0.00000000;0.00000000;1.00000000;100.00000000;1;1.00000000;296334405.14044500;169102666.09319000;0.37605080;N;N
09.180.660/0001-76;AKKA FUNDO DE INVESTIMENTO EM  PARTICIPAÇÕES MULTIESTRATÉGIA RESPONSABILIDADE LIMITADA;2023-09-30;62291724.659989700000;;;;S;Investidores qualificados;400000000.00000000;296334405.14044500;400000000.00000000;169128963.96806000;167371614.72000000;0.00000000;0.00000000;0.00000000;0.00000000;0.00000000;0.00000000;0.00000000;0.00000000;0.00000000;0.00000000;0.00000000;0.00000000;0.00000000;0.00000000;0.00000000;0.00000000;0.00000000;0.00000000;0.00000000;0.00000000;0.00000000;0.00000000;0.00000000;0.00000000;0.00000000;1.00000000;100.00000000;0.00000000;0.00000000;0.00000000;0.00000000;1.00000000;100.00000000;1;1.00000000;296334405.14044500;169128963.96806000;0.36830900;N;N
09.180.660/0001-76;AKKA FUNDO DE INVESTIMENTO EM  PARTICIPAÇÕES MULTIESTRATÉGIA RESPONSABILIDADE LIMITADA;2023-12-31;63911156.969989000000;;;;S;Investidores qualificados;400000000.00000000;296334405.14044500;400000000.00000000;173768005.78762000;167371614.72000000;0.00000000;0.00000000;0.00000000;0.00000000;0.00000000;0.00000000;0.00000000;0.00000000;0.00000000;0.00000000;0.00000000;0.00000000;0.00000000;0.00000000;0.00000000;0.00000000;0.00000000;0.00000000;0.00000000;0.00000000;0.00000000;0.00000000;0.00000000;0.00000000;0.00000000;1.00000000;100.00000000;0.00000000;0.00000000;0.00000000;0.00000000;1.00000000;100.00000000;1;1.00000000;296334405.14044500;173768005.78762000;0.36779580;N;N
09.182.400/0001-30;FUNDO DE INVESTIMENTO EM PARTICIPAÇÕES GARDENS - MULTIESTRATÉGIA;2023-03-31;21801248.600000000000;;;;N;Investidores qualificados;26839066.23000000;42326.94000000;26839066.23000000;42326.94000000;26839066.23000000;0.00000000;0.00000000;0.00000000;0.00000000;0.00000000;0.00000000;0.00000000;0.00000000;0.00000000;0.00000000;0.00000000;0.00000000;0.00000000;0.00000000;0.00000000;0.00000000;0.00000000;0.00000000;0.00000000;0.00000000;0.00000000;0.00000000;0.00000000;0.00000000;0.00000000;1.00000000;100.00000000;0.00000000;0.00000000;0.00000000;0.00000000;1.00000000;100.00000000;Única;1.00000000;42326.94000000;42326.94000000;516.16000000;N;N
09.182.400/0001-30;FUNDO DE INVESTIMENTO EM PARTICIPAÇÕES GARDENS - MULTIESTRATÉGIA;2023-06-30;29043124.810000000000;;;;N;Investidores qualificados;26839066.23000000;4232694.00000000;26839066.23000000;4232694.00000000;26839066.23000000;0.00000000;0.00000000;0.00000000;0.00000000;0.00000000;0.00000000;0.00000000;0.00000000;0.00000000;0.00000000;0.00000000;0.00000000;0.00000000;0.00000000;0.00000000;0.00000000;0.00000000;0.00000000;0.00000000;0.00000000;0.00000000;0.00000000;0.00000000;0.00000000;0.00000000;1.00000000;100.00000000;0.00000000;0.00000000;0.00000000;0.00000000;1.00000000;100.00000000;Única;1.00000000;4232694.00000000;4232694.00000000;687.62000000;N;N
09.182.400/0001-30;FUNDO DE INVESTIMENTO EM PARTICIPAÇÕES GARDENS - MULTIESTRATÉGIA;2023-09-30;27982122.630000000000;;;;N;Investidores qualificados;24297307.73000000;42236.94000000;24297307.73000000;42236.94000000;24297307.73000000;0.00000000;0.00000000;0.00000000;0.00000000;0.00000000;0.00000000;0.00000000;0.00000000;0.00000000;0.00000000;0.00000000;0.00000000;0.00000000;0.00000000;0.00000000;0.00000000;0.00000000;0.00000000;0.00000000;0.00000000;0.00000000;0.00000000;0.00000000;0.00000000;0.00000000;1.00000000;100.00000000;0.00000000;0.00000000;0.00000000;0.00000000;1.00000000;100.00000000;Única;1.00000000;42236.94000000;42236.94000000;662.50359390;N;N
09.182.400/0001-30;FUNDO DE INVESTIMENTO EM PARTICIPAÇÕES GARDENS - MULTIESTRATÉGIA;2023-12-31;27921362.490000000000;;;;N;Investidores qualificados;24297307.73000000;42236.94000000;24297307.73000000;42236.94000000;24297307.73000000;0.00000000;0.00000000;0.00000000;0.00000000;0.00000000;0.00000000;0.00000000;0.00000000;0.00000000;0.00000000;0.00000000;0.00000000;0.00000000;0.00000000;0.00000000;0.00000000;0.00000000;0.00000000;0.00000000;0.00000000;0.00000000;0.00000000;0.00000000;0.00000000;0.00000000;1.00000000;100.00000000;0.00000000;0.00000000;0.00000000;0.00000000;1.00000000;100.00000000;ÚNICA;2.00000000;35000.00000000;16189.22061536;614.96630298;N;N
09.225.839/0001-00;Pátria Brazilian Private Equity Fund III Fundo de Investimento em Participações Multiestratégia IE;2023-03-31;10357354.850000000000;;;;S;Investidores profissionais;900000000.00000000;900000.00000010;900000000.00000000;705594.00000000;1023329205.90000000;0.00000000;0.00000000;0.00000000;0.00000000;0.00000000;0.00000000;0.00000000;0.00000000;0.00000000;0.00000000;0.00000000;4.00000000;100.01000000;0.00000000;0.00000000;0.00000000;0.00000000;0.00000000;0.00000000;0.00000000;0.00000000;0.00000000;0.00000000;0.00000000;0.00000000;0.00000000;0.00000000;0.00000000;0.00000000;0.00000000;0.00000000;4.00000000;100.00000000;1;4.00000000;705594.00000000;705594.00000000;14.67891570;N;N
09.225.839/0001-00;Pátria Brazilian Private Equity Fund III Fundo de Investimento em Participações Multiestratégia IE;2023-06-30;10300933.100000000000;;;;S;Investidores profissionais;900000000.00000000;900000.00000010;900000000.00000000;705594.00000000;1023329205.91000000;0.00000000;0.00000000;0.00000000;0.00000000;0.00000000;0.00000000;0.00000000;0.00000000;0.00000000;0.00000000;0.00000000;4.00000000;100.01000000;0.00000000;0.00000000;0.00000000;0.00000000;0.00000000;0.00000000;0.00000000;0.00000000;0.00000000;0.00000000;0.00000000;0.00000000;0.00000000;0.00000000;0.00000000;0.00000000;0.00000000;0.00000000;4.00000000;100.00000000;1;4.00000000;705594.00000000;705594.00000000;14.59895223;N;N
09.225.839/0001-00;Pátria Brazilian Private Equity Fund III Fundo de Investimento em Participações Multiestratégia IE;2023-09-30;8654762.180000000000;;;;S;Investidores profissionais;900000000.00000000;900000.00000010;900000000.00000000;709022.55776418;940869318.63000000;0.00000000;0.00000000;0.00000000;0.00000000;0.00000000;0.00000000;0.00000000;0.00000000;0.00000000;0.00000000;0.00000000;4.00000000;100.01000000;0.00000000;0.00000000;0.00000000;0.00000000;0.00000000;0.00000000;0.00000000;0.00000000;0.00000000;0.00000000;0.00000000;0.00000000;0.00000000;0.00000000;0.00000000;0.00000000;0.00000000;0.00000000;4.00000000;100.00000000;1;4.00000000;709022.55776417;709022.55776417;12.20661047;N;N
09.225.839/0001-00;Pátria Brazilian Private Equity Fund III Fundo de Investimento em Participações Multiestratégia IE;2023-12-31;4041176.560000000000;;;;S;Investidores profissionais;900000000.00000000;900000.00000010;900000000.00000000;709022.55776418;940869318.63000000;0.00000000;0.00000000;0.00000000;0.00000000;0.00000000;0.00000000;0.00000000;0.00000000;0.00000000;0.00000000;0.00000000;4.00000000;100.01000000;0.00000000;0.00000000;0.00000000;0.00000000;0.00000000;0.00000000;0.00000000;0.00000000;0.00000000;0.00000000;0.00000000;0.00000000;0.00000000;0.00000000;0.00000000;0.00000000;0.00000000;0.00000000;4.00000000;100.00000000;1;4.00000000;709022.55776417;709022.55776417;5.69964455;N;N
09.238.849/0001-72;CAPITAL TECH INOVAÇÃO E INVESTIMENTO - FUNDO DE INVESTIMENTO EM PARTICIPAÇÕES - EMPRESAS EMERGENTES;2023-03-31;1858128.610000000000;;;;S;Investidores profissionais;5603127.92000000;1529.81660700;5603127.92000000;1529.81660700;5603127.92000000;0.00000000;2.00000000;2.87000000;2.00000000;31.83000000;0.00000000;0.00000000;0.00000000;0.00000000;1.00000000;28.65000000;1.00000000;12.61000000;0.00000000;0.00000000;1.00000000;24.04000000;0.00000000;0.00000000;0.00000000;0.00000000;0.00000000;0.00000000;0.00000000;0.00000000;0.00000000;0.00000000;0.00000000;0.00000000;0.00000000;0.00000000;7.00000000;100.00000000;1;7.00000000;1529.81660700;1529.81660700;1214.60873250;N;N
09.238.849/0001-72;CAPITAL TECH INOVAÇÃO E INVESTIMENTO - FUNDO DE INVESTIMENTO EM PARTICIPAÇÕES - EMPRESAS EMERGENTES;2023-06-30;535767.090000000000;;;;S;Investidores profissionais;5603127.92000000;1529.81660700;5603127.92000000;1529.81660700;5603127.92000000;0.00000000;2.00000000;2.87000000;2.00000000;31.83000000;0.00000000;0.00000000;0.00000000;0.00000000;1.00000000;28.65000000;1.00000000;12.61000000;0.00000000;0.00000000;1.00000000;24.04000000;0.00000000;0.00000000;0.00000000;0.00000000;0.00000000;0.00000000;0.00000000;0.00000000;0.00000000;0.00000000;0.00000000;0.00000000;0.00000000;0.00000000;7.00000000;100.00000000;1;7.00000000;1529.81660700;1529.81660700;350.21654723;N;N
09.238.849/0001-72;CAPITAL TECH INOVAÇÃO E INVESTIMENTO - FUNDO DE INVESTIMENTO EM PARTICIPAÇÕES - EMPRESAS EMERGENTES;2023-09-30;528512.730000000000;;;;S;Investidores profissionais;5603127.92000000;1529.81660700;5603127.92000000;1529.81660700;5603127.92000000;0.00000000;2.00000000;2.87000000;2.00000000;31.83000000;0.00000000;0.00000000;0.00000000;0.00000000;1.00000000;28.65000000;1.00000000;12.61000000;0.00000000;0.00000000;1.00000000;24.04000000;0.00000000;0.00000000;0.00000000;0.00000000;0.00000000;0.00000000;0.00000000;0.00000000;0.00000000;0.00000000;0.00000000;0.00000000;0.00000000;0.00000000;7.00000000;100.00000000;1;7.00000000;1529.81660700;1529.81660700;345.47456707;N;N
09.238.849/0001-72;CAPITAL TECH INOVAÇÃO E INVESTIMENTO - FUNDO DE INVESTIMENTO EM PARTICIPAÇÕES - EMPRESAS EMERGENTES;2023-12-31;319064.180000000000;;;;S;Investidores profissionais;5603127.92000000;1529.81660700;5603127.92000000;1529.81660700;5603127.92000000;0.00000000;2.00000000;2.87000000;2.00000000;31.83000000;0.00000000;0.00000000;0.00000000;0.00000000;1.00000000;28.65000000;1.00000000;12.61000000;0.00000000;0.00000000;1.00000000;24.04000000;0.00000000;0.00000000;0.00000000;0.00000000;0.00000000;0.00000000;0.00000000;0.00000000;0.00000000;0.00000000;0.00000000;0.00000000;0.00000000;0.00000000;7.00000000;100.00000000;1;7.00000000;1529.81660700;1529.81660700;208.56367916;N;N
09.271.746/0001-04;FUNDO DE INVESTIMENTO EM PARTICIPAÇÕES CEDRO MULTIESTRATÉGIA;2023-03-31;85371949.700000000000;;;;S;Investidores profissionais;0.00000000;18697.36266000;85000000.00000000;18697.36266000;0.00000000;0.00000000;3.00000000;100.00000000;0.00000000;0.00000000;0.00000000;0.00000000;0.00000000;0.00000000;0.00000000;0.00000000;0.00000000;0.00000000;0.00000000;0.00000000;0.00000000;0.00000000;0.00000000;0.00000000;0.00000000;0.00000000;0.00000000;0.00000000;0.00000000;0.00000000;0.00000000;0.00000000;0.00000000;0.00000000;0.00000000;0.00000000;3.00000000;100.00000000;1;3.00000000;18697.36266000;18697.36266000;4565.98886444;N;S
09.271.746/0001-04;FUNDO DE INVESTIMENTO EM PARTICIPAÇÕES CEDRO MULTIESTRATÉGIA;2023-06-30;95550711.330000000000;;;;S;Investidores profissionais;0.00000000;18697.36266000;85000000.00000000;18697.36266000;0.00000000;0.00000000;3.00000000;100.00000000;0.00000000;0.00000000;0.00000000;0.00000000;0.00000000;0.00000000;0.00000000;0.00000000;0.00000000;0.00000000;0.00000000;0.00000000;0.00000000;0.00000000;0.00000000;0.00000000;0.00000000;0.00000000;0.00000000;0.00000000;0.00000000;0.00000000;0.00000000;0.00000000;0.00000000;0.00000000;0.00000000;0.00000000;3.00000000;100.00000000;1;3.00000000;18697.36266000;18697.36266000;5110.38444659;N;S
09.271.746/0001-04;FUNDO DE INVESTIMENTO EM PARTICIPAÇÕES CEDRO MULTIESTRATÉGIA;2023-09-30;96149192.300000000000;;;;S;Investidores profissionais;0.00000000;18697.36266000;85000000.00000000;18697.36266000;18059143.83000000;0.00000000;1.00000000;39.85000000;0.00000000;0.00000000;0.00000000;0.00000000;0.00000000;0.00000000;0.00000000;0.00000000;0.00000000;0.00000000;0.00000000;0.00000000;0.00000000;0.00000000;0.00000000;0.00000000;0.00000000;0.00000000;0.00000000;0.00000000;0.00000000;0.00000000;0.00000000;0.00000000;0.00000000;0.00000000;2.00000000;60.15000000;3.00000000;100.00000000;1;3.00000000;18697.36266000;18697.36266000;5142.39329088;N;S
09.271.746/0001-04;FUNDO DE INVESTIMENTO EM PARTICIPAÇÕES CEDRO MULTIESTRATÉGIA;2023-12-31;122850223.720000000000;;;;S;Investidores profissionais;0.00000000;17598.12786623;85000000.00000000;17598.12786623;18059143.83000000;0.00000000;1.00000000;41.48000000;0.00000000;0.00000000;0.00000000;0.00000000;0.00000000;0.00000000;0.00000000;0.00000000;0.00000000;0.00000000;0.00000000;0.00000000;0.00000000;0.00000000;0.00000000;0.00000000;0.00000000;0.00000000;0.00000000;0.00000000;0.00000000;0.00000000;0.00000000;0.00000000;0.00000000;0.00000000;2.00000000;58.52000000;3.00000000;100.00000000;1;3.00000000;17598.12786623;17598.12786623;6980.86891138;N;S
09.277.006/0001-85;Brasil Mezanino  Infraestrutura - Fundo de Investimento em Participações Multiestratégia - Responsab;2023-03-31;21913142.440000000000;;;;S;Investidores qualificados;387500000.00000000;387500000.00000000;387500000.00000000;237434164.00000000;237434164.00000000;0.00000000;0.00000000;0.00000000;0.00000000;0.00000000;0.00000000;0.00000000;0.00000000;0.00000000;0.00000000;0.00000000;0.00000000;0.00000000;0.00000000;0.00000000;1.00000000;20.00000000;0.00000000;0.00000000;0.00000000;0.00000000;0.00000000;0.00000000;0.00000000;0.00000000;3.00000000;80.00000000;0.00000000;0.00000000;0.00000000;0.00000000;4.00000000;100.00000000;Única;4.00000000;387500000.00000000;237434164.00000000;0.09229144;N;N
09.277.006/0001-85;Brasil Mezanino  Infraestrutura - Fundo de Investimento em Participações Multiestratégia - Responsab;2023-06-30;22218093.860000000000;;;;S;Investidores qualificados;387500000.00000000;387500000.00000000;387500000.00000000;237834164.00000000;237834164.00000000;0.00000000;0.00000000;0.00000000;0.00000000;0.00000000;0.00000000;0.00000000;0.00000000;0.00000000;0.00000000;0.00000000;0.00000000;0.00000000;0.00000000;0.00000000;1.00000000;20.00000000;0.00000000;0.00000000;0.00000000;0.00000000;0.00000000;0.00000000;0.00000000;0.00000000;3.00000000;80.00000000;0.00000000;0.00000000;0.00000000;0.00000000;4.00000000;100.00000000;Única;4.00000000;387500000.00000000;237834164.00000000;0.09341842;N;N
09.277.006/0001-85;Brasil Mezanino  Infraestrutura - Fundo de Investimento em Participações Multiestratégia - Responsab;2023-09-30;226952.520000000000;;;;S;Investidores qualificados;387500000.00000000;387500000.00000000;387500000.00000000;237834164.00000000;237834164.00000000;0.00000000;0.00000000;0.00000000;0.00000000;0.00000000;0.00000000;0.00000000;0.00000000;0.00000000;0.00000000;0.00000000;0.00000000;0.00000000;0.00000000;0.00000000;1.00000000;20.00000000;0.00000000;0.00000000;0.00000000;0.00000000;0.00000000;0.00000000;0.00000000;0.00000000;3.00000000;80.00000000;0.00000000;0.00000000;0.00000000;0.00000000;4.00000000;100.00000000;Única;4.00000000;387500000.00000000;237834164.00000000;0.00095424;N;N
09.277.006/0001-85;Brasil Mezanino  Infraestrutura - Fundo de Investimento em Participações Multiestratégia - Responsab;2023-12-31;119852.210000000000;;;;S;Investidores qualificados;387500000.00000000;387500000.00000000;387500000.00000000;237834164.00000000;237834164.00000000;0.00000000;0.00000000;0.00000000;0.00000000;0.00000000;0.00000000;0.00000000;0.00000000;0.00000000;0.00000000;0.00000000;0.00000000;0.00000000;0.00000000;0.00000000;1.00000000;20.00000000;0.00000000;0.00000000;0.00000000;0.00000000;0.00000000;0.00000000;0.00000000;0.00000000;3.00000000;80.00000000;0.00000000;0.00000000;0.00000000;0.00000000;4.00000000;100.00000000;Única;4.00000000;387500000.00000000;237834164.00000000;0.00050393;N;N
09.412.870/0001-42;G3 BRASIL INVESTOR I FUNDO DE INVESTIMENTO EM PARTICIPAÇÕES MULTIESTRATÉGIA INVESTIMENTO NO EXTERIOR;2023-03-31;19756296.000000000000;;;;S;Investidores profissionais;124000000.00000000;124000000.00000000;124000000.00000000;112755810.00000000;112755810.00000000;0.00000000;0.00000000;0.00000000;0.00000000;0.00000000;0.00000000;0.00000000;0.00000000;0.00000000;0.00000000;0.00000000;3.00000000;100.00000000;0.00000000;0.00000000;0.00000000;0.00000000;0.00000000;0.00000000;0.00000000;0.00000000;0.00000000;0.00000000;0.00000000;0.00000000;0.00000000;0.00000000;0.00000000;0.00000000;0.00000000;0.00000000;3.00000000;100.00000000;1;3.00000000;124000000.00000000;112755810.00000000;0.17521311;N;N
09.412.870/0001-42;G3 BRASIL INVESTOR I FUNDO DE INVESTIMENTO EM PARTICIPAÇÕES MULTIESTRATÉGIA INVESTIMENTO NO EXTERIOR;2023-06-30;0.000000000000;;;;S;Investidores profissionais;0.00000000;0.00000000;0.00000000;0.00000000;0.00000000;0.00000000;0.00000000;0.00000000;0.00000000;0.00000000;0.00000000;0.00000000;0.00000000;0.00000000;0.00000000;0.00000000;0.00000000;0.00000000;0.00000000;0.00000000;0.00000000;0.00000000;0.00000000;0.00000000;0.00000000;0.00000000;0.00000000;0.00000000;0.00000000;0.00000000;0.00000000;0.00000000;0.00000000;0.00000000;0.00000000;0.00000000;0.00000000;0.00000000;1;0.00000000;0.00000000;0.00000000;0.00000000;N;N
09.482.532/0001-87;FLORESTAS DO SUL FUNDO DE INVESTIMENTO EM PARTICIPAÇÕES MULTIESTRATÉGIA;2023-03-31;88338328.580000000000;;;;S;Investidores qualificados;421000000.00000000;421000000.00000000;421000000.00000000;269942596.95931500;269942596.96000000;0.00000000;0.00000000;0.00000000;3.00000000;49.89000000;3.00000000;12.11000000;0.00000000;0.00000000;0.00000000;0.00000000;0.00000000;0.00000000;0.00000000;0.00000000;3.00000000;38.00000000;0.00000000;0.00000000;0.00000000;0.00000000;0.00000000;0.00000000;0.00000000;0.00000000;0.00000000;0.00000000;0.00000000;0.00000000;0.00000000;0.00000000;9.00000000;100.00000000;1;9.00000000;421000000.00000000;269942596.96000000;0.32724850;N;N
09.482.532/0001-87;FLORESTAS DO SUL FUNDO DE INVESTIMENTO EM PARTICIPAÇÕES MULTIESTRATÉGIA;2023-06-30;88089434.530000000000;;;;S;Investidores qualificados;421000000.00000000;421000000.00000000;421000000.00000000;269942596.95931500;269942596.96000000;0.00000000;0.00000000;0.00000000;3.00000000;49.88000000;3.00000000;12.11000000;0.00000000;0.00000000;0.00000000;0.00000000;0.00000000;0.00000000;0.00000000;0.00000000;0.00000000;0.00000000;0.00000000;0.00000000;0.00000000;0.00000000;0.00000000;0.00000000;0.00000000;0.00000000;5.00000000;38.01000000;0.00000000;0.00000000;0.00000000;0.00000000;11.00000000;100.00000000;1;9.00000000;421000000.00000000;269942596.95931500;0.32632650;N;N
09.482.532/0001-87;FLORESTAS DO SUL FUNDO DE INVESTIMENTO EM PARTICIPAÇÕES MULTIESTRATÉGIA;2023-09-30;87838432.000000000000;;;;S;Investidores qualificados;421000000.00000000;421000000.00000000;421000000.00000000;269942596.95931500;269942596.96000000;0.00000000;0.00000000;0.00000000;3.00000000;49.88000000;3.00000000;12.12000000;0.00000000;0.00000000;0.00000000;0.00000000;0.00000000;0.00000000;0.00000000;0.00000000;3.00000000;38.00000000;0.00000000;0.00000000;0.00000000;0.00000000;0.00000000;0.00000000;0.00000000;0.00000000;0.00000000;0.00000000;0.00000000;0.00000000;0.00000000;0.00000000;9.00000000;100.00000000;1;9.00000000;421000000.00000000;269942596.95931500;0.32539670;N;N
09.482.532/0001-87;FLORESTAS DO SUL FUNDO DE INVESTIMENTO EM PARTICIPAÇÕES MULTIESTRATÉGIA;2023-12-31;91339915.400000000000;;;;S;Investidores qualificados;421000000.00000000;421000000.00000000;421000000.00000000;269942596.95931500;269942596.96000000;0.00000000;0.00000000;0.00000000;2.00000000;48.69000000;3.00000000;12.11000000;0.00000000;0.00000000;0.00000000;0.00000000;0.00000000;0.00000000;0.00000000;0.00000000;0.00000000;0.00000000;0.00000000;0.00000000;0.00000000;0.00000000;0.00000000;0.00000000;0.00000000;0.00000000;5.00000000;39.20000000;0.00000000;0.00000000;0.00000000;0.00000000;10.00000000;100.00000000;1;10.00000000;421000000.00000000;269942596.95931500;0.33836790;N;N
09.541.964/0001-11;GIF - III FIP MULTIESTRATÉGIA;2023-03-31;222717.550000000000;;;;S;Investidores qualificados;1000000000.00000000;10000000.00000000;1000000000.00000000;7333800.00000000;733380000.00000000;0.00000000;0.00000000;0.00000000;1.00000000;3.43000000;0.00000000;0.00000000;0.00000000;0.00000000;0.00000000;0.00000000;4.00000000;93.00000000;1.00000000;3.57000000;0.00000000;0.00000000;0.00000000;0.00000000;0.00000000;0.00000000;0.00000000;0.00000000;0.00000000;0.00000000;0.00000000;0.00000000;0.00000000;0.00000000;0.00000000;0.00000000;6.00000000;100.00000000;1;6.00000000;10000000.00000000;7333800.00000000;0.03036800;N;N
09.541.964/0001-11;GIF - III FIP MULTIESTRATÉGIA;2023-06-30;211766.110000000000;;;;S;Investidores qualificados;1000000000.00000000;10000000.00000000;1000000000.00000000;7333800.00000000;733380000.00000000;0.00000000;0.00000000;0.00000000;1.00000000;3.43000000;0.00000000;0.00000000;0.00000000;0.00000000;0.00000000;0.00000000;4.00000000;93.00000000;1.00000000;3.57000000;0.00000000;0.00000000;0.00000000;0.00000000;0.00000000;0.00000000;0.00000000;0.00000000;0.00000000;0.00000000;0.00000000;0.00000000;0.00000000;0.00000000;0.00000000;0.00000000;6.00000000;100.00000000;1;6.00000000;10000000.00000000;7333800.00000000;0.02887500;N;N
09.541.964/0001-11;GIF - III FIP MULTIESTRATÉGIA;2023-09-30;198725.170000000000;;;;S;Investidores qualificados;1000000000.00000000;10000000.00000000;1000000000.00000000;7333800.00000000;733380000.00000000;0.00000000;0.00000000;0.00000000;1.00000000;3.43000000;0.00000000;0.00000000;0.00000000;0.00000000;0.00000000;0.00000000;4.00000000;93.00000000;1.00000000;3.57000000;0.00000000;0.00000000;0.00000000;0.00000000;0.00000000;0.00000000;0.00000000;0.00000000;0.00000000;0.00000000;0.00000000;0.00000000;0.00000000;0.00000000;0.00000000;0.00000000;6.00000000;100.00000000;1;6.00000000;10000000.00000000;7333800.00000000;0.02709700;N;N
09.541.964/0001-11;GIF - III FIP MULTIESTRATÉGIA;2023-12-31;119641.030000000000;;;;S;Investidores qualificados;1000000000.00000000;10000000.00000000;1000000000.00000000;7333800.00000000;733380000.00000000;0.00000000;0.00000000;0.00000000;1.00000000;3.43000000;0.00000000;0.00000000;0.00000000;0.00000000;0.00000000;0.00000000;4.00000000;93.00000000;1.00000000;3.57000000;0.00000000;0.00000000;0.00000000;0.00000000;0.00000000;0.00000000;0.00000000;0.00000000;0.00000000;0.00000000;0.00000000;0.00000000;0.00000000;0.00000000;0.00000000;0.00000000;6.00000000;100.00000000;1;6.00000000;10000000.00000000;7333800.00000000;0.01631300;N;N
09.643.317/0001-10;RB CRÉDITO II FUNDO DE INVESTIMENTO EM PARTICIPAÇÕES - MULTIESTRATÉGIA;2023-03-31;-967223.610000000000;;;;S;Investidores qualificados;0.00000000;50000000.00000000;50000.00000000;9194146.00000000;1191146.54000000;0.00000000;3.00000000;9.82000000;1.00000000;82.85000000;0.00000000;0.00000000;0.00000000;0.00000000;2.00000000;7.33000000;0.00000000;0.00000000;0.00000000;0.00000000;0.00000000;0.00000000;0.00000000;0.00000000;0.00000000;0.00000000;0.00000000;0.00000000;0.00000000;0.00000000;0.00000000;0.00000000;0.00000000;0.00000000;0.00000000;0.00000000;6.00000000;100.00000000;1;1.00000000;521537.07305202;521537.07305202;1630.93783641;N;N
09.643.317/0001-10;RB CRÉDITO II FUNDO DE INVESTIMENTO EM PARTICIPAÇÕES - MULTIESTRATÉGIA;2023-06-30;-983732.990000000000;;;;S;Investidores qualificados;0.00000000;50000000.00000000;50000.00000000;9194146.00000000;1191146.54000000;0.00000000;3.00000000;9.82000000;1.00000000;82.85000000;0.00000000;0.00000000;0.00000000;0.00000000;2.00000000;7.33000000;0.00000000;0.00000000;0.00000000;0.00000000;0.00000000;0.00000000;0.00000000;0.00000000;0.00000000;0.00000000;0.00000000;0.00000000;0.00000000;0.00000000;0.00000000;0.00000000;0.00000000;0.00000000;0.00000000;0.00000000;6.00000000;100.00000000;ordinárias;6.00000000;50000.00000000;9194.46000000;-0.10699600;N;N
09.643.317/0001-10;RB CRÉDITO II FUNDO DE INVESTIMENTO EM PARTICIPAÇÕES - MULTIESTRATÉGIA;2023-09-30;-1023312.210000000000;;;;S;Investidores qualificados;0.00000000;50000000.00000000;50000.00000000;9194146.00000000;1191146.54000000;0.00000000;3.00000000;9.82000000;1.00000000;82.85000000;0.00000000;0.00000000;0.00000000;0.00000000;2.00000000;7.33000000;0.00000000;0.00000000;0.00000000;0.00000000;0.00000000;0.00000000;0.00000000;0.00000000;0.00000000;0.00000000;0.00000000;0.00000000;0.00000000;0.00000000;0.00000000;0.00000000;0.00000000;0.00000000;0.00000000;0.00000000;6.00000000;100.00000000;ordinárias;6.00000000;50000.00000000;9194.46000000;-0.11130000;N;N
09.643.317/0001-10;RB CRÉDITO II FUNDO DE INVESTIMENTO EM PARTICIPAÇÕES - MULTIESTRATÉGIA;2023-12-31;-1027468.890000000000;;;;S;Investidores qualificados;0.00000000;50000000.00000000;50000.00000000;9194146.00000000;1191146.54000000;0.00000000;3.00000000;9.82000000;1.00000000;82.85000000;0.00000000;0.00000000;0.00000000;0.00000000;2.00000000;7.33000000;0.00000000;0.00000000;0.00000000;0.00000000;0.00000000;0.00000000;0.00000000;0.00000000;0.00000000;0.00000000;0.00000000;0.00000000;0.00000000;0.00000000;0.00000000;0.00000000;0.00000000;0.00000000;0.00000000;0.00000000;6.00000000;100.00000000;ordinárias;6.00000000;50000.00000000;9194.46000000;-0.11170000;N;N
09.664.870/0001-30;GPCP5 I FUNDO DE INVESTIMENTO EM PARTICIPAÇÕES MULTIESTRATEGIA - RESPONSABILIDADE LIMITADA;2023-03-31;10657350.990000000000;;;;S;Investidores qualificados;38179207.76000000;1996750436.45521000;38179207.76000000;1996750436.45521000;38179207.76000000;0.00000000;15.00000000;13.12000000;4.00000000;14.48000000;0.00000000;0.00000000;0.00000000;0.00000000;0.00000000;0.00000000;4.00000000;23.93000000;0.00000000;0.00000000;0.00000000;0.00000000;0.00000000;0.00000000;0.00000000;0.00000000;0.00000000;0.00000000;0.00000000;0.00000000;3.00000000;48.47000000;0.00000000;0.00000000;0.00000000;0.00000000;26.00000000;100.00000000;1;26.00000000;1996750436.45521000;1996750436.45521000;0.00533735;N;N
09.664.870/0001-30;GPCP5 I FUNDO DE INVESTIMENTO EM PARTICIPAÇÕES MULTIESTRATEGIA - RESPONSABILIDADE LIMITADA;2023-06-30;16696358.980000000000;;;;S;Investidores qualificados;38179207.76000000;1996750436.45521140;38179207.76000000;1996750436.45521140;38179207.76000000;0.00000000;15.00000000;13.11964845;4.00000000;14.47856358;0.00000000;0.00000000;0.00000000;0.00000000;0.00000000;0.00000000;4.00000000;23.92873676;0.00000000;0.00000000;0.00000000;0.00000000;0.00000000;0.00000000;0.00000000;0.00000000;0.00000000;0.00000000;0.00000000;0.00000000;3.00000000;48.47305121;0.00000000;0.00000000;0.00000000;0.00000000;26.00000000;100.00000000;1;26.00000000;1996750436.45521140;1996750436.45521140;0.00836177;N;N
09.664.870/0001-30;GPCP5 I FUNDO DE INVESTIMENTO EM PARTICIPAÇÕES MULTIESTRATEGIA - RESPONSABILIDADE LIMITADA;2023-09-30;8960143.680000000000;;;;S;Investidores qualificados;38179207.76000000;1996750436.45521140;38179207.76000000;1996750436.45521140;38179207.76000000;0.00000000;15.00000000;13.11964845;4.00000000;14.47856358;0.00000000;0.00000000;0.00000000;0.00000000;0.00000000;0.00000000;4.00000000;23.92873676;0.00000000;0.00000000;0.00000000;0.00000000;0.00000000;0.00000000;0.00000000;0.00000000;0.00000000;0.00000000;0.00000000;0.00000000;3.00000000;48.47305121;0.00000000;0.00000000;0.00000000;0.00000000;26.00000000;100.00000000;1;26.00000000;1996750436.45521140;1996750436.45521140;0.00448736;N;N
09.664.870/0001-30;GPCP5 I FUNDO DE INVESTIMENTO EM PARTICIPAÇÕES MULTIESTRATEGIA - RESPONSABILIDADE LIMITADA;2023-12-31;14748472.710000000000;;;;S;Investidores qualificados;38179207.76000000;1996750436.45521140;38179207.76000000;1996750436.45521140;38179207.76000000;0.00000000;15.00000000;13.11964845;4.00000000;14.47856358;0.00000000;0.00000000;0.00000000;0.00000000;0.00000000;0.00000000;4.00000000;23.92873676;0.00000000;0.00000000;0.00000000;0.00000000;0.00000000;0.00000000;0.00000000;0.00000000;0.00000000;0.00000000;0.00000000;0.00000000;3.00000000;48.47305121;0.00000000;0.00000000;0.00000000;0.00000000;26.00000000;100.00000000;1;26.00000000;1996750436.45521140;1996750436.45521140;0.00738624;N;N
09.910.984/0001-12;SALUS FUNDO DE INVESTIMENTO EM PARTICIPAÇÕES MULTIESTRATÉGIA;2023-03-31;2169775674.670000000000;;;;S;Investidores qualificados;1802826384.55000000;205745.47950200;3722732000.00000000;163708.16905502;1802826384.55000000;0.00000000;0.00000000;0.00000000;0.00000000;0.00000000;0.00000000;0.00000000;0.00000000;0.00000000;0.00000000;0.00000000;0.00000000;0.00000000;0.00000000;0.00000000;0.00000000;0.00000000;0.00000000;0.00000000;0.00000000;0.00000000;0.00000000;0.00000000;0.00000000;0.00000000;1.00000000;100.00000000;0.00000000;0.00000000;0.00000000;0.00000000;1.00000000;100.00000000;1;1.00000000;163708.16905502;163708.16905502;13253.92426776;N;N
09.910.984/0001-12;SALUS FUNDO DE INVESTIMENTO EM PARTICIPAÇÕES MULTIESTRATÉGIA;2023-06-30;2157639172.860000000000;;;;N;Investidores qualificados;3722732000.00000000;205745.47950200;3722732000.00000000;160148.07092410;1802826384.55000000;0.00000000;0.00000000;0.00000000;0.00000000;0.00000000;0.00000000;0.00000000;0.00000000;0.00000000;0.00000000;0.00000000;0.00000000;0.00000000;0.00000000;0.00000000;0.00000000;0.00000000;0.00000000;0.00000000;0.00000000;0.00000000;0.00000000;0.00000000;0.00000000;0.00000000;1.00000000;100.00000000;0.00000000;0.00000000;0.00000000;0.00000000;1.00000000;100.00000000;1;1.00000000;160148.07092410;160148.07092410;13472.77653992;N;N
09.910.984/0001-12;SALUS FUNDO DE INVESTIMENTO EM PARTICIPAÇÕES MULTIESTRATÉGIA;2023-09-30;6344323007.830000000000;;;;S;Investidores qualificados;3722732000.00000000;205745.47950200;3722732000.00000000;160148.07092410;1802826384.55000000;0.00000000;0.00000000;0.00000000;0.00000000;0.00000000;0.00000000;0.00000000;0.00000000;0.00000000;0.00000000;0.00000000;0.00000000;0.00000000;0.00000000;0.00000000;0.00000000;0.00000000;0.00000000;0.00000000;0.00000000;0.00000000;0.00000000;0.00000000;0.00000000;0.00000000;1.00000000;100.00000000;0.00000000;0.00000000;0.00000000;0.00000000;1.00000000;100.00000000;1;1.00000000;160148.07092410;160148.07092410;39615.35703315;N;N
09.910.984/0001-12;SALUS FUNDO DE INVESTIMENTO EM PARTICIPAÇÕES MULTIESTRATÉGIA;2023-12-31;10851778983.240000000000;;;;S;Investidores qualificados;3722732000.00000000;205745.47950200;3722732000.00000000;172919.89236452;2313306995.01000000;0.00000000;0.00000000;0.00000000;0.00000000;0.00000000;0.00000000;0.00000000;0.00000000;0.00000000;0.00000000;0.00000000;0.00000000;0.00000000;0.00000000;0.00000000;0.00000000;0.00000000;0.00000000;0.00000000;0.00000000;0.00000000;0.00000000;0.00000000;0.00000000;0.00000000;1.00000000;100.00000000;0.00000000;0.00000000;0.00000000;0.00000000;1.00000000;100.00000000;1;1.00000000;172919.89236452;172919.89236452;62756.10535521;N;N
10.214.548/0001-98;INDUSTRIAL PARKS BRASIL FIP MULTIESTRATÉGIA;2023-03-31;35277729.600000000000;;;;S;Investidores qualificados;285156000.00000000;285156000.00000000;285156000.00000000;263186182.00000000;263186182.00000000;0.00000000;1.00000000;0.35000000;0.00000000;0.00000000;1.00000000;4.40000000;0.00000000;0.00000000;0.00000000;0.00000000;0.00000000;0.00000000;0.00000000;0.00000000;10.00000000;48.79000000;1.00000000;17.53000000;0.00000000;0.00000000;0.00000000;0.00000000;0.00000000;0.00000000;1.00000000;21.92000000;0.00000000;0.00000000;1.00000000;7.01000000;15.00000000;100.00000000;1;15.00000000;285156000.00000000;263186182.00000000;0.13404096;N;N
10.214.548/0001-98;INDUSTRIAL PARKS BRASIL FIP MULTIESTRATÉGIA;2023-06-30;34542385.970000000000;;;;S;Investidores qualificados;285156000.00000000;285156000.00000000;285156000.00000000;263186182.00000000;263186182.00000000;0.00000000;1.00000000;0.35068524;0.00000000;0.00000000;1.00000000;4.40320386;0.00000000;0.00000000;0.00000000;0.00000000;0.00000000;0.00000000;0.00000000;0.00000000;13.00000000;48.79000000;1.00000000;17.53426195;0.00000000;0.00000000;0.00000000;0.00000000;0.00000000;0.00000000;1.00000000;21.91782743;0.00000000;0.00000000;1.00000000;7.01370478;18.00000000;100.00000000;1;18.00000000;285156000.00000000;263186182.00000000;0.13124696;N;N
10.214.548/0001-98;INDUSTRIAL PARKS BRASIL FIP MULTIESTRATÉGIA;2023-09-30;34201263.540000000000;;;;S;Investidores qualificados;285156000.00000000;285156000.00000000;285156000.00000000;263186182.00000003;263186182.00000000;0.00000000;1.00000000;0.35068524;0.00000000;0.00000000;1.00000000;4.40320386;0.00000000;0.00000000;0.00000000;0.00000000;0.00000000;0.00000000;0.00000000;0.00000000;13.00000000;48.78031674;1.00000000;17.53426195;0.00000000;0.00000000;0.00000000;0.00000000;0.00000000;0.00000000;1.00000000;21.91782743;0.00000000;0.00000000;1.00000000;7.01370478;18.00000000;100.00000000;1;18.00000000;285156000.00000000;263186182.00000003;0.12995083;N;N
10.214.548/0001-98;INDUSTRIAL PARKS BRASIL FIP MULTIESTRATÉGIA;2023-12-31;34586271.600000000000;;;;S;Investidores qualificados;285156000.00000000;285156000.00000000;285156000.00000000;263186182.00000003;263186182.00000000;0.00000000;1.00000000;0.35068524;0.00000000;0.00000000;1.00000000;4.40320386;0.00000000;0.00000000;0.00000000;0.00000000;0.00000000;0.00000000;0.00000000;0.00000000;13.00000000;48.78031674;1.00000000;17.53426195;0.00000000;0.00000000;0.00000000;0.00000000;0.00000000;0.00000000;1.00000000;21.91782743;0.00000000;0.00000000;1.00000000;7.01370478;18.00000000;100.00000000;1;18.00000000;285156000.00000000;263186182.00000003;0.13141371;N;N
10.230.588/0001-23;FINVEST CAPITAL PARTNERS FIP MULTI IE - RESP LIMITADA;2023-03-31;181431181.810000000000;;;;N;Investidores profissionais;0.00000000;3302.00000000;34752073.10000000;3302.00000000;26400000.00000000;5148829.18000000;3.00000000;29.04000000;1.00000000;70.96000000;0.00000000;0.00000000;0.00000000;0.00000000;0.00000000;0.00000000;0.00000000;0.00000000;0.00000000;0.00000000;0.00000000;0.00000000;0.00000000;0.00000000;0.00000000;0.00000000;0.00000000;0.00000000;0.00000000;0.00000000;0.00000000;0.00000000;0.00000000;0.00000000;0.00000000;0.00000000;4.00000000;100.00000000;1;4.00000000;3302.00000000;3302.00000000;54945.84549061;N;N
10.230.588/0001-23;FINVEST CAPITAL PARTNERS FIP MULTI IE - RESP LIMITADA;2023-06-30;185338902.860000000000;;;;N;Investidores profissionais;0.00000000;3302.00000000;34752073.10000000;3302.00000000;26400000.00000000;5149896.25000000;3.00000000;29.04000000;1.00000000;70.96000000;0.00000000;0.00000000;0.00000000;0.00000000;0.00000000;0.00000000;0.00000000;0.00000000;0.00000000;0.00000000;0.00000000;0.00000000;0.00000000;0.00000000;0.00000000;0.00000000;0.00000000;0.00000000;0.00000000;0.00000000;0.00000000;0.00000000;0.00000000;0.00000000;0.00000000;0.00000000;4.00000000;100.00000000;1;4.00000000;3302.00000000;3302.00000000;56129.28614779;N;N
10.230.588/0001-23;FINVEST CAPITAL PARTNERS FIP MULTI IE - RESP LIMITADA;2023-09-30;185308804.810000000000;;;;S;Investidores profissionais;0.00000000;3302.00000000;34752073.10000000;3302.00000000;26400000.00000000;5183318.21000000;3.00000000;29.04000000;1.00000000;70.96000000;0.00000000;0.00000000;0.00000000;0.00000000;0.00000000;0.00000000;0.00000000;0.00000000;0.00000000;0.00000000;0.00000000;0.00000000;0.00000000;0.00000000;0.00000000;0.00000000;0.00000000;0.00000000;0.00000000;0.00000000;0.00000000;0.00000000;0.00000000;0.00000000;0.00000000;0.00000000;4.00000000;100.00000000;1;4.00000000;3302.00000000;3302.00000000;56120.17105088;N;N
10.230.588/0001-23;FINVEST CAPITAL PARTNERS FIP MULTI IE - RESP LIMITADA;2023-12-31;188126421.720000000000;;;;S;Investidores profissionais;0.00000000;3302.00000000;34752073.10000000;3302.00000000;34752073.10000000;5167018.89000000;3.00000000;29.04000000;1.00000000;70.96000000;0.00000000;0.00000000;0.00000000;0.00000000;0.00000000;0.00000000;0.00000000;0.00000000;0.00000000;0.00000000;0.00000000;0.00000000;0.00000000;0.00000000;0.00000000;0.00000000;0.00000000;0.00000000;0.00000000;0.00000000;0.00000000;0.00000000;0.00000000;0.00000000;0.00000000;0.00000000;4.00000000;100.00000000;1;4.00000000;3302.00000000;3302.00000000;56973.47720170;N;N
10.292.990/0001-32;AC2 FUNDO DE INVESTIMENTO EM PARTICIPAÇÕES MULTIESTRATÉGIA;2023-03-31;99224431.510000000000;;;;N;Investidores qualificados;315449018.04000000;394765.00000000;315449018.04000000;382260.37739562;290526875.43000000;0.00000000;4.00000000;30.41000000;0.00000000;0.00000000;0.00000000;0.00000000;0.00000000;0.00000000;0.00000000;0.00000000;0.00000000;0.00000000;0.00000000;0.00000000;0.00000000;0.00000000;0.00000000;0.00000000;0.00000000;0.00000000;0.00000000;0.00000000;0.00000000;0.00000000;1.00000000;69.59000000;0.00000000;0.00000000;0.00000000;0.00000000;5.00000000;100.00000000;Única;5.00000000;394765.00000000;382260.37739562;259.57289161;N;N
10.292.990/0001-32;AC2 FUNDO DE INVESTIMENTO EM PARTICIPAÇÕES MULTIESTRATÉGIA;2023-06-30;99176132.330000000000;;;;N;Investidores qualificados;315449018.04000000;394765.00000000;315449018.04000000;382260.37739562;290526875.43000000;0.00000000;4.00000000;30.41000000;0.00000000;0.00000000;0.00000000;0.00000000;0.00000000;0.00000000;0.00000000;0.00000000;0.00000000;0.00000000;0.00000000;0.00000000;0.00000000;0.00000000;0.00000000;0.00000000;0.00000000;0.00000000;0.00000000;0.00000000;0.00000000;0.00000000;1.00000000;69.59000000;0.00000000;0.00000000;0.00000000;0.00000000;5.00000000;100.00000000;Única;5.00000000;394765.00000000;382260.37739562;259.44654009;N;N
10.292.990/0001-32;AC2 FUNDO DE INVESTIMENTO EM PARTICIPAÇÕES MULTIESTRATÉGIA;2023-09-30;99165627.300000000000;;;;N;Investidores qualificados;315449018.04000000;394765.00000000;315449018.04000000;382260.37739562;290526875.43000000;0.00000000;4.00000000;30.37000000;0.00000000;0.00000000;0.00000000;0.00000000;0.00000000;0.00000000;0.00000000;0.00000000;0.00000000;0.00000000;0.00000000;0.00000000;0.00000000;0.00000000;0.00000000;0.00000000;0.00000000;0.00000000;0.00000000;0.00000000;0.00000000;0.00000000;1.00000000;69.63000000;0.00000000;0.00000000;0.00000000;0.00000000;5.00000000;100.00000000;Única;5.00000000;394765.00000000;382260.37739562;259.41905875;N;N
10.292.990/0001-32;AC2 FUNDO DE INVESTIMENTO EM PARTICIPAÇÕES MULTIESTRATÉGIA;2023-12-31;94792169.120000000000;;;;N;Investidores qualificados;315449018.04000000;394765.00000000;315449018.04000000;382260.37739562;290526875.43000000;0.00000000;4.00000000;30.37000000;0.00000000;0.00000000;0.00000000;0.00000000;0.00000000;0.00000000;0.00000000;0.00000000;0.00000000;0.00000000;0.00000000;0.00000000;0.00000000;0.00000000;0.00000000;0.00000000;0.00000000;0.00000000;0.00000000;0.00000000;0.00000000;0.00000000;1.00000000;69.63000000;0.00000000;0.00000000;0.00000000;0.00000000;5.00000000;100.00000000;Única;5.00000000;394765.00000000;382260.37739562;247.97801375;N;N
10.381.075/0001-13;MULTINER FUNDO DE INVESTIMENTO EM PARTICIPAÇÕES MULTIESTRATÉGIA;2023-03-31;-1391414.620000000000;;;;S;Investidores qualificados;0.00000000;902.95991338;1019847436.74000000;902.95991338;1019847436.74000000;0.00000000;0.00000000;0.00000000;0.00000000;0.00000000;0.00000000;0.00000000;0.00000000;0.00000000;0.00000000;0.00000000;0.00000000;0.00000000;0.00000000;0.00000000;10.00000000;92.38000000;0.00000000;0.00000000;0.00000000;0.00000000;0.00000000;0.00000000;0.00000000;0.00000000;3.00000000;7.62000000;0.00000000;0.00000000;0.00000000;0.00000000;13.00000000;100.00000000;1;0.00000000;902.95991338;902.95991338;-1540.94838473;N;N
10.381.075/0001-13;MULTINER FUNDO DE INVESTIMENTO EM PARTICIPAÇÕES MULTIESTRATÉGIA;2023-06-30;-1254398.550000000000;;;;S;Investidores qualificados;0.00000000;902.95991338;1019847436.74000000;902.95991338;1019847436.74000000;0.00000000;0.00000000;0.00000000;0.00000000;0.00000000;0.00000000;0.00000000;0.00000000;0.00000000;0.00000000;0.00000000;0.00000000;0.00000000;0.00000000;0.00000000;14.00000000;92.71000000;0.00000000;0.00000000;0.00000000;0.00000000;0.00000000;0.00000000;0.00000000;0.00000000;2.00000000;7.29000000;0.00000000;0.00000000;0.00000000;0.00000000;16.00000000;100.00000000;1;0.00000000;902.95913380;902.95991338;-1389.20735174;N;N
10.381.075/0001-13;MULTINER FUNDO DE INVESTIMENTO EM PARTICIPAÇÕES MULTIESTRATÉGIA;2023-09-30;-1142644.100000000000;;;;S;Investidores qualificados;0.00000000;902.95991338;1019847436.74000000;902.95991338;1019847436.74000000;0.00000000;0.00000000;0.00000000;0.00000000;0.00000000;0.00000000;0.00000000;0.00000000;0.00000000;0.00000000;0.00000000;0.00000000;0.00000000;0.00000000;0.00000000;14.00000000;92.71000000;0.00000000;0.00000000;0.00000000;0.00000000;0.00000000;0.00000000;0.00000000;0.00000000;2.00000000;7.29000000;0.00000000;0.00000000;0.00000000;0.00000000;16.00000000;100.00000000;1;16.00000000;902.95991338;902.95991338;-1265.44277665;N;N
10.381.075/0001-13;MULTINER FUNDO DE INVESTIMENTO EM PARTICIPAÇÕES MULTIESTRATÉGIA;2023-12-31;-666151.330000000000;;;;S;Investidores qualificados;0.00000000;902.95991338;1019847436.73000000;902.95991338;1019847436.73000000;0.00000000;0.00000000;0.00000000;0.00000000;0.00000000;0.00000000;0.00000000;0.00000000;0.00000000;0.00000000;0.00000000;0.00000000;0.00000000;0.00000000;0.00000000;14.00000000;92.71000000;0.00000000;0.00000000;0.00000000;0.00000000;0.00000000;0.00000000;0.00000000;0.00000000;2.00000000;7.29000000;0.00000000;0.00000000;0.00000000;0.00000000;16.00000000;100.00000000;1;16.00000000;902.95991338;902.95991338;-737.74186442;N;N
10.433.552/0001-47;BROOKFIELD BRAZIL AGRILAND FUNDO DE INVESTIMENTO EM PARTICIPAÇÕES MULTIESTRATÉGIA;2023-03-31;960871.910500000000;;;;S;Investidores qualificados;817440000.00000000;817440000.00000000;817440000.00000000;659184790.08000000;659184790.08000000;0.00000000;0.00000000;0.00000000;0.00000000;0.00000000;0.00000000;0.00000000;0.00000000;0.00000000;0.00000000;0.00000000;4.00000000;100.00000000;0.00000000;0.00000000;0.00000000;0.00000000;0.00000000;0.00000000;0.00000000;0.00000000;0.00000000;0.00000000;0.00000000;0.00000000;0.00000000;0.00000000;0.00000000;0.00000000;0.00000000;0.00000000;4.00000000;100.00000000;1;4.00000000;817440000.00000000;659184790.08000000;0.00145770;N;N
10.433.552/0001-47;BROOKFIELD BRAZIL AGRILAND FUNDO DE INVESTIMENTO EM PARTICIPAÇÕES MULTIESTRATÉGIA;2023-06-30;987635.611000000000;;;;S;Investidores qualificados;817440000.00000000;817440000.00000000;817440000.00000000;659184790.08000000;659184790.08000000;0.00000000;0.00000000;0.00000000;0.00000000;0.00000000;0.00000000;0.00000000;0.00000000;0.00000000;0.00000000;0.00000000;4.00000000;100.00000000;0.00000000;0.00000000;0.00000000;0.00000000;0.00000000;0.00000000;0.00000000;0.00000000;0.00000000;0.00000000;0.00000000;0.00000000;0.00000000;0.00000000;0.00000000;0.00000000;0.00000000;0.00000000;4.00000000;100.00000000;1;4.00000000;817440000.00000000;659184790.08000000;0.00149830;N;N
10.433.552/0001-47;BROOKFIELD BRAZIL AGRILAND FUNDO DE INVESTIMENTO EM PARTICIPAÇÕES MULTIESTRATÉGIA;2023-09-30;1020719.402400000000;;;;S;Investidores qualificados;817440000.00000000;817440000.00000000;817440000.00000000;659184790.08000000;659184790.08000000;0.00000000;0.00000000;0.00000000;0.00000000;0.00000000;0.00000000;0.00000000;0.00000000;0.00000000;0.00000000;0.00000000;4.00000000;100.00000000;0.00000000;0.00000000;0.00000000;0.00000000;0.00000000;0.00000000;0.00000000;0.00000000;0.00000000;0.00000000;0.00000000;0.00000000;0.00000000;0.00000000;0.00000000;0.00000000;0.00000000;0.00000000;4.00000000;100.00000000;1;4.00000000;817440000.00000000;659184790.08000000;0.00154850;N;N
10.433.552/0001-47;BROOKFIELD BRAZIL AGRILAND FUNDO DE INVESTIMENTO EM PARTICIPAÇÕES MULTIESTRATÉGIA;2023-12-31;1039109.626200000000;;;;S;Investidores qualificados;817440000.00000000;817440000.00000000;817440000.00000000;659184790.08000000;659184790.08000000;0.00000000;0.00000000;0.00000000;0.00000000;0.00000000;0.00000000;0.00000000;0.00000000;0.00000000;0.00000000;0.00000000;4.00000000;100.00000000;0.00000000;0.00000000;0.00000000;0.00000000;0.00000000;0.00000000;0.00000000;0.00000000;0.00000000;0.00000000;0.00000000;0.00000000;0.00000000;0.00000000;0.00000000;0.00000000;0.00000000;0.00000000;4.00000000;100.00000000;1;4.00000000;817440000.00000000;659184790.08000000;0.00157640;N;N
10.513.639/0001-24;GAMA FUNDO DE INVESTIMENTO EM PARTICIPAÇÕES MULTIESTRATÉGIA RESPONSABILIDADE LIMITADA;2023-03-31;594313262.230000000000;;;;N;Investidores qualificados;553330928.44000000;343.20405252;553330928.44000000;343.20405252;553330928.44000000;0.00000000;0.00000000;0.00000000;0.00000000;0.00000000;0.00000000;0.00000000;0.00000000;0.00000000;0.00000000;0.00000000;0.00000000;0.00000000;0.00000000;0.00000000;0.00000000;0.00000000;0.00000000;0.00000000;0.00000000;0.00000000;0.00000000;0.00000000;0.00000000;0.00000000;1.00000000;100.00000000;0.00000000;0.00000000;0.00000000;0.00000000;1.00000000;100.00000000;1;1.00000000;343.20405252;343.20405252;1731661.55197239;N;N
10.513.639/0001-24;GAMA FUNDO DE INVESTIMENTO EM PARTICIPAÇÕES MULTIESTRATÉGIA RESPONSABILIDADE LIMITADA;2023-06-30;594313262.230000000000;;;;N;Investidores qualificados;553330928.44000000;343.20405252;553330928.44000000;343.20405252;553330928.44000000;0.00000000;0.00000000;0.00000000;0.00000000;0.00000000;0.00000000;0.00000000;0.00000000;0.00000000;0.00000000;0.00000000;0.00000000;0.00000000;0.00000000;0.00000000;0.00000000;0.00000000;0.00000000;0.00000000;0.00000000;0.00000000;0.00000000;0.00000000;0.00000000;0.00000000;1.00000000;100.00000000;0.00000000;0.00000000;0.00000000;0.00000000;1.00000000;100.00000000;1;1.00000000;343.20405252;343.20405252;1731661.55197239;N;N
10.513.639/0001-24;GAMA FUNDO DE INVESTIMENTO EM PARTICIPAÇÕES MULTIESTRATÉGIA RESPONSABILIDADE LIMITADA;2023-09-30;696216701.290000000000;;;;N;Investidores qualificados;553330928.44000000;343.20405252;553330928.44000000;343.20405252;553330928.44000000;0.00000000;0.00000000;0.00000000;0.00000000;0.00000000;0.00000000;0.00000000;0.00000000;0.00000000;0.00000000;0.00000000;0.00000000;0.00000000;0.00000000;0.00000000;0.00000000;0.00000000;0.00000000;0.00000000;0.00000000;0.00000000;0.00000000;0.00000000;0.00000000;0.00000000;1.00000000;100.00000000;0.00000000;0.00000000;0.00000000;0.00000000;1.00000000;100.00000000;1;1.00000000;343.20405252;343.20405252;2028579.48843546;N;N
10.513.639/0001-24;GAMA FUNDO DE INVESTIMENTO EM PARTICIPAÇÕES MULTIESTRATÉGIA RESPONSABILIDADE LIMITADA;2023-12-31;813470861.480000000000;;;;N;Investidores qualificados;553330928.44000000;343.20405252;553330928.44000000;343.20405252;553330928.44000000;0.00000000;0.00000000;0.00000000;0.00000000;0.00000000;0.00000000;0.00000000;0.00000000;0.00000000;0.00000000;0.00000000;0.00000000;0.00000000;0.00000000;0.00000000;0.00000000;0.00000000;0.00000000;0.00000000;0.00000000;0.00000000;0.00000000;0.00000000;0.00000000;0.00000000;1.00000000;100.00000000;0.00000000;0.00000000;0.00000000;0.00000000;1.00000000;100.00000000;1;1.00000000;343.20405252;343.20405252;2370225.10517295;N;N
10.522.692/0001-91;SERRA AZUL FUNDO DE INVESTIMENTO EM PARTICIPAÇÕES MULTIESTRATÉGIA;2023-03-31;50371244.470000000000;;;;N;Investidores qualificados;0.00000000;50458301.15423393;48916996.10000000;50458301.15423393;48916996.10000000;0.00000000;1.00000000;84.46940199;2.00000000;15.53060000;0.00000000;0.00000000;0.00000000;0.00000000;0.00000000;0.00000000;0.00000000;0.00000000;0.00000000;0.00000000;0.00000000;0.00000000;0.00000000;0.00000000;0.00000000;0.00000000;0.00000000;0.00000000;0.00000000;0.00000000;0.00000000;0.00000000;0.00000000;0.00000000;0.00000000;0.00000000;3.00000000;100.00000194;1;3.00000000;50458301.15423393;50458301.15423393;0.99827470;N;N
10.522.692/0001-91;SERRA AZUL FUNDO DE INVESTIMENTO EM PARTICIPAÇÕES MULTIESTRATÉGIA;2023-06-30;50388427.320000000000;;;;N;Investidores qualificados;0.00000000;50458301.15423393;46992606.25000000;50458301.15423393;46992606.25000000;0.00000000;1.00000000;84.46939895;2.00000000;15.53060000;0.00000000;0.00000000;0.00000000;0.00000000;0.00000000;0.00000000;0.00000000;0.00000000;0.00000000;0.00000000;0.00000000;0.00000000;0.00000000;0.00000000;0.00000000;0.00000000;0.00000000;0.00000000;0.00000000;0.00000000;0.00000000;0.00000000;0.00000000;0.00000000;0.00000000;0.00000000;3.00000000;99.99999839;1;3.00000000;50458301.15423393;50458301.15423393;0.99861520;N;N
10.522.692/0001-91;SERRA AZUL FUNDO DE INVESTIMENTO EM PARTICIPAÇÕES MULTIESTRATÉGIA;2023-09-30;50369000.000000000000;;;;N;Investidores qualificados;0.00000000;50458301.15423393;46992606.25000000;50458301.15423393;46992606.25000000;0.00000000;1.00000000;84.46940044;2.00000000;15.53060000;0.00000000;0.00000000;0.00000000;0.00000000;0.00000000;0.00000000;0.00000000;0.00000000;0.00000000;0.00000000;0.00000000;0.00000000;0.00000000;0.00000000;0.00000000;0.00000000;0.00000000;0.00000000;0.00000000;0.00000000;0.00000000;0.00000000;0.00000000;0.00000000;0.00000000;0.00000000;3.00000000;100.00000013;1;3.00000000;50458301.15423393;50458301.15423393;0.99823020;N;N
10.522.692/0001-91;SERRA AZUL FUNDO DE INVESTIMENTO EM PARTICIPAÇÕES MULTIESTRATÉGIA;2023-12-31;46119834.320000000000;;;;N;Investidores qualificados;0.00000000;50580463.41604783;47103996.72000000;50580463.41604783;47103996.72000000;0.00000000;1.00000000;84.50690766;2.00000000;15.49309000;0.00000000;0.00000000;0.00000000;0.00000000;0.00000000;0.00000000;0.00000000;0.00000000;0.00000000;0.00000000;0.00000000;0.00000000;0.00000000;0.00000000;0.00000000;0.00000000;0.00000000;0.00000000;0.00000000;0.00000000;0.00000000;0.00000000;0.00000000;0.00000000;0.00000000;0.00000000;3.00000000;99.99999727;1;3.00000000;50580463.41604783;50580463.41604783;0.91181120;N;N
10.545.324/0001-69;KINEA I PRIVATE EQUITY FUNDO DE INVESTIMENTO EM PARTICIPAÇÕES MULTIESTRATÉGIA RESP LIMITADA;2023-03-31;3666738.999999990000;;;;S;Investidores qualificados;250750000.00000000;170846.95329253;250750000.00000000;130544.79577000;166600633.93000000;0.00000000;3.00000000;0.44000000;0.00000000;0.00000000;0.00000000;0.00000000;0.00000000;0.00000000;1.00000000;99.56000000;0.00000000;0.00000000;0.00000000;0.00000000;0.00000000;0.00000000;0.00000000;0.00000000;0.00000000;0.00000000;0.00000000;0.00000000;0.00000000;0.00000000;0.00000000;0.00000000;0.00000000;0.00000000;0.00000000;0.00000000;4.00000000;100.00000000;1;4.00000000;170846.95329253;130544.79577000;28.08797530;N;N
10.545.324/0001-69;KINEA I PRIVATE EQUITY FUNDO DE INVESTIMENTO EM PARTICIPAÇÕES MULTIESTRATÉGIA RESP LIMITADA;2023-06-30;2650345.179999990000;;;;S;Investidores qualificados;187500000.00000000;170846.95329253;187500000.00000000;130544.79577000;166600633.93000000;0.00000000;3.00000000;0.44000000;0.00000000;0.00000000;0.00000000;0.00000000;0.00000000;0.00000000;1.00000000;99.56000000;0.00000000;0.00000000;0.00000000;0.00000000;0.00000000;0.00000000;0.00000000;0.00000000;0.00000000;0.00000000;0.00000000;0.00000000;0.00000000;0.00000000;0.00000000;0.00000000;0.00000000;0.00000000;0.00000000;0.00000000;4.00000000;100.00000000;1;4.00000000;170846.95329253;130544.79577000;20.30218940;N;N
10.545.324/0001-69;KINEA I PRIVATE EQUITY FUNDO DE INVESTIMENTO EM PARTICIPAÇÕES MULTIESTRATÉGIA RESP LIMITADA;2023-09-30;1580802.760000000000;;;;S;Investidores qualificados;187500000.00000000;170846.95329253;187500000.00000000;130544.79577000;166600633.93000000;0.00000000;3.00000000;0.44000000;0.00000000;0.00000000;0.00000000;0.00000000;0.00000000;0.00000000;1.00000000;99.56000000;0.00000000;0.00000000;0.00000000;0.00000000;0.00000000;0.00000000;0.00000000;0.00000000;0.00000000;0.00000000;0.00000000;0.00000000;0.00000000;0.00000000;0.00000000;0.00000000;0.00000000;0.00000000;0.00000000;0.00000000;4.00000000;100.00000000;1;4.00000000;170846.95329253;130544.79577000;12.10927440;N;N
10.545.324/0001-69;KINEA I PRIVATE EQUITY FUNDO DE INVESTIMENTO EM PARTICIPAÇÕES MULTIESTRATÉGIA RESP LIMITADA;2023-12-31;6577068.630000000000;;;;S;Investidores qualificados;187500000.00000000;170846.95329253;187500000.00000000;132757.53850000;166600633.93000000;0.00000000;3.00000000;0.44000000;0.00000000;0.00000000;0.00000000;0.00000000;0.00000000;0.00000000;1.00000000;99.56000000;0.00000000;0.00000000;0.00000000;0.00000000;0.00000000;0.00000000;0.00000000;0.00000000;0.00000000;0.00000000;0.00000000;0.00000000;0.00000000;0.00000000;0.00000000;0.00000000;0.00000000;0.00000000;0.00000000;0.00000000;4.00000000;100.00000000;1;4.00000000;170846.95329253;132757.53850000;49.54195970;N;N
10.566.009/0001-18;AGFA FUNDO DE INVESTIMENTO EM PARTICIPAÇÕES MULTIESTRATÉGIA - RESPONSABILIDADE LIMITADA;2023-03-31;47215709.750000000000;;;;N;Investidores qualificados;0.00000000;170003.25614502;73111278.50000000;170003.25614502;153565211.04000000;0.00000000;5.00000000;100.00000000;0.00000000;0.00000000;0.00000000;0.00000000;0.00000000;0.00000000;0.00000000;0.00000000;0.00000000;0.00000000;0.00000000;0.00000000;0.00000000;0.00000000;0.00000000;0.00000000;0.00000000;0.00000000;0.00000000;0.00000000;0.00000000;0.00000000;0.00000000;0.00000000;0.00000000;0.00000000;0.00000000;0.00000000;5.00000000;100.00000000;1;5.00000000;170003.25614502;170003.25614502;277.73414945;N;N
10.566.009/0001-18;AGFA FUNDO DE INVESTIMENTO EM PARTICIPAÇÕES MULTIESTRATÉGIA - RESPONSABILIDADE LIMITADA;2023-06-30;47220247.200000000000;;;;N;Investidores qualificados;0.00000000;170273.55528675;73111278.50000000;170273.55528675;153669779.98000000;0.00000000;5.00000000;100.00000000;0.00000000;0.00000000;0.00000000;0.00000000;0.00000000;0.00000000;0.00000000;0.00000000;0.00000000;0.00000000;0.00000000;0.00000000;0.00000000;0.00000000;0.00000000;0.00000000;0.00000000;0.00000000;0.00000000;0.00000000;0.00000000;0.00000000;0.00000000;0.00000000;0.00000000;0.00000000;0.00000000;0.00000000;5.00000000;100.00000000;1;5.00000000;170273.55528675;170273.55528675;277.31991101;N;N
10.566.009/0001-18;AGFA FUNDO DE INVESTIMENTO EM PARTICIPAÇÕES MULTIESTRATÉGIA - RESPONSABILIDADE LIMITADA;2023-09-30;48008720.750000000000;;;;N;Investidores qualificados;0.00000000;173837.92237219;73111278.50000000;173837.92237219;154626404.98000000;0.00000000;6.00000000;100.00000000;0.00000000;0.00000000;0.00000000;0.00000000;0.00000000;0.00000000;0.00000000;0.00000000;0.00000000;0.00000000;0.00000000;0.00000000;0.00000000;0.00000000;0.00000000;0.00000000;0.00000000;0.00000000;0.00000000;0.00000000;0.00000000;0.00000000;0.00000000;0.00000000;0.00000000;0.00000000;0.00000000;0.00000000;6.00000000;100.00000000;1;6.00000000;173837.92237219;173837.92237219;276.16943469;N;N
10.566.009/0001-18;AGFA FUNDO DE INVESTIMENTO EM PARTICIPAÇÕES MULTIESTRATÉGIA - RESPONSABILIDADE LIMITADA;2023-12-31;50968681.760000000000;;;;N;Investidores qualificados;0.00000000;184943.94629683;229027409.27000000;184943.94629683;229027409.27000000;0.00000000;5.00000000;100.00000000;0.00000000;0.00000000;0.00000000;0.00000000;0.00000000;0.00000000;0.00000000;0.00000000;0.00000000;0.00000000;0.00000000;0.00000000;0.00000000;0.00000000;0.00000000;0.00000000;0.00000000;0.00000000;0.00000000;0.00000000;0.00000000;0.00000000;0.00000000;0.00000000;0.00000000;0.00000000;0.00000000;0.00000000;5.00000000;100.00000000;1;5.00000000;184943.94629683;184943.94629683;275.58988970;N;N
10.566.011/0001-97;VICTORIA FALLS FUNDO DE INVESTIMENTO EM PARTICIPAÇÕES MULTIESTRATEGIA INVESTIMENTO NO EXTERIOR;2023-03-31;74059946.770000000000;;;;N;Investidores qualificados;0.00000000;1059867.68687300;73588987.98000000;1059867.68687300;73588987.98000000;0.00000000;0.00000000;0.00000000;0.00000000;0.00000000;0.00000000;0.00000000;0.00000000;0.00000000;0.00000000;0.00000000;0.00000000;0.00000000;0.00000000;0.00000000;0.00000000;0.00000000;0.00000000;0.00000000;0.00000000;0.00000000;0.00000000;0.00000000;0.00000000;0.00000000;1.00000000;100.00000000;0.00000000;0.00000000;0.00000000;0.00000000;1.00000000;100.00000000;1;3.00000000;10000.00000000;520.00000000;261.27000000;N;N
10.566.011/0001-97;VICTORIA FALLS FUNDO DE INVESTIMENTO EM PARTICIPAÇÕES MULTIESTRATEGIA INVESTIMENTO NO EXTERIOR;2023-06-30;75223885.410000000000;;;;N;Investidores profissionais;0.00000000;1079053.14420200;74927931.44000000;1079053.14420200;74927931.44000000;0.00000000;0.00000000;0.00000000;0.00000000;0.00000000;0.00000000;0.00000000;0.00000000;0.00000000;0.00000000;0.00000000;0.00000000;0.00000000;0.00000000;0.00000000;0.00000000;0.00000000;0.00000000;0.00000000;0.00000000;0.00000000;0.00000000;0.00000000;0.00000000;0.00000000;1.00000000;100.00000000;0.00000000;0.00000000;0.00000000;0.00000000;1.00000000;100.00000000;N;1.00000000;1079053.14420200;1079053.14420200;69.71284577;N;N
10.566.011/0001-97;VICTORIA FALLS FUNDO DE INVESTIMENTO EM PARTICIPAÇÕES MULTIESTRATEGIA INVESTIMENTO NO EXTERIOR;2023-09-30;75942603.780000000000;;;;N;Investidores profissionais;0.00000000;1091534.92078300;76818352.21000000;1091534.92078300;76818352.21000000;0.00000000;0.00000000;0.00000000;0.00000000;0.00000000;0.00000000;0.00000000;0.00000000;0.00000000;0.00000000;0.00000000;0.00000000;0.00000000;0.00000000;0.00000000;0.00000000;0.00000000;0.00000000;0.00000000;0.00000000;0.00000000;0.00000000;0.00000000;0.00000000;0.00000000;1.00000000;100.00000000;0.00000000;0.00000000;0.00000000;0.00000000;1.00000000;100.00000000;N;1.00000000;1091534.92078300;1091534.92078300;69.57414039;N;N
10.566.011/0001-97;VICTORIA FALLS FUNDO DE INVESTIMENTO EM PARTICIPAÇÕES MULTIESTRATEGIA INVESTIMENTO NO EXTERIOR;2023-12-31;72885542.060000000000;;;;N;Investidores profissionais;0.00000000;1094044.87118554;76818352.21000000;1094044.87118554;75971777.19000000;0.00000000;0.00000000;0.00000000;0.00000000;0.00000000;0.00000000;0.00000000;0.00000000;0.00000000;0.00000000;0.00000000;0.00000000;0.00000000;0.00000000;0.00000000;0.00000000;0.00000000;0.00000000;0.00000000;0.00000000;0.00000000;0.00000000;0.00000000;0.00000000;0.00000000;1.00000000;100.00000000;0.00000000;0.00000000;0.00000000;0.00000000;1.00000000;100.00000000;N;1.00000000;1094044.87118600;1094044.87118600;66.62024929;N;N
10.597.218/0001-29;OPPORTUNITY GLOBAL FUNDO DE INVESTIMENTO EM PARTICIPAÇÕES MULTIESTRATÉGIA RESPONSABILIDADE LIMITADA;2023-03-31;814098566.960000000000;;;;S;Investidores profissionais;323351635.30000000;64195.48794241;323351635.30000000;64195.48794241;323351635.30000000;0.00000000;0.00000000;0.00000000;0.00000000;0.00000000;0.00000000;0.00000000;0.00000000;0.00000000;1.00000000;0.52000000;0.00000000;0.00000000;0.00000000;0.00000000;0.00000000;0.00000000;0.00000000;0.00000000;0.00000000;0.00000000;0.00000000;0.00000000;0.00000000;0.00000000;2.00000000;95.14000000;0.00000000;0.00000000;1.00000000;4.34000000;4.00000000;100.00000000;1;4.00000000;64195.48794241;64195.48794241;12681.55431251;N;N
10.597.218/0001-29;OPPORTUNITY GLOBAL FUNDO DE INVESTIMENTO EM PARTICIPAÇÕES MULTIESTRATÉGIA RESPONSABILIDADE LIMITADA;2023-06-30;1005863606.930000000000;;;;S;Investidores profissionais;323351635.30000000;64195.48794241;323351635.30000000;64195.48794241;323351635.30000000;0.00000000;0.00000000;0.00000000;0.00000000;0.00000000;0.00000000;0.00000000;0.00000000;0.00000000;1.00000000;0.52000000;0.00000000;0.00000000;0.00000000;0.00000000;0.00000000;0.00000000;0.00000000;0.00000000;0.00000000;0.00000000;0.00000000;0.00000000;0.00000000;0.00000000;2.00000000;95.14000000;0.00000000;0.00000000;1.00000000;4.34000000;4.00000000;100.00000000;1;4.00000000;64195.48794241;64195.48794241;15668.75864908;N;N
10.597.218/0001-29;OPPORTUNITY GLOBAL FUNDO DE INVESTIMENTO EM PARTICIPAÇÕES MULTIESTRATÉGIA RESPONSABILIDADE LIMITADA;2023-09-30;860654751.990000000000;;;;S;Investidores profissionais;323351635.30000000;64195.48794241;323351635.30000000;64195.48794241;323351635.30000000;0.00000000;0.00000000;0.00000000;0.00000000;0.00000000;0.00000000;0.00000000;0.00000000;0.00000000;1.00000000;0.52000000;0.00000000;0.00000000;0.00000000;0.00000000;0.00000000;0.00000000;0.00000000;0.00000000;0.00000000;0.00000000;0.00000000;0.00000000;0.00000000;0.00000000;2.00000000;95.14000000;0.00000000;0.00000000;1.00000000;4.34000000;4.00000000;100.00000000;1;4.00000000;64195.48794241;64195.48794241;13406.77950391;N;N
10.597.218/0001-29;OPPORTUNITY GLOBAL FUNDO DE INVESTIMENTO EM PARTICIPAÇÕES MULTIESTRATÉGIA RESPONSABILIDADE LIMITADA;2023-12-31;10070883.680000000000;;;;S;Investidores profissionais;4017528.48000000;506.54872362;4017528.48000000;506.54872362;4017528.48000000;0.00000000;0.00000000;0.00000000;0.00000000;0.00000000;0.00000000;0.00000000;0.00000000;0.00000000;1.00000000;0.52000000;0.00000000;0.00000000;0.00000000;0.00000000;0.00000000;0.00000000;0.00000000;0.00000000;0.00000000;0.00000000;0.00000000;0.00000000;0.00000000;0.00000000;2.00000000;95.14000000;0.00000000;0.00000000;1.00000000;4.34000000;4.00000000;100.00000000;1;4.00000000;506.54872362;506.54872362;19881.37213737;N;N
10.625.626/0001-47;CONQUEST FUNDO DE INVESTIMENTO EM PARTICIPAÇÕES EMPRESAS EMERGENTES;2023-03-31;-76617947.490000000000;;;;N;Investidores qualificados;183894915.95000000;24184396.69086171;158920580.28000000;24184396.69086171;158920580.28000000;0.00000000;2.00000000;4.22000000;6.00000000;17.48000000;0.00000000;0.00000000;0.00000000;0.00000000;3.00000000;2.40000000;0.00000000;0.00000000;0.00000000;0.00000000;0.00000000;0.00000000;24.00000000;46.14000000;0.00000000;0.00000000;0.00000000;0.00000000;0.00000000;0.00000000;2.00000000;27.16000000;0.00000000;0.00000000;1.00000000;2.60000000;38.00000000;100.00000000;unica;38.00000000;24184396.69086171;24184396.69086171;-3.16807355;N;N
10.625.626/0001-47;CONQUEST FUNDO DE INVESTIMENTO EM PARTICIPAÇÕES EMPRESAS EMERGENTES;2023-06-30;-76895725.230000000000;;;;N;Investidores qualificados;183894915.95000000;24184396.69086171;158920580.28000000;24184396.69086171;158920580.28000000;0.00000000;2.00000000;4.22000000;6.00000000;17.48000000;0.00000000;0.00000000;0.00000000;0.00000000;3.00000000;2.40000000;0.00000000;0.00000000;0.00000000;0.00000000;0.00000000;0.00000000;24.00000000;46.14000000;0.00000000;0.00000000;0.00000000;0.00000000;0.00000000;0.00000000;2.00000000;27.16000000;0.00000000;0.00000000;1.00000000;2.60000000;38.00000000;100.00000000;unica;38.00000000;24184396.69086171;24184396.69086171;-3.17955938;N;N
10.625.626/0001-47;CONQUEST FUNDO DE INVESTIMENTO EM PARTICIPAÇÕES EMPRESAS EMERGENTES;2023-09-30;-77195725.230000000000;;;;N;Investidores qualificados;183894915.95000000;24184396.69086171;158920580.28000000;24184396.69086171;158920580.28000000;0.00000000;2.00000000;4.22000000;6.00000000;17.48000000;0.00000000;0.00000000;0.00000000;0.00000000;3.00000000;2.40000000;0.00000000;0.00000000;0.00000000;0.00000000;0.00000000;0.00000000;24.00000000;46.14000000;0.00000000;0.00000000;0.00000000;0.00000000;0.00000000;0.00000000;2.00000000;27.16000000;0.00000000;0.00000000;1.00000000;2.60000000;38.00000000;100.00000000;Unica;38.00000000;24184396.69086171;24184396.69086171;-3.19196407;N;N
10.625.626/0001-47;CONQUEST FUNDO DE INVESTIMENTO EM PARTICIPAÇÕES EMPRESAS EMERGENTES;2023-12-31;-77495725.230000000000;;;;N;Investidores qualificados;183894915.95000000;24184396.69086171;158920580.28000000;24184396.69086171;158920580.28000000;0.00000000;2.00000000;4.22000000;6.00000000;17.48000000;0.00000000;0.00000000;0.00000000;0.00000000;3.00000000;2.40000000;0.00000000;0.00000000;0.00000000;0.00000000;0.00000000;0.00000000;24.00000000;46.14000000;0.00000000;0.00000000;0.00000000;0.00000000;0.00000000;0.00000000;2.00000000;27.16000000;0.00000000;0.00000000;1.00000000;2.60000000;38.00000000;100.00000000;Unica;38.00000000;24184396.69086171;24184396.69086171;-3.20436876;N;N
10.720.618/0001-80;AVM MEZANINO FUNDO DE INVESTIMENTO EM PARTICIPAÇÕES MULTIESTRATÉGIA RESPONSABILIDADE LIMITADA;2023-03-31;52454503.720000000000;;;;S;Investidores qualificados;308800000.00000000;308799999.98015600;308800000.00000000;304981499.72517000;305545500.00000000;0.00000000;9.00000000;9.72000000;2.00000000;12.95000000;0.00000000;0.00000000;0.00000000;0.00000000;0.00000000;0.00000000;0.00000000;0.00000000;0.00000000;0.00000000;0.00000000;0.00000000;0.00000000;0.00000000;0.00000000;0.00000000;0.00000000;0.00000000;0.00000000;0.00000000;3.00000000;3.56000000;0.00000000;0.00000000;13.00000000;73.77000000;27.00000000;100.00000000;1;27.00000000;308799999.98015600;304981499.72517000;0.17199240;N;N
10.720.618/0001-80;AVM MEZANINO FUNDO DE INVESTIMENTO EM PARTICIPAÇÕES MULTIESTRATÉGIA RESPONSABILIDADE LIMITADA;2023-06-30;52116800.239982900000;;;;S;Investidores qualificados;308800000.00000000;308799999.98015600;308800000.00000000;304981499.72517000;305545500.00000000;0.00000000;9.00000000;9.72000000;2.00000000;9.76000000;0.00000000;0.00000000;0.00000000;0.00000000;0.00000000;0.00000000;0.00000000;0.00000000;0.00000000;0.00000000;0.00000000;0.00000000;0.00000000;0.00000000;0.00000000;0.00000000;0.00000000;0.00000000;0.00000000;0.00000000;3.00000000;3.56000000;0.00000000;0.00000000;16.00000000;76.97000000;30.00000000;100.01000000;1;30.00000000;308799999.98015600;304981499.72517000;0.17088510;N;N
10.720.618/0001-80;AVM MEZANINO FUNDO DE INVESTIMENTO EM PARTICIPAÇÕES MULTIESTRATÉGIA RESPONSABILIDADE LIMITADA;2023-09-30;50844591.010000000000;;;;S;Investidores qualificados;308800000.00000000;308799999.98015600;308800000.00000000;304981499.72517000;305545500.00000000;0.00000000;9.00000000;9.72000000;3.00000000;12.95000000;0.00000000;0.00000000;0.00000000;0.00000000;0.00000000;0.00000000;0.00000000;0.00000000;0.00000000;0.00000000;0.00000000;0.00000000;0.00000000;0.00000000;0.00000000;0.00000000;0.00000000;0.00000000;0.00000000;0.00000000;3.00000000;3.56000000;0.00000000;0.00000000;13.00000000;73.77000000;28.00000000;100.00000000;1;28.00000000;308799999.98015600;304981499.72517000;0.16671360;N;N
10.720.618/0001-80;AVM MEZANINO FUNDO DE INVESTIMENTO EM PARTICIPAÇÕES MULTIESTRATÉGIA RESPONSABILIDADE LIMITADA;2023-12-31;50422523.469982500000;;;;S;Investidores qualificados;308800000.00000000;308799999.98015600;308800000.00000000;304981499.72517000;305545500.00000000;0.00000000;9.00000000;9.72000000;3.00000000;12.95000000;0.00000000;0.00000000;0.00000000;0.00000000;0.00000000;0.00000000;0.00000000;0.00000000;0.00000000;0.00000000;0.00000000;0.00000000;0.00000000;0.00000000;0.00000000;0.00000000;0.00000000;0.00000000;0.00000000;0.00000000;3.00000000;3.56000000;0.00000000;0.00000000;15.00000000;73.77000000;30.00000000;100.00000000;1;30.00000000;308799999.98015600;304981499.72517000;0.16532970;N;N
10.859.351/0001-06;MULTISETORIAL SUDESTE FIP MULTIESTRATÉGIA;2023-03-31;43760309.610000000000;;;;N;Investidores profissionais;43760309.70000000;7318.63261022;43760309.70000000;7318.63261022;43760309.70000000;0.00000000;4.00000000;100.00000000;0.00000000;0.00000000;0.00000000;0.00000000;0.00000000;0.00000000;0.00000000;0.00000000;0.00000000;0.00000000;0.00000000;0.00000000;0.00000000;0.00000000;0.00000000;0.00000000;0.00000000;0.00000000;0.00000000;0.00000000;0.00000000;0.00000000;0.00000000;0.00000000;0.00000000;0.00000000;0.00000000;0.00000000;4.00000000;100.00000000;1;4.00000000;7318.63261022;7318.63261022;5979.30131766;N;N
10.859.351/0001-06;MULTISETORIAL SUDESTE FIP MULTIESTRATÉGIA;2023-06-30;43672552.590000000000;;;;N;Investidores qualificados;43672552.69000000;7318.63261022;43672552.69000000;7318.63261022;43672552.69000000;0.00000000;4.00000000;100.00000000;0.00000000;0.00000000;0.00000000;0.00000000;0.00000000;0.00000000;0.00000000;0.00000000;0.00000000;0.00000000;0.00000000;0.00000000;0.00000000;0.00000000;0.00000000;0.00000000;0.00000000;0.00000000;0.00000000;0.00000000;0.00000000;0.00000000;0.00000000;0.00000000;0.00000000;0.00000000;0.00000000;0.00000000;4.00000000;100.00000000;1;4.00000000;7318.63261022;7318.63261022;5967.31041381;N;N
10.859.351/0001-06;MULTISETORIAL SUDESTE FIP MULTIESTRATÉGIA;2023-09-30;43584709.730000000000;;;;N;Investidores qualificados;43584709.75000000;7318.63261022;43584709.75000000;7318.63261022;43584709.75000000;0.00000000;4.00000000;100.00000000;0.00000000;0.00000000;0.00000000;0.00000000;0.00000000;0.00000000;0.00000000;0.00000000;0.00000000;0.00000000;0.00000000;0.00000000;0.00000000;0.00000000;0.00000000;0.00000000;0.00000000;0.00000000;0.00000000;0.00000000;0.00000000;0.00000000;0.00000000;0.00000000;0.00000000;0.00000000;0.00000000;0.00000000;4.00000000;100.00000000;unica;4.00000000;7318.63261025;7318.63261025;5955.30778098;N;N
10.859.351/0001-06;MULTISETORIAL SUDESTE FIP MULTIESTRATÉGIA;2023-12-31;36434415.830000000000;;;;N;Investidores qualificados;36434415.83000000;7427.07970100;36434415.83000000;4905.61799500;36434415.83000000;0.00000000;4.00000000;100.00000000;0.00000000;0.00000000;0.00000000;0.00000000;0.00000000;0.00000000;0.00000000;0.00000000;0.00000000;0.00000000;0.00000000;0.00000000;0.00000000;0.00000000;0.00000000;0.00000000;0.00000000;0.00000000;0.00000000;0.00000000;0.00000000;0.00000000;0.00000000;0.00000000;0.00000000;0.00000000;0.00000000;0.00000000;4.00000000;100.00000000;unica;4.00000000;7427.07970100;7427.07970100;4905.61799500;N;N
10.869.379/0001-24;FUNDO VICTORY DE INVESTIMENTOS EM PARTICIPAÇÕES;2023-03-31;108483862.610000000000;;;;N;Investidores qualificados;108483862.61000000;72.73806266;108483862.61000000;72.73806266;108483862.61000000;0.00000000;0.00000000;0.00000000;1.00000000;100.00000000;0.00000000;0.00000000;0.00000000;0.00000000;0.00000000;0.00000000;0.00000000;0.00000000;0.00000000;0.00000000;0.00000000;0.00000000;0.00000000;0.00000000;0.00000000;0.00000000;0.00000000;0.00000000;0.00000000;0.00000000;0.00000000;0.00000000;0.00000000;0.00000000;0.00000000;0.00000000;1.00000000;100.00000000;3;1.00000000;72.73806266;72.73806266;1491431.83971076;N;N
10.869.379/0001-24;FUNDO VICTORY DE INVESTIMENTOS EM PARTICIPAÇÕES;2023-06-30;108477198.340000000000;;;;N;Investidores qualificados;108477198.34000000;72.73806266;108477198.34000000;72.73806266;108477198.34000000;0.00000000;0.00000000;0.00000000;1.00000000;100.00000000;0.00000000;0.00000000;0.00000000;0.00000000;0.00000000;0.00000000;0.00000000;0.00000000;0.00000000;0.00000000;0.00000000;0.00000000;0.00000000;0.00000000;0.00000000;0.00000000;0.00000000;0.00000000;0.00000000;0.00000000;0.00000000;0.00000000;0.00000000;0.00000000;0.00000000;0.00000000;1.00000000;100.00000000;3;1.00000000;72.73806266;72.73806266;1491340.21959116;N;N
10.869.379/0001-24;FUNDO VICTORY DE INVESTIMENTOS EM PARTICIPAÇÕES;2023-09-30;138168597.720000000000;;;;N;Investidores qualificados;138168597.72000000;92.67471077;138168597.72000000;92.67471077;138168597.72000000;0.00000000;0.00000000;0.00000000;1.00000000;100.00000000;0.00000000;0.00000000;0.00000000;0.00000000;0.00000000;0.00000000;0.00000000;0.00000000;0.00000000;0.00000000;0.00000000;0.00000000;0.00000000;0.00000000;0.00000000;0.00000000;0.00000000;0.00000000;0.00000000;0.00000000;0.00000000;0.00000000;0.00000000;0.00000000;0.00000000;0.00000000;1.00000000;100.00000000;3;1.00000000;92.67471077;92.67471077;1490898.61271851;N;N
10.869.379/0001-24;FUNDO VICTORY DE INVESTIMENTOS EM PARTICIPAÇÕES;2023-12-31;138137497.720000000000;;;;N;Investidores qualificados;138137497.72000000;92.68510744;138137497.72000000;92.68510744;138137497.72000000;0.00000000;0.00000000;0.00000000;1.00000000;100.00000000;0.00000000;0.00000000;0.00000000;0.00000000;0.00000000;0.00000000;0.00000000;0.00000000;0.00000000;0.00000000;0.00000000;0.00000000;0.00000000;0.00000000;0.00000000;0.00000000;0.00000000;0.00000000;0.00000000;0.00000000;0.00000000;0.00000000;0.00000000;0.00000000;0.00000000;0.00000000;1.00000000;100.00000000;3;1.00000000;92.68510744;92.68510744;1490395.83096460;N;N
10.912.885/0001-59;Pátria Real Estate II Multiestratégia Fundo de Investimento em Participações;2023-03-31;54065886.920000000000;;;;S;Investidores qualificados;1035767710.50000000;942277.00000000;1035767710.50000000;754675.90671803;952838549.10000000;0.00000000;0.00000000;0.00000000;0.00000000;0.00000000;0.00000000;0.00000000;0.00000000;0.00000000;0.00000000;0.00000000;2.00000000;52.40000000;0.00000000;0.00000000;0.00000000;0.00000000;0.00000000;0.00000000;0.00000000;0.00000000;0.00000000;0.00000000;0.00000000;0.00000000;4.00000000;47.60000000;0.00000000;0.00000000;0.00000000;0.00000000;6.00000000;100.00000000;1;2.00000000;508726.00000000;398716.00275446;70.19851626;N;N
10.912.885/0001-59;Pátria Real Estate II Multiestratégia Fundo de Investimento em Participações;2023-03-31;54065886.920000000000;;;;S;Investidores qualificados;1035767710.50000000;942277.00000000;1035767710.50000000;754675.90671803;952838549.10000000;0.00000000;0.00000000;0.00000000;0.00000000;0.00000000;0.00000000;0.00000000;0.00000000;0.00000000;0.00000000;0.00000000;2.00000000;52.40000000;0.00000000;0.00000000;0.00000000;0.00000000;0.00000000;0.00000000;0.00000000;0.00000000;0.00000000;0.00000000;0.00000000;0.00000000;4.00000000;47.60000000;0.00000000;0.00000000;0.00000000;0.00000000;6.00000000;100.00000000;2;4.00000000;433551.00000000;355959.90396357;73.23905695;N;N
10.912.885/0001-59;Pátria Real Estate II Multiestratégia Fundo de Investimento em Participações;2023-06-30;60220139.940000000000;;;;S;Investidores qualificados;1035767710.50000000;942277.00000000;1035767710.50000000;754675.90671803;952838549.10000000;0.00000000;0.00000000;0.00000000;0.00000000;0.00000000;0.00000000;0.00000000;0.00000000;0.00000000;0.00000000;0.00000000;2.00000000;52.40000000;0.00000000;0.00000000;0.00000000;0.00000000;0.00000000;0.00000000;0.00000000;0.00000000;0.00000000;0.00000000;0.00000000;0.00000000;4.00000000;47.60000000;0.00000000;0.00000000;0.00000000;0.00000000;6.00000000;100.00000000;1;2.00000000;508726.00000000;398716.00275446;78.26052427;N;N
10.912.885/0001-59;Pátria Real Estate II Multiestratégia Fundo de Investimento em Participações;2023-06-30;60220139.940000000000;;;;S;Investidores qualificados;1035767710.50000000;942277.00000000;1035767710.50000000;754675.90671803;952838549.10000000;0.00000000;0.00000000;0.00000000;0.00000000;0.00000000;0.00000000;0.00000000;0.00000000;0.00000000;0.00000000;0.00000000;2.00000000;52.40000000;0.00000000;0.00000000;0.00000000;0.00000000;0.00000000;0.00000000;0.00000000;0.00000000;0.00000000;0.00000000;0.00000000;0.00000000;4.00000000;47.60000000;0.00000000;0.00000000;0.00000000;0.00000000;6.00000000;100.00000000;2;4.00000000;433551.00000000;355959.90396357;81.53757635;N;N
10.912.885/0001-59;Pátria Real Estate II Multiestratégia Fundo de Investimento em Participações;2023-09-30;47255156.940000000000;;;;S;Investidores qualificados;1035767710.50000000;942277.00000000;1035767710.50000000;754675.90671803;958886621.24000000;0.00000000;0.00000000;0.00000000;0.00000000;0.00000000;0.00000000;0.00000000;0.00000000;0.00000000;0.00000000;0.00000000;2.00000000;52.40000000;0.00000000;0.00000000;0.00000000;0.00000000;0.00000000;0.00000000;0.00000000;0.00000000;0.00000000;0.00000000;0.00000000;0.00000000;4.00000000;47.60000000;0.00000000;0.00000000;0.00000000;0.00000000;6.00000000;100.00000000;1;2.00000000;508726.00000000;398716.00275446;61.31105061;N;N
10.912.885/0001-59;Pátria Real Estate II Multiestratégia Fundo de Investimento em Participações;2023-09-30;47255156.940000000000;;;;S;Investidores qualificados;1035767710.50000000;942277.00000000;1035767710.50000000;754675.90671803;958886621.24000000;0.00000000;0.00000000;0.00000000;0.00000000;0.00000000;0.00000000;0.00000000;0.00000000;0.00000000;0.00000000;0.00000000;2.00000000;52.40000000;0.00000000;0.00000000;0.00000000;0.00000000;0.00000000;0.00000000;0.00000000;0.00000000;0.00000000;0.00000000;0.00000000;0.00000000;4.00000000;47.60000000;0.00000000;0.00000000;0.00000000;0.00000000;6.00000000;100.00000000;2;4.00000000;433551.00000000;355959.90396357;64.08928001;N;N
10.912.885/0001-59;Pátria Real Estate II Multiestratégia Fundo de Investimento em Participações;2023-12-31;47551259.180000000000;;;;S;Investidores qualificados;1035767710.50000000;942277.00000000;1035767710.50000000;754675.90671803;958886621.24000000;0.00000000;0.00000000;0.00000000;0.00000000;0.00000000;0.00000000;0.00000000;0.00000000;0.00000000;0.00000000;0.00000000;2.00000000;52.40000000;0.00000000;0.00000000;0.00000000;0.00000000;0.00000000;0.00000000;0.00000000;0.00000000;0.00000000;0.00000000;0.00000000;0.00000000;4.00000000;47.60000000;0.00000000;0.00000000;0.00000000;0.00000000;6.00000000;100.00000000;1;2.00000000;508726.00000000;398716.00275446;61.69333263;N;N
10.912.885/0001-59;Pátria Real Estate II Multiestratégia Fundo de Investimento em Participações;2023-12-31;47551259.180000000000;;;;S;Investidores qualificados;1035767710.50000000;942277.00000000;1035767710.50000000;754675.90671803;958886621.24000000;0.00000000;0.00000000;0.00000000;0.00000000;0.00000000;0.00000000;0.00000000;0.00000000;0.00000000;0.00000000;0.00000000;2.00000000;52.40000000;0.00000000;0.00000000;0.00000000;0.00000000;0.00000000;0.00000000;0.00000000;0.00000000;0.00000000;0.00000000;0.00000000;0.00000000;4.00000000;47.60000000;0.00000000;0.00000000;0.00000000;0.00000000;6.00000000;100.00000000;2;4.00000000;433551.00000000;355959.90396357;64.48237544;N;N
10.947.525/0001-92;JMF FUNDO DE INVESTIMENTO EM PARTICIPAÇÕES EM CADEIAS PRODUTIVAS AGROINDUSTRIAIS;2023-03-31;3294334311.400000000000;;;;N;Investidores profissionais;6968850.40000000;2514823.61718116;6968850.40000000;2514823.61718116;6968850.40000000;0.00000000;0.00000000;0.00000000;3.00000000;100.00000000;0.00000000;0.00000000;0.00000000;0.00000000;0.00000000;0.00000000;0.00000000;0.00000000;0.00000000;0.00000000;0.00000000;0.00000000;0.00000000;0.00000000;0.00000000;0.00000000;0.00000000;0.00000000;0.00000000;0.00000000;0.00000000;0.00000000;0.00000000;0.00000000;0.00000000;0.00000000;3.00000000;100.00000000;1;3.00000000;2514823.61718116;2514823.61718120;1309.96634869;N;N
10.947.525/0001-92;JMF FUNDO DE INVESTIMENTO EM PARTICIPAÇÕES EM CADEIAS PRODUTIVAS AGROINDUSTRIAIS;2023-06-30;3581567887.760000000000;;;;N;Investidores profissionais;21152250.40000000;2515698.72000000;21152250.40000000;2515698.72000000;21152250.40000000;0.00000000;0.00000000;0.00000000;0.00000000;0.00000000;0.00000000;0.00000000;0.00000000;0.00000000;3.00000000;100.00000000;0.00000000;0.00000000;0.00000000;0.00000000;0.00000000;0.00000000;0.00000000;0.00000000;0.00000000;0.00000000;0.00000000;0.00000000;0.00000000;0.00000000;0.00000000;0.00000000;0.00000000;0.00000000;0.00000000;0.00000000;3.00000000;100.00000000;1;3.00000000;2515698.71532336;2515698.71532340;1423.69000000;N;N
10.947.525/0001-92;JMF FUNDO DE INVESTIMENTO EM PARTICIPAÇÕES EM CADEIAS PRODUTIVAS AGROINDUSTRIAIS;2023-09-30;3581210360.490000000000;;;;N;Investidores profissionais;280914402.17000000;2520119.44000000;280914402.17000000;2520119.43700000;280914402.17000000;0.00000000;0.00000000;0.00000000;3.00000000;100.00000000;0.00000000;0.00000000;0.00000000;0.00000000;0.00000000;0.00000000;0.00000000;0.00000000;0.00000000;0.00000000;0.00000000;0.00000000;0.00000000;0.00000000;0.00000000;0.00000000;0.00000000;0.00000000;0.00000000;0.00000000;0.00000000;0.00000000;0.00000000;0.00000000;0.00000000;0.00000000;3.00000000;100.00000000;1;3.00000000;2520119.43679633;2520119.43679630;1423.14000000;N;N
10.947.525/0001-92;JMF FUNDO DE INVESTIMENTO EM PARTICIPAÇÕES EM CADEIAS PRODUTIVAS AGROINDUSTRIAIS;2023-12-31;3406513050.130000000000;;;;N;Investidores profissionais;459471717.11000000;2517299.82000000;459471717.11000000;459471717.10000000;459471717.11000000;0.00000000;0.00000000;0.00000000;3.00000000;100.00000000;0.00000000;0.00000000;0.00000000;0.00000000;0.00000000;0.00000000;0.00000000;0.00000000;0.00000000;0.00000000;0.00000000;0.00000000;0.00000000;0.00000000;0.00000000;0.00000000;0.00000000;0.00000000;0.00000000;0.00000000;0.00000000;0.00000000;0.00000000;0.00000000;0.00000000;0.00000000;3.00000000;100.00000000;01;3.00000000;2517299.82225792;459471717.11000000;1353.24000000;N;N
10.947.549/0001-41;HANKOE FUNDO DE INVESTIMENTO EM PARTICIPAÇÕES - MULTIESTRATÉGIA RESPONSABILIDADE LIMITADA;2023-03-31;3142013707.440300000000;;;;S;Investidores profissionais;0.00000000;276085776.75657500;940000756.90000000;922834666.63665700;940000756.90000000;0.00000000;0.00000000;0.00000000;0.00000000;0.00000000;0.00000000;0.00000000;0.00000000;0.00000000;0.00000000;0.00000000;0.00000000;0.00000000;0.00000000;0.00000000;0.00000000;0.00000000;0.00000000;0.00000000;0.00000000;0.00000000;0.00000000;0.00000000;0.00000000;0.00000000;0.00000000;0.00000000;0.00000000;0.00000000;1.00000000;100.00000000;1.00000000;100.00000000;1;1.00000000;276085776.75657500;922834666.63665700;3.40474170;N;N
10.947.549/0001-41;HANKOE FUNDO DE INVESTIMENTO EM PARTICIPAÇÕES - MULTIESTRATÉGIA RESPONSABILIDADE LIMITADA;2023-06-30;3177033803.465100000000;;;;S;Investidores profissionais;0.00000000;273042513.14981800;940000756.90000000;922834666.63665700;940000756.90000000;0.00000000;0.00000000;0.00000000;0.00000000;0.00000000;0.00000000;0.00000000;0.00000000;0.00000000;0.00000000;0.00000000;0.00000000;0.00000000;0.00000000;0.00000000;0.00000000;0.00000000;0.00000000;0.00000000;0.00000000;0.00000000;0.00000000;0.00000000;0.00000000;0.00000000;0.00000000;0.00000000;0.00000000;0.00000000;1.00000000;100.00000000;1.00000000;100.00000000;1;1.00000000;273042513.14981800;922834666.63665700;3.44269010;N;N
10.947.549/0001-41;HANKOE FUNDO DE INVESTIMENTO EM PARTICIPAÇÕES - MULTIESTRATÉGIA RESPONSABILIDADE LIMITADA;2023-09-30;3176138033.026500000000;;;;S;Investidores profissionais;0.00000000;273119513.92320000;940000756.90000000;922834666.63665700;940000756.90000000;12617770.00000000;0.00000000;0.00000000;0.00000000;0.00000000;0.00000000;0.00000000;0.00000000;0.00000000;0.00000000;0.00000000;0.00000000;0.00000000;0.00000000;0.00000000;0.00000000;0.00000000;0.00000000;0.00000000;0.00000000;0.00000000;0.00000000;0.00000000;0.00000000;0.00000000;0.00000000;0.00000000;0.00000000;0.00000000;1.00000000;100.00000000;1.00000000;100.00000000;1;1.00000000;273119513.92320000;922834666.63665700;3.44171950;N;N
10.947.549/0001-41;HANKOE FUNDO DE INVESTIMENTO EM PARTICIPAÇÕES - MULTIESTRATÉGIA RESPONSABILIDADE LIMITADA;2023-12-31;2759000910.384800000000;;;;S;Investidores profissionais;940000756.90000000;314412828.62845600;940000756.90000000;922834666.63665700;940000756.90000000;12716676.91370000;0.00000000;0.00000000;0.00000000;0.00000000;0.00000000;0.00000000;0.00000000;0.00000000;0.00000000;0.00000000;0.00000000;0.00000000;0.00000000;0.00000000;0.00000000;0.00000000;0.00000000;0.00000000;0.00000000;0.00000000;0.00000000;0.00000000;0.00000000;0.00000000;0.00000000;0.00000000;0.00000000;0.00000000;1.00000000;100.00000000;1.00000000;100.00000000;1;1.00000000;314412828.62845600;922834666.63665700;2.98970230;N;N
10.947.569/0001-12;LOFOTEN FUNDO DE INVESTIMENTO EM PARTICIPAÇÕES - MULTIESTRATÉGIA RESPONSABILIDADE LIMITADA;2023-03-31;3197451781.664500000000;;;;S;Investidores profissionais;0.00000000;1300628273.70000000;1300628273.70000000;969156883.84008900;988393394.20000000;3142013671.70340000;6.00000000;100.00000000;0.00000000;0.00000000;0.00000000;0.00000000;0.00000000;0.00000000;0.00000000;0.00000000;0.00000000;0.00000000;0.00000000;0.00000000;0.00000000;0.00000000;0.00000000;0.00000000;0.00000000;0.00000000;0.00000000;0.00000000;0.00000000;0.00000000;0.00000000;0.00000000;0.00000000;0.00000000;0.00000000;0.00000000;6.00000000;100.00000000;1;6.00000000;1300628273.70000000;969156883.84008900;3.29920970;N;N
10.947.569/0001-12;LOFOTEN FUNDO DE INVESTIMENTO EM PARTICIPAÇÕES - MULTIESTRATÉGIA RESPONSABILIDADE LIMITADA;2023-06-30;3234090070.658300000000;;;;S;Investidores profissionais;0.00000000;1300628273.70000000;1300628273.70000000;969156883.84008900;988393394.20000000;3177033770.76680000;6.00000000;100.00000000;0.00000000;0.00000000;0.00000000;0.00000000;0.00000000;0.00000000;0.00000000;0.00000000;0.00000000;0.00000000;0.00000000;0.00000000;0.00000000;0.00000000;0.00000000;0.00000000;0.00000000;0.00000000;0.00000000;0.00000000;0.00000000;0.00000000;0.00000000;0.00000000;0.00000000;0.00000000;0.00000000;0.00000000;6.00000000;100.00000000;1;6.00000000;1300628273.70000000;969156883.84008900;3.33701400;N;N
10.947.569/0001-12;LOFOTEN FUNDO DE INVESTIMENTO EM PARTICIPAÇÕES - MULTIESTRATÉGIA RESPONSABILIDADE LIMITADA;2023-09-30;3234909266.447900000000;;;;S;Investidores profissionais;0.00000000;1300628273.70000000;1300628273.70000000;969156883.84008900;988393394.20000000;3176138067.43940000;6.00000000;100.00000000;0.00000000;0.00000000;0.00000000;0.00000000;0.00000000;0.00000000;0.00000000;0.00000000;0.00000000;0.00000000;0.00000000;0.00000000;0.00000000;0.00000000;0.00000000;0.00000000;0.00000000;0.00000000;0.00000000;0.00000000;0.00000000;0.00000000;0.00000000;0.00000000;0.00000000;0.00000000;0.00000000;0.00000000;6.00000000;100.00000000;1;6.00000000;1300628273.70000000;969156883.84008900;3.33785920;N;N
10.947.569/0001-12;LOFOTEN FUNDO DE INVESTIMENTO EM PARTICIPAÇÕES - MULTIESTRATÉGIA RESPONSABILIDADE LIMITADA;2023-12-31;2762769498.910000000000;;;;S;Investidores profissionais;1300628273.70000000;1300628273.70000000;1300628273.70000000;741670852.24654100;988393394.20000000;2759000925.36330000;6.00000000;100.00000000;0.00000000;0.00000000;0.00000000;0.00000000;0.00000000;0.00000000;0.00000000;0.00000000;0.00000000;0.00000000;0.00000000;0.00000000;0.00000000;0.00000000;0.00000000;0.00000000;0.00000000;0.00000000;0.00000000;0.00000000;0.00000000;0.00000000;0.00000000;0.00000000;0.00000000;0.00000000;0.00000000;0.00000000;6.00000000;100.00000000;1;6.00000000;1300628273.70000000;741670852.24654100;3.72506140;N;N
10.960.814/0001-21;FICFIP PATRIA REAL ESTATE TOP II;2023-03-31;1628763.830000000000;;;;S;Investidores qualificados;26150000.00000000;26150.00000000;26150000.00000000;22846.15366695;22148143.44000000;1477999.61000000;30.00000000;90.40000000;1.00000000;1.92000000;0.00000000;0.00000000;0.00000000;0.00000000;0.00000000;0.00000000;0.00000000;0.00000000;0.00000000;0.00000000;0.00000000;0.00000000;0.00000000;0.00000000;0.00000000;0.00000000;0.00000000;0.00000000;0.00000000;0.00000000;0.00000000;0.00000000;3.00000000;7.68000000;0.00000000;0.00000000;34.00000000;100.00000000;1;34.00000000;26150.00000000;22846.15366695;71.29269346;N;N
10.960.814/0001-21;FICFIP PATRIA REAL ESTATE TOP II;2023-06-30;2076093.260000000000;;;;S;Investidores qualificados;26150000.00000000;26150.00000000;26150000.00000000;22846.15366695;22846153.65000000;1645467.27000000;30.00000000;90.40000000;1.00000000;1.92000000;0.00000000;0.00000000;0.00000000;0.00000000;0.00000000;0.00000000;0.00000000;0.00000000;0.00000000;0.00000000;0.00000000;0.00000000;0.00000000;0.00000000;0.00000000;0.00000000;0.00000000;0.00000000;0.00000000;0.00000000;0.00000000;0.00000000;3.00000000;7.68000000;0.00000000;0.00000000;34.00000000;100.00000000;1;34.00000000;26150.00000000;22846.15366695;90.87276966;N;N
10.960.814/0001-21;FICFIP PATRIA REAL ESTATE TOP II;2023-09-30;1704387.670000000000;;;;S;Investidores qualificados;22148143.44000000;22846.15366589;22148143.44000000;22846.15366695;22148143.44000000;1301285.16000000;30.00000000;90.43000000;1.00000000;1.92000000;0.00000000;0.00000000;0.00000000;0.00000000;0.00000000;0.00000000;0.00000000;0.00000000;0.00000000;0.00000000;0.00000000;0.00000000;0.00000000;0.00000000;0.00000000;0.00000000;0.00000000;0.00000000;0.00000000;0.00000000;0.00000000;0.00000000;3.00000000;7.68000000;0.00000000;0.00000000;34.00000000;100.00000000;1;34.00000000;22846.15366695;22846.15366695;74.60282789;N;N
10.960.814/0001-21;FICFIP PATRIA REAL ESTATE TOP II;2023-12-31;1704387.670000000000;;;;S;Investidores qualificados;22148143.44000000;22846.15366589;22148143.44000000;22846.15366695;22148143.44000000;1301285.16000000;30.00000000;90.43000000;1.00000000;1.92000000;0.00000000;0.00000000;0.00000000;0.00000000;0.00000000;0.00000000;0.00000000;0.00000000;0.00000000;0.00000000;0.00000000;0.00000000;0.00000000;0.00000000;0.00000000;0.00000000;0.00000000;0.00000000;0.00000000;0.00000000;0.00000000;0.00000000;3.00000000;7.68000000;0.00000000;0.00000000;34.00000000;100.00000000;1;34.00000000;22846.15366695;22846.15366695;74.60282789;N;N
10.979.378/0001-32;Pátria Real Estate Private II Fundo de Investimento em Quotas Fundo de Investimento em Participações;2023-03-31;23328049.900000000000;;;;S;Investidores qualificados;413315107.52000000;408081.63220750;413315107.52000000;373318.00000000;322923647.76000000;23058672.05000000;36.00000000;32.41000000;0.00000000;0.00000000;0.00000000;0.00000000;0.00000000;0.00000000;0.00000000;0.00000000;0.00000000;0.00000000;0.00000000;0.00000000;12.00000000;33.88000000;0.00000000;0.00000000;0.00000000;0.00000000;0.00000000;0.00000000;0.00000000;0.00000000;13.00000000;33.71000000;0.00000000;0.00000000;0.00000000;0.00000000;61.00000000;100.00000000;1;61.00000000;408081.63220750;373318.00000000;62.48841443;N;N
10.979.378/0001-32;Pátria Real Estate Private II Fundo de Investimento em Quotas Fundo de Investimento em Participações;2023-06-30;25938485.270000000000;;;;S;Investidores qualificados;413315107.52000000;408081.63220750;413315107.52000000;373318.00000000;254449815.14000000;25671387.80000000;36.00000000;32.41000000;0.00000000;0.00000000;0.00000000;0.00000000;0.00000000;0.00000000;0.00000000;0.00000000;0.00000000;0.00000000;0.00000000;0.00000000;15.00000000;33.88000000;0.00000000;0.00000000;0.00000000;0.00000000;0.00000000;0.00000000;0.00000000;0.00000000;12.00000000;33.71000000;0.00000000;0.00000000;0.00000000;0.00000000;63.00000000;100.00000000;1;63.00000000;408081.63220750;373318.00000000;69.48093922;N;N
10.979.378/0001-32;Pátria Real Estate Private II Fundo de Investimento em Quotas Fundo de Investimento em Participações;2023-09-30;20419786.950000000000;;;;S;Investidores qualificados;413315107.52000000;408081.63220750;413315107.52000000;373318.00000000;476040836.60000000;20177945.36000000;36.00000000;32.41000000;0.00000000;0.00000000;0.00000000;0.00000000;0.00000000;0.00000000;0.00000000;0.00000000;0.00000000;0.00000000;5.00000000;13.95000000;10.00000000;19.93000000;0.00000000;0.00000000;0.00000000;0.00000000;0.00000000;0.00000000;0.00000000;0.00000000;12.00000000;33.71000000;0.00000000;0.00000000;0.00000000;0.00000000;63.00000000;100.00000000;1;63.00000000;408081.63220750;373318.00000000;54.69810443;N;N
10.979.378/0001-32;Pátria Real Estate Private II Fundo de Investimento em Quotas Fundo de Investimento em Participações;2023-12-31;20512575.280000000000;;;;S;Investidores qualificados;413315107.52000000;408081.63220750;413315107.52000000;373318.00000000;476040836.60000000;20301708.00000000;36.00000000;32.41000000;0.00000000;0.00000000;0.00000000;0.00000000;0.00000000;0.00000000;0.00000000;0.00000000;0.00000000;0.00000000;5.00000000;13.95000000;10.00000000;19.93000000;0.00000000;0.00000000;0.00000000;0.00000000;0.00000000;0.00000000;0.00000000;0.00000000;12.00000000;33.71000000;0.00000000;0.00000000;0.00000000;0.00000000;63.00000000;100.00000000;1;63.00000000;408081.63220750;373318.00000000;54.94665480;N;N
10.989.289/0001-77;FICFIP PATRIA REAL ESTATE II;2023-03-31;963207.240000000000;;;;S;Investidores qualificados;14609288.80000000;14650.00000000;14609288.80000000;13351.92686518;7429727.27000000;828018.45000000;55.00000000;93.17000000;1.00000000;1.71000000;0.00000000;0.00000000;0.00000000;0.00000000;0.00000000;0.00000000;0.00000000;0.00000000;0.00000000;0.00000000;0.00000000;0.00000000;0.00000000;0.00000000;0.00000000;0.00000000;0.00000000;0.00000000;0.00000000;0.00000000;0.00000000;0.00000000;3.00000000;5.12000000;0.00000000;0.00000000;59.00000000;100.00000000;1;59.00000000;14650.00000000;13351.92686518;72.13994278;N;N
10.989.289/0001-77;FICFIP PATRIA REAL ESTATE II;2023-06-30;971376.100000000000;;;;S;Investidores qualificados;15825963.75000000;13351.92686569;15825963.75000000;13351.92686569;15825963.75000000;921839.21000000;55.00000000;93.36000000;1.00000000;1.71000000;0.00000000;0.00000000;0.00000000;0.00000000;0.00000000;0.00000000;0.00000000;0.00000000;0.00000000;0.00000000;0.00000000;0.00000000;0.00000000;0.00000000;0.00000000;0.00000000;0.00000000;0.00000000;0.00000000;0.00000000;0.00000000;0.00000000;3.00000000;5.13000000;0.00000000;0.00000000;59.00000000;100.00000000;1;59.00000000;13351.92686569;13351.92686569;72.75175409;N;N
10.989.289/0001-77;FICFIP PATRIA REAL ESTATE II;2023-09-30;741748.990000000000;;;;S;Investidores qualificados;15565032.90000000;13351.92686518;15565032.90000000;13351.92686569;15565032.90000000;729018.26000000;56.00000000;93.36000000;1.00000000;1.71000000;0.00000000;0.00000000;0.00000000;0.00000000;0.00000000;0.00000000;0.00000000;0.00000000;0.00000000;0.00000000;0.00000000;0.00000000;0.00000000;0.00000000;0.00000000;0.00000000;0.00000000;0.00000000;0.00000000;0.00000000;0.00000000;0.00000000;3.00000000;5.13000000;0.00000000;0.00000000;60.00000000;100.00000000;1;60.00000000;13351.92686569;13351.92686569;55.55370378;N;N
10.989.289/0001-77;FICFIP PATRIA REAL ESTATE II;2023-12-31;741748.990000000000;;;;S;Investidores qualificados;15565032.90000000;13351.92686518;15565032.90000000;13351.92686569;15565032.90000000;729018.26000000;56.00000000;93.36000000;1.00000000;1.71000000;0.00000000;0.00000000;0.00000000;0.00000000;0.00000000;0.00000000;0.00000000;0.00000000;0.00000000;0.00000000;0.00000000;0.00000000;0.00000000;0.00000000;0.00000000;0.00000000;0.00000000;0.00000000;0.00000000;0.00000000;0.00000000;0.00000000;3.00000000;5.13000000;0.00000000;0.00000000;60.00000000;100.00000000;1;60.00000000;13351.92686569;13351.92686569;55.55370378;N;N
11.003.204/0001-00;SMILE FUNDO DE INVESTIMENTO EM PARTICIPACOES MULTIESTRATEGIA;2023-03-31;322956481.720000000000;;;;S;Investidores profissionais;218084120.83000000;218073021.25384300;218084120.83000000;175775295.25384300;175786394.83000000;0.00000000;0.00000000;0.00000000;0.00000000;0.00000000;0.00000000;0.00000000;0.00000000;0.00000000;0.00000000;0.00000000;3.00000000;100.00000000;0.00000000;0.00000000;0.00000000;0.00000000;0.00000000;0.00000000;0.00000000;0.00000000;0.00000000;0.00000000;0.00000000;0.00000000;0.00000000;0.00000000;0.00000000;0.00000000;0.00000000;0.00000000;3.00000000;100.00000000;1;3.00000000;218073021.25384300;175775295.25384300;1.83732578;N;N
11.003.204/0001-00;SMILE FUNDO DE INVESTIMENTO EM PARTICIPACOES MULTIESTRATEGIA;2023-06-30;323324004.630000000000;;;;S;Investidores profissionais;218084120.83000000;218073021.25384300;218084120.83000000;176334964.25384300;176346063.83000000;0.00000000;0.00000000;0.00000000;0.00000000;0.00000000;0.00000000;0.00000000;0.00000000;0.00000000;0.00000000;0.00000000;3.00000000;100.00000000;0.00000000;0.00000000;0.00000000;0.00000000;0.00000000;0.00000000;0.00000000;0.00000000;0.00000000;0.00000000;0.00000000;0.00000000;0.00000000;0.00000000;0.00000000;0.00000000;0.00000000;0.00000000;3.00000000;100.00000000;1;3.00000000;218073021.25384300;176334964.25384300;1.83357853;N;N
11.003.204/0001-00;SMILE FUNDO DE INVESTIMENTO EM PARTICIPACOES MULTIESTRATEGIA;2023-09-30;1118768.160000000000;;;;S;Investidores profissionais;218084120.83000000;218073021.25384300;218084120.83000000;176334964.25384300;176346063.83000000;0.00000000;0.00000000;0.00000000;0.00000000;0.00000000;0.00000000;0.00000000;0.00000000;0.00000000;0.00000000;0.00000000;3.00000000;100.00000000;0.00000000;0.00000000;0.00000000;0.00000000;0.00000000;0.00000000;0.00000000;0.00000000;0.00000000;0.00000000;0.00000000;0.00000000;0.00000000;0.00000000;0.00000000;0.00000000;0.00000000;0.00000000;3.00000000;100.00000000;1;3.00000000;218073021.25384300;176334964.25384300;0.00634456;N;N
11.003.204/0001-00;SMILE FUNDO DE INVESTIMENTO EM PARTICIPACOES MULTIESTRATEGIA;2023-12-31;0.000000000000;;;;S;Investidores profissionais;0.00000000;0.00000000;0.00000000;0.00000000;0.00000000;0.00000000;0.00000000;0.00000000;0.00000000;0.00000000;0.00000000;0.00000000;0.00000000;0.00000000;0.00000000;0.00000000;0.00000000;0.00000000;0.00000000;0.00000000;0.00000000;0.00000000;0.00000000;0.00000000;0.00000000;0.00000000;0.00000000;0.00000000;0.00000000;0.00000000;0.00000000;0.00000000;0.00000000;0.00000000;0.00000000;0.00000000;0.00000000;0.00000000;1;0.00000000;0.00000000;0.00000000;0.00000000;N;N
11.021.363/0001-20;FUNDO DE INVESTIMENTO EM PARTICIPAÇÕES EM INFRAESTRUTURA ENERGIAS RESPONSABILIDADE LIMITADA;2023-03-31;180138994.710000000000;;;;S;Investidores qualificados;740759037.57000000;831406735.15518100;740759037.57000000;831406735.15518100;740759037.57000000;0.00000000;14.00000000;59.99000000;1.00000000;0.97000000;0.00000000;0.00000000;0.00000000;0.00000000;0.00000000;0.00000000;2.00000000;39.04000000;0.00000000;0.00000000;0.00000000;0.00000000;0.00000000;0.00000000;0.00000000;0.00000000;0.00000000;0.00000000;0.00000000;0.00000000;0.00000000;0.00000000;0.00000000;0.00000000;0.00000000;0.00000000;17.00000000;100.00000000;1;17.00000000;831406735.15518100;831406735.15518100;0.21666771;N;N
11.021.363/0001-20;FUNDO DE INVESTIMENTO EM PARTICIPAÇÕES EM INFRAESTRUTURA ENERGIAS RESPONSABILIDADE LIMITADA;2023-06-30;179930841.430000000000;;;;S;Investidores qualificados;740759037.57000000;831406735.15518100;740759037.57000000;831406735.15518100;740759037.57000000;0.00000000;14.00000000;59.99000000;1.00000000;0.97000000;0.00000000;0.00000000;0.00000000;0.00000000;0.00000000;0.00000000;2.00000000;39.04000000;0.00000000;0.00000000;0.00000000;0.00000000;0.00000000;0.00000000;0.00000000;0.00000000;0.00000000;0.00000000;0.00000000;0.00000000;0.00000000;0.00000000;0.00000000;0.00000000;0.00000000;0.00000000;17.00000000;100.00000000;1;17.00000000;831406735.15518100;831406735.15518100;0.21641734;N;N
11.021.363/0001-20;FUNDO DE INVESTIMENTO EM PARTICIPAÇÕES EM INFRAESTRUTURA ENERGIAS RESPONSABILIDADE LIMITADA;2023-09-30;217774026.550000000000;;;;S;Investidores qualificados;745383349.57000000;836031047.15518100;745383349.57000000;836031047.15518100;745383349.57000000;0.00000000;14.00000000;59.91000000;1.00000000;0.97000000;0.00000000;0.00000000;0.00000000;0.00000000;0.00000000;0.00000000;2.00000000;39.11000000;0.00000000;0.00000000;0.00000000;0.00000000;0.00000000;0.00000000;0.00000000;0.00000000;0.00000000;0.00000000;0.00000000;0.00000000;0.00000000;0.00000000;0.00000000;0.00000000;0.00000000;0.00000000;17.00000000;100.00000000;1;17.00000000;836031047.15518100;836031047.15518100;0.26048557;N;N
11.021.363/0001-20;FUNDO DE INVESTIMENTO EM PARTICIPAÇÕES EM INFRAESTRUTURA ENERGIAS RESPONSABILIDADE LIMITADA;2023-12-31;224723476.560000000000;;;;S;Investidores qualificados;737447014.27000000;838326737.15518100;737447014.27000000;838326737.15518100;737447014.27000000;0.00000000;16.00000000;60.97000000;0.00000000;0.00000000;0.00000000;0.00000000;0.00000000;0.00000000;0.00000000;0.00000000;2.00000000;39.04000000;0.00000000;0.00000000;0.00000000;0.00000000;0.00000000;0.00000000;0.00000000;0.00000000;0.00000000;0.00000000;0.00000000;0.00000000;0.00000000;0.00000000;0.00000000;0.00000000;0.00000000;0.00000000;18.00000000;100.00000000;1;18.00000000;838326737.15518100;838326737.15518100;0.26806192;N;N
11.052.746/0001-65;Pátria Team Real Estate II Fundo de Investimento em Quotas Fundo de Investimento em Participações;2023-03-31;870510.210000000000;;;;S;Investidores qualificados;12000000.00000000;12000.00000000;12000000.00000000;9995.00000000;13027961.74000000;705477.79000000;19.00000000;34.41000000;0.00000000;0.00000000;0.00000000;0.00000000;0.00000000;0.00000000;0.00000000;0.00000000;3.00000000;3.47000000;0.00000000;0.00000000;0.00000000;0.00000000;0.00000000;0.00000000;0.00000000;0.00000000;0.00000000;0.00000000;0.00000000;0.00000000;4.00000000;62.10000000;0.00000000;0.00000000;0.00000000;0.00000000;26.00000000;100.00000000;1;26.00000000;9995.00000000;9995.00000000;87.09456828;N;N
11.052.746/0001-65;Pátria Team Real Estate II Fundo de Investimento em Quotas Fundo de Investimento em Participações;2023-06-30;915071.520000000000;;;;S;Investidores qualificados;12000000.00000000;12000.00000000;12000000.00000000;9995.00000000;12697041.60000000;785413.57000000;19.00000000;34.41000000;0.00000000;0.00000000;0.00000000;0.00000000;0.00000000;0.00000000;0.00000000;0.00000000;3.00000000;3.47000000;0.00000000;0.00000000;0.00000000;0.00000000;0.00000000;0.00000000;0.00000000;0.00000000;0.00000000;0.00000000;0.00000000;0.00000000;4.00000000;62.10000000;0.00000000;0.00000000;0.00000000;0.00000000;26.00000000;100.00000000;1;26.00000000;9995.00000000;9995.00000000;91.55292846;N;N
11.052.746/0001-65;Pátria Team Real Estate II Fundo de Investimento em Quotas Fundo de Investimento em Participações;2023-09-30;721740.750000000000;;;;S;Investidores qualificados;12000000.00000000;12000.00000000;12000000.00000000;9995.00000000;13109753.65000000;617342.24000000;19.00000000;34.41000000;0.00000000;0.00000000;0.00000000;0.00000000;0.00000000;0.00000000;0.00000000;0.00000000;3.00000000;3.47000000;0.00000000;0.00000000;0.00000000;0.00000000;0.00000000;0.00000000;0.00000000;0.00000000;0.00000000;0.00000000;0.00000000;0.00000000;4.00000000;62.10000000;0.00000000;0.00000000;0.00000000;0.00000000;26.00000000;100.00000000;1;26.00000000;9995.00000000;9995.00000000;72.21018009;N;N
11.052.746/0001-65;Pátria Team Real Estate II Fundo de Investimento em Quotas Fundo de Investimento em Participações;2023-12-31;691789.760000000000;;;;S;Investidores qualificados;12000000.00000000;12000.00000000;12000000.00000000;9995.00000000;13109753.65000000;621128.75000000;19.00000000;34.41000000;0.00000000;0.00000000;0.00000000;0.00000000;0.00000000;0.00000000;0.00000000;0.00000000;3.00000000;3.47000000;0.00000000;0.00000000;0.00000000;0.00000000;0.00000000;0.00000000;0.00000000;0.00000000;0.00000000;0.00000000;0.00000000;0.00000000;4.00000000;62.10000000;0.00000000;0.00000000;0.00000000;0.00000000;26.00000000;100.00000000;1;26.00000000;9995.00000000;9995.00000000;69.21358279;N;N
11.065.890/0001-36;UV RE I FUNDO DE INVESTIMENTO EM PARTICIPAÇÕES MULTIESTRATÉGIA RESPONSABILIDADE LIMITADA;2023-03-31;25189182.389300000000;;;;S;Investidores profissionais;80000000.00000000;31565.89908527;80000000.00000000;26496.37901200;37198017.49700000;0.00000000;1.00000000;10.00000000;0.00000000;0.00000000;0.00000000;0.00000000;0.00000000;0.00000000;0.00000000;0.00000000;0.00000000;0.00000000;0.00000000;0.00000000;0.00000000;0.00000000;0.00000000;0.00000000;0.00000000;0.00000000;0.00000000;0.00000000;0.00000000;0.00000000;0.00000000;0.00000000;0.00000000;0.00000000;4.00000000;90.00000000;5.00000000;100.00000000;1;5.00000000;31565.89908527;26496.37901200;950.66508440;N;N
11.065.890/0001-36;UV RE I FUNDO DE INVESTIMENTO EM PARTICIPAÇÕES MULTIESTRATÉGIA RESPONSABILIDADE LIMITADA;2023-06-30;28851644.930900000000;;;;S;Investidores profissionais;79999999.99000000;31565.89908133;79999999.99000000;28863.62658600;40348017.49700000;0.00000000;5.00000000;10.00000000;0.00000000;0.00000000;0.00000000;0.00000000;0.00000000;0.00000000;0.00000000;0.00000000;0.00000000;0.00000000;0.00000000;0.00000000;0.00000000;0.00000000;0.00000000;0.00000000;0.00000000;0.00000000;0.00000000;0.00000000;0.00000000;0.00000000;0.00000000;0.00000000;0.00000000;0.00000000;4.00000000;90.00000000;9.00000000;100.00000000;1;9.00000000;31565.89908133;28863.62658600;999.58488740;N;N
11.065.890/0001-36;UV RE I FUNDO DE INVESTIMENTO EM PARTICIPAÇÕES MULTIESTRATÉGIA RESPONSABILIDADE LIMITADA;2023-09-30;33990557.321300000000;;;;S;Investidores profissionais;79999999.99000000;31565.89908133;79999999.99000000;29878.16123700;41698017.46700000;0.00000000;5.00000000;10.00000000;0.00000000;0.00000000;0.00000000;0.00000000;0.00000000;0.00000000;0.00000000;0.00000000;0.00000000;0.00000000;0.00000000;0.00000000;0.00000000;0.00000000;0.00000000;0.00000000;0.00000000;0.00000000;0.00000000;0.00000000;0.00000000;0.00000000;0.00000000;0.00000000;0.00000000;0.00000000;4.00000000;90.00000000;9.00000000;100.00000000;1;9.00000000;31565.89908133;29878.16123700;1137.63886110;N;N
11.065.890/0001-36;UV RE I FUNDO DE INVESTIMENTO EM PARTICIPAÇÕES MULTIESTRATÉGIA RESPONSABILIDADE LIMITADA;2023-12-31;35994089.811400000000;;;;S;Investidores profissionais;80000000.00000000;31565.89908527;80000000.00000000;30892.69591000;43048017.46690000;0.00000000;0.00000000;0.00000000;0.00000000;0.00000000;0.00000000;0.00000000;0.00000000;0.00000000;0.00000000;0.00000000;0.00000000;0.00000000;0.00000000;0.00000000;0.00000000;0.00000000;0.00000000;0.00000000;0.00000000;0.00000000;0.00000000;0.00000000;0.00000000;0.00000000;0.00000000;0.00000000;0.00000000;0.00000000;5.00000000;100.00000000;5.00000000;100.00000000;1;5.00000000;31565.89908527;30892.69591000;1165.13268760;N;N
11.083.096/0001-15;OLEO E GAS FUNDO DE INVESTIMENTO EM PARTICIPACOES MULTIESTRATEGIA;2023-03-31;-10697906.990000000000;;;;S;Investidores qualificados;500000000.00000000;500000.00000000;500000000.00000000;363722.45541000;363722455.41000000;0.00000000;0.00000000;0.00000000;1.00000000;20.00000000;1.00000000;3.00000000;0.00000000;0.00000000;0.00000000;0.00000000;0.00000000;0.00000000;0.00000000;0.00000000;7.00000000;77.00000000;0.00000000;0.00000000;0.00000000;0.00000000;0.00000000;0.00000000;0.00000000;0.00000000;0.00000000;0.00000000;0.00000000;0.00000000;0.00000000;0.00000000;9.00000000;100.00000000;1;9.00000000;500000.00000000;363722.45541000;-29.41228070;N;N
11.083.096/0001-15;OLEO E GAS FUNDO DE INVESTIMENTO EM PARTICIPACOES MULTIESTRATEGIA;2023-06-30;-11373397.450000000000;;;;S;Investidores qualificados;500000000.00000000;500000.00000000;500000000.00000000;363722.45541000;363722455.41000000;0.00000000;0.00000000;0.00000000;1.00000000;20.00000000;1.00000000;3.00000000;0.00000000;0.00000000;0.00000000;0.00000000;0.00000000;0.00000000;0.00000000;0.00000000;7.00000000;77.00000000;0.00000000;0.00000000;0.00000000;0.00000000;0.00000000;0.00000000;0.00000000;0.00000000;0.00000000;0.00000000;0.00000000;0.00000000;0.00000000;0.00000000;9.00000000;100.00000000;1;9.00000000;500000.00000000;363722.45541000;-31.26943980;N;N
11.083.096/0001-15;OLEO E GAS FUNDO DE INVESTIMENTO EM PARTICIPACOES MULTIESTRATEGIA;2023-09-30;-11082754.670000000000;;;;S;Investidores qualificados;500000000.00000000;500000.00000000;500000000.00000000;365202.45497000;365202454.97000000;0.00000000;0.00000000;0.00000000;1.00000000;20.00000000;1.00000000;3.00000000;0.00000000;0.00000000;0.00000000;0.00000000;0.00000000;0.00000000;0.00000000;0.00000000;19.00000000;55.30000000;0.00000000;0.00000000;0.00000000;0.00000000;0.00000000;0.00000000;0.00000000;0.00000000;1.00000000;21.70000000;0.00000000;0.00000000;0.00000000;0.00000000;22.00000000;100.00000000;1;22.00000000;500000.00000000;365202.45497000;-30.34687880;N;N
11.083.096/0001-15;OLEO E GAS FUNDO DE INVESTIMENTO EM PARTICIPACOES MULTIESTRATEGIA;2023-12-31;-11635246.320000000000;;;;S;Investidores qualificados;500000000.00000000;500000.00000000;500000000.00000000;365202.45497000;365202454.97000000;0.00000000;0.00000000;0.00000000;1.00000000;20.00000000;1.00000000;3.00000000;0.00000000;0.00000000;0.00000000;0.00000000;0.00000000;0.00000000;0.00000000;0.00000000;19.00000000;77.00000000;0.00000000;0.00000000;0.00000000;0.00000000;0.00000000;0.00000000;0.00000000;0.00000000;1.00000000;0.00000000;0.00000000;0.00000000;0.00000000;0.00000000;22.00000000;100.00000000;1;9.00000000;500000.00000000;365202.45497000;-31.85971550;N;N
11.083.728/0001-40;TOSCANA II FUNDO DE INVESTIMENTO EM PARTICIPAÇÕES MULTIESTRATÉGIA;2023-03-31;139195767.790000000000;;;;N;Investidores qualificados;0.00000000;1190272.69842894;104347029.51000000;1190272.69842894;104347029.51000000;0.00000000;3.00000000;99.99999999;0.00000000;0.00000000;0.00000000;0.00000000;0.00000000;0.00000000;0.00000000;0.00000000;0.00000000;0.00000000;0.00000000;0.00000000;0.00000000;0.00000000;0.00000000;0.00000000;0.00000000;0.00000000;0.00000000;0.00000000;0.00000000;0.00000000;0.00000000;0.00000000;0.00000000;0.00000000;0.00000000;0.00000000;3.00000000;99.99999999;1;3.00000000;1190272.69842894;1190272.69842894;116.94443464;N;N
11.083.728/0001-40;TOSCANA II FUNDO DE INVESTIMENTO EM PARTICIPAÇÕES MULTIESTRATÉGIA;2023-06-30;139126467.930000000000;;;;N;Investidores qualificados;0.00000000;1190272.69842894;104347029.51000000;1190272.69842894;104347029.51000000;0.00000000;3.00000000;99.99999999;0.00000000;0.00000000;0.00000000;0.00000000;0.00000000;0.00000000;0.00000000;0.00000000;0.00000000;0.00000000;0.00000000;0.00000000;0.00000000;0.00000000;0.00000000;0.00000000;0.00000000;0.00000000;0.00000000;0.00000000;0.00000000;0.00000000;0.00000000;0.00000000;0.00000000;0.00000000;0.00000000;0.00000000;3.00000000;99.99999999;1;3.00000000;1190272.69842894;1190272.69842894;116.88621281;N;N
11.083.728/0001-40;TOSCANA II FUNDO DE INVESTIMENTO EM PARTICIPAÇÕES MULTIESTRATÉGIA;2023-09-30;146917628.030000000000;;;;N;Investidores qualificados;0.00000000;1190272.69842894;104347029.51000000;1190272.69842894;104347029.51000000;0.00000000;3.00000000;100.00000000;0.00000000;0.00000000;0.00000000;0.00000000;0.00000000;0.00000000;0.00000000;0.00000000;0.00000000;0.00000000;0.00000000;0.00000000;0.00000000;0.00000000;0.00000000;0.00000000;0.00000000;0.00000000;0.00000000;0.00000000;0.00000000;0.00000000;0.00000000;0.00000000;0.00000000;0.00000000;0.00000000;0.00000000;3.00000000;100.00000000;1;3.00000000;1190272.69842894;1190272.69842894;123.43190617;N;N
11.083.728/0001-40;TOSCANA II FUNDO DE INVESTIMENTO EM PARTICIPAÇÕES MULTIESTRATÉGIA;2023-12-31;146867275.200000000000;;;;N;Investidores qualificados;0.00000000;1190275.46185454;105362623.77000000;1190275.46185454;105362623.77000000;0.00000000;3.00000000;100.00000001;0.00000000;0.00000000;0.00000000;0.00000000;0.00000000;0.00000000;0.00000000;0.00000000;0.00000000;0.00000000;0.00000000;0.00000000;0.00000000;0.00000000;0.00000000;0.00000000;0.00000000;0.00000000;0.00000000;0.00000000;0.00000000;0.00000000;0.00000000;0.00000000;0.00000000;0.00000000;0.00000000;0.00000000;3.00000000;100.00000001;1;3.00000000;1190275.46185454;1190275.46185454;123.38931609;N;N
11.111.528/0001-54;SÃO MIGUEL FUNDO DE INVESTIMENTO EM PARTICIPAÇÕES MULTIESTRATÉGIA;2023-03-31;917893766.270000000000;;;;N;Investidores qualificados;126418477.47000000;126.13394648;126418477.47000000;126.13394648;126418477.48000000;0.00000000;3.00000000;100.00000000;0.00000000;0.00000000;0.00000000;0.00000000;0.00000000;0.00000000;0.00000000;0.00000000;0.00000000;0.00000000;0.00000000;0.00000000;0.00000000;0.00000000;0.00000000;0.00000000;0.00000000;0.00000000;0.00000000;0.00000000;0.00000000;0.00000000;0.00000000;0.00000000;0.00000000;0.00000000;0.00000000;0.00000000;3.00000000;100.00000000;1;3.00000000;126.13394648;126.13394648;8380638.43961900;N;N
11.111.528/0001-54;SÃO MIGUEL FUNDO DE INVESTIMENTO EM PARTICIPAÇÕES MULTIESTRATÉGIA;2023-06-30;1148210997.250000000000;;;;N;Investidores qualificados;126418477.47000000;126.13394648;126418477.47000000;126.13394648;126418477.48000000;0.00000000;3.00000000;100.00000000;0.00000000;0.00000000;0.00000000;0.00000000;0.00000000;0.00000000;0.00000000;0.00000000;0.00000000;0.00000000;0.00000000;0.00000000;0.00000000;0.00000000;0.00000000;0.00000000;0.00000000;0.00000000;0.00000000;0.00000000;0.00000000;0.00000000;0.00000000;0.00000000;0.00000000;0.00000000;0.00000000;0.00000000;3.00000000;100.00000000;1;3.00000000;126.13394648;126.13394648;10483502.09391300;N;N
11.111.528/0001-54;SÃO MIGUEL FUNDO DE INVESTIMENTO EM PARTICIPAÇÕES MULTIESTRATÉGIA;2023-09-30;1082155151.800000000000;;;;N;Investidores qualificados;126418477.47000000;126.13394648;126418477.47000000;126.13394648;126418477.48000000;0.00000000;3.00000000;100.00000000;0.00000000;0.00000000;0.00000000;0.00000000;0.00000000;0.00000000;0.00000000;0.00000000;0.00000000;0.00000000;0.00000000;0.00000000;0.00000000;0.00000000;0.00000000;0.00000000;0.00000000;0.00000000;0.00000000;0.00000000;0.00000000;0.00000000;0.00000000;0.00000000;0.00000000;0.00000000;0.00000000;0.00000000;3.00000000;100.00000000;1;3.00000000;126.13394648;126.13394648;9880392.91263600;N;N
11.111.528/0001-54;SÃO MIGUEL FUNDO DE INVESTIMENTO EM PARTICIPAÇÕES MULTIESTRATÉGIA;2023-12-31;1235618043.270000000000;;;;N;Investidores qualificados;126418477.47000000;126.13394648;126418477.47000000;126.13800699;126418477.48000000;0.00000000;3.00000000;100.00000000;0.00000000;0.00000000;0.00000000;0.00000000;0.00000000;0.00000000;0.00000000;0.00000000;0.00000000;0.00000000;0.00000000;0.00000000;0.00000000;0.00000000;0.00000000;0.00000000;0.00000000;0.00000000;0.00000000;0.00000000;0.00000000;0.00000000;0.00000000;0.00000000;0.00000000;0.00000000;0.00000000;0.00000000;3.00000000;100.00000000;1;3.00000000;126.13394648;126.13800699;11363655.15504300;N;N
11.119.089/0001-26;ATENAS FIP MULTIESTRATÉGIA;2023-03-31;124597741.280000000000;;;;S;Investidores qualificados;77767562.77000000;68461663.95334000;77767562.77000000;68461663.95334000;77767562.77000000;0.00000000;0.00000000;0.00000000;1.00000000;100.00000000;0.00000000;0.00000000;0.00000000;0.00000000;0.00000000;0.00000000;0.00000000;0.00000000;0.00000000;0.00000000;0.00000000;0.00000000;0.00000000;0.00000000;0.00000000;0.00000000;0.00000000;0.00000000;0.00000000;0.00000000;0.00000000;0.00000000;0.00000000;0.00000000;0.00000000;0.00000000;1.00000000;100.00000000;1;1.00000000;68461663.95334000;68461663.95334000;1.81996367;N;N
11.119.089/0001-26;ATENAS FIP MULTIESTRATÉGIA;2023-06-30;102622692.000000000000;;;;N;Investidores qualificados;77969562.77000000;68663663.95334000;77969562.77000000;68663663.95334000;77969562.77000000;0.00000000;0.00000000;0.00000000;1.00000000;100.00000000;0.00000000;0.00000000;0.00000000;0.00000000;0.00000000;0.00000000;0.00000000;0.00000000;0.00000000;0.00000000;0.00000000;0.00000000;0.00000000;0.00000000;0.00000000;0.00000000;0.00000000;0.00000000;0.00000000;0.00000000;0.00000000;0.00000000;0.00000000;0.00000000;0.00000000;0.00000000;1.00000000;100.00000000;1;1.00000000;68663663.95334000;68663663.95334000;1.49457057;N;N
11.119.089/0001-26;ATENAS FIP MULTIESTRATÉGIA;2023-09-30;114105556.110000000000;;;;N;Investidores qualificados;77969562.77000000;68663663.95334000;77969562.77000000;68663663.95334000;77969562.77000000;0.00000000;0.00000000;0.00000000;1.00000000;100.00000000;0.00000000;0.00000000;0.00000000;0.00000000;0.00000000;0.00000000;0.00000000;0.00000000;0.00000000;0.00000000;0.00000000;0.00000000;0.00000000;0.00000000;0.00000000;0.00000000;0.00000000;0.00000000;0.00000000;0.00000000;0.00000000;0.00000000;0.00000000;0.00000000;0.00000000;0.00000000;1.00000000;100.00000000;1;1.00000000;68663663.95334000;68663663.95334000;1.66180406;N;N
11.119.089/0001-26;ATENAS FIP MULTIESTRATÉGIA;2023-12-31;48904793.730000000000;;;;N;Investidores qualificados;77969562.77000000;68663663.95334000;77969562.77000000;68663663.95334000;77969562.77000000;0.00000000;0.00000000;0.00000000;1.00000000;100.00000000;0.00000000;0.00000000;0.00000000;0.00000000;0.00000000;0.00000000;0.00000000;0.00000000;0.00000000;0.00000000;0.00000000;0.00000000;0.00000000;0.00000000;0.00000000;0.00000000;0.00000000;0.00000000;0.00000000;0.00000000;0.00000000;0.00000000;0.00000000;0.00000000;0.00000000;0.00000000;1.00000000;100.00000000;1;1.00000000;68663663.95334000;68663663.95334000;0.71223687;N;N
11.128.861/0001-76;HMV FUNDO DE INVESTIMENTO EM PARTICIPAÇÕES MULTIESTRATÉGIA DE RESPONSABILIDADE LIMITADA;2023-03-31;160554681.200000000000;;;;S;Investidores qualificados;244750845.91000000;331427.46820000;244750845.91000000;331427.46820000;244750845.91000000;0.00000000;0.00000000;0.00000000;0.00000000;0.00000000;0.00000000;0.00000000;0.00000000;0.00000000;0.00000000;0.00000000;0.00000000;0.00000000;0.00000000;0.00000000;0.00000000;0.00000000;0.00000000;0.00000000;0.00000000;0.00000000;0.00000000;0.00000000;0.00000000;0.00000000;5.00000000;100.00000000;0.00000000;0.00000000;0.00000000;0.00000000;5.00000000;0.00000000;1;5.00000000;331427.46820000;331427.46820000;484.43384040;N;N
11.128.861/0001-76;HMV FUNDO DE INVESTIMENTO EM PARTICIPAÇÕES MULTIESTRATÉGIA DE RESPONSABILIDADE LIMITADA;2023-06-30;160503245.900000000000;;;;S;Investidores qualificados;244750845.91000000;331427.46820000;244750845.91000000;331427.46820000;244750845.91000000;0.00000000;0.00000000;0.00000000;0.00000000;0.00000000;0.00000000;0.00000000;0.00000000;0.00000000;0.00000000;0.00000000;0.00000000;0.00000000;0.00000000;0.00000000;0.00000000;0.00000000;0.00000000;0.00000000;0.00000000;0.00000000;0.00000000;0.00000000;0.00000000;0.00000000;5.00000000;100.00000000;0.00000000;0.00000000;0.00000000;0.00000000;5.00000000;0.00000000;1;5.00000000;331427.46820000;331427.46820000;484.27864710;N;N
11.128.861/0001-76;HMV FUNDO DE INVESTIMENTO EM PARTICIPAÇÕES MULTIESTRATÉGIA DE RESPONSABILIDADE LIMITADA;2023-09-30;160453238.600000000000;;;;S;Investidores qualificados;244750845.91000000;331427.46815374;244750845.91000000;331427.46815374;244750845.91000000;0.00000000;0.00000000;0.00000000;0.00000000;0.00000000;0.00000000;0.00000000;0.00000000;0.00000000;0.00000000;0.00000000;0.00000000;0.00000000;0.00000000;0.00000000;0.00000000;0.00000000;0.00000000;0.00000000;0.00000000;0.00000000;0.00000000;0.00000000;0.00000000;0.00000000;5.00000000;100.00000000;0.00000000;0.00000000;0.00000000;0.00000000;5.00000000;0.00000000;1;5.00000000;331427.46815374;331427.46815374;484.12776253;N;N
11.128.861/0001-76;HMV FUNDO DE INVESTIMENTO EM PARTICIPAÇÕES MULTIESTRATÉGIA DE RESPONSABILIDADE LIMITADA;2023-12-31;231077654.900000000000;;;;S;Investidores qualificados;301511578.40000000;471974.99170000;301511578.40000000;471974.99170000;301511578.40000000;0.00000000;0.00000000;0.00000000;0.00000000;0.00000000;0.00000000;0.00000000;0.00000000;0.00000000;0.00000000;0.00000000;0.00000000;0.00000000;0.00000000;0.00000000;0.00000000;0.00000000;0.00000000;0.00000000;0.00000000;0.00000000;0.00000000;0.00000000;0.00000000;0.00000000;4.00000000;100.00000000;0.00000000;0.00000000;0.00000000;0.00000000;4.00000000;0.00000000;1;4.00000000;471974.99170000;471974.99170000;489.59724350;N;N
11.160.957/0001-11;BRASIL AGRONEGÓCIO FIP MULTIESTRATÉGIA - RESP LIMITADA;2023-03-31;538434079.160000000000;;;;S;Investidores qualificados;840000000.00000000;840000.00000000;840000000.00000000;592199.99998000;592199999.98000000;0.00000000;0.00000000;0.00000000;3.00000000;26.43000000;2.00000000;21.67000000;0.00000000;0.00000000;0.00000000;0.00000000;0.00000000;0.00000000;0.00000000;0.00000000;5.00000000;51.90000000;0.00000000;0.00000000;0.00000000;0.00000000;0.00000000;0.00000000;0.00000000;0.00000000;0.00000000;0.00000000;0.00000000;0.00000000;0.00000000;0.00000000;10.00000000;100.00000000;1;10.00000000;840000.00000000;592199999.98000000;909.20986010;N;N
11.160.957/0001-11;BRASIL AGRONEGÓCIO FIP MULTIESTRATÉGIA - RESP LIMITADA;2023-06-30;296931179.910000000000;;;;S;Investidores qualificados;840000000.00000000;840000.00000000;840000000.00000000;592199.99998000;592199999.98000000;0.00000000;0.00000000;0.00000000;3.00000000;26.43000000;2.00000000;18.66000000;0.00000000;0.00000000;0.00000000;0.00000000;0.00000000;0.00000000;0.00000000;0.00000000;5.00000000;8.10000000;0.00000000;0.00000000;0.00000000;0.00000000;0.00000000;0.00000000;0.00000000;0.00000000;3.00000000;46.81000000;0.00000000;0.00000000;0.00000000;0.00000000;13.00000000;100.00000000;1;13.00000000;840000.00000000;592199.99998000;501.40354590;N;N
11.160.957/0001-11;BRASIL AGRONEGÓCIO FIP MULTIESTRATÉGIA - RESP LIMITADA;2023-09-30;305960240.480000000000;;;;S;Investidores qualificados;840000000.00000000;840000.00000000;840000000.00000000;592199.99998000;592199999.98000000;0.00000000;0.00000000;0.00000000;3.00000000;26.43000000;2.00000000;21.67000000;0.00000000;0.00000000;0.00000000;0.00000000;0.00000000;0.00000000;0.00000000;0.00000000;5.00000000;51.90000000;0.00000000;0.00000000;0.00000000;0.00000000;0.00000000;0.00000000;0.00000000;0.00000000;0.00000000;0.00000000;0.00000000;0.00000000;0.00000000;0.00000000;10.00000000;100.00000000;1;10.00000000;840000.00000000;592199.99998000;516.65018650;N;N
11.160.957/0001-11;BRASIL AGRONEGÓCIO FIP MULTIESTRATÉGIA - RESP LIMITADA;2023-12-31;301281667.960000000000;;;;S;Investidores qualificados;840000000.00000000;840000.00000000;840000000.00000000;592199.99998000;592199999.98000000;0.00000000;0.00000000;0.00000000;2.00000000;25.00000000;2.00000000;21.67000000;0.00000000;0.00000000;0.00000000;0.00000000;0.00000000;0.00000000;0.00000000;0.00000000;0.00000000;0.00000000;0.00000000;0.00000000;4.00000000;6.31000000;0.00000000;0.00000000;0.00000000;0.00000000;3.00000000;47.02000000;0.00000000;0.00000000;0.00000000;0.00000000;11.00000000;100.00000000;1;11.00000000;840000.00000000;592199.99998000;508.74986140;N;N
11.249.598/0001-73;AGRIFARM FUNDO DE INVESTIMENTO EM PARTICIPAÇÕES MULTIESTRATÉGIA;2023-03-31;359195220.120000000000;;;;S;Investidores qualificados;62042137.88000000;1613.27204470;62042137.88000000;1613.27204470;62042137.88000000;0.00000000;10.00000000;27.40000000;1.00000000;7.87000000;0.00000000;0.00000000;0.00000000;0.00000000;0.00000000;0.00000000;2.00000000;41.65000000;0.00000000;0.00000000;1.00000000;5.29000000;0.00000000;0.00000000;0.00000000;0.00000000;0.00000000;0.00000000;0.00000000;0.00000000;1.00000000;17.79000000;0.00000000;0.00000000;0.00000000;0.00000000;15.00000000;100.00000000;0;15.00000000;1613.27204470;1613.27204470;222650.12357962;N;N
11.249.598/0001-73;AGRIFARM FUNDO DE INVESTIMENTO EM PARTICIPAÇÕES MULTIESTRATÉGIA;2023-06-30;359483894.680000000000;;;;S;Investidores qualificados;62042137.88000000;1613.27204470;62042137.88000000;1613.27204470;62042137.88000000;0.00000000;10.00000000;27.40000000;1.00000000;7.87000000;0.00000000;0.00000000;0.00000000;0.00000000;0.00000000;0.00000000;2.00000000;41.65000000;0.00000000;0.00000000;1.00000000;5.29000000;0.00000000;0.00000000;0.00000000;0.00000000;0.00000000;0.00000000;0.00000000;0.00000000;1.00000000;17.79000000;0.00000000;0.00000000;0.00000000;0.00000000;15.00000000;100.00000000;0;15.00000000;1613.27204470;1613.27204470;222829.06088963;N;N
11.249.598/0001-73;AGRIFARM FUNDO DE INVESTIMENTO EM PARTICIPAÇÕES MULTIESTRATÉGIA;2023-09-30;359492300.850000000000;;;;S;Investidores qualificados;62042137.88000000;1613.27204470;62042137.88000000;1613.27204470;62042137.88000000;0.00000000;10.00000000;27.40000000;1.00000000;7.87000000;0.00000000;0.00000000;0.00000000;0.00000000;0.00000000;0.00000000;2.00000000;41.65000000;0.00000000;0.00000000;1.00000000;5.29000000;0.00000000;0.00000000;0.00000000;0.00000000;0.00000000;0.00000000;0.00000000;0.00000000;1.00000000;17.79000000;0.00000000;0.00000000;0.00000000;0.00000000;15.00000000;100.00000000;0;15.00000000;1613.27204470;1613.27204470;222834.27152353;N;N
11.249.598/0001-73;AGRIFARM FUNDO DE INVESTIMENTO EM PARTICIPAÇÕES MULTIESTRATÉGIA;2023-12-31;387633615.370000000000;;;;S;Investidores qualificados;62042137.88000000;1613.27204470;62042137.88000000;1613.27204470;62042137.88000000;0.00000000;10.00000000;27.40000000;1.00000000;7.87000000;0.00000000;0.00000000;0.00000000;0.00000000;0.00000000;0.00000000;2.00000000;41.65000000;0.00000000;0.00000000;1.00000000;5.29000000;0.00000000;0.00000000;0.00000000;0.00000000;0.00000000;0.00000000;0.00000000;0.00000000;1.00000000;17.79000000;0.00000000;0.00000000;0.00000000;0.00000000;15.00000000;100.00000000;0;15.00000000;1613.27204470;1613.27204470;240277.89773180;N;N
11.253.634/0001-72;EOS FUNDO DE INVESTIMENTO EM PARTICIPAÇÕES I MULTIESTRATÉGIA - RESPONSABILIDADE LIMITADA;2023-03-31;88978247.450000000000;;;;S;Investidores qualificados;14836161.90000000;9366960.69624972;14836161.90000000;9366960.69624972;14836161.90000000;0.00000000;9.00000000;83.60000000;0.00000000;0.00000000;0.00000000;0.00000000;0.00000000;0.00000000;0.00000000;0.00000000;0.00000000;0.00000000;0.00000000;0.00000000;0.00000000;0.00000000;0.00000000;0.00000000;0.00000000;0.00000000;0.00000000;0.00000000;0.00000000;0.00000000;2.00000000;16.40000000;0.00000000;0.00000000;0.00000000;0.00000000;11.00000000;100.00000000;1;11.00000000;9366960.69624972;9366960.69624972;9.49915883;N;N
11.253.634/0001-72;EOS FUNDO DE INVESTIMENTO EM PARTICIPAÇÕES I MULTIESTRATÉGIA - RESPONSABILIDADE LIMITADA;2023-06-30;90015048.740000000000;;;;S;Investidores qualificados;14836161.90000000;9366960.69624972;14836161.90000000;9366960.69624972;14836161.90000000;0.00000000;9.00000000;83.60000000;0.00000000;0.00000000;0.00000000;0.00000000;0.00000000;0.00000000;0.00000000;0.00000000;0.00000000;0.00000000;0.00000000;0.00000000;0.00000000;0.00000000;0.00000000;0.00000000;0.00000000;0.00000000;0.00000000;0.00000000;0.00000000;0.00000000;2.00000000;16.40000000;0.00000000;0.00000000;0.00000000;0.00000000;11.00000000;100.00000000;1;11.00000000;9366960.69624972;9366960.69624972;9.60984588;N;N
11.253.634/0001-72;EOS FUNDO DE INVESTIMENTO EM PARTICIPAÇÕES I MULTIESTRATÉGIA - RESPONSABILIDADE LIMITADA;2023-09-30;90046258.300000000000;;;;S;Investidores qualificados;14836161.90000000;9366960.69624972;14836161.90000000;9366960.69624972;14836161.90000000;0.00000000;9.00000000;83.60000000;0.00000000;0.00000000;0.00000000;0.00000000;0.00000000;0.00000000;0.00000000;0.00000000;0.00000000;0.00000000;0.00000000;0.00000000;0.00000000;0.00000000;0.00000000;0.00000000;0.00000000;0.00000000;0.00000000;0.00000000;0.00000000;0.00000000;2.00000000;16.40000000;0.00000000;0.00000000;0.00000000;0.00000000;11.00000000;100.00000000;1;11.00000000;9366960.69624972;9366960.69624972;9.61317776;N;N
11.253.634/0001-72;EOS FUNDO DE INVESTIMENTO EM PARTICIPAÇÕES I MULTIESTRATÉGIA - RESPONSABILIDADE LIMITADA;2023-12-31;90100240.140000000000;;;;S;Investidores qualificados;14836161.90000000;9366960.69624972;14836161.90000000;9366960.69624972;14836161.90000000;0.00000000;9.00000000;83.60000000;0.00000000;0.00000000;0.00000000;0.00000000;0.00000000;0.00000000;0.00000000;0.00000000;0.00000000;0.00000000;0.00000000;0.00000000;0.00000000;0.00000000;0.00000000;0.00000000;0.00000000;0.00000000;0.00000000;0.00000000;0.00000000;0.00000000;2.00000000;16.40000000;0.00000000;0.00000000;0.00000000;0.00000000;11.00000000;100.00000000;1;11.00000000;9366960.69624972;9366960.69624972;9.61894077;N;N
11.283.444/0001-06;NOVA PARTICIPAÇÕES - FIP MULTIESTRATÉGIA;2023-03-31;307578991.570000000000;;;;N;Investidores profissionais;307578991.57000000;241545101.76829300;307578991.57000000;241545101.76829300;307578991.57000000;0.00000000;0.00000000;0.00000000;2.00000000;86.15000000;0.00000000;0.00000000;0.00000000;0.00000000;0.00000000;0.00000000;0.00000000;0.00000000;0.00000000;0.00000000;0.00000000;0.00000000;0.00000000;0.00000000;0.00000000;0.00000000;0.00000000;0.00000000;0.00000000;0.00000000;1.00000000;13.85000000;0.00000000;0.00000000;0.00000000;0.00000000;0.00000000;0.00000000;1;3.00000000;241545101.76829300;241545101.76829300;1.27338120;N;N
11.283.444/0001-06;NOVA PARTICIPAÇÕES - FIP MULTIESTRATÉGIA;2023-06-30;307040447.400000000000;;;;N;Investidores profissionais;307040447.40000000;241545101.76829200;307040447.40000000;241545101.76829200;307040447.40000000;0.00000000;0.00000000;0.00000000;2.00000000;86.15000000;0.00000000;0.00000000;0.00000000;0.00000000;0.00000000;0.00000000;0.00000000;0.00000000;0.00000000;0.00000000;0.00000000;0.00000000;0.00000000;0.00000000;0.00000000;0.00000000;0.00000000;0.00000000;0.00000000;0.00000000;1.00000000;13.85000000;0.00000000;0.00000000;0.00000000;0.00000000;0.00000000;0.00000000;1;3.00000000;241545101.76829200;241545101.76829200;1.27115162;N;N
11.283.444/0001-06;NOVA PARTICIPAÇÕES - FIP MULTIESTRATÉGIA;2023-09-30;320452202.290000000000;;;;N;Investidores profissionais;320452202.29000000;252335321.78922900;320452202.29000000;252335321.78922900;320452202.29000000;0.00000000;0.00000000;0.00000000;2.00000000;86.75000000;0.00000000;0.00000000;0.00000000;0.00000000;0.00000000;0.00000000;0.00000000;0.00000000;0.00000000;0.00000000;0.00000000;0.00000000;0.00000000;0.00000000;0.00000000;0.00000000;0.00000000;0.00000000;0.00000000;0.00000000;1.00000000;13.25000000;0.00000000;0.00000000;0.00000000;0.00000000;3.00000000;100.00000000;1;3.00000000;252335321.78922900;252335321.78922900;1.26994588;N;N
11.283.444/0001-06;NOVA PARTICIPAÇÕES - FIP MULTIESTRATÉGIA;2023-12-31;306574512.380000000000;;;;N;Investidores profissionais;306574512.38000000;254204239.57712300;306574512.38000000;254204239.57712300;306574512.38000000;0.00000000;0.00000000;0.00000000;2.00000000;86.84000000;0.00000000;0.00000000;0.00000000;0.00000000;0.00000000;0.00000000;0.00000000;0.00000000;0.00000000;0.00000000;0.00000000;0.00000000;0.00000000;0.00000000;0.00000000;0.00000000;0.00000000;0.00000000;0.00000000;0.00000000;1.00000000;13.16000000;0.00000000;0.00000000;0.00000000;0.00000000;0.00000000;0.00000000;1;3.00000000;254204239.57712300;254204239.57712300;1.20601652;N;N
11.288.558/0001-30;BREOF FUNDO DE INVESTIMENTO EM PARTICIPAÇÕES - MULTIESTRATÉGIA - RESPONSABILIDADE LIMITADA;2023-03-31;327243708.790000000000;;;;S;Investidores qualificados;587901450.40000000;1587353102.67100000;587901450.40000000;1587353102.67100000;587901450.40000000;0.00000000;0.00000000;0.00000000;0.00000000;0.00000000;0.00000000;0.00000000;0.00000000;0.00000000;0.00000000;0.00000000;6.00000000;100.00000000;0.00000000;0.00000000;0.00000000;0.00000000;0.00000000;0.00000000;0.00000000;0.00000000;0.00000000;0.00000000;0.00000000;0.00000000;0.00000000;0.00000000;0.00000000;0.00000000;0.00000000;0.00000000;6.00000000;100.00000000;1;6.00000000;1587353102.67100000;1587353102.67100000;0.20615684;N;N
11.288.558/0001-30;BREOF FUNDO DE INVESTIMENTO EM PARTICIPAÇÕES - MULTIESTRATÉGIA - RESPONSABILIDADE LIMITADA;2023-06-30;325514811.910000000000;;;;S;Investidores qualificados;587901450.40000000;1587353102.67100000;587901450.40000000;1587353102.67100000;587901450.40000000;0.00000000;0.00000000;0.00000000;0.00000000;0.00000000;0.00000000;0.00000000;0.00000000;0.00000000;0.00000000;0.00000000;6.00000000;100.00000000;0.00000000;0.00000000;0.00000000;0.00000000;0.00000000;0.00000000;0.00000000;0.00000000;0.00000000;0.00000000;0.00000000;0.00000000;0.00000000;0.00000000;0.00000000;0.00000000;0.00000000;0.00000000;6.00000000;100.00000000;1;6.00000000;1587353102.67100000;1587353102.67100000;0.20506767;N;N
11.288.558/0001-30;BREOF FUNDO DE INVESTIMENTO EM PARTICIPAÇÕES - MULTIESTRATÉGIA - RESPONSABILIDADE LIMITADA;2023-09-30;325711660.880000000000;;;;S;Investidores qualificados;587901450.40000000;1587353102.67100000;587901450.40000000;1587353102.67100000;587901450.40000000;0.00000000;0.00000000;0.00000000;0.00000000;0.00000000;0.00000000;0.00000000;0.00000000;0.00000000;0.00000000;0.00000000;6.00000000;100.00000000;0.00000000;0.00000000;0.00000000;0.00000000;0.00000000;0.00000000;0.00000000;0.00000000;0.00000000;0.00000000;0.00000000;0.00000000;0.00000000;0.00000000;0.00000000;0.00000000;0.00000000;0.00000000;6.00000000;100.00000000;1;6.00000000;1587353102.67100000;1587353102.67100000;0.20519168;N;N
11.288.558/0001-30;BREOF FUNDO DE INVESTIMENTO EM PARTICIPAÇÕES - MULTIESTRATÉGIA - RESPONSABILIDADE LIMITADA;2023-12-31;352927294.020000000000;;;;S;Investidores qualificados;587901450.40000000;1587353102.67100000;587901450.40000000;1587353102.67100000;587901450.40000000;0.00000000;0.00000000;0.00000000;0.00000000;0.00000000;0.00000000;0.00000000;0.00000000;0.00000000;0.00000000;0.00000000;6.00000000;100.00000000;0.00000000;0.00000000;0.00000000;0.00000000;0.00000000;0.00000000;0.00000000;0.00000000;0.00000000;0.00000000;0.00000000;0.00000000;0.00000000;0.00000000;0.00000000;0.00000000;0.00000000;0.00000000;6.00000000;100.00000000;1;6.00000000;1587353102.67100000;1587353102.67100000;0.22233697;N;N
11.294.864/0001-80;BRAPINVEST FUNDO DE INVESTIMENTO EM PARTICIPAÇÕES - MULTIESTRATÉGIA;2023-03-31;284684051.320000000000;;;;S;Investidores qualificados;100000000.00000000;83.78132000;100000000.00000000;83.78132000;284684051.32000000;0.00000000;9.00000000;52.28000000;0.00000000;0.00000000;0.00000000;0.00000000;0.00000000;0.00000000;0.00000000;0.00000000;0.00000000;0.00000000;0.00000000;0.00000000;0.00000000;0.00000000;0.00000000;0.00000000;0.00000000;0.00000000;0.00000000;0.00000000;0.00000000;0.00000000;3.00000000;47.72000000;0.00000000;0.00000000;0.00000000;0.00000000;0.00000000;0.00000000;UNICA;12.00000000;83.78132000;83.78132000;3397941.82426345;N;N
11.294.864/0001-80;BRAPINVEST FUNDO DE INVESTIMENTO EM PARTICIPAÇÕES - MULTIESTRATÉGIA;2023-06-30;401062286.490000000000;;;;S;Investidores qualificados;100000000.00000000;83.78132000;100000000.00000000;83.78132000;5893216.78000000;0.00000000;9.00000000;52.28000000;0.00000000;0.00000000;0.00000000;0.00000000;0.00000000;0.00000000;0.00000000;0.00000000;0.00000000;0.00000000;0.00000000;0.00000000;0.00000000;0.00000000;0.00000000;0.00000000;0.00000000;0.00000000;0.00000000;0.00000000;0.00000000;0.00000000;3.00000000;47.72000000;0.00000000;0.00000000;0.00000000;0.00000000;12.00000000;100.00000000;UNICA;12.00000000;83.78132000;83.78132000;4787013.22072748;N;N
11.294.864/0001-80;BRAPINVEST FUNDO DE INVESTIMENTO EM PARTICIPAÇÕES - MULTIESTRATÉGIA;2023-09-30;294536113.580000000000;;;;S;Investidores qualificados;100000000.00000000;79.69922000;100000000.00000000;79.69922000;36287558.03000000;0.00000000;8.00000000;49.83000000;0.00000000;0.00000000;0.00000000;0.00000000;0.00000000;0.00000000;0.00000000;0.00000000;0.00000000;0.00000000;0.00000000;0.00000000;0.00000000;0.00000000;0.00000000;0.00000000;0.00000000;0.00000000;0.00000000;0.00000000;0.00000000;0.00000000;3.00000000;50.17000000;0.00000000;0.00000000;0.00000000;0.00000000;11.00000000;100.00000000;UNICA;11.00000000;79.69922000;79.69922000;3695595.93657253;N;N
11.294.864/0001-80;BRAPINVEST FUNDO DE INVESTIMENTO EM PARTICIPAÇÕES - MULTIESTRATÉGIA;2023-12-31;98837530.890000000000;;;;S;Investidores qualificados;100000000.00000000;79.69922000;100000000.00000000;79.69922000;10739592.27000000;0.00000000;8.00000000;49.83000000;0.00000000;0.00000000;0.00000000;0.00000000;0.00000000;0.00000000;0.00000000;0.00000000;0.00000000;0.00000000;0.00000000;0.00000000;0.00000000;0.00000000;0.00000000;0.00000000;0.00000000;0.00000000;0.00000000;0.00000000;0.00000000;0.00000000;3.00000000;50.17000000;0.00000000;0.00000000;0.00000000;0.00000000;11.00000000;100.00000000;UNICA;11.00000000;79.69922000;79.69922000;1240131.72136440;N;N
11.308.102/0001-95;BCRE DEVELOPMENT FUND II FI EM PARTICIPAÇÕES MULTIESTRATÉGIA RESPONSABILIDADE LIMITADA;2023-03-31;1243636.351700000000;;;;S;Investidores qualificados;107400000.00000000;107400000.00000000;107400000.00000000;749.61372580;56865153.62850000;0.00000000;0.00000000;0.00000000;0.00000000;0.00000000;0.00000000;0.00000000;0.00000000;0.00000000;0.00000000;0.00000000;0.00000000;0.00000000;0.00000000;0.00000000;0.00000000;0.00000000;0.00000000;0.00000000;0.00000000;0.00000000;0.00000000;0.00000000;0.00000000;0.00000000;2.00000000;100.00000000;0.00000000;0.00000000;0.00000000;0.00000000;2.00000000;100.00000000;1;2.00000000;107400000.00000000;749.61372580;1659.03625950;N;N
11.308.102/0001-95;BCRE DEVELOPMENT FUND II FI EM PARTICIPAÇÕES MULTIESTRATÉGIA RESPONSABILIDADE LIMITADA;2023-06-30;1143534.284300000000;;;;S;Investidores qualificados;107400000.00000000;107400000.00000000;107400000.00000000;749.61372580;56865153.62850000;0.00000000;0.00000000;0.00000000;0.00000000;0.00000000;0.00000000;0.00000000;0.00000000;0.00000000;0.00000000;0.00000000;0.00000000;0.00000000;0.00000000;0.00000000;0.00000000;0.00000000;0.00000000;0.00000000;0.00000000;0.00000000;0.00000000;0.00000000;0.00000000;0.00000000;2.00000000;100.00000000;0.00000000;0.00000000;0.00000000;0.00000000;2.00000000;100.00000000;1;2.00000000;107400000.00000000;749.61372580;1525.49805980;N;N
11.308.102/0001-95;BCRE DEVELOPMENT FUND II FI EM PARTICIPAÇÕES MULTIESTRATÉGIA RESPONSABILIDADE LIMITADA;2023-09-30;983267.922600000000;;;;S;Investidores qualificados;107400000.00000000;107400000.00000000;107400000.00000000;749.61372580;56865153.62850000;0.00000000;0.00000000;0.00000000;0.00000000;0.00000000;0.00000000;0.00000000;0.00000000;0.00000000;0.00000000;0.00000000;0.00000000;0.00000000;0.00000000;0.00000000;0.00000000;0.00000000;0.00000000;0.00000000;0.00000000;0.00000000;0.00000000;0.00000000;0.00000000;0.00000000;2.00000000;100.00000000;0.00000000;0.00000000;0.00000000;0.00000000;2.00000000;100.00000000;1;2.00000000;107400000.00000000;749.61372580;1311.69946430;N;N
11.308.102/0001-95;BCRE DEVELOPMENT FUND II FI EM PARTICIPAÇÕES MULTIESTRATÉGIA RESPONSABILIDADE LIMITADA;2023-12-31;419834.800000000000;;;;S;Investidores qualificados;107400000.00000000;107400000.00000000;107400000.00000000;749.61372580;56865153.62850000;0.00000000;0.00000000;0.00000000;0.00000000;0.00000000;0.00000000;0.00000000;0.00000000;0.00000000;0.00000000;0.00000000;0.00000000;0.00000000;0.00000000;0.00000000;0.00000000;0.00000000;0.00000000;0.00000000;0.00000000;0.00000000;0.00000000;0.00000000;0.00000000;0.00000000;2.00000000;100.00000000;0.00000000;0.00000000;0.00000000;0.00000000;2.00000000;100.00000000;1;2.00000000;107400000.00000000;749.61372580;560.06818650;N;N
11.314.165/0001-54;BRAZIL RETAIL FUNDO DE INVESTIMENTO EM PARTICIPAÇÕES MULTIESTRATÉGIA RESPONSABILIDADE LIMITADA;2023-03-31;3197540910.410000000000;;;;S;Investidores profissionais;2451866096.95000000;2378379473.00000000;2451866096.95000000;2376089608.30000000;2241475295.23000000;0.00000000;0.00000000;0.00000000;0.00000000;0.00000000;0.00000000;0.00000000;0.00000000;0.00000000;0.00000000;0.00000000;5.00000000;99.99999969;0.00000000;0.00000000;0.00000000;0.00000000;0.00000000;0.00000000;0.00000000;0.00000000;0.00000000;0.00000000;0.00000000;0.00000000;0.00000000;0.00000000;0.00000000;0.00000000;0.00000000;0.00000000;5.00000000;1.00000000;1;5.00000000;2378379473.00000000;2376089608.30000000;1.34571562;N;N
