ID_Registro_Fundo;ID_Registro_Classe;CNPJ_Classe;Codigo_CVM;Data_Registro;Data_Constituicao;Data_Inicio;Tipo_Classe;Denominacao_Social;Situacao;Data_Inicio_Situacao;Classificacao;Indicador_Desempenho;Classe_Cotas;Classificacao_Anbima;Tributacao_Longo_Prazo;Entidade_Investimento;Permitido_Aplicacao_CemPorCento_Exterior;Classe_ESG;Forma_Condominio;Exclusivo;Publico_Alvo;Patrimonio_Liquido;Data_Patrimonio_Liquido;CNPJ_Auditor;Auditor;CNPJ_Custodiante;Custodiante;CNPJ_Controlador;Controlador
2787;26760;09277006000185;16586;2025-06-18;2025-06-18;2025-06-18;Classes de Cotas de Fundos FIP;Brasil Mezanino  Infraestrutura - Fundo de Investimento em Participações Multiestratégia - Responsab;Em Funcionamento Normal;2025-06-18;;;;;;S;;N;Fechado;;;24117495.86;2026-04-30;07326840000198;FORVIS MAZARS AUDITORES INDEPENDENTES - SOCIEDADE SIMPLES LTDA.;37678915000160;FIDD DISTRIBUIDORA DE TITULOS E VALORES MOBILIARIOS LTDA.;;
2923;26777;11021363000120;13242;2025-06-02;2025-06-02;2025-06-02;Classes de Cotas de Fundos FIP;FUNDO DE INVESTIMENTO EM PARTICIPAÇÕES EM INFRAESTRUTURA ENERGIAS RESPONSABILIDADE LIMITADA;Em Funcionamento Normal;2025-06-02;;;;;;;;N;Fechado;;;89855261.25;2026-04-30;10830108000165;GRANT THORNTON AUDITORES INDEPENDENTES LTDA.;13486793000142;APEX GROUP DISTRIBUIDORA DE TÍTULOS E VALORES MOBILIÁRIOS S.A.;;
2982;26792;11512690000184;13277;2025-01-27;2025-01-27;2025-01-27;Classes de Cotas de Fundos FIP;Patria Infraestrutura Fundo de Investimento em Participações Mult Investimento no Exterior;Em Funcionamento Normal;2025-01-27;;;;;;S;;N;Fechado;;;790059064.72;2026-04-30;57755217000129;KPMG AUDITORES INDEPENDENTES LTDA.;13486793000142;APEX GROUP DISTRIBUIDORA DE TÍTULOS E VALORES MOBILIÁRIOS S.A.;;
3001;26796;11649762000130;13331;2025-05-28;2025-05-28;2025-05-28;Classes de Cotas de Fundos FIP;PÁTRIA INFRAESTRUTURA TEAM - FUNDO DE INVESTIMENTO EM QUOTAS DE FIP;Em Funcionamento Normal;2025-05-28;;;;;;S;;N;Fechado;;;13767716.79;2026-04-30;57755217000129;KPMG AUDITORES INDEPENDENTES LTDA.;13486793000142;APEX GROUP DISTRIBUIDORA DE TÍTULOS E VALORES MOBILIÁRIOS S.A.;;
3089;26818;12517924000149;13340;2025-05-28;2025-05-28;2025-05-28;Classes de Cotas de Fundos FIP;Patria Infraestrutura Fundo de Investimentos em Quotas de Fundo de Investimento em Participações;Em Funcionamento Normal;2025-05-28;;;;;;S;;N;Fechado;;;33048356.36;2026-04-30;57755217000129;KPMG AUDITORES INDEPENDENTES LTDA.;13486793000142;APEX GROUP DISTRIBUIDORA DE TÍTULOS E VALORES MOBILIÁRIOS S.A.;;
3296;26864;14584094000106;10529;2025-05-21;2025-05-21;2025-05-21;Classes de Cotas de Fundos FIP;BTG PACTUAL INFRAESTRUTURA II FIC DE FI EM PARTICIPAÇÕES MULTIESTRATÉGIA RESPONSABILIDADE LIMITADA;Em Funcionamento Normal;2025-05-21;;;;;;S;;N;Fechado;;;11287729.13;2026-04-30;57755217000129;KPMG AUDITORES INDEPENDENTES LTDA.;30306294000145;BANCO BTG PACTUAL S/A;;
3299;26865;14596751000127;11100;2025-06-02;2025-06-02;2025-06-02;Classes de Cotas de Fundos FIP;BTG PACTUAL INFRAESTRUTURA II FIP MULTIESTRATÉGIA RESPONSABILIDADE LIMITADA;Em Funcionamento Normal;2025-06-02;;;;;;S;;N;Fechado;;;56193944.90;2026-04-30;54276936000179;BDO RCS AUDITORES INDEPENDENTES - SOCIEDADE SIMPLES LIMITADA;30306294000145;BANCO BTG PACTUAL S/A;;
3366;26885;15254448000109;7048;2024-06-09;2012-11-09;2024-06-09;Classes de Cotas de Fundos FIP;FUNDO DE INVESTIMENTO EM PARTICIPAÇÕES INFRAESTRUTURA MILÃO DE RESPONSABILIDADE ILIMITADA;Em Funcionamento Normal;2024-06-09;;;;;;N;;N;Fechado;;;1786580.32;2026-04-30;28455792000108;CONATUS AUDITORES INDEPENDENTES S/S;;;;
3528;26927;17322459000104;13870;2025-06-18;2025-06-18;2025-06-18;Classes de Cotas de Fundos FIP;ASTRA INFRAESTRUTURA I FUNDO DE INVESTIMENTO EM PARTICIPAÇÕES MULTIESTRATÉGIA;Em Funcionamento Normal;2025-06-18;;;;;;S;;N;Fechado;;;1711696831.33;2026-04-30;18596945000183;BAKER TILLY 4PARTNERS AUDITORES INDEPENDENTES LTDA.;16695922000109;ID CORRETORA DE TITULOS E VALORES MOBILIARIOS S.A.;;
3573;26935;17870733000180;13900;2024-10-01;2024-10-01;2024-10-01;Classes de Cotas de Fundos FIP;Patria Infraestrutura III Fundo de Investimento em Participações Multiestratégia;Em Funcionamento Normal;2024-10-01;;;;;;S;;N;Fechado;;;1492048895.92;2026-04-30;57755217000129;KPMG AUDITORES INDEPENDENTES LTDA.;13486793000142;APEX GROUP DISTRIBUIDORA DE TÍTULOS E VALORES MOBILIÁRIOS S.A.;;
3574;26936;17870798000125;13897;2024-10-01;2024-10-01;2024-10-01;Classes de Cotas de Fundos FIP;PÁTRIA BRASIL INFRAESTRUTURA III FUNDO DE INVESTIMENTO EM COTAS DE FIP RESPONSABILIDADE LIMITADA;Em Funcionamento Normal;2024-10-01;;;;;;S;;N;Fechado;;;67541800.30;2026-04-30;57755217000129;KPMG AUDITORES INDEPENDENTES LTDA.;13486793000142;APEX GROUP DISTRIBUIDORA DE TÍTULOS E VALORES MOBILIÁRIOS S.A.;;
3628;26953;18623897000175;701;2023-12-13;2013-08-15;2023-12-13;Classes de Cotas de Fundos FIP;FUNDO DE INVESTIMENTO EM PARTICIPACOES EM INFRAESTRUTURA ANESSA;Em Funcionamento Normal;2023-12-13;;;;;;;;N;Fechado;;;5762006.82;2026-04-30;54276936000179;BDO RCS AUDITORES INDEPENDENTES - SOCIEDADE SIMPLES LIMITADA;67030395000146;TRUSTEE DISTRIBUIDORA DE TITULOS E VALORES MOBILIARIOS LTDA.;;
3678;26976;19095122000137;13978;2024-10-01;2024-10-01;2024-10-01;Classes de Cotas de Fundos FIP;Patria Infraestrutura III (+100) FIC de Fundo de Investimento em Participações;Em Funcionamento Normal;2024-10-01;;;;;;S;;N;Fechado;;;81279539.40;2026-04-30;57755217000129;KPMG AUDITORES INDEPENDENTES LTDA.;13486793000142;APEX GROUP DISTRIBUIDORA DE TÍTULOS E VALORES MOBILIÁRIOS S.A.;;
3789;27008;20835717000160;22250;2025-06-24;2025-06-24;2025-06-24;Classes de Cotas de Fundos FIP;FUNDO DE INVESTIMENTO EM PARTICIPACOES EM INFRAESTRUTURA PARANAGUÁ;Em Funcionamento Normal;2025-06-24;;;;;;;;N;Fechado;;;15642139.42;2026-04-30;16549480000184;RSM BRASIL AUDITORES INDEPENDENTES LTDA.;67030395000146;TRUSTEE DISTRIBUIDORA DE TITULOS E VALORES MOBILIARIOS LTDA.;;
3817;27019;21163276000160;17396;2025-06-25;2025-06-25;2025-06-25;Classes de Cotas de Fundos FIP;FUNDO DE INVESTIMENTO EM PARTICIPAÇÕES EM INFRAESTRUTURA PIRINEUS;Em Funcionamento Normal;2025-06-25;;;;;;S;;N;Fechado;;;530882138.16;2026-04-30;10830108000165;GRANT THORNTON AUDITORES INDEPENDENTES LTDA.;39669186000101;HEMERA DISTRIBUIDORA DE TITULOS E VALORES MOBILIARIOS LTDA;;
3946;27056;22450865000192;6912;2024-12-23;2016-06-25;2024-12-23;Classes de Cotas de Fundos FIP;NOVA INFRAESTRUTURA FUNDO DE INVESTIMENTO EM PARTICIPAÇÕES;Em Funcionamento Normal;2024-12-23;;;;;;S;;N;Fechado;;;14793236504.58;2026-04-30;61366936000125;ERNST & YOUNG AUDITORES INDEPENDENTES S/S LTDA.;30306294000145;BANCO BTG PACTUAL S/A;;
3977;27068;22945918000146;17574;2025-06-30;2025-06-30;2025-06-30;Classes de Cotas de Fundos FIP;FUNDO DE INVESTIMENTO EM PARTICIPAÇÕES EM INFRAESTRUTURA SUPERPORTO;Em Funcionamento Normal;2025-06-30;;;;;;;;N;Fechado;;;0.04;2026-04-30;54276936000179;BDO RCS AUDITORES INDEPENDENTES - SOCIEDADE SIMPLES LIMITADA;67030395000146;TRUSTEE DISTRIBUIDORA DE TITULOS E VALORES MOBILIARIOS LTDA.;;
3988;27073;23109759000102;16080;2025-06-25;2025-06-25;2025-06-25;Classes de Cotas de Fundos FIP;FUNDO DE INVESTIMENTO EM PARTICIPAÇÕES EM INFRAESTRUTURA PROSPERIDADE;Em Funcionamento Normal;2025-06-25;;;;;;;;N;Fechado;;;719246535.13;2026-04-30;10830108000165;GRANT THORNTON AUDITORES INDEPENDENTES LTDA.;30306294000145;BANCO BTG PACTUAL S/A;;
4034;27084;23740741000104;17620;2025-06-27;2025-06-27;2025-06-27;Classes de Cotas de Fundos FIP;FUNDO DE INVESTIMENTO EM PARTICIPAÇÕES EM INFRAESTRUTURA ORIGEM RESPONSABILIDADE LIMITADA;Em Funcionamento Normal;2025-06-27;;;;;;;;N;Fechado;;;116114520.65;2026-04-30;20840718000101;TATICCA AUDITORES INDEPENDENTES S.S. - EPP;22610500000188;VORTX DISTRIBUIDORA DE TITULOS E VALORES MOBILIARIOS LTDA.;;
4200;27152;27248864000183;12815;2025-05-21;2025-05-21;2025-05-21;Classes de Cotas de Fundos FIP;VINCI INFRA COINVESTIMENTO I FIP EM INFRAESTRUTURA - RESP LIMITADA;Em Funcionamento Normal;2025-05-21;;;;;;S;;N;Fechado;;;4335931.78;2026-04-30;54276936000179;BDO RCS AUDITORES INDEPENDENTES - SOCIEDADE SIMPLES LIMITADA;13486793000142;APEX GROUP DISTRIBUIDORA DE TÍTULOS E VALORES MOBILIÁRIOS S.A.;;
4259;27177;28332012000132;5827;2024-10-28;2017-05-25;2024-10-28;Classes de Cotas de Fundos FIP;M. TRANSPORTATION FUNDO DE INVESTIMENTO EM PARTICIPAÇÕES EM INFRAESTRUTURA - RESP LIMITADA;Em Funcionamento Normal;2024-10-28;;;;;;S;;N;;;;745352768.31;2026-04-30;07377136000164;RSM ACAL AUDITORES INDEPENDENTES S/S;30306294000145;BANCO BTG PACTUAL S/A;;
4289;27195;28953928000100;17965;2025-06-25;2025-06-25;2025-06-25;Classes de Cotas de Fundos FIP;PÁTRIA INFRAESTRUTURA IV FUNDO DE INVESTIMENTO EM PARTICIPAÇÕES MULTIESTRATÉGIA;Em Funcionamento Normal;2025-06-25;;;;;;S;;N;Fechado;;;7070814571.72;2026-04-30;49928567000111;DELOITTE TOUCHE TOHMATSU AUDITORES INDEPENDENTES LTDA.;13486793000142;APEX GROUP DISTRIBUIDORA DE TÍTULOS E VALORES MOBILIÁRIOS S.A.;;
4337;27223;29992920000115;18031;2025-06-30;2025-06-30;2025-06-30;Classes de Cotas de Fundos FIP;FRAM CAPITAL ITAMARACÁ FUNDO DE INVESTIMENTO EM PARTICIPAÇÕES EM INFRAESTRUTURA;Em Funcionamento Normal;2025-06-30;;;;;;S;;N;;;;22920265.12;2026-04-30;40221974000110;ECOVIS WFA AUDITORES INDEPENDENTES S/S;;;;
4351;27231;30317464000197;18309;2025-06-27;2025-06-27;2025-06-27;Classes de Cotas de Fundos FIP;XP INFRA II FUNDO DE INVESTIMENTO EM PARTICIPAÇÕES EM INFRAESTRUTURA - RESPONSABILIDADE LIMITADA;Em Funcionamento Normal;2025-06-27;;;;;;S;;N;Fechado;;;1082335440.87;2026-04-30;57755217000129;KPMG AUDITORES INDEPENDENTES LTDA.;45246410000155;BANCO GENIAL S.A.;;
4464;27301;32222790000146;18252;2025-06-25;2025-06-25;2025-06-25;Classes de Cotas de Fundos FIP;FUNDO DE INVESTIMENTO EM PARTICIPAÇÕES EM INFRAESTRUTURA SOLAR I RESPONSABILIDADE LIMITADA;Em Funcionamento Normal;2025-06-25;;;;;;S;;N;Fechado;;;169605054.86;2026-04-30;61366936000125;ERNST & YOUNG AUDITORES INDEPENDENTES S/S LTDA.;30306294000145;BANCO BTG PACTUAL S/A;;
4488;27315;32313958000129;14575;2025-06-11;2025-06-11;2025-06-11;Classes de Cotas de Fundos FIP;QUEBRA DENTES FUNDO DE INVESTIMENTO EM PARTICIPAÇÕES - INFRAESTRUTURA;Em Funcionamento Normal;2025-06-11;;;;;;S;;N;Fechado;;;1173415.79;2026-04-30;24882658000132;YPC AUDITUN S AUDITORIA INDEPENDENTE S/S;16695922000109;ID CORRETORA DE TITULOS E VALORES MOBILIARIOS S.A.;;
4508;27326;32528571000190;6521;2024-06-13;2018-12-13;2024-06-13;Classes de Cotas de Fundos FIP;POWER FUNDO DE INVESTIMENTO EM PARTICIPAÇÕES INFRAESTRUTURA - RESPONSABILIDADE LIMITADA;Em Liquidação;2024-12-30;;;;;;S;;N;;;;;;57755217000129;KPMG AUDITORES INDEPENDENTES LTDA.;62232889000190;BANCO DAYCOVAL S.A.;;
4510;27328;32625186000160;18287;2025-06-25;2025-06-25;2025-06-25;Classes de Cotas de Fundos FIP;PÁTRIA INFRAESTRUTURA IV FEEDER-A - FUNDO DE INVESTIMENTO EM PARTICIPAÇÕES MULTIESTRATÉGIA;Em Funcionamento Normal;2025-06-25;;;;;;S;;N;Fechado;;;801227424.29;2026-04-30;49928567000111;DELOITTE TOUCHE TOHMATSU AUDITORES INDEPENDENTES LTDA.;13486793000142;APEX GROUP DISTRIBUIDORA DE TÍTULOS E VALORES MOBILIÁRIOS S.A.;;
4533;27345;33255924000198;18570;2025-06-30;2025-06-30;2025-06-30;Classes de Cotas de Fundos FIP;LYON CAPITAL I FUNDO DE INVESTIMENTO EM PARTICIPAÇÕES INFRAESTRUTURA;Em Liquidação;2026-06-17;;;;;;S;;N;;;;5167477.46;2026-04-30;54080721000188;CLA - CLIFTON LARSON ALLEN BRASIL AUDITORES INDEPENDENTES S/S LTDA;;;;
4546;27355;33493640000130;18376;2025-06-25;2025-06-25;2025-06-25;Classes de Cotas de Fundos FIP;PÁTRIA INFRAESTRUTURA IV FEEDER-B FIP MULTIESTRATÉGIA RESPONSABILIDADE LIMITADA;Em Funcionamento Normal;2025-06-25;;;;;;S;;N;Fechado;;;292019782.99;2026-04-30;49928567000111;DELOITTE TOUCHE TOHMATSU AUDITORES INDEPENDENTES LTDA.;13486793000142;APEX GROUP DISTRIBUIDORA DE TÍTULOS E VALORES MOBILIÁRIOS S.A.;;
4547;27356;33493641000184;16144;2025-06-20;2025-06-20;2025-06-20;Classes de Cotas de Fundos FIP;PÁTRIA INFRAESTRUTURA IV FEEDER - C FIP MULTIESTRATÉGIA RESPONSABILIDADE LIMITADA;Em Funcionamento Normal;2025-06-20;;;;;;S;;N;Fechado;;;1155539804.90;2026-04-30;49928567000111;DELOITTE TOUCHE TOHMATSU AUDITORES INDEPENDENTES LTDA.;13486793000142;APEX GROUP DISTRIBUIDORA DE TÍTULOS E VALORES MOBILIÁRIOS S.A.;;
4557;27360;33601138000103;14567;2025-06-20;2025-06-20;2025-06-20;Classes de Cotas de Fundos FIP;VINCI ENERGIA FUNDO DE INVESTIMENTO EM PARTICIPAÇÕES EM INFRAESTRUTURA RESPONSABILIDADE LIMITADA;Em Funcionamento Normal;2025-06-20;;;;;;N;;N;Fechado;;;599308014.92;2026-04-30;57755217000129;KPMG AUDITORES INDEPENDENTES LTDA.;30306294000145;BANCO BTG PACTUAL S/A;;
4568;27367;34027597000180;19127;2025-06-27;2025-06-27;2025-06-27;Classes de Cotas de Fundos FIP;PATRIA INFRAESTRUTURA ENERGIA CORE FUNDO DE INVESTIMENTO EM PARTICIPAÇÕES EM INFRAESTRUTURA;Em Funcionamento Normal;2025-06-27;;;;;;S;;N;Fechado;;;1066670873.20;2026-04-30;49928567000111;DELOITTE TOUCHE TOHMATSU AUDITORES INDEPENDENTES LTDA.;45246410000155;BANCO GENIAL S.A.;;
4569;27368;34027608000121;18635;2025-06-27;2025-06-27;2025-06-27;Classes de Cotas de Fundos FIP;XP INFRA III FUNDO DE INVESTIMENTO EM PARTICIPAÇÕES EM INFRAESTRUTURA;Em Funcionamento Normal;2025-06-27;;;;;;S;;N;Fechado;;;1690781.74;2026-04-30;61366936000125;ERNST & YOUNG AUDITORES INDEPENDENTES S/S LTDA.;36113876000191;OLIVEIRA TRUST DTVM S.A.;;
4600;27389;34644159000160;23221;2025-06-20;2025-06-20;2025-06-20;Classes de Cotas de Fundos FIP;PÁTRIA INFRAESTRUTURA IV FEEDER-D FUNDO DE INVESTIMENTO EM PARTICIPAÇÕES MULTI RESP LIMITADA;Em Funcionamento Normal;2025-06-20;;;;;;S;;N;Fechado;;;366473514.39;2026-04-30;49928567000111;DELOITTE TOUCHE TOHMATSU AUDITORES INDEPENDENTES LTDA.;13486793000142;APEX GROUP DISTRIBUIDORA DE TÍTULOS E VALORES MOBILIÁRIOS S.A.;;
4636;27410;35640741000111;10600;2025-05-21;2025-05-21;2025-05-21;Classes de Cotas de Fundos FIP;BTG PACTUAL INFRAESTRUTURA DIVIDENDOS FIP EM INFRAESTRUTURA RESPONSABILIDADE LIMITADA;Em Funcionamento Normal;2025-05-21;;;;;;S;;N;;;;380426153.05;2026-04-30;61366936000125;ERNST & YOUNG AUDITORES INDEPENDENTES S/S LTDA.;30306294000145;BANCO BTG PACTUAL S/A;;
4642;27414;35640942000119;14745;2025-06-17;2025-06-17;2025-06-17;Classes de Cotas de Fundos FIP;PRISMA PROTON ENERGIA FUNDO DE INVESTIMENTO EM PARTICIPACOES EM INFRAESTRUTURA;Em Funcionamento Normal;2025-06-17;;;;;;S;;N;;;;431897789.41;2026-04-30;61366936000125;ERNST & YOUNG AUDITORES INDEPENDENTES S/S LTDA.;30306294000145;BANCO BTG PACTUAL S/A;;
4645;27417;35641061000112;14800;2025-06-20;2025-06-20;2025-06-20;Classes de Cotas de Fundos FIP;ENDURANCE DEBT FUNDO DE INVESTIMENTO EM PARTICIPAÇÕES EM INFRAESTRUTURA RESPONSABILIDADE LIMITADA;Em Funcionamento Normal;2025-06-20;;;;;;S;;N;;;;450412399.07;2026-04-30;61366936000125;ERNST & YOUNG AUDITORES INDEPENDENTES S/S LTDA.;30306294000145;BANCO BTG PACTUAL S/A;;
4648;27419;35654738000157;22845;2025-06-30;2025-06-30;2025-06-30;Classes de Cotas de Fundos FIP;RODOVIAS DO TIETÊ FUNDO DE INVESTIMENTO EM PARTICIPAÇÕES EM INFRAESTRUTURA RESPONSABILIDADE LIMITADA;Em Funcionamento Normal;2025-06-30;;;;;;S;;N;Fechado;;Qualificado;199856570.55;2026-04-30;03156926000169;SÊNIOR AUDITORES INDEPENDENTES S/S;16695922000109;ID CORRETORA DE TITULOS E VALORES MOBILIARIOS S.A.;;
4672;27435;35812806000169;12432;2025-06-04;2025-06-04;2025-06-04;Classes de Cotas de Fundos FIP;CFO INFRAESTRUTURA I FUNDO DE INVESTIMENTO EM PARTICIPAÇÕES MULTIESTRATÉGIA;Em Funcionamento Normal;2025-06-04;;;;;;S;;N;Fechado;;;20979411.49;2026-04-30;57755217000129;KPMG AUDITORES INDEPENDENTES LTDA.;60746948000112;BANCO BRADESCO S.A.;;
4714;27461;36642570000122;16187;2025-06-24;2025-06-24;2025-06-24;Classes de Cotas de Fundos FIP;KNOX DEBT FUNDO DE INVESTIMENTO EM PARTICIPAÇÕES EM INFRAESTRUTURA RESPONSABILIDADE LIMITADA;Em Funcionamento Normal;2025-06-24;;;;;;S;;N;;;;1029158343.00;2026-04-30;;;30306294000145;BANCO BTG PACTUAL S/A;;
4723;27467;36697081000178;18686;2025-06-26;2025-06-26;2025-06-26;Classes de Cotas de Fundos FIP;FUNDO DE INVESTIMENTO EM PARTICIPAÇÕES EM INFRAESTRUTURA KAVOM;Em Funcionamento Normal;2025-06-26;;;;;;N;;N;Fechado;;;68755644.40;2026-04-30;16549480000184;RSM BRASIL AUDITORES INDEPENDENTES LTDA.;67030395000146;TRUSTEE DISTRIBUIDORA DE TITULOS E VALORES MOBILIARIOS LTDA.;;
4728;27470;36771037000160;18791;2025-06-25;2025-06-25;2025-06-25;Classes de Cotas de Fundos FIP;PARQUES FUNDO DE INVESTIMENTO EM PARTICIPAÇÕES EM INFRAESTRUTURA RESPONSABILIDADE LIMITADA;Em Funcionamento Normal;2025-06-25;;;;;;S;;N;Fechado;;;78723596.31;2026-04-30;16549480000184;RSM BRASIL AUDITORES INDEPENDENTES LTDA.;62232889000190;BANCO DAYCOVAL S.A.;;
4782;27505;38057368000169;12947;2025-05-28;2025-05-28;2025-05-28;Classes de Cotas de Fundos FIP;PÁTRIA INFRAESTRUTURA BRASIL FUNDO DE INVESTIMENTO EM PARTICIPAÇÕES MULTIESTRATÉGIA;Em Funcionamento Normal;2025-05-28;;;;;;S;;N;Fechado;;;44963428.79;2026-04-30;49928567000111;DELOITTE TOUCHE TOHMATSU AUDITORES INDEPENDENTES LTDA.;13486793000142;APEX GROUP DISTRIBUIDORA DE TÍTULOS E VALORES MOBILIÁRIOS S.A.;;
4788;27509;38074629000159;12971;2025-06-10;2025-06-10;2025-06-10;Classes de Cotas de Fundos FIP;MEZ ENERGIA FUNDO DE INVESTIMENTO EM PARTICIPAÇÕES EM INFRAESTRUTURADE RESPONSABILIDADE LIMITADA;Em Funcionamento Normal;2025-06-10;;;;;;S;;N;Fechado;;;54967701.70;2026-04-30;16549480000184;RSM BRASIL AUDITORES INDEPENDENTES LTDA.;62232889000190;BANCO DAYCOVAL S.A.;;
4797;27514;38243225000141;21377;2025-06-26;2025-06-26;2025-06-26;Classes de Cotas de Fundos FIP;PATRIA INFRAESTRUTURA ENERGIA CORE FEEDER FUNDO DE INVESTIMENTO EM PARTICIPAÇÕES EM INFRAESTRUTURA;Em Funcionamento Normal;2025-06-26;;;;;;S;;N;Fechado;;;152400366.50;2026-04-30;49928567000111;DELOITTE TOUCHE TOHMATSU AUDITORES INDEPENDENTES LTDA.;45246410000155;BANCO GENIAL S.A.;;
4858;27557;39883907000181;5878;2024-10-15;2021-06-10;2024-10-15;Classes de Cotas de Fundos FIP;N. SANEAMENTO FUNDO DE INVESTIMENTO EM PARTICIPAÇÕES EM INFRAESTRUTURA - RESPONSABILIDADE LIMITADA;Em Funcionamento Normal;2024-10-15;;;;;;S;;N;;;;118291203.42;2026-04-30;54276936000179;BDO RCS AUDITORES INDEPENDENTES - SOCIEDADE SIMPLES LIMITADA;30306294000145;BANCO BTG PACTUAL S/A;;
4874;27570;40011359000189;11258;2025-05-30;2025-05-30;2025-05-30;Classes de Cotas de Fundos FIP;GUARÁ FUNDO DE INVESTIMENTO EM PARTICIPAÇÕES INFRAESTRUTURA RESPONSABILIDADE LIMITADA;Em Funcionamento Normal;2025-05-30;;;;;;S;;N;Fechado;;Qualificado;25067891.33;2026-04-30;57755217000129;KPMG AUDITORES INDEPENDENTES LTDA.;30306294000145;BANCO BTG PACTUAL S/A;;
4888;27579;40054782000166;11231;2025-06-02;2025-06-02;2025-06-02;Classes de Cotas de Fundos FIP;POLARIS FUNDO DE INVESTIMENTO EM PARTICIPAÇÕES INFRAESTRUTURA;Em Funcionamento Normal;2025-06-02;;;;;;S;;N;;;;124326696.78;2026-04-30;10830108000165;GRANT THORNTON AUDITORES INDEPENDENTES LTDA.;30306294000145;BANCO BTG PACTUAL S/A;;
4918;27594;40670231000127;8800;2025-03-24;2021-01-22;2025-03-24;Classes de Cotas de Fundos FIP;GERIBÁ MAIS ENERGIA I FUNDO DE INVESTIMENTO EM PARTICIPAÇÕES EM INFRAESTRUTURA RESP LIMITADA;Em Funcionamento Normal;2025-03-24;;;;;;S;;N;;;;342869811.35;2026-04-30;10830108000165;GRANT THORNTON AUDITORES INDEPENDENTES LTDA.;61820817000109;BANCO PAULISTA S.A.;;
4934;27608;40884088000176;12491;2025-05-23;2025-05-23;2025-05-23;Classes de Cotas de Fundos FIP;ATHON ENERGIA ESG I FIP INFRAESTRUTURA - INVESTIMENTO SUSTENTÁVEL RESPONSABILIDADE LIMITADA;Em Funcionamento Normal;2025-05-23;;;;;;S;;N;Fechado;;;683811014.97;2026-04-30;61366936000125;ERNST & YOUNG AUDITORES INDEPENDENTES S/S LTDA.;13486793000142;APEX GROUP DISTRIBUIDORA DE TÍTULOS E VALORES MOBILIÁRIOS S.A.;;
4946;27614;40980983000194;16195;2025-06-25;2025-06-25;2025-06-25;Classes de Cotas de Fundos FIP;COLIBRI VERDE FUNDO DE INVESTIMENTO EM PARTICIPAÇÕES INFRAESTRUTURA RESPONSABILIDADE LIMITADA;Em Funcionamento Normal;2025-06-25;;;;;;S;;N;Fechado;;;861641368.73;2026-04-30;07377136000164;RSM ACAL AUDITORES INDEPENDENTES S/S;30306294000145;BANCO BTG PACTUAL S/A;;
4975;27633;41082947000176;14877;2025-06-18;2025-06-18;2025-06-18;Classes de Cotas de Fundos FIP;VINCI INFRAESTRUTURA ÁGUA E SANEAMENTO STRATEGY FIP EM INFRAESTRUTURA RESPONSABILIDADE LIMITADA;Em Funcionamento Normal;2025-06-18;;;;;;S;;N;;;;447640071.48;2026-04-30;61366936000125;ERNST & YOUNG AUDITORES INDEPENDENTES S/S LTDA.;30306294000145;BANCO BTG PACTUAL S/A;;
4989;27642;41195840000134;9717;2025-04-30;2025-04-30;2025-04-30;Classes de Cotas de Fundos FIP;SOLAR FUNDO DE INVESTIMENTO EM PARTICIPAÇÕES EM INFRAESTRUTURA EM LIQUIDAÇÃO;Em Liquidação;2026-03-24;;;;;;S;;N;Fechado;;;-28427.52;2026-04-30;19280834000126;NEXT AUDITORES INDEPENDENTES S/S LTDA.;62232889000190;BANCO DAYCOVAL S.A.;;
5028;27670;41545186000141;11266;2025-04-04;2025-04-04;2025-04-04;Classes de Cotas de Fundos FIP;WAVE FUNDO DE INVESTIMENTO EM  PARTICIPAÇÕES EM INFRAESTRUTURA;Em Funcionamento Normal;2025-04-04;;;;;;S;;N;Fechado;;;443843.34;2026-04-30;19280834000126;NEXT AUDITORES INDEPENDENTES S/S LTDA.;62232889000190;BANCO DAYCOVAL S.A.;;
5041;27679;41714441000132;7170;2024-08-14;2021-10-22;2024-08-14;Classes de Cotas de Fundos FIP;AZEVEDO & TRAVASSOS INFRAESTRUTURA I FUNDO DE INVESTIMENTO EM PARTICIPAÇÕES;Em Funcionamento Normal;2024-08-14;;;;;;S;;N;Fechado;;;575672081.06;2026-04-30;03805426000100;MB - AUDITORES INDEPENDENTES SOCIEDADE SIMPLES;00806535000154;PLANNER CORRETORA DE VALORES S.A.;;
5128;27732;42736004000182;23582;2024-10-30;2024-10-30;2024-10-30;Classes de Cotas de Fundos FIP;PCS II COSTA ESMERALDA FUNDO DE INVESTIMENTO EM PARTICIPAÇÕES INFRAESTRUTURA;Em Funcionamento Normal;2024-10-30;;;;;;S;;N;Fechado;;;12577417.83;2026-04-30;57755217000129;KPMG AUDITORES INDEPENDENTES LTDA.;37678915000160;FIDD DISTRIBUIDORA DE TITULOS E VALORES MOBILIARIOS LTDA.;;
5133;27737;42754352000182;5231;2023-10-05;2023-04-04;2023-10-05;Classes de Cotas de Fundos FIP;KINEA EQUITY INFRA I PRIVATE FIP EM INFRAESTRUTURA RESPONSABILIDADE LIMITADA;Em Funcionamento Normal;2023-10-05;;;;;;S;;N;Fechado;;;197294923.04;2026-04-30;61366936000125;ERNST & YOUNG AUDITORES INDEPENDENTES S/S LTDA.;60701190000104;ITAU UNIBANCO S.A.;;
5141;27745;42847106000175;15113;2025-06-18;2025-06-18;2025-06-18;Classes de Cotas de Fundos FIP;VINCI INFRAESTRUTURA TRANSPORTE E LOGÍSTICA FIP MULTIESTRATÉGIA RESPONSABILIDADE LIMITADA;Em Funcionamento Normal;2025-06-18;;;;;;S;;N;Fechado;;;17093662.69;2026-04-30;61366936000125;ERNST & YOUNG AUDITORES INDEPENDENTES S/S LTDA.;30306294000145;BANCO BTG PACTUAL S/A;;
5144;27748;42847153000119;11428;2025-06-06;2025-06-06;2025-06-06;Classes de Cotas de Fundos FIP;NAVI ENERGIAS SUSTENTÁVEIS FIP EM INFRAESTRUTURA - IS - RESPONSABILIDADE LIMITADA;Em Funcionamento Normal;2025-06-06;;;;;;S;;N;;;;25690897.28;2026-04-30;61366936000125;ERNST & YOUNG AUDITORES INDEPENDENTES S/S LTDA.;30306294000145;BANCO BTG PACTUAL S/A;;
5159;27759;42923063000160;13552;2024-11-18;2024-11-18;2024-11-18;Classes de Cotas de Fundos FIP;JATOBÁ FUNDO DE INVESTIMENTO EM PARTICIPAÇÕES EM  INFRAESTRUTURA;Em Funcionamento Normal;2024-11-18;;;;;;S;;N;Fechado;;;90873261.73;2026-04-30;18596945000183;BAKER TILLY 4PARTNERS AUDITORES INDEPENDENTES LTDA.;13486793000142;APEX GROUP DISTRIBUIDORA DE TÍTULOS E VALORES MOBILIÁRIOS S.A.;;
5192;27784;43236479000172;22853;2025-06-30;2025-06-30;2025-06-30;Classes de Cotas de Fundos FIP;ARIEN ENERGY VENTURES I FUNDO DE INVESTIMENTO EM PARTICIPAÇÕES EM INFRAESTRUTURA RESP LIMITADA;Em Liquidação;2026-05-21;;;;;;S;;N;Fechado;;Qualificado;3513073.05;2026-04-30;03156926000169;SÊNIOR AUDITORES INDEPENDENTES S/S;16695922000109;ID CORRETORA DE TITULOS E VALORES MOBILIARIOS S.A.;;
5208;27796;43619322000126;9040;2025-10-01;2025-01-10;2025-01-10;Classes de Cotas de Fundos FIP;ELEA INFRAESTRUTURA - FUNDO DE INVESTIMENTO EM PARTICIPAÇÕES MULTIESTRATÉGIA;Em Funcionamento Normal;2025-01-10;;;;;;N;;N;;;;90029990.98;2026-04-30;16549480000184;RSM BRASIL AUDITORES INDEPENDENTES LTDA.;62232889000190;BANCO DAYCOVAL S.A.;;
5221;27804;43825544000103;13560;2024-11-21;2024-11-21;2024-11-21;Classes de Cotas de Fundos FIP;SERRA EÓLICA FUNDO DE INVESTIMENTO EM PARTICIPAÇÕES EM INFRAESTRUTURA;Em Funcionamento Normal;2024-11-21;;;;;;S;;N;Fechado;;;419941501.99;2026-04-30;16549480000184;RSM BRASIL AUDITORES INDEPENDENTES LTDA.;13486793000142;APEX GROUP DISTRIBUIDORA DE TÍTULOS E VALORES MOBILIÁRIOS S.A.;;
5258;27833;44345686000128;5533;2024-04-22;2021-11-18;2024-04-22;Classes de Cotas de Fundos FIP;BEP ENERGIA FUNDO DE INVESTIMENTO EM PARTICIPAÇÕES  EM INFRAESTRUTURA;Em Funcionamento Normal;2024-04-22;;;;;;S;;N;Fechado;;Qualificado;2070008.74;2026-04-30;10830108000165;GRANT THORNTON AUDITORES INDEPENDENTES LTDA.;;;;
5277;27846;44466492000180;20052;2025-06-27;2025-06-27;2025-06-27;Classes de Cotas de Fundos FIP;XP INFRA IV FUNDO DE INVESTIMENTO EM PARTICIPAÇÕES EM INFRAESTRUTURA;Em Funcionamento Normal;2025-06-27;;;;;;S;;N;Fechado;;;467355984.08;2026-04-30;61366936000125;ERNST & YOUNG AUDITORES INDEPENDENTES S/S LTDA.;36113876000191;OLIVEIRA TRUST DTVM S.A.;;
5294;27858;44603155000198;20451;2025-06-20;2025-06-20;2025-06-20;Classes de Cotas de Fundos FIP;RZK ENERGIA FUNDO DE INVESTIMENTO EM PARTICIPAÇÕES INFRAESTRUTURA MULTIESTRATÉGIA;Em Funcionamento Normal;2025-06-20;;;;;;S;;N;Fechado;;;350650233.39;2026-04-30;05452311000105;CONFIANCE AUDITORES INDEPENDENTES;00806535000154;PLANNER CORRETORA DE VALORES S.A.;;
5338;27888;45147035000196;16284;2025-06-25;2025-06-25;2025-06-25;Classes de Cotas de Fundos FIP;ROAD FUNDO DE INVESTIMENTO EM PARTICIPAÇÕES EM INFRAESTRUTURA RESPONSABILIDADE LIMITADA;Em Funcionamento Normal;2025-06-25;;;;;;S;;N;Fechado;;;842345618.49;2026-04-30;07377136000164;RSM ACAL AUDITORES INDEPENDENTES S/S;30306294000145;BANCO BTG PACTUAL S/A;;
5340;27890;45163780000129;20249;2025-07-01;2025-07-01;2025-07-01;Classes de Cotas de Fundos FIP;FUNDO DE INVESTIMENTO EM PARTICIPAÇÕES EM INFRAESTRUTURA SOLAR II RESPONSABILIDADE LIMITADA;Em Funcionamento Normal;2025-07-01;;;;;;S;;N;Fechado;;;235306623.21;2026-04-30;;;30306294000145;BANCO BTG PACTUAL S/A;;
5370;27915;45829737000150;5410;2024-09-20;2022-03-23;2024-09-20;Classes de Cotas de Fundos FIP;CLASSE A INFRAESTRUTURA RESP LIMITADA DO PÁTRIA INFRAESTRUTURA ENERGIA RENDA CORE FIP EM INFRA;Em Funcionamento Normal;2024-09-20;;;;;;S;;N;Fechado;;;912404851.00;2026-04-30;49928567000111;DELOITTE TOUCHE TOHMATSU AUDITORES INDEPENDENTES LTDA.;45246410000155;BANCO GENIAL S.A.;;
5391;27928;46247083000119;12572;2025-05-16;2025-05-16;2025-05-16;Classes de Cotas de Fundos FIP;RIVER FUNDO DE INVESTIMENTO EM PARTICIPAÇÕES EM INFRAESTRUTURA RESPONSABILIDADE LIMITADA;Em Funcionamento Normal;2025-05-16;;;;;;N;;N;Fechado;;;31840358.31;2026-04-30;54276936000179;BDO RCS AUDITORES INDEPENDENTES - SOCIEDADE SIMPLES LIMITADA;13486793000142;APEX GROUP DISTRIBUIDORA DE TÍTULOS E VALORES MOBILIÁRIOS S.A.;;
5406;27942;46323212000100;20303;2025-06-30;2025-06-30;2025-06-30;Classes de Cotas de Fundos FIP;DOJO GRU IV FUNDO DE INVESTIMENTOS EM PARTICIPAÇÕES EM INFRAESTRUTURA;Em Funcionamento Normal;2025-06-30;;;;;;S;;N;Fechado;;;27845.58;2026-04-30;42170852000177;UHY BENDORAYTES & CIA AUDITORES INDEPENDENTES;62232889000190;BANCO DAYCOVAL S.A.;;
5408;27944;46375247000193;11860;2025-06-09;2025-06-09;2025-06-09;Classes de Cotas de Fundos FIP;NM RZK ENERGIA FUNDO DE INVESTIMENTO EM PARTICIPAÇÕES EM INFRAESTRUTURA;Em Funcionamento Normal;2025-06-09;;;;;;S;;N;;;;228727851.31;2026-04-30;61366936000125;ERNST & YOUNG AUDITORES INDEPENDENTES S/S LTDA.;30306294000145;BANCO BTG PACTUAL S/A;;
5413;27949;46375484000154;8834;2024-12-02;2022-07-29;2024-12-02;Classes de Cotas de Fundos FIP;Perfin Voyager Fundo de Investimento em Participações em Infraestrutura;Em Funcionamento Normal;2024-12-02;;;;;;S;;N;;;;3113724492.27;2026-04-30;61366936000125;ERNST & YOUNG AUDITORES INDEPENDENTES S/S LTDA.;30306294000145;BANCO BTG PACTUAL S/A;;
5419;27953;46405812000118;6106;2024-11-08;2022-08-10;2024-11-08;Classes de Cotas de Fundos FIP;VALORA INFRA DÍVIDA FUNDO DE INVESTIMENTO EM PARTICIPAÇÕES EM INFRAESTRUTURA - FIP-IE RESP LIMITADA;Em Funcionamento Normal;2024-11-08;;;;;;S;;N;Fechado;;;512079322.91;2026-04-30;61562112000120;PRICEWATERHOUSECOOPERS AUDITORES INDEPENDENTES LTDA.;62232889000190;BANCO DAYCOVAL S.A.;;
5461;27984;47093536000162;11312;2025-06-02;2025-06-02;2025-06-02;Classes de Cotas de Fundos FIP;POLARIS 2 FUNDO DE INVESTIMENTO EM PARTICIPAÇÕES EM INFRAESTRUTURA;Em Funcionamento Normal;2025-06-02;;;;;;S;;N;;;;91978022.66;2026-04-30;57755217000129;KPMG AUDITORES INDEPENDENTES LTDA.;30306294000145;BANCO BTG PACTUAL S/A;;
5463;27985;47093821000183;20346;2025-06-30;2025-06-30;2025-06-30;Classes de Cotas de Fundos FIP;GRAFITO FUNDO DE INVESTIMENTO EM PARTICIPAÇÕES INFRAESTRUTURA RESPONSABILIDADE LIMITADA;Em Funcionamento Normal;2025-06-30;;;;;;S;;N;;;;170567485.25;2026-04-30;57755217000129;KPMG AUDITORES INDEPENDENTES LTDA.;30306294000145;BANCO BTG PACTUAL S/A;;
5478;27994;47279969000107;15997;2025-06-23;2025-06-23;2025-06-23;Classes de Cotas de Fundos FIP;VEGA SOLAR FUNDO DE INVESTIMENTO EM PARTICIPAÇÕES - INFRAESTRUTURA DE RESPONSABILIDADE LIMITADA;Em Funcionamento Normal;2025-06-23;;;;;;N;;N;Fechado;;;30061182.76;2026-04-30;23854307000155;MCS MARKUP AUDITORES INDEPENDENTES S/S LTDA;62232889000190;BANCO DAYCOVAL S.A.;;
5505;28011;47862302000132;15989;2025-06-23;2025-06-23;2025-06-23;Classes de Cotas de Fundos FIP;FUNDO DE INVESTIMENTO EM PARTICIPAÇÕES GD BRASIL SOLAR - INFRAESTRUTURA;Em Funcionamento Normal;2025-06-23;;;;;;S;;N;Fechado;;;185689816.36;2026-04-30;57755217000129;KPMG AUDITORES INDEPENDENTES LTDA.;30306294000145;BANCO BTG PACTUAL S/A;;
5517;28016;48015232000140;20559;2025-06-30;2025-06-30;2025-06-30;Classes de Cotas de Fundos FIP;FRAM CAPITAL LARSEN FUNDO DE INVESTIMENTO EM PARTICIPAÇÕES EM INFRAESTRUTURA;Em Liquidação;2026-06-30;;;;;;S;;N;;;;722044.31;2026-04-30;54080721000188;CLA - CLIFTON LARSON ALLEN BRASIL AUDITORES INDEPENDENTES S/S LTDA;;;;
5519;28018;48038397000137;20710;2025-05-15;2025-05-15;2025-05-15;Classes de Cotas de Fundos FIP;CAVALLIERI FUNDO DE INVESTIMENTO EM PARTICIPAÇÕES - INFRAESTRUTURA;Em Funcionamento Normal;2025-05-15;;;;;;S;;N;Fechado;;;541788251.54;2026-04-30;16549480000184;RSM BRASIL AUDITORES INDEPENDENTES LTDA.;;;;
5571;28048;49252656000190;25097;2024-10-01;2024-10-01;2024-10-01;Classes de Cotas de Fundos FIP;AZ QUEST INFRA YIELD FUNDO DE INVESTIMENTO EM PARTICIPAÇÕES EM INFRAESTRUTURA;Em Funcionamento Normal;2024-10-01;;;;;;S;;N;Fechado;;;1552682033.06;2026-04-30;57755217000129;KPMG AUDITORES INDEPENDENTES LTDA.;36113876000191;OLIVEIRA TRUST DTVM S.A.;;
5572;28049;49274036000152;15482;2025-06-23;2025-06-23;2025-06-23;Classes de Cotas de Fundos FIP;GDO FUNDO DE INVESTIMENTO EM PARTICIPAÇÕES INFRAESTRUTURA;Em Funcionamento Normal;2025-06-23;;;;;;N;;N;Fechado;;;58514309.87;2026-04-30;19280834000126;NEXT AUDITORES INDEPENDENTES S/S LTDA.;00806535000154;PLANNER CORRETORA DE VALORES S.A.;;
5574;28051;49343067000118;20699;2025-06-27;2025-06-27;2025-06-27;Classes de Cotas de Fundos FIP;BTG PACTUAL ENERGY DEBT FUNDO DE INVESTIMENTO EM PARTICIPAÇÕES EM INFRAESTRUTURA RESP LIMITADA;Em Funcionamento Normal;2025-06-27;;;;;;S;;N;Fechado;;;576941390.78;2026-04-30;61366936000125;ERNST & YOUNG AUDITORES INDEPENDENTES S/S LTDA.;30306294000145;BANCO BTG PACTUAL S/A;;
5577;28053;49430776000130;9776;2025-05-02;2025-05-02;2025-05-02;Classes de Cotas de Fundos FIP;BTG PACTUAL INFRAESTRUTURA III FEEDER FI EM PARTICIPAÇÕES MULTIESTRATÉGIA RESPONSABILIDADE LIMITADA;Em Funcionamento Normal;2025-05-02;;;;;;S;;N;Fechado;;;915403735.32;2026-04-30;61366936000125;ERNST & YOUNG AUDITORES INDEPENDENTES S/S LTDA.;30306294000145;BANCO BTG PACTUAL S/A;;
5582;28056;49619678000146;20729;2025-06-25;2025-06-25;2025-06-25;Classes de Cotas de Fundos FIP;GOLDEN GATE FUNDO DE INVESTIMENTO EM PARTICIPAÇÕES EM INFRAESTRUTURA;Em Funcionamento Normal;2025-06-25;;;;;;S;;N;Fechado;;;96920785.18;2026-04-30;57755217000129;KPMG AUDITORES INDEPENDENTES LTDA.;62318407000119;S3 CACEIS BRASIL DISTRIBUIDORA DE TITULOS E VALORES MOBILIARIOS S.A;;
5583;28057;49628326000157;15512;2025-06-13;2025-06-13;2025-06-13;Classes de Cotas de Fundos FIP;BTG PACTUAL MAVERICK FIP EM INFRAESTRUTURA RESPONSABILIDADE LIMITADA;Em Funcionamento Normal;2025-06-13;;;;;;S;;N;Fechado;;;126795047.57;2026-04-30;61366936000125;ERNST & YOUNG AUDITORES INDEPENDENTES S/S LTDA.;30306294000145;BANCO BTG PACTUAL S/A;;
5595;28067;49750515000106;3913;2024-07-18;2023-02-28;2024-07-18;Classes de Cotas de Fundos FIP;VIA APPIA FUNDO DE INVESTIMENTO EM PARTICIPAÇÕES INFRAESTRUTURA - RESPONSABILIDADE LIMITADA;Em Funcionamento Normal;2024-07-18;;;;;;S;;N;;;;2626425807.53;2026-04-30;19280834000126;NEXT AUDITORES INDEPENDENTES S/S LTDA.;30306294000145;BANCO BTG PACTUAL S/A;;
5625;28093;50135001000111;388;2023-11-28;2023-03-29;2023-11-28;Classes de Cotas de Fundos FIP;TRIÂNGULO FUNDO DE INVESTIMENTO EM PARTICIPAÇÕES INFRAESTRUTURA RESPONSABILIDADE LIMITADA;Em Funcionamento Normal;2023-12-11;;;;;;S;;N;Fechado;;;97450488.65;2026-04-30;19280834000126;NEXT AUDITORES INDEPENDENTES S/S LTDA.;22610500000188;VORTX DISTRIBUIDORA DE TITULOS E VALORES MOBILIARIOS LTDA.;;
5629;28095;50216348000199;11487;2025-06-05;2025-06-05;2025-06-05;Classes de Cotas de Fundos FIP;NAVI ENERGIAS SUSTENTÁVEIS II FIP EM INFRAESTRUTURA - IS - RESPONSABILIDADE LIMITADA;Em Funcionamento Normal;2025-06-05;;;;;;S;;N;;;;27053637.44;2026-04-30;61366936000125;ERNST & YOUNG AUDITORES INDEPENDENTES S/S LTDA.;30306294000145;BANCO BTG PACTUAL S/A;;
5667;28119;50642706000125;20869;2025-06-30;2025-06-30;2025-06-30;Classes de Cotas de Fundos FIP;DOJO RE FUNDO DE INVESTIMENTO EM PARTICIPAÇÕES INFRAESTRUTURA;Em Funcionamento Normal;2025-06-30;;;;;;S;;N;Fechado;;;8280882.34;2026-04-30;42170852000177;UHY BENDORAYTES & CIA AUDITORES INDEPENDENTES;62232889000190;BANCO DAYCOVAL S.A.;;
5693;28133;51138700000188;20923;2025-06-23;2025-06-23;2025-06-23;Classes de Cotas de Fundos FIP;PÁTRIA INFRAESTRUTURA V FEEDER INSTITUCIONAL I FIP RESP LIMITADA;Em Funcionamento Normal;2025-06-23;;;;;;S;;N;Fechado;;;23529761.55;2026-04-30;54276936000179;BDO RCS AUDITORES INDEPENDENTES - SOCIEDADE SIMPLES LIMITADA;13486793000142;APEX GROUP DISTRIBUIDORA DE TÍTULOS E VALORES MOBILIÁRIOS S.A.;;
5705;28142;51209718000123;20974;2025-06-30;2025-06-30;2025-06-30;Classes de Cotas de Fundos FIP;PÁTRIA INFRAESTRUTURA V FEEDER BRASIL FUNDO DE INVESTIMENTO EM PARTICIPAÇÕES MULTIESTRATÉGIA;Em Funcionamento Normal;2025-06-30;;;;;;S;;N;;;;178866925.55;2026-04-30;57755217000129;KPMG AUDITORES INDEPENDENTES LTDA.;36113876000191;OLIVEIRA TRUST DTVM S.A.;;
5709;28146;51248141000169;13617;2025-06-16;2025-06-16;2025-06-16;Classes de Cotas de Fundos FIP;BTG PACTUAL INFRA DEBT FIP EM INFRAESTRUTURA RESPONSABILIDADE LIMITADA;Em Funcionamento Normal;2025-06-16;;;;;;S;;N;Fechado;;;501334321.12;2026-04-30;;;30306294000145;BANCO BTG PACTUAL S/A;;
5716;28151;51339815000130;23000;2025-06-30;2025-06-30;2025-06-30;Classes de Cotas de Fundos FIP;AVT LOG FUNDO DE INVESTIMENTO EM PARTICIPAÇÕES INFRAESTRUTURA;Em Funcionamento Normal;2025-06-30;;;;;;N;;N;Fechado;;;-18087287.92;2026-04-30;19280834000126;NEXT AUDITORES INDEPENDENTES S/S LTDA.;16695922000109;ID CORRETORA DE TITULOS E VALORES MOBILIARIOS S.A.;;
5723;28157;51484496000157;78;2023-10-17;2023-07-19;2023-10-17;Classes de Cotas de Fundos FIP;AZ QUEST INFRA-YIELD II FUNDO DE INVESTIMENTO  EM PARTICIPAÇÕES EM INFRAESTRUTURA;Em Funcionamento Normal;2023-10-31;;;;;;S;;N;Fechado;;;416979136.74;2026-04-30;61562112000120;PRICEWATERHOUSECOOPERS AUDITORES INDEPENDENTES LTDA.;62232889000190;BANCO DAYCOVAL S.A.;;
5727;28160;51504445000140;21024;2025-06-27;2025-06-27;2025-06-27;Classes de Cotas de Fundos FIP;PÁTRIA INFRAESTRUTURA V MASTER BRASIL FUNDO DE INVESTIMENTO EM PARTICIPAÇÕES;Em Funcionamento Normal;2025-06-27;;;;;;S;;N;;;;334991212.62;2026-04-30;54276936000179;BDO RCS AUDITORES INDEPENDENTES - SOCIEDADE SIMPLES LIMITADA;45246410000155;BANCO GENIAL S.A.;;
5779;28195;52046107000174;9911;2024-10-01;2024-10-01;2024-10-01;Classes de Cotas de Fundos FIP;BOCAINA DÍVIDA I FUNDO DE INVESTIMENTO EM PARTICIPAÇÕES EM INFRAESTRUTURA RESPONSABILIDADE LIMITADA;Em Funcionamento Normal;2024-10-01;;;;;;S;;N;Fechado;;;41544136.37;2026-04-30;61366936000125;ERNST & YOUNG AUDITORES INDEPENDENTES S/S LTDA.;62232889000190;BANCO DAYCOVAL S.A.;;
5787;28199;52149451000199;21121;2025-06-20;2025-06-20;2025-06-20;Classes de Cotas de Fundos FIP;CONGEM I FUNDO DE INVESTIMENTO EM PARTICIPAÇÕES INFRAESTRUTURA;Em Funcionamento Normal;2025-06-20;;;;;;S;;N;Fechado;;;17506504.49;2026-04-30;03805426000100;MB - AUDITORES INDEPENDENTES SOCIEDADE SIMPLES;00806535000154;PLANNER CORRETORA DE VALORES S.A.;;
5789;28201;52171772000190;21130;2024-10-01;2024-10-01;2024-10-01;Classes de Cotas de Fundos FIP;CAROA FUNDO DE INVESTIMENTO EM PARTICIPAÇÕES EM INFRAESTRUTURA;Em Funcionamento Normal;2024-10-01;;;;;;S;;N;Fechado;;;1472657.28;2026-04-30;61562112000120;PRICEWATERHOUSECOOPERS AUDITORES INDEPENDENTES LTDA.;36113876000191;OLIVEIRA TRUST DTVM S.A.;;
5790;28202;52171797000193;21164;2024-10-01;2024-10-01;2024-10-01;Classes de Cotas de Fundos FIP;MERCURIO GF I FUNDO DE INVESTIMENTO EM PARTICIPAÇÕES EM INFRAESTRUTURA;Em Funcionamento Normal;2024-10-01;;;;;;S;;N;Fechado;;;115149263.22;2026-04-30;61562112000120;PRICEWATERHOUSECOOPERS AUDITORES INDEPENDENTES LTDA.;36113876000191;OLIVEIRA TRUST DTVM S.A.;;
5791;28203;52171799000182;21156;2024-10-01;2024-10-01;2024-10-01;Classes de Cotas de Fundos FIP;JERICO FUNDO DE INVESTIMENTO EM PARTICIPAÇÕES EM INFRAESTRUTURA;Em Funcionamento Normal;2024-10-01;;;;;;S;;N;Fechado;;;294984986.17;2026-04-30;61562112000120;PRICEWATERHOUSECOOPERS AUDITORES INDEPENDENTES LTDA.;36113876000191;OLIVEIRA TRUST DTVM S.A.;;
5805;28213;52281935000197;21202;2025-06-30;2025-06-30;2025-06-30;Classes de Cotas de Fundos FIP;PÁTRIA INFRAESTRUTURA V ADVISORY FUNDO DE INVESTIMENTO EM PARTICIPAÇÕES MULTIESTRATÉGIA;Em Funcionamento Normal;2025-06-30;;;;;;S;;N;Fechado;;;139504021.52;2026-04-30;57755217000129;KPMG AUDITORES INDEPENDENTES LTDA.;36113876000191;OLIVEIRA TRUST DTVM S.A.;;
5813;28217;52363509000100;5304;2024-07-04;2023-09-29;2024-07-04;Classes de Cotas de Fundos FIP;BTG PACTUAL INFRAESTRUTURA III FUNDO DE INVESTIMENTO EM PARTICIPAÇÕES MULT RESPONSABILIDADE LIMITADA;Em Funcionamento Normal;2024-07-11;;;;;;S;;N;;;;945328300.82;2026-04-30;;;30306294000145;BANCO BTG PACTUAL S/A;;
5822;28224;52653794000196;124;2023-10-24;2023-10-24;2023-10-24;Classes de Cotas de Fundos FIP;NATURAL CAPITAL INFRA FUNDO DE INVESTIMENTO EM PARTICIPAÇÕES EM INFRAESTRUTURA-RESPONSABILIDADE LTDA;Em Funcionamento Normal;2023-10-27;;;;;;S;;N;Fechado;;;30638700.65;2026-04-30;54276936000179;BDO RCS AUDITORES INDEPENDENTES - SOCIEDADE SIMPLES LIMITADA;30306294000145;BANCO BTG PACTUAL S/A;;
5826;28226;52702039000154;159;2023-10-27;2023-10-27;2023-10-27;Classes de Cotas de Fundos FIP;AZ QUEST INFRA-YIELD III FUNDO DE INVESTIMENTO EM PARTICIPAÇÕES EM INFRAESTRUTURA;Em Funcionamento Normal;2023-11-30;;;;;;S;;N;Fechado;;;237195203.82;2026-04-30;61366936000125;ERNST & YOUNG AUDITORES INDEPENDENTES S/S LTDA.;30306294000145;BANCO BTG PACTUAL S/A;;
5830;28230;52824996000153;221;2023-11-08;2023-11-08;2023-11-08;Classes de Cotas de Fundos FIP;BOCAINA ENERGÉTICA CRÉDITO FIP EM INFRAESTRUTURA - RESPONSABILIDADE LIMITADA;Em Funcionamento Normal;2024-02-20;;;;;;S;;N;Fechado;;;118546314.01;2026-04-30;61366936000125;ERNST & YOUNG AUDITORES INDEPENDENTES S/S LTDA.;62232889000190;BANCO DAYCOVAL S.A.;;
5838;28237;52983240000157;302;2023-11-23;2023-11-23;2023-11-23;Classes de Cotas de Fundos FIP;ALBA FUNDO DE INVESTIMENTO EM PARTICIPAÇÕES EM INFRAESTRUTURA;Em Funcionamento Normal;2023-11-24;;;;;;S;;N;Fechado;;;34997021.94;2026-04-30;07377136000164;RSM ACAL AUDITORES INDEPENDENTES S/S;30306294000145;BANCO BTG PACTUAL S/A;;
5905;28285;53306139000124;1180;2023-12-26;2023-12-26;2023-12-26;Classes de Cotas de Fundos FIP;GERIBÁ MAIS ENERGIA II FUNDO DE INVESTIMENTO EM PARTICIPAÇÕES EM INFRAESTRUTURA;Em Funcionamento Normal;2024-06-17;;;;;;S;;N;;;;55907983.20;2026-04-30;07377136000164;RSM ACAL AUDITORES INDEPENDENTES S/S;13486793000142;APEX GROUP DISTRIBUIDORA DE TÍTULOS E VALORES MOBILIÁRIOS S.A.;;
5908;28287;53306430000100;1147;2023-12-26;2023-12-26;2023-12-26;Classes de Cotas de Fundos FIP;SOLAR 4M GD 1 FUNDO DE INVESTIMENTO EM PARTICIPAÇÕES EM INFRAESTRUTURA;Em Funcionamento Normal;2024-01-19;;;;;;S;;N;Fechado;;;103924561.59;2026-04-30;57755217000129;KPMG AUDITORES INDEPENDENTES LTDA.;30306294000145;BANCO BTG PACTUAL S/A;;
5910;28289;53312828000141;1244;2023-12-27;2023-12-27;2023-12-27;Classes de Cotas de Fundos FIP;SKJR FUNDO DE INVESTIMENTO EM PARTICIPAÇÕES INFRAESTRUTURA RESPONSABILIDADE LIMIITADA;Em Funcionamento Normal;2024-03-22;;;;;;N;;N;;;;73788321.66;2026-04-30;54276936000179;BDO RCS AUDITORES INDEPENDENTES - SOCIEDADE SIMPLES LIMITADA;00806535000154;PLANNER CORRETORA DE VALORES S.A.;;
5915;28291;53319312000129;1457;2023-12-28;2023-12-26;2023-12-28;Classes de Cotas de Fundos FIP;FRAM CAPITAL MARAPÉ II FUNDO DE INVESTIMENTO EM PARTICIPAÇÕES EM INFRAESTRUTURA;Em Liquidação;2026-07-03;;;;;;S;;N;;;;5945183.94;2026-04-30;58799685000168;PLANNERS AUDITORES INDEPENDENTES;13673855000125;OSLO DTVM;;
5927;28299;53468219000186;1600;2024-01-11;2024-01-11;2024-01-11;Classes de Cotas de Fundos FIP;BTG PACTUAL ENERGY OPPORTUNITIES FUNDO DE INVESTIMENTO EM PARTICIPAÇÕES EM  INFRAESTRUTURA;Em Funcionamento Normal;2024-01-31;;;;;;S;;N;Fechado;;;246493607.72;2026-04-30;;;30306294000145;BANCO BTG PACTUAL S/A;;
5930;28301;53537278000169;1694;2024-01-29;2024-01-16;2024-01-29;Classes de Cotas de Fundos FIP;POLUX FUNDO DE INVESTIMENTO EM PARTICIPAÇÕES EM INFRAESTRUTURA;Em Funcionamento Normal;2024-01-29;;;;;;S;;N;;;;48155665.79;2026-04-30;19280834000126;NEXT AUDITORES INDEPENDENTES S/S LTDA.;62232889000190;BANCO DAYCOVAL S.A.;;
5944;28312;53829114000105;1813;2024-02-06;2024-02-06;2024-02-06;Classes de Cotas de Fundos FIP;EV ENERGIA FUNDO DE INVESTIMENTO EM PARTICIPAÇÕES EM INFRAESTRUTURA RESPONSABILIDADE LIMITADA;Em Liquidação;2026-02-25;;;;;;S;;N;Fechado;;;11451996.88;2025-12-31;61366936000125;ERNST & YOUNG AUDITORES INDEPENDENTES S/S LTDA.;30306294000145;BANCO BTG PACTUAL S/A;;
5985;28345;54511022000145;2321;2024-03-28;2024-03-28;2024-03-28;Classes de Cotas de Fundos FIP;AZ QUEST INFRA-YIELD IV FUNDO DE INVESTIMENTO EM PARTICIPAÇÕES EM INFRAESTRUTURA;Em Funcionamento Normal;2024-05-03;;;;;;S;;N;Fechado;;;157127511.93;2026-04-30;61366936000125;ERNST & YOUNG AUDITORES INDEPENDENTES S/S LTDA.;30306294000145;BANCO BTG PACTUAL S/A;;
6037;28381;55067199000167;2879;2024-05-09;2024-05-09;2024-05-09;Classes de Cotas de Fundos FIP;RIZA AÉRAS TRANSIÇÃO ENERGÉTICA FIP EM INFRAESTRUTURA DE RESPONSABILIDADE LIMITADA;Fase Pré-Operacional;2024-05-09;;;;;;S;;N;Fechado;;;;;57755217000129;KPMG AUDITORES INDEPENDENTES LTDA.;45246410000155;BANCO GENIAL S.A.;;
6039;28383;55087978000124;3514;2024-06-27;2024-05-10;2024-06-27;Classes de Cotas de Fundos FIP;G5 PE INFRA I FUNDO DE INVESTIMENTO EM PARTICIPAÇÕES EM INFRAESTRUTURA;Em Funcionamento Normal;2024-06-27;;;;;;S;;N;Fechado;;;21854971.81;2026-04-30;19280834000126;NEXT AUDITORES INDEPENDENTES S/S LTDA.;62232889000190;BANCO DAYCOVAL S.A.;;
6058;28398;55291703000108;3093;2024-05-27;2024-05-27;2024-05-27;Classes de Cotas de Fundos FIP;COPÉRNICO FI EM PARTICIPAÇÕES EM INFRAESTRUTURA CLASSE A INFRAESTRUTURA RESP LIMITADA;Em Funcionamento Normal;2024-07-31;;;;;;N;;N;Fechado;;;185865853.66;2026-04-30;61562112000120;PRICEWATERHOUSECOOPERS AUDITORES INDEPENDENTES LTDA.;58160789000128;BANCO SAFRA S/A;;
6069;28408;55430054000189;3212;2024-06-06;2024-06-06;2024-06-06;Classes de Cotas de Fundos FIP;RIZA DELPHI FUNDO DE INVESTIMENTO EM PARTICIPAÇÕES EM INFRAESTRUTURA;Em Funcionamento Normal;2024-07-25;;;;;;S;;N;Fechado;;;100386608.69;2026-04-30;57755217000129;KPMG AUDITORES INDEPENDENTES LTDA.;45246410000155;BANCO GENIAL S.A.;;
6085;28421;55536520000105;3387;2024-06-14;2024-06-14;2024-06-14;Classes de Cotas de Fundos FIP;WATER FUNDO DE INVESTIMENTO EM PARTICIPAÇÕES EM INFRAESTRUTURA;Em Liquidação;2026-07-30;;;;;;S;;N;Fechado;;;1284215.27;2026-04-30;57755217000129;KPMG AUDITORES INDEPENDENTES LTDA.;30306294000145;BANCO BTG PACTUAL S/A;;
6088;28423;55594628000154;3425;2024-06-19;2024-06-19;2024-06-19;Classes de Cotas de Fundos FIP;AZ QUEST ENERGIA FUNDO DE INVESTIMENTO EM PARTICIPAÇÕES EM INFRAESTRUTURA;Em Funcionamento Normal;2024-11-12;;;;;;S;;N;;;;487502258.52;2026-04-30;61366936000125;ERNST & YOUNG AUDITORES INDEPENDENTES S/S LTDA.;62232889000190;BANCO DAYCOVAL S.A.;;
6131;28452;55993374000147;3905;2024-07-18;2024-07-18;2024-07-18;Classes de Cotas de Fundos FIP;PERFIN SPECIAL OPPORTUNITIES 5 FUNDO DE INVESTIMENTO EM PARTICIPAÇÕES INFRAESTRUTURA;Em Funcionamento Normal;2024-08-07;;;;;;S;;N;Fechado;;;183740649.56;2026-04-30;61366936000125;ERNST & YOUNG AUDITORES INDEPENDENTES S/S LTDA.;30306294000145;BANCO BTG PACTUAL S/A;;
6134;28455;56101373000103;3948;2024-07-26;2024-07-25;2024-07-26;Classes de Cotas de Fundos FIP;BRASIL GD INFRA FUNDO DE INVESTIMENTO EM PARTICIPAÇÕES EM INFRAESTRUTURA RESPONSABILIDADE LIMITADA;Em Funcionamento Normal;2024-10-04;;;;;;S;;N;Fechado;;;86962288.10;2026-04-30;61366936000125;ERNST & YOUNG AUDITORES INDEPENDENTES S/S LTDA.;41592532000142;MERITO DISTRIBUIDORA DE TITULOS E VALORES MOBILIARIOS LTDA.;;
6145;28466;56248822000140;4090;2024-08-03;2024-08-02;2024-08-03;Classes de Cotas de Fundos FIP;4UM FUNDO DE INVESTIMENTO EM PARTICIPAÇÕES EM INFRAESTRUTURA DE RESPONSABILIDADE LIMITADA I;Em Funcionamento Normal;2024-10-25;;;;;;S;;N;;;;420709508.19;2026-04-30;49928567000111;DELOITTE TOUCHE TOHMATSU AUDITORES INDEPENDENTES LTDA.;39669186000101;HEMERA DISTRIBUIDORA DE TITULOS E VALORES MOBILIARIOS LTDA;;
6172;28485;56873069000184;4340;2024-08-16;2024-08-15;2024-08-16;Classes de Cotas de Fundos FIP;EV ENERGIA FI EM COTAS DE FUNDOS DE INVESTIMENTO EM  PARTICIPAÇÕES EM INFRAESTRUTURA;Em Liquidação;2026-02-25;;;;;;S;;N;Fechado;;;6322544.01;2025-12-31;61366936000125;ERNST & YOUNG AUDITORES INDEPENDENTES S/S LTDA.;30306294000145;BANCO BTG PACTUAL S/A;;
6175;28487;56915923000128;4367;2024-08-19;2024-08-19;2024-08-19;Classes de Cotas de Fundos FIP;G5 ALLOCATION FUNDO DE INVESTIMENTO EM PARTICIPAÇÕES - INFRAESTRUTURA I - RESPONSABILIDADE LIMITADA;Em Funcionamento Normal;2024-10-25;;;;;;S;;N;;;;19632441.82;2026-04-30;19280834000126;NEXT AUDITORES INDEPENDENTES S/S LTDA.;62232889000190;BANCO DAYCOVAL S.A.;;
6176;28488;56915977000193;4375;2024-08-19;2024-08-19;2024-08-19;Classes de Cotas de Fundos FIP;G5 ALLOCATION FUNDO DE INVESTIMENTO EM PARTICIPAÇÕES - INFRAESTRUTURA II - RESPONSABILIDADE LIMITADA;Em Funcionamento Normal;2024-10-25;;;;;;S;;N;;;;19622123.25;2026-04-30;19280834000126;NEXT AUDITORES INDEPENDENTES S/S LTDA.;62232889000190;BANCO DAYCOVAL S.A.;;
6177;28489;56915993000186;4383;2024-08-19;2024-08-19;2024-08-19;Classes de Cotas de Fundos FIP;G5 ALLOCATION FUNDO DE INVESTIMENTO EM PARTICIPAÇÕES - INFRAESTRUTURA III RESPONSABILIDADE LIMITADA;Em Funcionamento Normal;2024-10-25;;;;;;S;;N;;;;19622243.41;2026-04-30;19280834000126;NEXT AUDITORES INDEPENDENTES S/S LTDA.;62232889000190;BANCO DAYCOVAL S.A.;;
6182;28492;56958829000156;4421;2024-08-21;2024-08-21;2024-08-21;Classes de Cotas de Fundos FIP;NAVI INFRA FUNDO DE INVESTIMENTO EM PARTICIPAÇÕES EM INFRAESTRUTURA RESPONSABILIDADE LIMITADA;Em Funcionamento Normal;2024-12-04;;;;;;S;;N;Fechado;;;73232393.10;2026-04-30;61366936000125;ERNST & YOUNG AUDITORES INDEPENDENTES S/S LTDA.;36113876000191;OLIVEIRA TRUST DTVM S.A.;;
6195;28499;57088683000106;4570;2024-08-30;2024-08-29;2024-08-30;Classes de Cotas de Fundos FIP;H2 DIGITAL INFRA FIBER N FUNDO DE INVESTIMENTO EM PARTICIPAÇÕES EM INFRAESTRUTURA - RESP LIMITADA;Em Funcionamento Normal;2026-03-04;;;;;;S;;N;;;;3240014.70;2026-04-30;61366936000125;ERNST & YOUNG AUDITORES INDEPENDENTES S/S LTDA.;62232889000190;BANCO DAYCOVAL S.A.;;
6241;28534;57473619000130;5070;2024-09-27;2024-09-27;2024-09-27;Classes de Cotas de Fundos FIP;KINEA ESTRATÉGIA INFRA CDI FUNDO DE INVESTIMENTO EM PARTICIPAÇÕES EM INFRAESTRUTURA RESP LIMITADA;Em Funcionamento Normal;2024-11-06;;;;;;S;;N;Fechado;;;402421060.57;2026-04-30;61562112000120;PRICEWATERHOUSECOOPERS AUDITORES INDEPENDENTES LTDA.;60701190000104;ITAU UNIBANCO S.A.;;
6246;28537;57553229000170;5134;2024-10-03;2024-10-01;2024-10-01;Classes de Cotas de Fundos FIP;MAM ALTIS ENERGY FUNDO DE INVESTIMENTO EM PARTICIPAÇÕES EM INFRAESTRUTURA RESPONSABILIDADE LIMITADA;Fase Pré-Operacional;2024-10-03;;;;;;N;;N;Fechado;S;;;;16549480000184;RSM BRASIL AUDITORES INDEPENDENTES LTDA.;22610500000188;VORTX DISTRIBUIDORA DE TITULOS E VALORES MOBILIARIOS LTDA.;;
6254;28544;57660341000100;5215;2024-10-11;2024-10-11;2024-10-11;Classes de Cotas de Fundos FIP;ENGEFORM INFRA I FUNDO DE INVESTIMENTO EM PARTICIPAÇÕES EM INFRAESTRUTURA RESPONSABILIDADE LIMITADA;Em Funcionamento Normal;2025-01-03;;;;;;S;;N;Fechado;S;;42800604.18;2026-04-30;;;13486793000142;APEX GROUP DISTRIBUIDORA DE TÍTULOS E VALORES MOBILIÁRIOS S.A.;;
6264;28553;57738201000108;5614;2024-10-17;2024-10-17;2024-10-17;Classes de Cotas de Fundos FIP;AZ QUEST INFRA-YIELD V FUNDO DE INVESTIMENTO EM PARTICIPAÇÕES EM  INFRAESTRUTURA;Em Funcionamento Normal;2024-12-05;;;;;;S;;N;Fechado;N;;306878779.58;2026-04-30;61366936000125;ERNST & YOUNG AUDITORES INDEPENDENTES S/S LTDA.;30306294000145;BANCO BTG PACTUAL S/A;;
6265;28554;57738760000118;5622;2024-10-17;2024-10-17;2024-10-17;Classes de Cotas de Fundos FIP;G5 RIZA DELPHI FUNDO DE INVESTIMENTO EM PARTICIPAÇÕES EM INFRAESTRUTURA;Em Funcionamento Normal;2024-10-28;;;;;;S;;N;;;;30371205.35;2026-04-30;49928567000111;DELOITTE TOUCHE TOHMATSU AUDITORES INDEPENDENTES LTDA.;45246410000155;BANCO GENIAL S.A.;;
6266;28555;57752820000157;5630;2024-10-18;2024-10-18;2024-10-18;Classes de Cotas de Fundos FIP;4UM INFRA SOCIAL FUNDO DE INVESTIMENTO EM PARTICIPAÇÕES EM INFRAESTRUTURA DE RESPONSABILIDADE LIMITA;Em Funcionamento Normal;2025-10-31;;;;;;S;;N;;;;12720413.59;2026-04-30;49928567000111;DELOITTE TOUCHE TOHMATSU AUDITORES INDEPENDENTES LTDA.;39669186000101;HEMERA DISTRIBUIDORA DE TITULOS E VALORES MOBILIARIOS LTDA;;
6306;28582;58308517000122;6262;2024-12-02;2024-11-29;2024-11-29;Classes de Cotas de Fundos FIP;ALLIGATOR FUNDO DE INVESTIMENTO EM PARTICIPAÇÕES INFRAESTRUTURA - RESPONSABILIDADE LIMITADA;Em Funcionamento Normal;2025-03-24;;;;;;S;;N;;;;17857617.90;2026-04-30;57755217000129;KPMG AUDITORES INDEPENDENTES LTDA.;62232889000190;BANCO DAYCOVAL S.A.;;
6322;28598;58364202000100;6424;2024-12-05;2024-12-05;2024-12-05;Classes de Cotas de Fundos FIP;BTG PACTUAL COINVESTIMENTO CRÉDITO FI EM PARTICIPAÇÕES INFRAESTRUTURA RESPONSABILIDADE LIMITADA;Em Funcionamento Normal;2025-01-06;;;;;;S;;N;;;;216892826.56;2026-04-30;61366936000125;ERNST & YOUNG AUDITORES INDEPENDENTES S/S LTDA.;30306294000145;BANCO BTG PACTUAL S/A;;
6324;28600;58364474000100;6440;2024-12-05;2024-12-05;2024-12-05;Classes de Cotas de Fundos FIP;PERFIN INFRA II MASTER E INFRAESTRUTURA RESP LIMITADA FUNDO DE INVESTIMENTO EM PARTICIPAÇÕES;Em Funcionamento Normal;2025-07-14;;;;;;N;;N;Fechado;N;;45104575.46;2026-04-30;61366936000125;ERNST & YOUNG AUDITORES INDEPENDENTES S/S LTDA.;60701190000104;ITAU UNIBANCO S.A.;;
6349;28622;58529831000135;6831;2024-12-20;2024-12-20;2024-12-20;Classes de Cotas de Fundos FIP;KAMAI ENERGIA FUNDO DE INVESTIMENTO EM PARTICIPAÇÕES EM INFRAESTRUTURA - RESPONSABILIDADE LIMITADA;Em Funcionamento Normal;2025-01-29;;;;;;N;;N;;;;24308049.95;2026-04-30;19280834000126;NEXT AUDITORES INDEPENDENTES S/S LTDA.;18945670000146;INTER DISTRIBUIDORA DE TÍTULOS E VALORES MOBILIÁRIOS;;
6368;28640;58587263000129;7374;2024-12-31;2024-12-30;2024-12-30;Classes de Cotas de Fundos FIP;JANGADA FUNDO DE INVESTIMENTO EM PARTICIPAÇÕES INFRAESTRUTURA RESPONSABILIDADE LIMITADA;Em Funcionamento Normal;2024-12-31;;;;;;S;;N;Fechado;S;;32596839.60;2026-04-30;49928567000111;DELOITTE TOUCHE TOHMATSU AUDITORES INDEPENDENTES LTDA.;45246410000155;BANCO GENIAL S.A.;;
6373;28645;58689066000110;7501;2025-01-08;2025-01-07;2025-01-07;Classes de Cotas de Fundos FIP;CLASSE A RESPONSABILIDADE LIMITADA DO PERFIN INFRA II MASTER UV FI EM PARTICIPAÇÕES INFRAESTRUTURA;Em Funcionamento Normal;2025-06-18;;;;;;S;;N;;;;193575022.03;2026-04-30;61366936000125;ERNST & YOUNG AUDITORES INDEPENDENTES S/S LTDA.;30306294000145;BANCO BTG PACTUAL S/A;;
6399;28668;59374394000190;8028;2025-02-10;2025-02-07;2025-02-07;Classes de Cotas de Fundos FIP;BTG PACTUAL COINVESTIMENTO CRÉDITO II FIP INFRAESTRUTURA RESPONSABILIDADE LIMITADA;Em Funcionamento Normal;2025-03-26;;;;;;S;;N;;;;254910660.01;2026-04-30;61366936000125;ERNST & YOUNG AUDITORES INDEPENDENTES S/S LTDA.;30306294000145;BANCO BTG PACTUAL S/A;;
6407;28675;59482549000102;8125;2025-02-14;2025-02-14;2025-02-14;Classes de Cotas de Fundos FIP;AZ QUEST RENDA MAIS - INFRA - YIELD VI FUNDO DE INVESTIMENTO EM PARTICIPAÇÕES EM INFRAESTRUTURA;Em Funcionamento Normal;2025-05-06;;;;;;N;;N;Fechado;S;;316160265.95;2026-04-30;61562112000120;PRICEWATERHOUSECOOPERS AUDITORES INDEPENDENTES LTDA.;36113876000191;OLIVEIRA TRUST DTVM S.A.;;
6413;28678;59535840000100;8192;2025-02-18;2025-02-18;2025-02-18;Classes de Cotas de Fundos FIP;SANEAMENTO I PVT FUNDO DE INVESTIMENTO EM PARTICIPAÇÕES EM INFRAESTRUTURA RESPONSABILIDADE LIMITADA;Em Funcionamento Normal;2025-04-08;;;;;;N;;N;;;;251385919.44;2026-04-30;61562112000120;PRICEWATERHOUSECOOPERS AUDITORES INDEPENDENTES LTDA.;60701190000104;ITAU UNIBANCO S.A.;;
6421;28684;59713576000149;8303;2025-02-28;2025-02-28;2025-02-28;Classes de Cotas de Fundos FIP;LYON CAPITAL II FUNDO DE  INVESTIMENTO EM PARTICIPAÇÕES INFRAESTRUTURA;Em Funcionamento Normal;2025-03-27;;;;;;N;;N;;;;8364898.38;2026-04-30;54080721000188;CLA - CLIFTON LARSON ALLEN BRASIL AUDITORES INDEPENDENTES S/S LTDA;13673855000125;OSLO DTVM;;
6427;28690;59794611000100;22373;2025-08-19;2025-03-07;2025-08-19;Classes de Cotas de Fundos FIP;SHALOM FUNDO DE INVESTIMENTO EM PARTICIPAÇÕES EM INFRAESTRUTURA - RESPONSABILIDADE LIMITADA;Em Funcionamento Normal;2025-10-17;;;;;;S;;;Fechado;S;;36659200.83;2026-04-30;35840241000123;LMV AUDITORES E CONSULTORES S/S;;;;
6436;28698;59939757000198;8613;2025-03-17;2025-03-17;2025-03-17;Classes de Cotas de Fundos FIP;AZ QUEST INFRA RENDA -INFRA - YIELD VII FUNDO DE INVESTIMENTO EM PARTICIPAÇÕES EM INFRAESTRUTURA;Em Funcionamento Normal;2025-04-30;;;;;;S;;N;Fechado;N;;320089918.31;2026-04-30;;;30306294000145;BANCO BTG PACTUAL S/A;;
6444;28703;60098044000128;8877;2025-03-26;2025-03-25;2025-03-25;Classes de Cotas de Fundos FIP;TALES INFRACOM FUNDO DE INVESTIMENTO EM PARTICIPAÇÕES EM INFRAESTRUTURA -RESPONSABILIDADE LIMITADA;Em Funcionamento Normal;2025-03-28;;;;;;N;;N;;;;18231570.28;2026-04-30;54276936000179;BDO RCS AUDITORES INDEPENDENTES - SOCIEDADE SIMPLES LIMITADA;33775974000104;ATIVA INVESTIMENTOS S.A. C.T.C.V.;;
6477;28731;60645828000129;9660;2025-05-02;2025-05-02;2025-05-02;Classes de Cotas de Fundos FIP;VALORA INFRA CDI RENDA MAIS FI EM PARTICIPAÇÕES EM INFRAESTRUTURA  RESPONSABILIDADE LIMITADA;Em Funcionamento Normal;2025-05-29;;;;;;S;;N;Fechado;N;;100566195.71;2026-04-30;61366936000125;ERNST & YOUNG AUDITORES INDEPENDENTES S/S LTDA.;30306294000145;BANCO BTG PACTUAL S/A;;
6493;28743;61078541000127;10782;2025-05-30;2025-05-29;2025-05-29;Classes de Cotas de Fundos FIP;BTG PACTUAL COINVESTIMENTO CRÉDITO III FI EM PARTICIPAÇÕES INFRAESTRUTURA RESPONSABILIDADE LIMITADA;Em Funcionamento Normal;2025-06-30;;;;;;S;;N;;;;344217998.61;2026-04-30;61366936000125;ERNST & YOUNG AUDITORES INDEPENDENTES S/S LTDA.;30306294000145;BANCO BTG PACTUAL S/A;;
6501;28750;61258419000132;11495;2025-06-11;2025-06-06;2025-06-06;Classes de Cotas de Fundos FIP;AZ-AXS ENERGIA FUNDO DE INVESTIMENTO EM PARTICIPAÇÕES EM INFRAESTRUTURA;Em Funcionamento Normal;2025-06-27;;;;;;S;;N;;;;967570078.78;2026-04-30;61562112000120;PRICEWATERHOUSECOOPERS AUDITORES INDEPENDENTES LTDA.;62232889000190;BANCO DAYCOVAL S.A.;;
6504;28753;61303199000111;12238;2025-06-13;2025-06-13;2025-06-13;Classes de Cotas de Fundos FIP;INFRACAPITAL BRASIL FUNDO DE INVESTIMENTO EM PARTICIPAÇÕES INFRAESTRUTURA RESPONSABILIDADE LIMITADA;Em Funcionamento Normal;2026-02-02;;;;;;S;;N;Fechado;S;;;;42170852000177;UHY BENDORAYTES & CIA AUDITORES INDEPENDENTES;;;;
6519;28767;61475764000128;16390;2025-06-26;2025-06-26;2025-06-26;Classes de Cotas de Fundos FIP;PATRIA INFRAESTRUTURA V MASTER FIP MULT RESPONSABILIDADE LIMITADA;Em Funcionamento Normal;2025-06-26;;;;;;N;;N;Fechado;S;;1087232941.58;2026-04-30;49928567000111;DELOITTE TOUCHE TOHMATSU AUDITORES INDEPENDENTES LTDA.;45246410000155;BANCO GENIAL S.A.;;
6551;28796;61955459000133;21768;2025-07-28;2025-07-24;2025-07-24;Classes de Cotas de Fundos FIP;VALORA INFRA IPCA RENDA MAIS FIP EM INFRAESTRUTURA - RESPONSABILIDADE LIMITADA;Em Funcionamento Normal;2025-08-28;;;;;;S;;N;Fechado;N;;247367705.35;2026-04-30;61366936000125;ERNST & YOUNG AUDITORES INDEPENDENTES S/S LTDA.;30306294000145;BANCO BTG PACTUAL S/A;;
6558;28803;62049106000137;21911;2025-08-04;2025-08-04;2025-08-04;Classes de Cotas de Fundos FIP;CREARE FUNDO DE INVESTIMENTO EM PARTICIPAÇÕES INFRAESTRUTURA;Fase Pré-Operacional;2025-08-04;;;;;;N;;N;Fechado;S;;;;05452311000105;CONFIANCE AUDITORES INDEPENDENTES;00806535000154;PLANNER CORRETORA DE VALORES S.A.;;
6578;28820;62292392000167;22330;2025-08-19;2025-08-19;2025-08-19;Classes de Cotas de Fundos FIP;VALORA INFRA RENDA MAIS FIP EM INFRAESTRUTURA - RESPONSABILIDADE;Em Funcionamento Normal;2025-10-02;;;;;;S;;N;;;;151653685.36;2026-04-30;61366936000125;ERNST & YOUNG AUDITORES INDEPENDENTES S/S LTDA.;62232889000190;BANCO DAYCOVAL S.A.;;
6583;28825;62361728000104;22446;2025-08-22;2025-08-22;2025-08-22;Classes de Cotas de Fundos FIP;AZ QUEST INFRA-YIELD VIII FUNDO DE INVESTIMENTO EM PARTICIPAÇÕES EM INFRAESTRUTURA;Em Funcionamento Normal;2025-10-03;;;;;;S;;N;Fechado;N;;101446790.01;2026-04-30;61366936000125;ERNST & YOUNG AUDITORES INDEPENDENTES S/S LTDA.;30306294000145;BANCO BTG PACTUAL S/A;;
6584;28826;62362591000102;22454;2025-08-22;2025-08-22;2025-08-22;Classes de Cotas de Fundos FIP;AZ QUEST - PRÉ - INFRA-YIELD IX FUNDO DE INVESTIMENTO EM PARTICIPAÇÕES EM INFRAESTRUTURA;Em Funcionamento Normal;2025-10-03;;;;;;S;;N;Fechado;N;;491981858.54;2026-04-30;61366936000125;ERNST & YOUNG AUDITORES INDEPENDENTES S/S LTDA.;30306294000145;BANCO BTG PACTUAL S/A;;
6586;28828;62380842000173;22470;2025-08-25;2025-08-21;2025-08-22;Classes de Cotas de Fundos FIP;AF INFRA FUNDO DE INVESTIMENTO EM PARTICIPAÇÕES EM INFRAESTRUTURA;Em Funcionamento Normal;2025-11-12;;;;;;N;;N;Fechado;S;;17403820.86;2026-04-30;50696344000155;BGM AUDITORES INDEPENDENTES S/S LTDA;;;;
6592;28833;62415181000174;22551;2025-08-26;2025-08-26;2025-08-26;Classes de Cotas de Fundos FIP;BPAC INFRA FUNDO DE INVESTIMENTO EM PARTICIPAÇÕES INFRAESTRUTURA RESPONSABILIDADE LIMITADA;Em Funcionamento Normal;2025-12-30;;;;;;N;;N;;;;8848643311.19;2026-04-30;61366936000125;ERNST & YOUNG AUDITORES INDEPENDENTES S/S LTDA.;30306294000145;BANCO BTG PACTUAL S/A;;
6636;28874;63084459000130;23744;2025-10-07;2025-10-07;2025-10-07;Classes de Cotas de Fundos FIP;RBR INFRA CRÉDITO PRÉ FUNDO DE INVESTIMENTO EM PARTICIPAÇÕES INFRAESTRUTURA RESP LIMITADA;Em Funcionamento Normal;2025-10-31;;;;;;S;;N;Fechado;N;;374097529.73;2026-04-30;61366936000125;ERNST & YOUNG AUDITORES INDEPENDENTES S/S LTDA.;30306294000145;BANCO BTG PACTUAL S/A;;
6637;28875;63085032000157;23752;2025-10-07;2025-10-07;2025-10-07;Classes de Cotas de Fundos FIP;RBR INFRA CRÉDITO CDI FUNDO DE INVESTIMENTO EM PARTICIPAÇÕES INFRAESTRUTURA RESP LIMITADA;Em Funcionamento Normal;2025-10-31;;;;;;S;;N;Fechado;N;;128292426.16;2026-04-30;61366936000125;ERNST & YOUNG AUDITORES INDEPENDENTES S/S LTDA.;30306294000145;BANCO BTG PACTUAL S/A;;
6643;28881;63141464000138;23817;2025-10-10;2025-10-10;2025-10-10;Classes de Cotas de Fundos FIP;PÁTRIA INFRAESTRUTURA CRÉDITO DI I FIP EM INFRAESTRUTURA RESPONSABILIDADE LIMITADA;Em Funcionamento Normal;2025-10-30;;;;;;S;;N;Fechado;N;;45520154.15;2026-04-30;61366936000125;ERNST & YOUNG AUDITORES INDEPENDENTES S/S LTDA.;30306294000145;BANCO BTG PACTUAL S/A;;
6644;28882;63141710000151;23825;2025-10-10;2025-10-10;2025-10-10;Classes de Cotas de Fundos FIP;PÁTRIA INFRAESTRUTURA CRÉDITO DI II FIP EM INFRAESTRUTURA RESPONSABILIDADE LIMITADA;Em Funcionamento Normal;2025-10-30;;;;;;S;;N;Fechado;N;;73132286.21;2026-04-30;61366936000125;ERNST & YOUNG AUDITORES INDEPENDENTES S/S LTDA.;30306294000145;BANCO BTG PACTUAL S/A;;
6647;28885;63211570000140;23850;2025-10-15;2025-10-14;2025-10-15;Classes de Cotas de Fundos FIP;PATRIA INFRAESTRUTURA LATAM SMA I FUNDO DE  INVESTIMENTO EM PARTICIPAÇÕES;Em Funcionamento Normal;2026-04-30;;;;;;S;;N;Fechado;N;;661102082.17;2026-04-30;49928567000111;DELOITTE TOUCHE TOHMATSU AUDITORES INDEPENDENTES LTDA.;45246410000155;BANCO GENIAL S.A.;;
6651;28886;63249043000125;23892;2025-10-17;2025-10-16;2025-10-16;Classes de Cotas de Fundos FIP;PATRIA INFRAESTRUTURA BRASIL DATA CENTER FI EM PARTICIPAÇÕES RESPONSABILIDADE LIMITADA;Fase Pré-Operacional;2025-10-17;;;;;;N;;N;Fechado;S;;;;49928567000111;DELOITTE TOUCHE TOHMATSU AUDITORES INDEPENDENTES LTDA.;45246410000155;BANCO GENIAL S.A.;;
6658;28893;63280112000163;23965;2025-10-20;2025-10-20;2025-10-20;Classes de Cotas de Fundos FIP;FIDES FUNDO DE INVESTIMENTO EM PARTICIPAÇÕES INFRAESTRUTURA;Em Funcionamento Normal;2026-05-14;;;;;;N;;N;;;;;;61366936000125;ERNST & YOUNG AUDITORES INDEPENDENTES S/S LTDA.;30306294000145;BANCO BTG PACTUAL S/A;;
6659;28894;63280709000108;23973;2025-10-20;2025-10-07;2025-10-07;Classes de Cotas de Fundos FIP;CLASSE A INFRAESTRUTURA DO PERFIN MARINER FUNDO DE INVESTIMENTO EM PARTICIPAÇÕES RESP LIMITADA;Em Funcionamento Normal;2025-12-19;;;;;;S;;N;Fechado;N;;503473433.23;2026-04-30;61366936000125;ERNST & YOUNG AUDITORES INDEPENDENTES S/S LTDA.;30306294000145;BANCO BTG PACTUAL S/A;;
6666;28899;63351903000137;24031;2025-10-24;2025-10-24;2025-10-24;Classes de Cotas de Fundos FIP;MILAN FUNDO DE INVESTIMENTO EM PARTICIPAÇÕES  EM INFRAESTRUTURA RESPONSABILIDADE LIMITADA;Em Funcionamento Normal;2026-07-23;;;;;;N;;N;Fechado;S;;;;10830108000165;GRANT THORNTON AUDITORES INDEPENDENTES LTDA.;;;;
6713;28946;63976688000160;24546;2025-12-08;2025-12-08;2025-12-08;Classes de Cotas de Fundos FIP;RBR INFRA CRÉDITO PRÉ II FUNDO DE INVESTIMENTO EM PARTICIPAÇÕES INFRAESTRUTURA RESP LIMITADA;Em Funcionamento Normal;2025-12-29;;;;;;N;;N;Fechado;N;;206328349.56;2026-04-30;61366936000125;ERNST & YOUNG AUDITORES INDEPENDENTES S/S LTDA.;30306294000145;BANCO BTG PACTUAL S/A;;
6718;28951;64015762000144;24597;2025-12-11;2025-12-11;2025-12-11;Classes de Cotas de Fundos FIP;ARTEMIS AIRPORT MANAGERS FUNDO DE INVESTIMENTO EM PARTICIPAÇÕES INFRAESTRUTURA;Em Liquidação;2026-04-14;;;;;;N;;N;Fechado;S;;89356.75;2025-12-31;05452311000105;CONFIANCE AUDITORES INDEPENDENTES;00806535000154;PLANNER CORRETORA DE VALORES S.A.;;
6721;28954;64025384000180;24627;2025-12-11;2025-12-11;2025-12-11;Classes de Cotas de Fundos FIP;MAGNA MOBILIDADE E INFRAESTRUTURA FUNDO DE INVESTIMENTO EM PARTICIPAÇÕES EM  INFRAESTRUTURA;Em Liquidação;2026-01-13;;;;;;N;;N;Fechado;S;;1494022.51;2025-12-31;54080721000188;CLA - CLIFTON LARSON ALLEN BRASIL AUDITORES INDEPENDENTES S/S LTDA;00329598000167;SEFER INVESTIMENTOS DISTRIBUIDORA DE TÍTULOS E VALORES MOBILIÁRIOS LTDA.;;
6729;28963;64124715000139;24724;2025-12-19;2025-12-19;2025-12-19;Classes de Cotas de Fundos FIP;VALORA INFRA DÍVIDA PRÉ FIP EM INFRAESTRUTURA - RESPONSABILIDADE LIMITADA;Em Funcionamento Normal;2026-02-04;;;;;;S;;N;Fechado;N;;242829087.98;2026-04-30;61366936000125;ERNST & YOUNG AUDITORES INDEPENDENTES S/S LTDA.;30306294000145;BANCO BTG PACTUAL S/A;;
6730;28964;64125652000135;24732;2025-12-19;2025-12-19;2025-12-19;Classes de Cotas de Fundos FIP;VALORA INFRA DÍVIDA CDI FIP EM INFRAESTRUTURA - RESPONSABILIDADE LIMITADA;Em Funcionamento Normal;2026-02-04;;;;;;S;;N;Fechado;N;;42236170.24;2026-04-30;61366936000125;ERNST & YOUNG AUDITORES INDEPENDENTES S/S LTDA.;30306294000145;BANCO BTG PACTUAL S/A;;
6732;28966;64128426000108;24750;2025-12-19;2025-12-19;2025-12-19;Classes de Cotas de Fundos FIP;ATLANTERHAVSVEGEN FUNDO DE INVESTIMENTO EM PARTICIPAÇÕES INFRAESTRUTURA RESPONSABILIDADE LIMITADA;Em Funcionamento Normal;2025-12-29;;;;;;N;;N;;;;171863047.93;2026-04-30;61366936000125;ERNST & YOUNG AUDITORES INDEPENDENTES S/S LTDA.;30306294000145;BANCO BTG PACTUAL S/A;;
6745;28978;64160513000142;24880;2025-12-24;2025-12-23;2025-12-23;Classes de Cotas de Fundos FIP;MOUNT KILIMANJARO FUNDO DE INVESTIMENTO EM PARTICIPAÇÕES EM INFRAESTRUTURA;Em Funcionamento Normal;2026-05-11;;;;;;S;;N;Fechado;S;;;;35840241000123;LMV AUDITORES E CONSULTORES S/S;;;;
6747;28980;64191278000176;24910;2025-12-29;2025-12-16;2025-12-16;Classes de Cotas de Fundos FIP;YVY CAPITAL ATLAS RODOVIAS FUNDO DE INVESTIMENTO EM PARTICIPAÇÕES EM INFRAESTRUTURA RESPONSABILIDADE;Em Funcionamento Normal;2026-06-25;;;;;;S;;N;;;;;;;;36113876000191;OLIVEIRA TRUST DTVM S.A.;;
6758;28990;64381969000132;25100;2026-01-09;2026-01-09;2026-01-09;Classes de Cotas de Fundos FIP;WASTE FUNDO DE INVESTIMENTO EM PARTICIPAÇÕES EM INFRAESTRUTURA RESPONSABILIDADE LIMITADA;Fase Pré-Operacional;2026-01-09;;;;;;N;;N;;;;;;07377136000164;RSM ACAL AUDITORES INDEPENDENTES S/S;13486793000142;APEX GROUP DISTRIBUIDORA DE TÍTULOS E VALORES MOBILIÁRIOS S.A.;;
6769;29002;64720849000112;25240;2026-01-26;2026-01-26;2026-01-26;Classes de Cotas de Fundos FIP;BTG PACTUAL COINVESTIMENTO CRÉDITO IV FIP INFRAESTRUTURA RESPONSABILIDADE LIMITADA;Em Funcionamento Normal;2026-02-19;;;;;;S;;N;;;;59069139.59;2026-04-30;61366936000125;ERNST & YOUNG AUDITORES INDEPENDENTES S/S LTDA.;30306294000145;BANCO BTG PACTUAL S/A;;
6774;29007;64768982000149;25291;2026-01-28;2026-01-28;2026-01-28;Classes de Cotas de Fundos FIP;PÁTRIA INFRAESTRUTURA CRÉDITO DI III FIP EM INFRAESTRUTURA RESPONSABILIDADE LIMITADA;Em Funcionamento Normal;2026-03-03;;;;;;N;;N;Fechado;N;;178743865.93;2026-04-30;61366936000125;ERNST & YOUNG AUDITORES INDEPENDENTES S/S LTDA.;30306294000145;BANCO BTG PACTUAL S/A;;
6780;29013;64889987000120;25364;2026-02-03;2026-02-03;2026-02-03;Classes de Cotas de Fundos FIP;VALORA ESTRUTURA TESOURARIA FEEDER FUNDO DE INVESTIMENTO EM PARTICIPAÇÕES EM INFRAESTRUTURA - FIP-IE;Em Funcionamento Normal;2026-03-12;;;;;;N;;N;;;;61793294.64;2026-04-30;61366936000125;ERNST & YOUNG AUDITORES INDEPENDENTES S/S LTDA.;62232889000190;BANCO DAYCOVAL S.A.;;
6787;29020;65028019000191;25437;2026-02-09;2026-02-04;2026-02-04;Classes de Cotas de Fundos FIP;4W WTE BIOENERGIA FUNDO DE INVESTIMENTO EM PARTICIPAÇÕES EM  INFRAESTRUTURA;Em Funcionamento Normal;2026-06-19;;;;;;S;;N;Fechado;N;;;;35840241000123;LMV AUDITORES E CONSULTORES S/S;;;;
6801;29033;65323706000130;25682;2026-02-25;2026-02-25;2026-02-25;Classes de Cotas de Fundos FIP;NATURAL CAPITAL INFRA II FUNDO DE INVESTIMENTO EM PARTICIPAÇÕES EM INFRAESTRUTURA - RESP LIMITADA;Em Funcionamento Normal;2026-04-24;;;;;;N;;N;Fechado;N;;11974810.24;2026-04-30;16549480000184;RSM BRASIL AUDITORES INDEPENDENTES LTDA.;62232889000190;BANCO DAYCOVAL S.A.;;
6807;29039;65482590000181;25747;2026-03-04;2026-03-03;2026-03-03;Classes de Cotas de Fundos FIP;ARARA-AZUL FUNDO DE INVESTIMENTO EM PARTICIPAÇÕES INFRAESTRUTURA RESPONSABILIDADE LIMITADA;Fase Pré-Operacional;2026-03-04;;;;;;N;;N;;;;;;07377136000164;RSM ACAL AUDITORES INDEPENDENTES S/S;13486793000142;APEX GROUP DISTRIBUIDORA DE TÍTULOS E VALORES MOBILIÁRIOS S.A.;;
6814;29046;65680653000104;25810;2026-03-13;2026-03-13;2026-03-13;Classes de Cotas de Fundos FIP;ITAÚ INFRACORE TRANSMISSÃO II FUNDO DE INVESTIMENTO EM PARTICIPAÇÕES EM INFRAESTRUTURA RESP LIMITADA;Em Funcionamento Normal;2026-06-10;;;;;;S;;N;Fechado;N;;;;61562112000120;PRICEWATERHOUSECOOPERS AUDITORES INDEPENDENTES LTDA.;60701190000104;ITAU UNIBANCO S.A.;;
6815;29047;65680663000140;25828;2026-03-13;2026-03-13;2026-03-13;Classes de Cotas de Fundos FIP;ITAÚ INFRACORE TRANSMISSÃO I FUNDO DE INVESTIMENTO EM PARTICIPAÇÕES EM INFRAESTRUTURA RESP LIMITADA;Em Funcionamento Normal;2026-06-10;;;;;;S;;N;Fechado;N;;;;61562112000120;PRICEWATERHOUSECOOPERS AUDITORES INDEPENDENTES LTDA.;60701190000104;ITAU UNIBANCO S.A.;;
6821;29053;65796061000152;25887;2026-03-19;2026-03-19;2026-03-19;Classes de Cotas de Fundos FIP;ITAÚBA FUNDO DE INVESTIMENTO EM PARTICIPAÇÕES EM INFRAESTRUTURA RESPONSABILIDADE LIMITADA;Em Funcionamento Normal;2026-04-17;;;;;;N;;N;;;;3992953425.38;2026-04-30;61562112000120;PRICEWATERHOUSECOOPERS AUDITORES INDEPENDENTES LTDA.;60701190000104;ITAU UNIBANCO S.A.;;
6829;29062;65878226000135;25976;2026-03-24;2026-03-24;2026-03-24;Classes de Cotas de Fundos FIP;HERITAGE FUNDO DE INVESTIMENTO EM PARTICIPAÇÕES INFRAESTRUTURA RESPONSABILIDADE LIMITADA;Em Funcionamento Normal;2026-03-31;;;;;;N;;N;Fechado;S;;1166432.04;2026-04-30;61562112000120;PRICEWATERHOUSECOOPERS AUDITORES INDEPENDENTES LTDA.;36113876000191;OLIVEIRA TRUST DTVM S.A.;;
6832;29065;65881979000108;26000;2026-03-24;2026-03-24;2026-03-24;Classes de Cotas de Fundos FIP;KINEA EQUITY INFRA II A PRIVATE FIP EM INFRAESTRUTURA RESPONSABILIDADE LIMITADA;Fase Pré-Operacional;2026-03-24;;;;;;N;;N;Fechado;N;;;;61562112000120;PRICEWATERHOUSECOOPERS AUDITORES INDEPENDENTES LTDA.;60701190000104;ITAU UNIBANCO S.A.;;
6840;29073;66051037000157;26085;2026-04-02;2026-04-01;2026-04-01;Classes de Cotas de Fundos FIP;AZ QUEST INFRA EXCESS RETURN FUNDO DE INVESTIMENTO EM PARTICIPAÇÕES EM INFRAESTRUTURA;Em Funcionamento Normal;2026-04-17;;;;;;S;;N;Fechado;N;;175000000.00;2026-04-30;61366936000125;ERNST & YOUNG AUDITORES INDEPENDENTES S/S LTDA.;62232889000190;BANCO DAYCOVAL S.A.;;
6841;29074;66061064000100;26093;2026-04-02;2026-04-02;2026-04-02;Classes de Cotas de Fundos FIP;PATRIA INFRAESTRUTURA IV EIXO COINVESTIMENTO FUNDO DE INVESTIMENTO EM PARTICIPAÇÕES;Em Funcionamento Normal;2026-07-03;;;;;;N;;N;Fechado;N;;;;49928567000111;DELOITTE TOUCHE TOHMATSU AUDITORES INDEPENDENTES LTDA.;45246410000155;BANCO GENIAL S.A.;;
6846;29079;66149567000132;26140;2026-04-08;2026-04-08;2026-04-08;Classes de Cotas de Fundos FIP;VENTOS DO SUL FUNDO DE INVESTIMENTO EM PARTICIPAÇÕES EM INFRAESTRUTURA;Fase Pré-Operacional;2026-04-08;;;;;;N;;N;Fechado;S;;;;61562112000120;PRICEWATERHOUSECOOPERS AUDITORES INDEPENDENTES LTDA.;62318407000119;S3 CACEIS BRASIL DISTRIBUIDORA DE TITULOS E VALORES MOBILIARIOS S.A;;
6847;29080;66151388000130;26158;2026-04-08;2026-04-08;2026-04-08;Classes de Cotas de Fundos FIP;BTG PACTUAL ARES INFRA FUNDO DE INVESTIMENTO EM PARTICIPAÇÕES EM INFRAESTRUTURA RESPONSABILIDADE;Em Funcionamento Normal;2026-04-30;;;;;;S;;N;;;;300.00;2026-04-30;;;30306294000145;BANCO BTG PACTUAL S/A;;
6853;28583;58308716000130;6270;2024-12-02;2024-11-29;2026-04-20;Classes de Cotas de Fundos FIP;CLASSE C DO ATLAS INFRAESTRUTURA EDUCACIONAL FIP EM INFRAESTRUTURA;Em Funcionamento Normal;2026-05-04;;;;;;S;;N;Fechado;S;;;;57755217000129;KPMG AUDITORES INDEPENDENTES LTDA.;62232889000190;BANCO DAYCOVAL S.A.;;
6853;29086;66361654000159;26220;2026-04-20;2024-11-29;2024-11-29;Classes de Cotas de Fundos FIP;CLASSE A DO ATLAS INFRAESTRUTURA EDUCACIONAL FIP EM INFRAESTRUTURA RESP LIMITADA;Fase Pré-Operacional;2026-04-20;;;;;;N;;N;Fechado;N;;;;57755217000129;KPMG AUDITORES INDEPENDENTES LTDA.;62232889000190;BANCO DAYCOVAL S.A.;;
6860;29093;66574586000106;26298;2026-05-04;2026-04-25;2026-04-25;Classes de Cotas de Fundos FIP;FUNDO DE INV EM PARTICIPAÇÃO INFRAESTRUTURA, IMOBILIÁRIO, SANEAMENTO, HABIT E MOBILIDADE SUSTENTÁVEL;Em Funcionamento Normal;2026-06-26;;;;;;N;;N;Fechado;N;;;;47174537000131;BINAH SP AUDITORES INDEPENDENTES;;;;
6866;29099;66581239000100;26352;2026-05-04;2026-04-24;2026-04-24;Classes de Cotas de Fundos FIP;INFRA I FUNDO DE INVESTIMENTO EM PARTICIPAÇÕES EM INFRAESTRUTURA RESPONSABILIDADE LIMITADA;Em Funcionamento Normal;2026-08-24;;;;;;S;;N;;;;;;19280834000126;NEXT AUDITORES INDEPENDENTES S/S LTDA.;61820817000109;BANCO PAULISTA S.A.;;
6872;29105;66662528000134;26417;2026-05-07;2026-05-07;2026-05-07;Classes de Cotas de Fundos FIP;ARCH CAPITAL DATA CENTERS FUNDO DE INVESTIMENTO EM PARTICIPAÇÕES EM INFRAESTRUTURA RESP LIMT;Em Funcionamento Normal;2026-07-21;;;;;;S;;N;;;;;;61366936000125;ERNST & YOUNG AUDITORES INDEPENDENTES S/S LTDA.;62232889000190;BANCO DAYCOVAL S.A.;;
6880;29113;66801916000159;26492;2026-05-15;2026-05-14;2026-05-14;Classes de Cotas de Fundos FIP;RBR SMART CITIES I FUNDO DE INVESTIMENTO EM PARTICIPAÇÕES INFRAESTRUTURA RESPONSABILIDADE LIMITADA;Em Funcionamento Normal;2026-07-27;;;;;;S;;N;;;;;;61366936000125;ERNST & YOUNG AUDITORES INDEPENDENTES S/S LTDA.;30306294000145;BANCO BTG PACTUAL S/A;;
6884;29116;66872229000124;26540;2026-05-19;2026-05-19;2026-05-19;Classes de Cotas de Fundos FIP;RBR INFRA ADVISORY PRÉ III RENDA+ FUNDO DE INVESTIMENTO EM PARTICIPAÇÕES INFRAESTRUTURA;Em Funcionamento Normal;2026-07-03;;;;;;S;;N;Fechado;S;;;;61366936000125;ERNST & YOUNG AUDITORES INDEPENDENTES S/S LTDA.;30306294000145;BANCO BTG PACTUAL S/A;;
6887;29119;66906945000185;26573;2026-05-21;2026-05-21;2026-05-21;Classes de Cotas de Fundos FIP;CLASSE A INFRAESTRUTURA RESPONSABILIDADE LIMITADA DO PERFIN INFRA NAPOLI FI EM PARTICIPAÇÕES;Fase Pré-Operacional;2026-05-21;;;;;;N;;N;;;;;;61366936000125;ERNST & YOUNG AUDITORES INDEPENDENTES S/S LTDA.;30306294000145;BANCO BTG PACTUAL S/A;;
6889;29121;66916326000171;26590;2026-05-21;2026-05-21;2026-05-21;Classes de Cotas de Fundos FIP;INFRA BRASIL INVESTIMENTO FUNDO DE INVESTIMENTO EM PARTICIPAÇÕES EM INFRAESTRUTURA RESPONSABILIDADE;Em Funcionamento Normal;2026-06-30;;;;;;S;;N;;;;;;;;36113876000191;OLIVEIRA TRUST DTVM S.A.;;
6891;29123;66997525000151;26620;2026-05-26;2026-05-26;2026-05-26;Classes de Cotas de Fundos FIP;MONTERENZIO FUNDO DE INVESTIMENTO EM  PARTICIPAÇÕES EM INFRAESTRUTURA - RESPONSABILIDADE  LIMITADA;Fase Pré-Operacional;2026-05-26;;;;;;S;;N;Fechado;N;;;;40221974000110;ECOVIS WFA AUDITORES INDEPENDENTES S/S;;;;
6904;29136;67561599000103;26760;2026-06-18;2026-06-18;2026-06-18;Classes de Cotas de Fundos FIP;VALORA INFRA PRÉ TITANIUM FUNDO DE INVESTIMENTO EM PARTICIPAÇÕES EM INFRAESTRUTURA RESPONSABILIDADE;Em Funcionamento Normal;2026-08-04;;;;;;N;;N;Fechado;N;;;;61562112000120;PRICEWATERHOUSECOOPERS AUDITORES INDEPENDENTES LTDA.;62232889000190;BANCO DAYCOVAL S.A.;;
6916;29148;67673651000113;26883;2026-06-25;2026-06-25;2026-06-25;Classes de Cotas de Fundos FIP;PILAR FUNDO DE INVESTIMENTO EM PARTICIPAÇÕES EM INFRAESTRUTURA RESPONSABILIDADE LIMITADA;Em Funcionamento Normal;2026-07-03;;;;;;S;;N;Fechado;N;;;;16549480000184;RSM BRASIL AUDITORES INDEPENDENTES LTDA.;22610500000188;VORTX DISTRIBUIDORA DE TITULOS E VALORES MOBILIARIOS LTDA.;;
6918;29150;67710184000154;26905;2026-06-26;2026-06-26;2026-06-26;Classes de Cotas de Fundos FIP;NATURAL ENERGIA NOVA ERA FUNDO DE INVESTIMENTO EM PARTICIPAÇÕES EM INFRAESTRUTURA RESPONSABILIDADE L;Em Funcionamento Normal;2026-06-30;;;;;;S;;N;Fechado;N;;;;61366936000125;ERNST & YOUNG AUDITORES INDEPENDENTES S/S LTDA.;30306294000145;BANCO BTG PACTUAL S/A;;
6921;29153;67756124000172;26930;2026-06-30;2026-06-30;2026-06-30;Classes de Cotas de Fundos FIP;AMAMBAI FUNDO DE INVESTIMENTO EM PARTICIPAÇÕES EM INFRAESTRUTURA RESPONSABILIDADE LIMITADA;Em Funcionamento Normal;2026-07-02;;;;;;N;;N;Fechado;N;;;;61366936000125;ERNST & YOUNG AUDITORES INDEPENDENTES S/S LTDA.;30306294000145;BANCO BTG PACTUAL S/A;;
6924;29156;67796964000169;26964;2026-07-02;2026-07-02;2026-07-02;Classes de Cotas de Fundos FIP;4UM FUNDO DE INVESTIMENTO EM PARTICIPAÇÕES EM INFRAESTRUTURA EM ENERGIA DE RESPONSABILIDADE LIMITADA;Fase Pré-Operacional;2026-07-02;;;;;;N;;N;Fechado;S;;;;49928567000111;DELOITTE TOUCHE TOHMATSU AUDITORES INDEPENDENTES LTDA.;39669186000101;HEMERA DISTRIBUIDORA DE TITULOS E VALORES MOBILIARIOS LTDA;;
6930;29162;68033613000169;27022;2026-07-15;2026-07-15;2026-07-15;Classes de Cotas de Fundos FIP;VANTAGE INFRA DEBT FUNDO DE INVESTIMENTO EM PARTICIPAÇÕES EM INFRAESTRUTURA;Em Funcionamento Normal;2026-08-28;;;;;;N;;N;Fechado;N;;;;61562112000120;PRICEWATERHOUSECOOPERS AUDITORES INDEPENDENTES LTDA.;62232889000190;BANCO DAYCOVAL S.A.;;
6931;29163;68066617000143;27030;2026-07-17;2026-07-17;2026-07-17;Classes de Cotas de Fundos FIP;RUYZ FUNDO DE INVESTIMENTO EM PARTICIPAÇÕES EM INFRAESTRUTURA;Fase Pré-Operacional;2026-07-17;;;;;;N;;N;Fechado;S;;;;19280834000126;NEXT AUDITORES INDEPENDENTES S/S LTDA.;16695922000109;ID CORRETORA DE TITULOS E VALORES MOBILIARIOS S.A.;;
6944;29176;68566574000165;27170;2026-08-13;2026-08-13;2026-08-13;Classes de Cotas de Fundos FIP;AZEVEDO & TRAVASSOS INFRAESTRUTURA II FUNDO DE INVESTIMENTO EM PARTICIPAÇÕES;Em Funcionamento Normal;2026-08-14;;;;;;N;;N;Fechado;N;;;;19280834000126;NEXT AUDITORES INDEPENDENTES S/S LTDA.;00806535000154;PLANNER CORRETORA DE VALORES S.A.;;
6946;29178;68681061000103;27200;2026-08-19;2026-08-19;2026-08-19;Classes de Cotas de Fundos FIP;633 FUNDO DE INVESTIMENTO EM PARTICIPAÇÕES EM INFRAESTRUTURA RESPONSABILIDADE LIMITADA;Fase Pré-Operacional;2026-08-19;;;;;;N;;N;Fechado;N;;;;61366936000125;ERNST & YOUNG AUDITORES INDEPENDENTES S/S LTDA.;30306294000145;BANCO BTG PACTUAL S/A;;
6949;29181;68724753000183;27235;2026-08-21;2026-08-21;2026-08-21;Classes de Cotas de Fundos FIP;ATLÂNTICO FUNDO DE INVESTIMENTO EM PARTICIPAÇÕES INFRAESTRUTURA;Em Funcionamento Normal;2026-08-25;;;;;;N;;N;Fechado;N;;;;61366936000125;ERNST & YOUNG AUDITORES INDEPENDENTES S/S LTDA.;30306294000145;BANCO BTG PACTUAL S/A;;
6950;29182;68725526000172;27243;2026-08-21;2026-08-21;2026-08-21;Classes de Cotas de Fundos FIP;PORTO SEGURO FUNDO DE INVESTIMENTO EM PARTICIPAÇÕES INFRAESTRUTURA;Em Funcionamento Normal;2026-08-27;;;;;;N;;N;Fechado;N;;;;61366936000125;ERNST & YOUNG AUDITORES INDEPENDENTES S/S LTDA.;30306294000145;BANCO BTG PACTUAL S/A;;
6951;29183;68726073000107;27251;2026-08-21;2026-08-21;2026-08-21;Classes de Cotas de Fundos FIP;MONTE CARLO FUNDO DE INVESTIMENTO EM PARTICIPAÇÕES INFRAESTRUTURA;Em Funcionamento Normal;2026-08-25;;;;;;N;;N;Fechado;N;;;;61366936000125;ERNST & YOUNG AUDITORES INDEPENDENTES S/S LTDA.;30306294000145;BANCO BTG PACTUAL S/A;;
6952;29184;68782314000127;27260;2026-08-25;2026-08-25;2026-08-25;Classes de Cotas de Fundos FIP;VETRA FUNDO DE INVESTIMENTO EM PARTICIPAÇÕES EM INFRAESTRUTURA RESPONSABILIDADE LIMITADA;Fase Pré-Operacional;2026-08-25;;;;;;N;;N;Fechado;S;;;;03156926000169;SÊNIOR AUDITORES INDEPENDENTES S/S;15489568000195;INTRA INVESTIMENTOS DTVM LTDA;;
6955;29187;68872657000182;27294;2026-08-31;2026-08-31;2026-08-31;Classes de Cotas de Fundos FIP;Kinea Equity Infra II Master Fundo de Investimento em Participações em Infraestrutura Resp Limitada;Fase Pré-Operacional;2026-08-31;;;;;;N;;N;Fechado;N;;;;61562112000120;PRICEWATERHOUSECOOPERS AUDITORES INDEPENDENTES LTDA.;60701190000104;ITAU UNIBANCO S.A.;;
8004;36248;65421381000128;2178;2026-03-02;2026-03-02;2026-03-02;Classes de Cotas de Fundos FIIM;TREND ETF INFRAESTRUTURA ESG B3 CLASSE DE  ÍNDICE - RESPONSABILIDADE LIMITADA;Em Funcionamento Normal;2026-09-04;;;;;;;;S;;;;;;61562112000120;PRICEWATERHOUSECOOPERS AUDITORES INDEPENDENTES LTDA.;01522368000182;BANCO BNP PARIBAS BRASIL S/A;;
8046;36290;68008712000190;2593;2026-07-14;2026-07-14;2026-07-14;Classes de Cotas de Fundos FIIM;BTG PACTUAL TEVA INFRAESTRUTURA HÍBRIDO FUNDO DE ÍNDICE;Em Funcionamento Normal;2026-09-01;;;;;;;;N;;;;;;61366936000125;ERNST & YOUNG AUDITORES INDEPENDENTES S/S LTDA.;30306294000145;BANCO BTG PACTUAL S/A;;
9866;29436;18289873000121;25143;2024-11-29;2013-12-03;2024-11-29;Classes de Cotas de Fundos FIDC;FUNDO DE INVEST. EM DIR. CREDITÓRIOS BB VOTORANTIM HIGHLAND INFRAESTRUTURA RESPONSABILIDADE LIMITADA;Em Funcionamento Normal;2024-11-29;;;;;;;;N;;;;8411819.31;2026-07-31;57755217000129;KPMG AUDITORES INDEPENDENTES LTDA.;;;;
13174;31339;52258677000128;17450;2024-03-27;2023-09-20;2024-03-27;Classes de Cotas de Fundos FIDC;ITAÚ PIRINEUS FUNDO DE INVESTIMENTOS EM DIREITOS CREDITÓRIOS DE INFRAESTRUTURA - RESP LIMITADA;Em Funcionamento Normal;2024-03-27;;;;;;;;N;;;;622397765.31;2026-07-31;61366936000125;ERNST & YOUNG AUDITORES INDEPENDENTES S/S LTDA.;60701190000104;ITAU UNIBANCO S.A.;;
13200;28584;58308716000130;6270;2024-12-02;2024-11-29;2023-09-26;Classes de Cotas de Fundos FIP;CLASSE C DO ATLAS INFRAESTRUTURA EDUCACIONAL FIP EM INFRAESTRUTURA;Em Funcionamento Normal;2026-05-04;;;;;;S;;N;Fechado;S;;;;57755217000129;KPMG AUDITORES INDEPENDENTES LTDA.;62232889000190;BANCO DAYCOVAL S.A.;;
14166;32139;57325251000163;16004;2024-09-17;2024-09-17;2024-09-17;Classes de Cotas de Fundos FIDC;ANGICO FIDC SEGMENTO INFRAESTRUTURA E AGRONEGÓCIO DE RESPONSABILIDADE LIMITADA;Em Funcionamento Normal;2024-12-20;;;;;;;;N;Fechado;;;1409257508.45;2026-07-31;61562112000120;PRICEWATERHOUSECOOPERS AUDITORES INDEPENDENTES LTDA.;60701190000104;ITAU UNIBANCO S.A.;;
14657;32540;59688936000108;35041;2025-02-27;2025-02-27;2025-02-27;Classes de Cotas de Fundos FIDC;ITAÚ PIRINEUS III FUNDO DE INVESTIMENTOS EM DIREITOS CREDITÓRIOS DE INFRAESTRUTURA RESP LIMITADA;Em Funcionamento Normal;2025-04-09;;;;;;;;N;;;;712910352.69;2026-07-31;61562112000120;PRICEWATERHOUSECOOPERS AUDITORES INDEPENDENTES LTDA.;60701190000104;ITAU UNIBANCO S.A.;;
14686;32563;59773698000120;35351;2025-03-06;2025-03-06;2025-03-06;Classes de Cotas de Fundos FIDC;ITAÚ PIRINEUS III DISTRIBUIDORES FIC FIDC DE INFRAESTRUTURA RESPONSABILIDADE LIMITADA;Em Funcionamento Normal;2025-04-24;;;;;;;;N;Aberto;S;;85890978.78;2026-07-31;61562112000120;PRICEWATERHOUSECOOPERS AUDITORES INDEPENDENTES LTDA.;60701190000104;ITAU UNIBANCO S.A.;;
15636;33392;63588528000143;48062;2025-11-10;2025-11-06;2025-11-06;Classes de Cotas de Fundos FIDC;EUGÊNIA FIDC SEGMENTO  INFRAESTRUTURA E AGRONEGÓCIO DE RESPONSABILIDADE LIMITADA;Em Funcionamento Normal;2025-11-25;;;;;;;;N;Fechado;S;;127758724.34;2026-07-31;49928567000111;DELOITTE TOUCHE TOHMATSU AUDITORES INDEPENDENTES LTDA.;45246410000155;BANCO GENIAL S.A.;;
15968;33708;64756178000140;51650;2026-01-28;2026-01-28;2026-01-28;Classes de Cotas de Fundos FIDC;G5 FUNDO DE INVESTIMENTO EM DIREITOS CREDITÓRIOS DE INFRAESTRUTURA ALLOCATION;Em Funcionamento Normal;2026-02-05;;;;;;;;N;;;;203300859.93;2026-07-31;19280834000126;NEXT AUDITORES INDEPENDENTES S/S LTDA.;62285390000140;QI CORRETORA DE TÍTULOS E VALORES MOBILIÁRIOS S.A.;;
16039;33776;65411764000115;52418;2026-03-02;2026-03-02;2026-03-02;Classes de Cotas de Fundos FIDC;ATENA FUNDO DE INVESTIMENTO EM DIREITOS CREDITÓRIOS SEGMENTO INFRAESTRUTURA DE RESP LIMITADA;Em Funcionamento Normal;2026-04-27;;;;;;;;N;Fechado;N;;517099115.64;2026-07-31;61562112000120;PRICEWATERHOUSECOOPERS AUDITORES INDEPENDENTES LTDA.;62318407000119;S3 CACEIS BRASIL DISTRIBUIDORA DE TITULOS E VALORES MOBILIARIOS S.A;;
16056;33793;65505678000171;52590;2026-03-05;2026-03-05;2026-03-05;Classes de Cotas de Fundos FIDC;ERYTHRINA FIDC SEGMENTO INFRAESTRUTURA E AGRONEGÓCIO DE RESPONSABILIDADE LIMITADA;Em Funcionamento Normal;2026-03-23;;;;;;;;N;Fechado;S;;598121771.36;2026-07-31;61562112000120;PRICEWATERHOUSECOOPERS AUDITORES INDEPENDENTES LTDA.;60701190000104;ITAU UNIBANCO S.A.;;
35462;1831;08471087000197;243140;2025-04-23;2025-04-23;2025-04-23;Classes de Cotas de Fundos FIF;SAFRA AÇÕES INFRAESTRUTURA FIF CLASSE DE INVESTIMENTO EM AÇÕES RESPONSABILIDADE LIMITADA;Em Funcionamento Normal;2025-04-23;Ações;Ibovespa;N;Ações Setoriais;;;N;N;Aberto;N;Público Geral;27305177.06;2026-09-02;61562112000120;PRICEWATERHOUSECOOPERS AUDITORES INDEPENDENTES LTDA.;58160789000128;BANCO SAFRA S/A;58160789000128;BANCO SAFRA S/A
36612;1975;08831466000140;95931;2024-08-30;2007-05-28;2024-08-30;Classes de Cotas de Fundos FIF;SÃO LUIZ FIF INVESTIMENTO EM INFRA CIC DE INVESTIMENTO EM INFRAESTRUTURA RENDA FIXA RESP LIMITADA;Em Funcionamento Normal;2024-08-30;Renda Fixa;DI de um dia;S;Multimercados Livre;;;N;N;;;;134149213.24;2026-09-02;49928567000111;DELOITTE TOUCHE TOHMATSU AUDITORES INDEPENDENTES LTDA.;58160789000128;BANCO SAFRA S/A;58160789000128;BANCO SAFRA S/A
40120;2631;10551382000103;125083;2025-03-07;2008-11-28;2025-03-07;Classes de Cotas de Fundos FIF;CAIXA INFRAESTRUTURA FUNDO DE INVESTIMENTO FINANCEIRO EM AÇÕES - RESPONSABILIDADE LIMITADA;Em Funcionamento Normal;2025-03-07;Ações;;N;Ações Setoriais;;;N;N;Aberto;N;Público Geral;122474628.57;2026-09-02;49928567000111;DELOITTE TOUCHE TOHMATSU AUDITORES INDEPENDENTES LTDA.;00360305000104;CAIXA ECONOMICA FEDERAL;00360305000104;CAIXA ECONOMICA FEDERAL
41293;2920;11328904000167;175536;2025-05-08;2025-05-08;2025-05-08;Classes de Cotas de Fundos FIF;BB AÇÕES INFRAESTRUTURA FUNDO DE INVESTIMENTO EM COTAS DE FIF RESPONSABILIDADE LIMITADA;Em Funcionamento Normal;2025-05-08;Ações;OUTROS;S;Ações Setoriais;;;N;N;Aberto;N;Público Geral;62460812.22;2026-09-02;57755217000129;KPMG AUDITORES INDEPENDENTES LTDA.;00000000000191;BANCO DO BRASIL S.A.;00000000000191;BANCO DO BRASIL S.A.
41572;3008;11451187000166;217654;2025-06-16;2025-06-16;2025-06-16;Classes de Cotas de Fundos FIF;BB TOP AÇÕES INFRAESTRUTURA FUNDO DE INVESTIMENTO FINANCEIRO RESPONSABILIDADE LIMITADA;Em Funcionamento Normal;2025-06-16;Ações;OUTROS;N;Ações Setoriais;;;N;N;Aberto;N;Público Geral;62462312.73;2026-09-02;57755217000129;KPMG AUDITORES INDEPENDENTES LTDA.;00000000000191;BANCO DO BRASIL S.A.;00000000000191;BANCO DO BRASIL S.A.
45634;4036;15029147000181;235490;2025-06-24;2025-06-24;2025-06-24;Classes de Cotas de Fundos FIF;BB RENDA FIXA INCENTIVADO FIC FIF INVESTIMENTO EM INFRAESTRUTURA RESPONSABILIDADE LIMITADA;Em Funcionamento Normal;2025-06-24;Renda Fixa;OUTROS;S;Renda Fixa Duração Livre Crédito Livre;N;;N;N;Aberto;N;Público Geral;100386226.19;2026-09-02;61562112000120;PRICEWATERHOUSECOOPERS AUDITORES INDEPENDENTES LTDA.;00000000000191;BANCO DO BRASIL S.A.;00000000000191;BANCO DO BRASIL S.A.
46642;4290;16703345000141;26972;2024-03-22;2012-10-09;2024-03-22;Classes de Cotas de Fundos FIF;ALGARAVIA CDI DEB INCENTIVADAS FUNDO DE INVESTIMENTO EM INFRAESTRUTURA RENDA FIXA CRÉDITO PRIVADO;Em Funcionamento Normal;2024-03-22;Renda Fixa;DI de um dia;N;Renda Fixa Invest. no Exterior;;;S;N;Aberto;S;Profissional;64635398.23;2026-09-02;61366936000125;ERNST & YOUNG AUDITORES INDEPENDENTES S/S LTDA.;62318407000119;S3 CACEIS BRASIL DISTRIBUIDORA DE TITULOS E VALORES MOBILIARIOS S.A;62318407000119;S3 CACEIS BRASIL DISTRIBUIDORA DE TITULOS E VALORES MOBILIARIOS S.A
49261;5026;18679362000116;137235;2025-02-10;2013-08-08;2025-02-10;Classes de Cotas de Fundos FIF;UBS AS 77 FUNDO DE INVESTIMENTO EM INFRAESTRUTURA  RENDA FIXA CRÉDITO PRIVADO RESP LIMITADA;Em Funcionamento Normal;2025-02-10;Renda Fixa;Índice de Mercado Andima Geral;N;Renda Fixa Duração Livre Crédito Livre;S;;N;N;Aberto;S;Profissional;102543709.10;2026-09-01;61562112000120;PRICEWATERHOUSECOOPERS AUDITORES INDEPENDENTES LTDA.;60701190000104;ITAU UNIBANCO S.A.;60701190000104;ITAU UNIBANCO S.A.
49270;5029;18679900000172;127213;2025-03-18;2013-08-08;2025-03-18;Classes de Cotas de Fundos FIF;BRADESCO 392 FIF - CLASSE DE INVESTIMENTO RENDA FIXA INCENTIVADO DE INVESTIMENTO EM INFRAESTRUTURA;Em Funcionamento Normal;2025-03-18;Renda Fixa;Não se aplica;N;Renda Fixa Duração Livre Crédito Livre;;;N;N;Aberto;S;Profissional;6677242.63;2026-09-02;49928567000111;DELOITTE TOUCHE TOHMATSU AUDITORES INDEPENDENTES LTDA.;60746948000112;BANCO BRADESCO S.A.;60746948000112;BANCO BRADESCO S.A.
51102;5602;20889637000198;167452;2025-04-29;2025-04-29;2025-04-29;Classes de Cotas de Fundos FIF;ÔMEGA FUNDO INCENTIVADO DE INVESTIMENTO FINANCEIRO EM INFRAESTRUTURA RENDA FIXA;Em Funcionamento Normal;2025-04-29;Renda Fixa;Não se aplica;N;Renda Fixa Duração Livre Crédito Livre;;;N;N;Aberto;N;Profissional;347584422.16;2026-09-02;10830108000165;GRANT THORNTON AUDITORES INDEPENDENTES LTDA.;30306294000145;BANCO BTG PACTUAL S/A;59281253000123;BTG PACTUAL SERVIÇOS FINANCEIROS S/A DTVM
52422;6029;22759995000101;190420;2025-05-23;2025-05-23;2025-05-23;Classes de Cotas de Fundos FIF;SULAMÉRICA INFRA FIF INCENTIVADO DE INFRAESTRUTURA RENDA FIXA DE RESPONSABILIDADE LIMITADA;Em Funcionamento Normal;2025-05-23;Renda Fixa;Índice de Mercado Andima NTN-B até 5 anos;N;Renda Fixa Duração Livre Crédito Livre;;;N;N;Aberto;N;Público Geral;53479668.21;2026-09-02;61366936000125;ERNST & YOUNG AUDITORES INDEPENDENTES S/S LTDA.;60746948000112;BANCO BRADESCO S.A.;60746948000112;BANCO BRADESCO S.A.
52589;6090;23034963000101;156019;2025-01-15;2025-01-15;2025-01-15;Classes de Cotas de Fundos FIF;PEDRA NEGRA CLASSE DE INVESTIMENTO INCENTIVADA RF CRÉDITO PRIVADO INFRAESTRUTURA - RESP LIMITADA;Em Funcionamento Normal;2025-01-15;Renda Fixa;DI de um dia;N;Renda Fixa Duração Livre Crédito Livre;N;;N;N;Aberto;N;Profissional;742280680.29;2026-09-02;61562112000120;PRICEWATERHOUSECOOPERS AUDITORES INDEPENDENTES LTDA.;62318407000119;S3 CACEIS BRASIL DISTRIBUIDORA DE TITULOS E VALORES MOBILIARIOS S.A;62318407000119;S3 CACEIS BRASIL DISTRIBUIDORA DE TITULOS E VALORES MOBILIARIOS S.A
52653;6115;23186354000178;83801;2024-10-24;2015-10-26;2024-10-24;Classes de Cotas de Fundos FIF;BUTIÁ DEBÊNTURES FUNDO INCENTIVADO DE INVESTIMENTO EM INFRAESTRUTURA RENDA FIXA;Em Funcionamento Normal;2024-10-24;Renda Fixa;Não se aplica;N;Renda Fixa Duração Livre Crédito Livre;;;N;N;Aberto;N;Público Geral;14358397.22;2026-09-02;57755217000129;KPMG AUDITORES INDEPENDENTES LTDA.;30306294000145;BANCO BTG PACTUAL S/A;59281253000123;BTG PACTUAL SERVIÇOS FINANCEIROS S/A DTVM
52897;6217;23631350000151;250619;2025-05-28;2025-05-28;2025-05-28;Classes de Cotas de Fundos FIF;ÁGUIA FIF INV EM INFRAESTRUTURA  CLASSE DE INVESTIMENTO EM INFRAESTRUTURA RENDA FIXA RESP LIMITADA;Em Funcionamento Normal;2025-05-28;Renda Fixa;Índice de Mercado Andima NTN-B até 5 anos;N;Multimercados Estrat. Específica;;;N;N;Aberto;S;Profissional;13202761.15;2026-09-02;61562112000120;PRICEWATERHOUSECOOPERS AUDITORES INDEPENDENTES LTDA.;58160789000128;BANCO SAFRA S/A;58160789000128;BANCO SAFRA S/A
53015;6247;23714022000119;250660;2025-04-30;2025-04-30;2025-04-30;Classes de Cotas de Fundos FIF;SAFRA DEBÊNTURES INCENTIVADAS MASTER II FIF INV EM INFRAESTRUTURA CI EM INFRA RF RESP LIMITADA;Em Funcionamento Normal;2025-04-30;Renda Fixa;Índice de Mercado Andima NTN-B até 5 anos;N;Renda Fixa Duração Livre Crédito Livre;S;;N;N;Aberto;N;Público Geral;836689577.58;2026-09-02;49928567000111;DELOITTE TOUCHE TOHMATSU AUDITORES INDEPENDENTES LTDA.;58160789000128;BANCO SAFRA S/A;58160789000128;BANCO SAFRA S/A
53210;6319;23884614000189;137812;2025-02-10;2015-12-01;2025-02-10;Classes de Cotas de Fundos FIF;UBS 1630 FUNDO DE INVESTIMENTO EM INFRAESTRUTURA - RENDA FIXA CREDITO PRIVADO RESP LIMITADA;Em Funcionamento Normal;2025-02-10;Renda Fixa;DI de um dia;N;Renda Fixa Duração Livre Crédito Livre;;;N;N;Aberto;S;Profissional;39086798.66;2026-09-01;61562112000120;PRICEWATERHOUSECOOPERS AUDITORES INDEPENDENTES LTDA.;60701190000104;ITAU UNIBANCO S.A.;60701190000104;ITAU UNIBANCO S.A.
53221;6330;23884659000153;13781;2024-01-15;2015-12-01;2024-01-15;Classes de Cotas de Fundos FIF;SIEBEN CDI DEB INCENTIVADAS FUNDO DE INVESTIMENTO EM INFRAESTRUTURA RENDA FIXA CRÉDITO PRIVADO;Em Funcionamento Normal;2024-01-15;Renda Fixa;OUTROS;N;Renda Fixa Invest. no Exterior;;;S;N;Aberto;S;Profissional;39165467.69;2026-09-02;61366936000125;ERNST & YOUNG AUDITORES INDEPENDENTES S/S LTDA.;62318407000119;S3 CACEIS BRASIL DISTRIBUIDORA DE TITULOS E VALORES MOBILIARIOS S.A;62318407000119;S3 CACEIS BRASIL DISTRIBUIDORA DE TITULOS E VALORES MOBILIARIOS S.A
53625;6475;24552346000160;131253;2024-05-15;2016-09-28;2024-05-15;Classes de Cotas de Fundos FIF;NIKOS DEBÊNTURES INCENTIVADAS FUNDO DE INVESTIMENTO EM INFRAESTRUTURA  RENDA FIXA CRÉDITO PRIVADO LP;Em Funcionamento Normal;2024-05-15;Renda Fixa;Não se aplica;N;Renda Fixa Duração Livre Crédito Livre;;;N;N;Aberto;N;Público Geral;8317238.58;2026-09-02;57755217000129;KPMG AUDITORES INDEPENDENTES LTDA.;30306294000145;BANCO BTG PACTUAL S/A;59281253000123;BTG PACTUAL SERVIÇOS FINANCEIROS S/A DTVM
53667;6497;24601713000179;137952;2025-01-06;2016-07-19;2025-01-06;Classes de Cotas de Fundos FIF;PLURAL MASTER II DEB INCENTIVADAS CRÉDITO PRIVADO FIF RENDA FIXA INVESTIMENTO EM INFRAESTRUTURA - RL;Em Funcionamento Normal;2025-01-06;Renda Fixa;Não se aplica;N;Renda Fixa Duração Livre Crédito Livre;;;N;N;Aberto;N;Público Geral;109227235.04;2026-09-02;57755217000129;KPMG AUDITORES INDEPENDENTES LTDA.;42272526000170;BNY MELLON BANCO S.A.;02201501000161;BNY MELLON SERVICOS FINANCEIROS DTVM S.A.
53704;6525;24669263000156;251151;2025-05-09;2025-05-09;2025-05-09;Classes de Cotas de Fundos FIF;AZBWM QUEST LEVANTE FIC DE FI FINANCEIRO INCENTIVADO EM INFRAESTRUTURA RENDA FIXA CRÉDITO PRIVADO;Em Funcionamento Normal;2025-05-09;Renda Fixa;Não se aplica;S;Renda Fixa Duração Livre Crédito Livre;;;N;N;Aberto;N;Público Geral;35126928.01;2026-09-02;57755217000129;KPMG AUDITORES INDEPENDENTES LTDA.;30306294000145;BANCO BTG PACTUAL S/A;59281253000123;BTG PACTUAL SERVIÇOS FINANCEIROS S/A DTVM
53907;6580;25097707000199;251330;2025-06-30;2025-06-30;2025-06-30;Classes de Cotas de Fundos FIF;BTG SUPRA 90 FUNDO INCENTIVADO DE INVESTIMENTO FINANCEIRO EM INFRAESTRUTURA RENDA FIXA;Em Funcionamento Normal;2025-06-30;Renda Fixa;Não se aplica;N;Renda Fixa Duração Livre Crédito Livre;;;N;N;Aberto;N;Profissional;1242731925.75;2026-09-02;57755217000129;KPMG AUDITORES INDEPENDENTES LTDA.;30306294000145;BANCO BTG PACTUAL S/A;59281253000123;BTG PACTUAL SERVIÇOS FINANCEIROS S/A DTVM
53939;6595;25108905000100;281085;2025-06-20;2025-06-20;2025-06-20;Classes de Cotas de Fundos FIF;BNP PARIBAS MASTER INFRAESTRUTURA CLASSE DE INVESTIMENTO RENDA FIXA SUSTENTÁVEL IS - RESP LIMITADA;Em Funcionamento Normal;2025-06-20;Renda Fixa;;N;Renda Fixa Duração Livre Crédito Livre;S;;N;N;Aberto;N;Público Geral;34683431.93;2026-09-02;61562112000120;PRICEWATERHOUSECOOPERS AUDITORES INDEPENDENTES LTDA.;01522368000182;BANCO BNP PARIBAS BRASIL S/A;01522368000182;BANCO BNP PARIBAS BRASIL S/A
54200;6692;26104747000183;138100;2025-03-05;2017-05-12;2025-03-05;Classes de Cotas de Fundos FIF;BANESTES FIC DE FIF INCENTIVADOS DE INVESTIMENTO EM INFRAESTRUTURA RF CRED PRIV RESP LIMITADA;Em Funcionamento Normal;2025-03-05;Renda Fixa;DI de um dia;S;Renda Fixa Duração Livre Crédito Livre;;;N;N;Aberto;N;Público Geral;31002026.21;2026-09-02;16549480000184;RSM BRASIL AUDITORES INDEPENDENTES LTDA.;28127603000178;BANESTES SA BANCO DO ESTADO DO ESPIRITO SANTO;28156057000101;BANESTES DISTRIBUIDORA DE TÍTULOS E VALORES MOBILIÁRIOS S.A.
54575;6868;26362496000137;251860;2025-04-14;2025-04-14;2025-04-14;Classes de Cotas de Fundos FIF;SAFRA INFRAESTRUTURA MASTER FIF INV EM INFRAESTRUTURA CI EM INFRA RF LONGO PRAZO RESP LIMITADA;Em Funcionamento Normal;2025-04-14;Renda Fixa;Índice de Mercado Andima NTN-B até 5 anos;N;Multimercados Estrat. Específica;S;;N;N;Aberto;N;Público Geral;255816384.90;2026-09-02;61562112000120;PRICEWATERHOUSECOOPERS AUDITORES INDEPENDENTES LTDA.;58160789000128;BANCO SAFRA S/A;58160789000128;BANCO SAFRA S/A
54835;6962;26605199000175;211931;2025-06-11;2025-06-11;2025-06-11;Classes de Cotas de Fundos FIF;CAPITÂNIA INFRA 30 IPCA FUNDO DE INVESTIMENTO FINANCEIRO RENDA FIXA INVESTIMENTO EM INFRAESTRUTURA;Em Funcionamento Normal;2025-06-11;Renda Fixa;Não se aplica;N;Renda Fixa Duração Alta Crédito Livre;;;N;N;Aberto;N;Público Geral;84982247.17;2026-09-02;61366936000125;ERNST & YOUNG AUDITORES INDEPENDENTES S/S LTDA.;30306294000145;BANCO BTG PACTUAL S/A;59281253000123;BTG PACTUAL SERVIÇOS FINANCEIROS S/A DTVM
55010;7027;26740634000174;96334;2024-07-31;2017-02-16;2024-07-31;Classes de Cotas de Fundos FIF;MUSTANG FIF INVESTIMENTO EM INFRA CIC DE INVESTIMENTO EM INFRAESTRUTURA RENDA FIXA RESP LIMITADA;Em Funcionamento Normal;2024-07-31;Renda Fixa;DI de um dia;S;Renda Fixa Duração Livre Crédito Livre;;;N;N;;;;11531336.25;2026-09-02;61562112000120;PRICEWATERHOUSECOOPERS AUDITORES INDEPENDENTES LTDA.;58160789000128;BANCO SAFRA S/A;58160789000128;BANCO SAFRA S/A
55109;7074;26803233000116;252239;2025-05-07;2025-05-07;2025-05-07;Classes de Cotas de Fundos FIF;XP DEB INCENT CDI CRÉD PRIV FIF INCENTIVADO DE INVESTIMENTO EM INFRAESTRUTURA RENDA FIXA - RESP LTDA;Em Funcionamento Normal;2025-05-07;Multimercado;DI de um dia;N;Multimercados Estrat. Específica;;;N;N;Aberto;N;Público Geral;2697554831.97;2026-09-02;49928567000111;DELOITTE TOUCHE TOHMATSU AUDITORES INDEPENDENTES LTDA.;42272526000170;BNY MELLON BANCO S.A.;02201501000161;BNY MELLON SERVICOS FINANCEIROS DTVM S.A.
55291;7146;27036368000166;160199;2025-04-14;2025-04-14;2025-04-14;Classes de Cotas de Fundos FIF;CRODO FUNDO INCENTIVADO DE INVESTIMENTO FINANCEIRO EM INFRAESTRUTURA RENDA FIXA;Em Funcionamento Normal;2025-04-14;Renda Fixa;Não se aplica;N;Renda Fixa Duração Livre Crédito Livre;;;N;N;Aberto;S;Profissional;47034826.60;2026-09-02;61562112000120;PRICEWATERHOUSECOOPERS AUDITORES INDEPENDENTES LTDA.;30306294000145;BANCO BTG PACTUAL S/A;59281253000123;BTG PACTUAL SERVIÇOS FINANCEIROS S/A DTVM
55323;7157;27146983000125;252387;2025-04-14;2025-04-14;2025-04-14;Classes de Cotas de Fundos FIF;SAFRA INFRAESTRUTURA VIP FIF INV EM INFRAESTRUTURA CIC DE INV EM INFRA RF LONGO PRAZO RESP LIMITADA;Em Funcionamento Normal;2025-04-14;Renda Fixa;Índice de Mercado Andima NTN-B até 5 anos;S;Multimercados Estrat. Específica;S;;N;N;Aberto;N;Público Geral;80373091.93;2026-09-02;61562112000120;PRICEWATERHOUSECOOPERS AUDITORES INDEPENDENTES LTDA.;58160789000128;BANCO SAFRA S/A;58160789000128;BANCO SAFRA S/A
55324;7158;27146997000149;252395;2025-04-14;2025-04-14;2025-04-14;Classes de Cotas de Fundos FIF;SAFRA INFRAESTRUTURA PREMIUM FIF INV EM INFRA CIC DE INV EM INFRA RF LONGO PRAZO RESP LIMITADA;Em Funcionamento Normal;2025-04-14;Renda Fixa;Índice de Mercado Andima NTN-B até 5 anos;S;Multimercados Estrat. Específica;S;;N;N;Aberto;N;Público Geral;83794529.95;2026-09-02;61562112000120;PRICEWATERHOUSECOOPERS AUDITORES INDEPENDENTES LTDA.;58160789000128;BANCO SAFRA S/A;58160789000128;BANCO SAFRA S/A
55326;7159;27147055000185;252409;2025-04-24;2025-04-24;2025-04-24;Classes de Cotas de Fundos FIF;RAMU FUNDO DE INVESTIMENTO FINANCEIRO INVESTIMENTO EM INFRAESTRUTURA CIC DE INV EM INFRA RENDA FIXA;Em Funcionamento Normal;2025-04-24;Renda Fixa;DI de um dia;S;Renda Fixa Duração Livre Crédito Livre;;;N;N;Aberto;S;Profissional;31972273.62;2026-09-02;61562112000120;PRICEWATERHOUSECOOPERS AUDITORES INDEPENDENTES LTDA.;58160789000128;BANCO SAFRA S/A;58160789000128;BANCO SAFRA S/A
55346;7166;27202414000150;252425;2025-04-14;2025-04-14;2025-04-14;Classes de Cotas de Fundos FIF;SAFRA INFRAESTRUTURA MAX FIF INV EM INFRAESTRUTURA CIC DE INV EM INFRA RF LONGO PRAZO RESP LIMITADA;Em Funcionamento Normal;2025-04-14;Renda Fixa;Índice de Mercado Andima NTN-B até 5 anos;S;Renda Fixa Duração Livre Crédito Livre;S;;N;N;Aberto;N;Público Geral;31373350.80;2026-09-02;61562112000120;PRICEWATERHOUSECOOPERS AUDITORES INDEPENDENTES LTDA.;58160789000128;BANCO SAFRA S/A;58160789000128;BANCO SAFRA S/A
55593;7260;27565982000115;252700;2025-06-26;2025-06-26;2025-06-26;Classes de Cotas de Fundos FIF;PRECIOSO FUNDO INCENTIVADO DE INVESTIMENTO FINANCEIRO EM INFRAESTRUTURA RENDA FIXA;Em Funcionamento Normal;2025-06-26;Renda Fixa;OUTROS;N;Renda Fixa Duração Livre Crédito Livre;;;N;N;Aberto;S;Profissional;32224305.90;2026-09-02;61366936000125;ERNST & YOUNG AUDITORES INDEPENDENTES S/S LTDA.;30306294000145;BANCO BTG PACTUAL S/A;59281253000123;BTG PACTUAL SERVIÇOS FINANCEIROS S/A DTVM
55679;7300;27696698000188;131393;2024-12-02;2017-06-30;2024-12-02;Classes de Cotas de Fundos FIF;G5 FUNDO INCENTIVADO DE INVESTIMENTO FINANCEIRO EM INFRAESTRUTURA RENDA FIXA;Em Funcionamento Normal;2024-12-02;Renda Fixa;Não se aplica;S;Renda Fixa Duração Livre Crédito Livre;;;N;N;Aberto;N;Qualificado;308141508.63;2026-09-02;57755217000129;KPMG AUDITORES INDEPENDENTES LTDA.;30306294000145;BANCO BTG PACTUAL S/A;59281253000123;BTG PACTUAL SERVIÇOS FINANCEIROS S/A DTVM
55691;7307;27717045000138;138541;2025-03-26;2017-06-08;2025-03-26;Classes de Cotas de Fundos FIF;RB VITÓRIA FIC DE FUNDOS INCENTIVADO DE INVESTIMENTO FINANCEIRO EM INFRAESTRUTURA RENDA FIXA - RL;Em Funcionamento Normal;2025-03-26;Renda Fixa;DI de um dia;S;Renda Fixa Duração Livre Crédito Livre;;;N;N;Aberto;N;Público Geral;101899586.94;2026-09-02;57755217000129;KPMG AUDITORES INDEPENDENTES LTDA.;42272526000170;BNY MELLON BANCO S.A.;02201501000161;BNY MELLON SERVICOS FINANCEIROS DTVM S.A.
55749;7329;27782888000118;252794;2025-04-14;2025-04-14;2025-04-14;Classes de Cotas de Fundos FIF;SAFRA INFRAESTRUTURA PREMIUM PROFISSIONAL FIF INV EM INFRAESTRUTURA CI EM INFRA RF RESP LIMITADA;Em Funcionamento Normal;2025-04-14;Renda Fixa;Índice de Mercado Andima NTN-B até 5 anos;N;Multimercados Estrat. Específica;;;N;N;Aberto;N;Profissional;26857930.34;2026-09-02;61562112000120;PRICEWATERHOUSECOOPERS AUDITORES INDEPENDENTES LTDA.;58160789000128;BANCO SAFRA S/A;58160789000128;BANCO SAFRA S/A
55752;7330;27782944000114;252808;2025-04-14;2025-04-14;2025-04-14;Classes de Cotas de Fundos FIF;SAFRA INFRAESTRUTURA PROFIT FIF INV EM INFRA CIC DE INV EM INFRA RF LONGO PRAZO RESP LIMITADA;Em Funcionamento Normal;2025-04-14;Renda Fixa;Índice de Mercado Andima NTN-B até 5 anos;S;Multimercados Estrat. Específica;S;;N;N;Aberto;N;Público Geral;10774951.45;2026-09-02;61562112000120;PRICEWATERHOUSECOOPERS AUDITORES INDEPENDENTES LTDA.;58160789000128;BANCO SAFRA S/A;58160789000128;BANCO SAFRA S/A
55979;7425;28025408000137;236764;2025-06-24;2025-06-24;2025-06-24;Classes de Cotas de Fundos FIF;BB RENDA FIXA INCENTIVADO FIC FIF INVESTIMENTO EM INFRAESTRUTURA PRIVATE RESPONSABILIDADE LIMITADA;Em Funcionamento Normal;2025-06-24;Renda Fixa;OUTROS;S;Renda Fixa Duração Livre Crédito Livre;N;;N;N;Aberto;N;Público Geral;169841507.58;2026-09-02;61562112000120;PRICEWATERHOUSECOOPERS AUDITORES INDEPENDENTES LTDA.;00000000000191;BANCO DO BRASIL S.A.;00000000000191;BANCO DO BRASIL S.A.
56066;7460;28075258000176;252964;2025-03-10;2025-03-10;2025-03-10;Classes de Cotas de Fundos FIF;EMAC FIF INVESTIMENTO EM INFRAESTRUTURA CIC DE INVESTIMENTO EM INFRAESTRUTURA RENDA FIXA;Em Funcionamento Normal;2025-03-10;Renda Fixa;DI de um dia;S;Renda Fixa Duração Livre Crédito Livre;;;N;N;Fechado;S;Profissional;18970285.41;2026-09-02;61562112000120;PRICEWATERHOUSECOOPERS AUDITORES INDEPENDENTES LTDA.;58160789000128;BANCO SAFRA S/A;58160789000128;BANCO SAFRA S/A
56442;7622;28454176000132;253170;2025-02-11;2025-02-11;2025-02-11;Classes de Cotas de Fundos FIF;ZETA FIF INVEST EM INFRAESTRUTURA CLASSE DE INVESTIMENTO EM INFRAESTRUTURA RENDA FIXA RESP LIMITADA;Em Funcionamento Normal;2025-02-11;Renda Fixa;Índice de Mercado Andima NTN-B até 5 anos;N;Multimercados Estrat. Específica;;;N;N;Aberto;S;Profissional;222270364.51;2026-09-02;61562112000120;PRICEWATERHOUSECOOPERS AUDITORES INDEPENDENTES LTDA.;58160789000128;BANCO SAFRA S/A;58160789000128;BANCO SAFRA S/A
56635;7707;28651550000190;253324;2025-02-04;2025-02-04;2025-02-04;Classes de Cotas de Fundos FIF;TONDELA FIF INV EM INFRAESTRUTURA CIC DE INV EM INFRAESTRUTURA RENDA FIXA;Em Funcionamento Normal;2025-02-04;Renda Fixa;DI de um dia;S;Renda Fixa Duração Livre Crédito Livre;;;N;N;Fechado;S;Profissional;59377963.98;2026-09-02;61562112000120;PRICEWATERHOUSECOOPERS AUDITORES INDEPENDENTES LTDA.;58160789000128;BANCO SAFRA S/A;58160789000128;BANCO SAFRA S/A
57819;8229;30102276000141;202622;2025-05-13;2025-05-13;2025-05-13;Classes de Cotas de Fundos FIF;SANTANDER HERMES RENDA FIXA FUNDO INCENTIVADO DE INVESTIMENTO EM INFRAESTRUTURA - FIF;Em Funcionamento Normal;2025-05-13;Renda Fixa;;N;Renda Fixa Duração Livre Crédito Livre;S;;N;N;Aberto;S;Profissional;1265718454.39;2026-09-02;61562112000120;PRICEWATERHOUSECOOPERS AUDITORES INDEPENDENTES LTDA.;62318407000119;S3 CACEIS BRASIL DISTRIBUIDORA DE TITULOS E VALORES MOBILIARIOS S.A;62318407000119;S3 CACEIS BRASIL DISTRIBUIDORA DE TITULOS E VALORES MOBILIARIOS S.A
58160;8369;30493677000170;135232;2025-03-24;2018-04-03;2025-03-24;Classes de Cotas de Fundos FIF;SANTANDER INFLAÇÃO FUNDO INCENTIVADO DE INVESTIMENTO EM INFRAESTRUTURA - FIF RESP LIMITADA;Em Funcionamento Normal;2025-03-24;Renda Fixa;OUTROS;N;Renda Fixa Duração Livre Crédito Livre;;;N;N;Aberto;N;Público Geral;441264339.63;2026-09-02;61366936000125;ERNST & YOUNG AUDITORES INDEPENDENTES S/S LTDA.;62318407000119;S3 CACEIS BRASIL DISTRIBUIDORA DE TITULOS E VALORES MOBILIARIOS S.A;62318407000119;S3 CACEIS BRASIL DISTRIBUIDORA DE TITULOS E VALORES MOBILIARIOS S.A
58341;8456;30568861000131;178586;2025-05-13;2025-05-13;2025-05-13;Classes de Cotas de Fundos FIF;AGADIR FUNDO INCENTIVADO DE INVESTIMENTO EM INFRAESTRUTURA RENDA FIXA;Em Funcionamento Normal;2025-05-13;Renda Fixa;Não se aplica;N;Renda Fixa Duração Livre Crédito Livre;;;N;N;Aberto;N;Profissional;153148731.96;2026-09-02;61366936000125;ERNST & YOUNG AUDITORES INDEPENDENTES S/S LTDA.;30306294000145;BANCO BTG PACTUAL S/A;59281253000123;BTG PACTUAL SERVIÇOS FINANCEIROS S/A DTVM
58420;8480;30618457000125;100838;2024-12-27;2019-03-20;2024-12-27;Classes de Cotas de Fundos FIF;PLURAL DEBÊNTURES INCENTIVADAS HEDGE MASTER FIF RENDA FIXA INVESTIMENTO EM INFRAESTRUTURA - RL;Em Funcionamento Normal;2024-12-27;Renda Fixa;Não se aplica;N;Renda Fixa Duração Livre Crédito Livre;;;N;N;Aberto;N;Público Geral;507637404.92;2026-09-02;49928567000111;DELOITTE TOUCHE TOHMATSU AUDITORES INDEPENDENTES LTDA.;42272526000170;BNY MELLON BANCO S.A.;02201501000161;BNY MELLON SERVICOS FINANCEIROS DTVM S.A.
58490;8513;30665679000107;71412;2024-09-06;2018-06-28;2024-09-06;Classes de Cotas de Fundos FIF;XPA GGG FUNDO DE INVESTIMENTO EM INFRAESTRUTURA RENDA FIXA CRÉDITO PRIVADO;Em Funcionamento Normal;2024-09-06;Renda Fixa;DI de um dia;N;Renda Fixa Duração Livre Crédito Livre;;;N;N;Fechado;S;Profissional;28980159.64;2026-09-02;61562112000120;PRICEWATERHOUSECOOPERS AUDITORES INDEPENDENTES LTDA.;62318407000119;S3 CACEIS BRASIL DISTRIBUIDORA DE TITULOS E VALORES MOBILIARIOS S.A;62318407000119;S3 CACEIS BRASIL DISTRIBUIDORA DE TITULOS E VALORES MOBILIARIOS S.A
58766;8634;31120420000135;147729;2024-10-01;2024-10-01;2024-10-01;Classes de Cotas de Fundos FIF;JOURNEY CAPITAL ENDURANCE FUNDO INCENTIVADO DE INVESTIMENTO FINANCEIRO EM INFRAESTRUTURA RENDA FIXA;Em Funcionamento Normal;2024-10-01;Renda Fixa;;N;Renda Fixa Duração Alta Crédito Livre;N;;N;N;Aberto;N;Público Geral;51524517.88;2026-09-02;57755217000129;KPMG AUDITORES INDEPENDENTES LTDA.;30306294000145;BANCO BTG PACTUAL S/A;59281253000123;BTG PACTUAL SERVIÇOS FINANCEIROS S/A DTVM
59161;8795;31615327000100;188018;2025-05-15;2025-05-15;2025-05-15;Classes de Cotas de Fundos FIF;NEBLUS FUNDO INCENTIVADO DE INVESTIMENTO FINANCEIRO EM INFRAESTRUTURA RENDA FIXA;Em Funcionamento Normal;2025-05-15;Renda Fixa;DI de um dia;N;Renda Fixa Duração Livre Crédito Livre;N;;N;N;Aberto;S;Profissional;17885039.18;2026-09-02;57755217000129;KPMG AUDITORES INDEPENDENTES LTDA.;30306294000145;BANCO BTG PACTUAL S/A;59281253000123;BTG PACTUAL SERVIÇOS FINANCEIROS S/A DTVM
59297;8843;31908005000140;152307;2025-04-08;2025-04-08;2025-04-08;Classes de Cotas de Fundos FIF;G5 SHLIMS FUNDO INCENTIVADO DE INVESTIMENTO FINANCEIRO EM INFRAESTRUTURA  RENDA FIXA;Em Funcionamento Normal;2025-04-08;Renda Fixa;;N;Renda Fixa Duração Livre Crédito Livre;N;;N;N;Aberto;N;Profissional;37606278.58;2026-09-02;57755217000129;KPMG AUDITORES INDEPENDENTES LTDA.;30306294000145;BANCO BTG PACTUAL S/A;59281253000123;BTG PACTUAL SERVIÇOS FINANCEIROS S/A DTVM
59434;8909;32045085000110;51675;2024-07-23;2019-07-04;2024-07-23;Classes de Cotas de Fundos FIF;LESCHER KINEA FIF FI INCENTIVADO EM DEBÊNTURES DE INFRAESTRUTURA RF CP RESP LIMITADA;Em Funcionamento Normal;2024-07-23;Renda Fixa;Índice de Mercado Andima todas NTN-B;N;Renda Fixa Duração Livre Crédito Livre;S;;N;N;Fechado;S;Profissional;83894703.78;2026-09-01;49928567000111;DELOITTE TOUCHE TOHMATSU AUDITORES INDEPENDENTES LTDA.;60701190000104;ITAU UNIBANCO S.A.;60701190000104;ITAU UNIBANCO S.A.
59451;8923;32075119000110;139645;2025-03-18;2018-12-24;2025-03-18;Classes de Cotas de Fundos FIF;ARX HEDGE MASTER FIF EM INFRAESTRUTURA RENDA FIXA - RESPONSABILIDADE LIMITADA;Em Funcionamento Normal;2025-03-18;Renda Fixa;DI de um dia;N;Renda Fixa Duração Livre Grau de Invest.;;;N;N;Aberto;N;Público Geral;1720250696.88;2026-09-02;49928567000111;DELOITTE TOUCHE TOHMATSU AUDITORES INDEPENDENTES LTDA.;42272526000170;BNY MELLON BANCO S.A.;02201501000161;BNY MELLON SERVICOS FINANCEIROS DTVM S.A.
59930;9170;32485590000186;94048;2024-12-09;2018-12-18;2024-12-09;Classes de Cotas de Fundos FIF;TIVIO INFRA PLUS IPCA FIF  CI RENDA FIXA INVESTIMENTO EM INFRAESTRUTURA  RESP LIMITADA;Em Funcionamento Normal;2024-12-09;Renda Fixa;Não se aplica;N;Renda Fixa Duração Livre Crédito Livre;;;N;N;Aberto;N;Público Geral;42884684.03;2026-09-02;61366936000125;ERNST & YOUNG AUDITORES INDEPENDENTES S/S LTDA.;60746948000112;BANCO BRADESCO S.A.;60746948000112;BANCO BRADESCO S.A.
59985;9195;32666434000111;96490;2024-04-15;2019-03-01;2024-04-15;Classes de Cotas de Fundos FIF;PONTE DE PEDRA 3 FIF INVESTIMENTO EM INFRA CI EM INFRAESTRUTURA RENDA FIXA RESPONSABILIDADE LIMITADA;Em Funcionamento Normal;2024-04-16;Renda Fixa;DI de um dia;N;Renda Fixa Duração Livre Crédito Livre;;;N;N;;;;456186087.91;2026-09-02;49928567000111;DELOITTE TOUCHE TOHMATSU AUDITORES INDEPENDENTES LTDA.;58160789000128;BANCO SAFRA S/A;58160789000128;BANCO SAFRA S/A
60209;9290;32811397000198;256536;2025-06-27;2025-06-27;2025-06-27;Classes de Cotas de Fundos FIF;BB TOP RENDA FIXA INCENTIVADO FIF INVESTIMENTO EM INFRAESTRUTURA RESPONSABILIDADE LIMITADA;Em Funcionamento Normal;2025-06-27;Renda Fixa;OUTROS;N;Renda Fixa Duração Livre Crédito Livre;N;;N;N;Aberto;N;Público Geral;292826038.68;2026-09-02;61562112000120;PRICEWATERHOUSECOOPERS AUDITORES INDEPENDENTES LTDA.;00000000000191;BANCO DO BRASIL S.A.;00000000000191;BANCO DO BRASIL S.A.
60261;9319;32862167000158;171115;2025-05-05;2025-05-05;2025-05-05;Classes de Cotas de Fundos FIF;SYKO FIF - CLASSE DE INVESTIMENTO RF INCENTIVADO DE INVESTIMENTO EM  INFRAESTRUTURA - RESP LIMITADA;Em Funcionamento Normal;2025-05-05;Renda Fixa;OUTROS;N;Renda Fixa Duração Livre Crédito Livre;;;N;N;Aberto;S;Profissional;30085443.57;2026-09-02;49928567000111;DELOITTE TOUCHE TOHMATSU AUDITORES INDEPENDENTES LTDA.;60746948000112;BANCO BRADESCO S.A.;60746948000112;BANCO BRADESCO S.A.
60399;9383;32999355000122;256706;2025-03-07;2025-03-07;2025-03-07;Classes de Cotas de Fundos FIF;SAFRA INFRA MASTER III FIF INV EM INFRAESTRUTURA CLASSE DE INVEST EM INFRA RENDA FIXA RESP LIMITADA;Em Funcionamento Normal;2025-03-07;Renda Fixa;DI de um dia;N;Renda Fixa Duração Livre Grau de Invest.;;;N;N;Aberto;N;Qualificado;151138221.16;2026-09-02;61562112000120;PRICEWATERHOUSECOOPERS AUDITORES INDEPENDENTES LTDA.;58160789000128;BANCO SAFRA S/A;58160789000128;BANCO SAFRA S/A
60400;9384;32999370000170;256714;2025-02-24;2025-02-24;2025-02-24;Classes de Cotas de Fundos FIF;SAFRA INFRA VIP III FIF INV EM INFRAESTRUTURA CIC DE INVESTIMENTO EM INFRA RENDA FIXA RESP LIMITADA;Em Funcionamento Normal;2025-02-24;Renda Fixa;DI de um dia;S;Renda Fixa Duração Livre Crédito Livre;;;N;N;Aberto;N;Qualificado;111929184.82;2026-09-02;61562112000120;PRICEWATERHOUSECOOPERS AUDITORES INDEPENDENTES LTDA.;58160789000128;BANCO SAFRA S/A;58160789000128;BANCO SAFRA S/A
60401;9385;32999390000141;256722;2025-03-07;2025-03-07;2025-03-07;Classes de Cotas de Fundos FIF;SAFRA INFRA MAX III FIF INV EM INFRAESTRUTURA CIC DE INV EM INFRA RENDA FIXA RESP LIMITADA;Em Funcionamento Normal;2025-03-07;Renda Fixa;DI de um dia;S;Renda Fixa Duração Livre Crédito Livre;;;N;N;Aberto;N;Qualificado;63524426.28;2026-09-02;61562112000120;PRICEWATERHOUSECOOPERS AUDITORES INDEPENDENTES LTDA.;58160789000128;BANCO SAFRA S/A;58160789000128;BANCO SAFRA S/A
60403;9387;32999416000151;256749;2025-02-24;2025-02-24;2025-02-24;Classes de Cotas de Fundos FIF;SAFRA INFRA PREMIUM PROFISSIONAL II FIF INV EM INFRAESTRUTURA CI EM INFRA RENDA FIXA RESP LIMITADA;Em Funcionamento Normal;2025-02-24;Renda Fixa;DI de um dia;N;Renda Fixa Duração Livre Grau de Invest.;;;N;N;Aberto;N;Profissional;88577076.15;2026-09-02;61562112000120;PRICEWATERHOUSECOOPERS AUDITORES INDEPENDENTES LTDA.;58160789000128;BANCO SAFRA S/A;58160789000128;BANCO SAFRA S/A
60602;9487;33422090000168;257001;2025-03-28;2025-03-28;2025-03-28;Classes de Cotas de Fundos FIF;ALFA GEMINI FIF INVESTIMENTO EM INFRAESTRUTURA CIC DE INVESTIMENTO EM INFRA RENDA FIXA RESP LIMITADA;Em Funcionamento Normal;2025-03-28;Renda Fixa;Índice de Mercado Andima NTN-B até 5 anos;S;Renda Fixa Duração Livre Crédito Livre;N;;N;N;Aberto;N;Público Geral;39876972.38;2026-09-02;49928567000111;DELOITTE TOUCHE TOHMATSU AUDITORES INDEPENDENTES LTDA.;58160789000128;BANCO SAFRA S/A;58160789000128;BANCO SAFRA S/A
60603;9488;33422113000134;257010;2025-04-24;2025-04-24;2025-04-24;Classes de Cotas de Fundos FIF;SAFRA GEMINI MASTER FIF INVESTIMENTO EM INFRAESTRUTURA CI EM INFRA RENDA FIXA RESP LIMITADA;Em Funcionamento Normal;2025-04-24;Renda Fixa;Índice de Mercado Andima NTN-B até 5 anos;N;Renda Fixa Duração Livre Crédito Livre;N;;N;N;Aberto;N;Público Geral;39843971.53;2026-09-02;49928567000111;DELOITTE TOUCHE TOHMATSU AUDITORES INDEPENDENTES LTDA.;58160789000128;BANCO SAFRA S/A;58160789000128;BANCO SAFRA S/A
60985;9686;34054886000178;182052;2025-05-16;2025-05-16;2025-05-16;Classes de Cotas de Fundos FIF;BRADESCO BNP PARIBAS FIF - CIC RF INCENTIVADO DE INVESTIMENTO EM INFRAESTRUTURA - RESP LIMITADA;Em Funcionamento Normal;2025-05-16;Renda Fixa;Não se aplica;S;Renda Fixa Duração Livre Crédito Livre;;;N;S;Aberto;N;Público Geral;71382256.77;2026-09-02;61366936000125;ERNST & YOUNG AUDITORES INDEPENDENTES S/S LTDA.;60746948000112;BANCO BRADESCO S.A.;60746948000112;BANCO BRADESCO S.A.
61380;9883;34370754000155;147982;2024-10-01;2024-10-01;2024-10-01;Classes de Cotas de Fundos FIF;CORLETO PERTICARA FUNDO DE INVESTIMENTO EM INFRAESTRUTURA RENDA FIXA CRÉDITO PRIVADO;Em Funcionamento Normal;2024-10-01;Renda Fixa;Não se aplica;N;Renda Fixa Duração Livre Crédito Livre;;;N;N;Fechado;S;Profissional;27756910.91;2026-09-02;61562112000120;PRICEWATERHOUSECOOPERS AUDITORES INDEPENDENTES LTDA.;62318407000119;S3 CACEIS BRASIL DISTRIBUIDORA DE TITULOS E VALORES MOBILIARIOS S.A;62318407000119;S3 CACEIS BRASIL DISTRIBUIDORA DE TITULOS E VALORES MOBILIARIOS S.A
61745;10071;34666775000112;258342;2025-02-26;2025-02-26;2025-02-26;Classes de Cotas de Fundos FIF;SAFRA CAPITAL MARKET INFRA VIP FIF INV EM INFRAESTRUTURA CIC DE INV EM INFRA RF RESP LIMITADA;Em Funcionamento Normal;2025-02-26;Renda Fixa;DI de um dia;S;Renda Fixa Duração Livre Crédito Livre;;;N;N;Aberto;N;Público Geral;17393973.64;2026-09-02;61562112000120;PRICEWATERHOUSECOOPERS AUDITORES INDEPENDENTES LTDA.;58160789000128;BANCO SAFRA S/A;58160789000128;BANCO SAFRA S/A
61755;10075;34681760000123;96580;2024-05-06;2019-10-07;2024-05-06;Classes de Cotas de Fundos FIF;ALH II FIF INVESTIMENTO EM INFRAESTRUTURA CLASSE DE INVESTIMENTO RENDA FIXA EM INFRA RESP LIMITADA;Em Funcionamento Normal;2024-05-20;Renda Fixa;DI de um dia;N;Renda Fixa Duração Livre Crédito Livre;;;N;N;;;;28446650.75;2026-09-02;49928567000111;DELOITTE TOUCHE TOHMATSU AUDITORES INDEPENDENTES LTDA.;58160789000128;BANCO SAFRA S/A;58160789000128;BANCO SAFRA S/A
61921;10170;34792037000111;127850;2025-02-28;2019-11-20;2025-02-28;Classes de Cotas de Fundos FIF;ICATU SEGUROS FIF - CI INCENTIVADO DE INVESTIMENTO EM INFRAESTRUTURA RENDA FIXA - RESP LIMITADA;Em Funcionamento Normal;2025-02-28;Renda Fixa;Não se aplica;N;Renda Fixa Duração Livre Crédito Livre;;;N;N;Aberto;S;Profissional;565004061.51;2026-09-01;57755217000129;KPMG AUDITORES INDEPENDENTES LTDA.;60746948000112;BANCO BRADESCO S.A.;60746948000112;BANCO BRADESCO S.A.
61961;10196;34799490000150;115053;2025-01-27;2019-12-02;2025-01-27;Classes de Cotas de Fundos FIF;JUQUEHY INFRA FIF - CI RENDA FIXA INCENTIVADO DE INVESTIMENTO EM INFRAESTRUTURA;Em Funcionamento Normal;2025-01-27;Renda Fixa;OUTROS;N;Renda Fixa Duração Baixa Crédito Livre;;;N;N;Aberto;S;Profissional;77226700.87;2026-09-02;61562112000120;PRICEWATERHOUSECOOPERS AUDITORES INDEPENDENTES LTDA.;60746948000112;BANCO BRADESCO S.A.;60746948000112;BANCO BRADESCO S.A.
62436;10405;35491073000108;51713;2024-07-23;2020-03-18;2024-07-23;Classes de Cotas de Fundos FIF;INGAZINHO KINEA FIF FUNDO INCENTIVADO EM INVESTIMENTO EM DEB DE INFRAESTRUTURA RF CP RESP LIMITADA;Em Funcionamento Normal;2024-07-23;Renda Fixa;Índice de Mercado Andima todas NTN-B;N;Renda Fixa Duração Livre Crédito Livre;;;N;N;Fechado;S;Profissional;91004182.73;2026-09-02;49928567000111;DELOITTE TOUCHE TOHMATSU AUDITORES INDEPENDENTES LTDA.;60701190000104;ITAU UNIBANCO S.A.;60701190000104;ITAU UNIBANCO S.A.
62498;10442;35535409000197;259047;2025-02-12;2025-02-12;2025-02-12;Classes de Cotas de Fundos FIF;VICTORIOUS ISADORA FIF INV EM INFRAESTRUTURA CLASSE DE INV EM COTAS DE INV EM INFRA RF RESP LIMITADA;Em Funcionamento Normal;2025-02-12;Renda Fixa;DI de um dia;S;Renda Fixa Duração Livre Crédito Livre;;;N;N;Aberto;S;Profissional;7696791.59;2026-09-02;61562112000120;PRICEWATERHOUSECOOPERS AUDITORES INDEPENDENTES LTDA.;58160789000128;BANCO SAFRA S/A;58160789000128;BANCO SAFRA S/A
62507;10445;35535754000120;96660;2024-05-16;2020-01-22;2024-05-16;Classes de Cotas de Fundos FIF;LINCE 5 FIF INV EM INFRA CLASSE DE INV RENDA FIXA EM INFRAESTRUTURA RESPONSABILIDADE LIMITADA;Em Funcionamento Normal;2024-05-17;Renda Fixa;DI de um dia;N;Renda Fixa Duração Livre Crédito Livre;;;N;N;;;;31236991.09;2026-09-02;49928567000111;DELOITTE TOUCHE TOHMATSU AUDITORES INDEPENDENTES LTDA.;58160789000128;BANCO SAFRA S/A;58160789000128;BANCO SAFRA S/A
62688;10539;35650677000150;51730;2024-07-23;2020-01-03;2024-07-23;Classes de Cotas de Fundos FIF;OROBÓ KINEA FIF FI INCENTIVADO EM DEBÊNTURES DE INFRAESTRUTURA RF CP RESP LIMITADA;Em Funcionamento Normal;2024-07-23;Renda Fixa;Índice de Mercado Andima todas NTN-B;N;Renda Fixa Duração Livre Crédito Livre;;;N;N;Fechado;S;Profissional;112404154.42;2026-09-01;61366936000125;ERNST & YOUNG AUDITORES INDEPENDENTES S/S LTDA.;60701190000104;ITAU UNIBANCO S.A.;60701190000104;ITAU UNIBANCO S.A.
62955;10645;35755062000198;97462;2024-04-19;2022-11-18;2024-04-19;Classes de Cotas de Fundos FIF;RUBI 4 FIF INVESTIMENTO EM INFRAESTRUTURA CI EM INFRAESTRUTURA RENDA FIXA RESPONSABILIDADE LIMITADA;Em Funcionamento Normal;2024-04-29;Renda Fixa;DI de um dia;N;Renda Fixa Duração Livre Crédito Livre;;N;N;N;;;;39446592.61;2026-09-02;49928567000111;DELOITTE TOUCHE TOHMATSU AUDITORES INDEPENDENTES LTDA.;58160789000128;BANCO SAFRA S/A;58160789000128;BANCO SAFRA S/A
63442;10892;36178962000182;96709;2024-05-27;2020-03-02;2024-05-27;Classes de Cotas de Fundos FIF;KAMYROS FIF INVESTIMENTO EM INFRAESTRUTURA CI EM INFRAESTRUTURA RENDA FIXA RESPONSABILIDADE LIMITADA;Em Funcionamento Normal;2024-05-31;Renda Fixa;DI de um dia;N;Renda Fixa Duração Livre Crédito Livre;;;N;N;;;;26969822.22;2026-09-02;49928567000111;DELOITTE TOUCHE TOHMATSU AUDITORES INDEPENDENTES LTDA.;58160789000128;BANCO SAFRA S/A;58160789000128;BANCO SAFRA S/A
63691;11023;36352361000144;143162;2025-03-14;2022-03-15;2025-03-14;Classes de Cotas de Fundos FIF;SPARTA DEBÊNTURES INCENTIVADAS 45 FIC FIF EM INFRAESTRUTURA RENDA FIXA - RESPONSABILIDADE LIMITADA;Em Funcionamento Normal;2025-03-14;Renda Fixa;DI de um dia;S;Renda Fixa Duração Livre Crédito Livre;;N;N;N;Aberto;N;Público Geral;634203124.74;2026-09-02;57755217000129;KPMG AUDITORES INDEPENDENTES LTDA.;42272526000170;BNY MELLON BANCO S.A.;02201501000161;BNY MELLON SERVICOS FINANCEIROS DTVM S.A.
64012;11182;36729801000130;178772;2025-05-13;2025-05-13;2025-05-13;Classes de Cotas de Fundos FIF;NAVI HIGH INCOME FUNDO INCENTIVADO DE INVESTIMENTO FINANCEIRO EM INFRAESTRUTURA RENDA FIXA;Em Funcionamento Normal;2025-05-13;Renda Fixa;;N;Renda Fixa Duração Média Crédito Livre;S;;N;N;Aberto;N;Qualificado;9949275.06;2026-09-02;61366936000125;ERNST & YOUNG AUDITORES INDEPENDENTES S/S LTDA.;30306294000145;BANCO BTG PACTUAL S/A;59281253000123;BTG PACTUAL SERVIÇOS FINANCEIROS S/A DTVM
64722;11543;37396696000127;261440;2025-06-27;2025-06-27;2025-06-27;Classes de Cotas de Fundos FIF;XP MASTER I FIF EM INFRAESTRUTURA RENDA FIXA - RESPONSABILIDADE LIMITADA;Em Funcionamento Normal;2025-06-27;Renda Fixa;OUTROS;N;Renda Fixa Duração Livre Crédito Livre;S;;N;N;Fechado;S;Qualificado;234074796.66;2026-09-02;49928567000111;DELOITTE TOUCHE TOHMATSU AUDITORES INDEPENDENTES LTDA.;45246410000155;BANCO GENIAL S.A.;45246410000155;BANCO GENIAL S.A.
65325;11829;37928209000120;261955;2025-01-10;2025-01-10;2025-01-10;Classes de Cotas de Fundos FIF;ANACIREMA FIF INV EM INFRAESTRUTURA CLASSE DE INV EM COTAS DE INV EM INFRA RENDA FIXA RESP LIMITADA;Em Funcionamento Normal;2025-01-10;Renda Fixa;DI de um dia;S;Renda Fixa Duração Livre Crédito Livre;;;N;N;Fechado;S;Profissional;18690401.22;2026-09-02;49928567000111;DELOITTE TOUCHE TOHMATSU AUDITORES INDEPENDENTES LTDA.;58160789000128;BANCO SAFRA S/A;58160789000128;BANCO SAFRA S/A
65510;11910;38065012000177;204285;2025-06-03;2025-06-03;2025-06-03;Classes de Cotas de Fundos FIF;CAPITANIA FI FINANCEIRO EM COTAS DE FUNDOS INCENTIVADOS DE INVESTIMENTO EM INFRAESTRUTURA RENDA FIXA;Em Funcionamento Normal;2025-06-03;Renda Fixa;;S;Renda Fixa Duração Livre Crédito Livre;S;;N;N;Fechado;N;Público Geral;1209110888.18;2026-09-02;61366936000125;ERNST & YOUNG AUDITORES INDEPENDENTES S/S LTDA.;30306294000145;BANCO BTG PACTUAL S/A;59281253000123;BTG PACTUAL SERVIÇOS FINANCEIROS S/A DTVM
65958;12113;38442982000144;193437;2025-05-16;2025-05-16;2025-05-16;Classes de Cotas de Fundos FIF;BNP PARIBAS BRADESCO CLASSE DE INVESTIMENTO INFRAESTRUTURA SUSTENTÁVEL IS RF CP - RESP LIMITADA;Em Funcionamento Normal;2025-05-16;Renda Fixa;Não se aplica;N;Renda Fixa Duração Livre Crédito Livre;;;N;N;Aberto;N;Público Geral;70965949.00;2026-09-02;61366936000125;ERNST & YOUNG AUDITORES INDEPENDENTES S/S LTDA.;01522368000182;BANCO BNP PARIBAS BRASIL S/A;01522368000182;BANCO BNP PARIBAS BRASIL S/A
65959;12114;38443033000189;281263;2025-06-17;2025-06-17;2025-06-17;Classes de Cotas de Fundos FIF;BNP PARIBAS INFRAESTRUTURA CDI CIC DE INVESTIMENTO RF SUSTENTÁVEL IS - RESP LIMITADA;Em Funcionamento Normal;2025-06-17;Renda Fixa;;S;Renda Fixa Duração Livre Crédito Livre;S;;N;N;Aberto;N;Público Geral;57891331.44;2026-09-02;61366936000125;ERNST & YOUNG AUDITORES INDEPENDENTES S/S LTDA.;01522368000182;BANCO BNP PARIBAS BRASIL S/A;01522368000182;BANCO BNP PARIBAS BRASIL S/A
66241;12234;39255769000196;206091;2025-06-03;2025-06-03;2025-06-03;Classes de Cotas de Fundos FIF;BB CASTANHA RENDA FIXA FUNDO INCENTIVADO DE INVESTIMENTO FINANCEIRO EM INFRAESTRUTURA RESP LIMITADA;Em Funcionamento Normal;2025-06-03;Renda Fixa;DI de um dia;N;Renda Fixa Duração Livre Crédito Livre;;N;N;N;Aberto;N;Profissional;105505407.22;2026-09-02;49928567000111;DELOITTE TOUCHE TOHMATSU AUDITORES INDEPENDENTES LTDA.;00000000000191;BANCO DO BRASIL S.A.;00000000000191;BANCO DO BRASIL S.A.
66523;12362;39511976000164;157007;2025-01-15;2025-01-15;2025-01-15;Classes de Cotas de Fundos FIF;INFRA PLUS RENDA FIXA CLASSE INCENTIVADA  DE INVESTIMENTO EM INFRAESTRUTURA - RESPONSABILIDADE LIMIT;Em Funcionamento Normal;2025-01-15;Renda Fixa;DI de um dia;N;Renda Fixa Duração Livre Crédito Livre;;N;N;N;Aberto;N;Profissional;170071863.82;2026-09-02;61366936000125;ERNST & YOUNG AUDITORES INDEPENDENTES S/S LTDA.;62318407000119;S3 CACEIS BRASIL DISTRIBUIDORA DE TITULOS E VALORES MOBILIARIOS S.A;62318407000119;S3 CACEIS BRASIL DISTRIBUIDORA DE TITULOS E VALORES MOBILIARIOS S.A
66656;12426;39687929000176;18767;2024-02-16;2021-04-14;2024-02-16;Classes de Cotas de Fundos FIF;SAFRA INFRA JUROS REAIS FIF INV EM INFRAESTRUTURA CIC DE INV EM INFRA RF LONGO PRAZO RESP LIMITADA;Em Funcionamento Normal;2024-02-20;Renda Fixa;OUTROS;S;Renda Fixa Duração Livre Crédito Livre;S;;N;N;;;;13054864.45;2026-09-02;49928567000111;DELOITTE TOUCHE TOHMATSU AUDITORES INDEPENDENTES LTDA.;58160789000128;BANCO SAFRA S/A;58160789000128;BANCO SAFRA S/A
66663;12430;39703214000160;262978;2025-06-27;2025-06-27;2025-06-27;Classes de Cotas de Fundos FIF;ICATU VANGUARDA TFO INCENTIVADO EM INFRAESTRUTURA FIF  CLASSE DE INVESTIMENTO RF  - RESP  LIMITADA;Em Funcionamento Normal;2025-06-27;Renda Fixa;Índice de Preços ao Consumidor Amplo (IPCA/IBGE);N;Renda Fixa Duração Média Crédito Livre;;;N;N;Aberto;N;Qualificado;256544052.58;2026-09-02;61562112000120;PRICEWATERHOUSECOOPERS AUDITORES INDEPENDENTES LTDA.;60746948000112;BANCO BRADESCO S.A.;60746948000112;BANCO BRADESCO S.A.
66911;12530;39959156000130;141402;2025-03-19;2021-01-05;2025-03-19;Classes de Cotas de Fundos FIF;ARX ELBRUS PRO ADVISORY I FIC FIF EM INFRAESTRUTURA RENDA FIXA - RESPONSABILIDADE LIMITADA;Em Funcionamento Normal;2025-03-19;Renda Fixa;Índice de Mercado Andima NTN-B até 5 anos;S;Renda Fixa Duração Livre Grau de Invest.;;;N;N;Aberto;N;Público Geral;119516532.73;2026-09-02;57755217000129;KPMG AUDITORES INDEPENDENTES LTDA.;42272526000170;BNY MELLON BANCO S.A.;02201501000161;BNY MELLON SERVICOS FINANCEIROS DTVM S.A.
68063;13046;40963311000170;219487;2025-06-16;2025-06-16;2025-06-16;Classes de Cotas de Fundos FIF;NU INFRA FUNDO INCENTIVADO DE INVESTIMENTO FINANCEIRO EM INFRAESTRUTURA RENDA FIXA MASTER I;Em Funcionamento Normal;2025-06-16;Renda Fixa;Não se aplica;N;Renda Fixa Duração Livre Crédito Livre;;N;N;N;Aberto;N;Público Geral;105706512.37;2026-09-02;57755217000129;KPMG AUDITORES INDEPENDENTES LTDA.;30306294000145;BANCO BTG PACTUAL S/A;59281253000123;BTG PACTUAL SERVIÇOS FINANCEIROS S/A DTVM
68066;13047;40963403000150;239674;2025-06-25;2025-06-25;2025-06-25;Classes de Cotas de Fundos FIF;NU INFRA FI DE INVESTIMENTO FINANCEIRO EM COTAS DE FI DE INVESTIMENTO EM INFRAESTRUTURA RENDA FIXA;Em Funcionamento Normal;2025-06-25;Renda Fixa;OUTROS;S;Renda Fixa Duração Livre Crédito Livre;;N;N;N;Fechado;N;Público Geral;105479427.11;2026-09-02;57755217000129;KPMG AUDITORES INDEPENDENTES LTDA.;30306294000145;BANCO BTG PACTUAL S/A;59281253000123;BTG PACTUAL SERVIÇOS FINANCEIROS S/A DTVM
68263;13133;41091044000151;105023;2024-12-19;2021-05-20;2024-12-19;Classes de Cotas de Fundos FIF;PCPAYV FIF INVESTIMENTO EM INFRAESTRUTURA CLASSE DE INVESTIMENTO EM INFRA RENDA FIXA RESP LIMITADA;Em Funcionamento Normal;2024-12-19;Renda Fixa;DI de um dia;N;Renda Fixa Duração Livre Crédito Livre;;;N;N;Aberto;S;Profissional;42134032.68;2026-09-02;49928567000111;DELOITTE TOUCHE TOHMATSU AUDITORES INDEPENDENTES LTDA.;58160789000128;BANCO SAFRA S/A;58160789000128;BANCO SAFRA S/A
68359;13185;41163523000136;148571;2025-04-02;2025-04-02;2025-04-02;Classes de Cotas de Fundos FIF;DPB INFRA FUNDO INCENTIVADO DE INVESTIMENTO FINANCEIRO EM INFRAESTRUTURA RENDA FIXA;Em Funcionamento Normal;2025-04-02;Renda Fixa;;N;Renda Fixa Duração Livre Crédito Livre;S;;N;N;Aberto;S;Profissional;359986617.42;2026-09-02;61366936000125;ERNST & YOUNG AUDITORES INDEPENDENTES S/S LTDA.;30306294000145;BANCO BTG PACTUAL S/A;59281253000123;BTG PACTUAL SERVIÇOS FINANCEIROS S/A DTVM
68697;13345;41373706000186;161918;2025-04-14;2025-04-14;2025-04-14;Classes de Cotas de Fundos FIF;FRATER DEBÊNTURES INCENTIVADAS FUNDO DE INVESTIMENTO FINANCEIRO EM  INFRAESTRUTURA RENDA FIXA;Em Funcionamento Normal;2025-04-14;Renda Fixa;OUTROS;N;Renda Fixa Duração Livre Crédito Livre;;;N;N;Aberto;N;Qualificado;67381045.75;2026-09-02;61366936000125;ERNST & YOUNG AUDITORES INDEPENDENTES S/S LTDA.;30306294000145;BANCO BTG PACTUAL S/A;59281253000123;BTG PACTUAL SERVIÇOS FINANCEIROS S/A DTVM
68754;13370;41423592000131;141887;2025-02-03;2021-04-12;2025-02-03;Classes de Cotas de Fundos FIF;UBS EVOLUTION INFRA IPCA CRED PRIV FC FI INCENTIVADOS EM INFRAESTRUTURA RENDA FIXA RESP LIMITADA;Em Funcionamento Normal;2025-02-03;Renda Fixa;Índice de Mercado Andima todas NTN-B;S;Renda Fixa Duração Livre Crédito Livre;;;N;N;Aberto;N;Qualificado;340036174.80;2026-09-01;61562112000120;PRICEWATERHOUSECOOPERS AUDITORES INDEPENDENTES LTDA.;60701190000104;ITAU UNIBANCO S.A.;60701190000104;ITAU UNIBANCO S.A.
69184;13557;41687130000121;142131;2025-03-27;2021-05-04;2025-03-27;Classes de Cotas de Fundos FIF;GOPRO FUNDO DE INVESTIMENTO FINANCEIRO RENDA FIXA INVESTIMENTO EM INFRAESTRUTURA;Em Funcionamento Normal;2025-03-27;Renda Fixa;OUTROS;N;Renda Fixa Duração Livre Crédito Livre;N;;N;N;Aberto;S;Profissional;30652375.31;2026-09-02;57755217000129;KPMG AUDITORES INDEPENDENTES LTDA.;42272526000170;BNY MELLON BANCO S.A.;02201501000161;BNY MELLON SERVICOS FINANCEIROS DTVM S.A.
69415;13670;41763320000180;134430;2025-03-06;2022-07-27;2025-03-06;Classes de Cotas de Fundos FIF;NMP KINEA FIF INCENTIVADO EM INVESTIMENTO EM DEBÊNTURES DE INFRAESTRUTURA RF CRÉD PRIV RESP LIMITADA;Em Funcionamento Normal;2025-03-06;Renda Fixa;Índice de Mercado Andima todas NTN-B;N;Renda Fixa Duração Livre Crédito Livre;;N;N;N;Fechado;S;Profissional;56498366.65;2026-09-02;49928567000111;DELOITTE TOUCHE TOHMATSU AUDITORES INDEPENDENTES LTDA.;60701190000104;ITAU UNIBANCO S.A.;60701190000104;ITAU UNIBANCO S.A.
69419;13671;41771670000199;219029;2025-06-16;2025-06-16;2025-06-16;Classes de Cotas de Fundos FIF;BOCAINA INFRA FI EM COTAS DE FUNDOS INCENTIVADOS DE INVESTIMENTO EM INFRAESTRUTURA RENDA FIXA;Em Funcionamento Normal;2025-06-16;Renda Fixa;;S;Renda Fixa Duração Livre Crédito Livre;N;;N;N;Fechado;N;Público Geral;516450732.79;2026-09-02;61366936000125;ERNST & YOUNG AUDITORES INDEPENDENTES S/S LTDA.;30306294000145;BANCO BTG PACTUAL S/A;59281253000123;BTG PACTUAL SERVIÇOS FINANCEIROS S/A DTVM
69509;13710;41853314000114;185361;2025-05-15;2025-05-15;2025-05-15;Classes de Cotas de Fundos FIF;EPM FIF FUNDO INCENTIVADO EM INVESTIMENTO EM DEBÊNTURES DE INFRAESTRUTURA RF CRÉD PRIV RESP LIMITADA;Em Funcionamento Normal;2025-05-15;Renda Fixa;Índice de Mercado Andima todas NTN-B;N;Renda Fixa Duração Livre Crédito Livre;;;N;N;Aberto;S;Profissional;130381099.27;2026-09-02;61366936000125;ERNST & YOUNG AUDITORES INDEPENDENTES S/S LTDA.;60701190000104;ITAU UNIBANCO S.A.;60701190000104;ITAU UNIBANCO S.A.
69896;13930;42066675000183;264709;2025-01-20;2025-01-20;2025-01-20;Classes de Cotas de Fundos FIF;IMP ALTO S FIF INV EM INFRAESTRUTURA CLASSE DE INV EM COTAS EM RENDA FIXA EM INFRAESTRUTURA;Em Funcionamento Normal;2025-01-20;Renda Fixa;DI de um dia;S;Renda Fixa Duração Livre Crédito Livre;;;N;N;Fechado;S;Profissional;11684789.78;2026-08-26;49928567000111;DELOITTE TOUCHE TOHMATSU AUDITORES INDEPENDENTES LTDA.;58160789000128;BANCO SAFRA S/A;58160789000128;BANCO SAFRA S/A
69897;13931;42066694000100;105082;2024-12-27;2021-06-02;2024-12-27;Classes de Cotas de Fundos FIF;MARAVILHA FIF INVESTIMENTO EM INFRAESTRUTURA CLASSE DE INVEST EM INFRA RENDA FIXA RESP LIMITADA;Em Funcionamento Normal;2024-12-27;Renda Fixa;DI de um dia;N;Renda Fixa Duração Livre Crédito Livre;;;N;N;Aberto;S;Profissional;91784230.31;2026-09-02;49928567000111;DELOITTE TOUCHE TOHMATSU AUDITORES INDEPENDENTES LTDA.;58160789000128;BANCO SAFRA S/A;58160789000128;BANCO SAFRA S/A
69900;13934;42066755000139;96954;2024-04-22;2021-06-04;2024-04-22;Classes de Cotas de Fundos FIF;RUBI 3 FIF INVESTIMENTO EM INFRAESTRUTURA CI EM INFRAESTRUTURA RENDA FIXA RESPONSABILIDADE LIMITADA;Em Funcionamento Normal;2024-04-29;Renda Fixa;DI de um dia;N;Renda Fixa Duração Livre Crédito Livre;;;N;N;;;;63481273.09;2026-09-02;49928567000111;DELOITTE TOUCHE TOHMATSU AUDITORES INDEPENDENTES LTDA.;58160789000128;BANCO SAFRA S/A;58160789000128;BANCO SAFRA S/A
70114;14040;42217140000166;24678;2024-03-14;2021-07-19;2024-03-14;Classes de Cotas de Fundos FIF;ELYSIO FIF INVEST EM INFRA CLASSE DE INVESTIMENTO RENDA FIXA EM INFRAESTRUTURA RESP LIMITADA;Em Funcionamento Normal;2024-03-27;Renda Fixa;DI de um dia;N;Renda Fixa Duração Livre Crédito Livre;;N;N;N;;;;31104358.17;2026-09-02;49928567000111;DELOITTE TOUCHE TOHMATSU AUDITORES INDEPENDENTES LTDA.;58160789000128;BANCO SAFRA S/A;58160789000128;BANCO SAFRA S/A
70139;14054;42221412000100;265152;2025-02-28;2025-02-28;2025-02-28;Classes de Cotas de Fundos FIF;SAFRA CAPITAL MARKET INFRA MASTER II FIF INV EM INFRAESTRUTURA CI EM INFRA RF RESP LIMITADA;Em Funcionamento Normal;2025-02-28;Renda Fixa;DI de um dia;N;Renda Fixa Duração Livre Grau de Invest.;;N;N;N;Aberto;N;Público Geral;2416040175.71;2026-09-02;49928567000111;DELOITTE TOUCHE TOHMATSU AUDITORES INDEPENDENTES LTDA.;58160789000128;BANCO SAFRA S/A;58160789000128;BANCO SAFRA S/A
70140;14055;42221434000161;265160;2025-02-26;2025-02-26;2025-02-26;Classes de Cotas de Fundos FIF;SAFRA CAPITAL MARKET INFRA PREMIUM II FIF INV EM INFRAESTRUTURA CIC DE INV EM INFRA RF RESP LIMITADA;Em Funcionamento Normal;2025-02-26;Renda Fixa;DI de um dia;S;Renda Fixa Duração Livre Crédito Livre;;N;N;N;Aberto;N;Público Geral;1332258961.96;2026-09-02;49928567000111;DELOITTE TOUCHE TOHMATSU AUDITORES INDEPENDENTES LTDA.;58160789000128;BANCO SAFRA S/A;58160789000128;BANCO SAFRA S/A
70256;14105;42298665000173;265187;2025-02-26;2025-02-26;2025-02-26;Classes de Cotas de Fundos FIF;SAFRA CAPITAL MARKET INFRA VIP II FIF INV EM INFRAESTRUTURA CIC DE INV EM INFRA RF RESP LIMITADA;Em Funcionamento Normal;2025-02-26;Renda Fixa;DI de um dia;S;Renda Fixa Duração Alta Grau de Invest.;;N;N;N;Aberto;N;Público Geral;3278598623.30;2026-09-02;49928567000111;DELOITTE TOUCHE TOHMATSU AUDITORES INDEPENDENTES LTDA.;58160789000128;BANCO SAFRA S/A;58160789000128;BANCO SAFRA S/A
70265;14111;42298805000103;96997;2024-12-06;2021-08-10;2024-12-06;Classes de Cotas de Fundos FIF;CAPIM FIF INVESTIMENTO EM INFRA CLASSE DE INVESTIMENTO EM INFRAESTRUTURA RENDA FIXA RESP LIMITADA;Em Funcionamento Normal;2024-12-06;Renda Fixa;DI de um dia;N;Renda Fixa Duração Livre Crédito Livre;;N;N;N;Aberto;S;Profissional;70806008.02;2026-09-02;49928567000111;DELOITTE TOUCHE TOHMATSU AUDITORES INDEPENDENTES LTDA.;58160789000128;BANCO SAFRA S/A;58160789000128;BANCO SAFRA S/A
70272;14115;42298902000104;97063;2024-05-29;2021-10-01;2024-05-29;Classes de Cotas de Fundos FIF;CDLA GESTÃO FINANCEIRA FIF INV EM INFRA CLASSE DE INV EM RENDA FIXA EM INFRAESTRUTURA RESP LIMITADA;Em Funcionamento Normal;2024-06-07;Renda Fixa;DI de um dia;N;Renda Fixa Duração Livre Crédito Livre;;N;N;N;;;;44863288.85;2026-09-02;49928567000111;DELOITTE TOUCHE TOHMATSU AUDITORES INDEPENDENTES LTDA.;58160789000128;BANCO SAFRA S/A;58160789000128;BANCO SAFRA S/A
70290;14123;42321413000118;265535;2025-05-30;2025-05-30;2025-05-30;Classes de Cotas de Fundos FIF;TILOS FIF INV EM INFRAESTRUTURA CIC DE INVESTIMENTO EM INFRAESTRUTURA RENDA FIXA;Em Funcionamento Normal;2025-05-30;Renda Fixa;DI de um dia;S;Renda Fixa Duração Livre Crédito Livre;;N;N;N;Fechado;S;Profissional;17608613.35;2026-09-02;49928567000111;DELOITTE TOUCHE TOHMATSU AUDITORES INDEPENDENTES LTDA.;58160789000128;BANCO SAFRA S/A;58160789000128;BANCO SAFRA S/A
70296;14126;42321494000156;174475;2025-04-07;2025-04-07;2025-04-07;Classes de Cotas de Fundos FIF;GENEVE RENDA FIXA CLASSE INCENTIVADA DE  INVESTIMENTO EM INFRAESTRUTURA - RESP LIMITADA;Em Funcionamento Normal;2025-04-07;Renda Fixa;Índice de Mercado Andima todas NTN-B;N;Renda Fixa Duração Livre Crédito Livre;;N;N;N;Aberto;S;Profissional;56090231.29;2026-09-02;61562112000120;PRICEWATERHOUSECOOPERS AUDITORES INDEPENDENTES LTDA.;62318407000119;S3 CACEIS BRASIL DISTRIBUIDORA DE TITULOS E VALORES MOBILIARIOS S.A;62318407000119;S3 CACEIS BRASIL DISTRIBUIDORA DE TITULOS E VALORES MOBILIARIOS S.A
70298;14127;42321520000146;97039;2024-05-29;2021-09-14;2024-05-29;Classes de Cotas de Fundos FIF;AGRA FIF INVESTIMENTO EM INFRAESTRUTURA CLASSE DE INVESTIMENTO RENDA FIXA EM INFRA RESP LIMITADA;Em Funcionamento Normal;2024-07-11;Renda Fixa;DI de um dia;N;Renda Fixa Duração Livre Crédito Livre;;N;N;N;;;;60180145.71;2026-09-02;49928567000111;DELOITTE TOUCHE TOHMATSU AUDITORES INDEPENDENTES LTDA.;58160789000128;BANCO SAFRA S/A;58160789000128;BANCO SAFRA S/A
70450;14187;42420560000145;97136;2024-06-05;2021-11-01;2024-06-05;Classes de Cotas de Fundos FIF;MANGALARGA 2 FIF INVESTIMENTO EM INFRA CI EM INFRAESTRUTURA RENDA FIXA RESPONSABILIDADE LIMITADA;Em Funcionamento Normal;2024-07-15;Renda Fixa;DI de um dia;N;Renda Fixa Duração Livre Crédito Livre;;N;N;N;;;;71728161.54;2026-09-02;49928567000111;DELOITTE TOUCHE TOHMATSU AUDITORES INDEPENDENTES LTDA.;58160789000128;BANCO SAFRA S/A;58160789000128;BANCO SAFRA S/A
70452;14188;42420671000151;97071;2024-06-28;2021-10-06;2024-06-28;Classes de Cotas de Fundos FIF;MCF FIF INVESTIMENTO EM INFRAESTRUTURA CI EM INFRAESTRUTURA RENDA FIXA RESPONSABILIDADE LIMITADA;Em Funcionamento Normal;2024-07-10;Renda Fixa;DI de um dia;N;Renda Fixa Duração Livre Crédito Livre;;N;N;N;;;;35503937.57;2026-09-02;49928567000111;DELOITTE TOUCHE TOHMATSU AUDITORES INDEPENDENTES LTDA.;58160789000128;BANCO SAFRA S/A;58160789000128;BANCO SAFRA S/A
70453;14189;42420740000127;97080;2024-06-05;2021-10-14;2024-06-05;Classes de Cotas de Fundos FIF;M&M 2 FIF INVESTIMENTO EM INFRA CI EM RENDA FIXA EM INFRAESTRUTURA RESPONSABILIDADE LIMITADA;Em Funcionamento Normal;2024-06-21;Renda Fixa;DI de um dia;N;Renda Fixa Duração Livre Crédito Livre;;N;N;N;;;;86603970.41;2026-09-02;49928567000111;DELOITTE TOUCHE TOHMATSU AUDITORES INDEPENDENTES LTDA.;58160789000128;BANCO SAFRA S/A;58160789000128;BANCO SAFRA S/A
70505;14219;42446979000176;97098;2024-07-01;2021-10-15;2024-07-01;Classes de Cotas de Fundos FIF;FOUR LADIES 2 FIF INVEST EM INFRA CIC EM RENDA FIXA EM INFRAESTRUTURA RESP LIMITADA;Em Funcionamento Normal;2024-07-16;Renda Fixa;DI de um dia;S;Renda Fixa Duração Livre Crédito Livre;;N;N;N;;;;29144611.74;2026-08-31;49928567000111;DELOITTE TOUCHE TOHMATSU AUDITORES INDEPENDENTES LTDA.;58160789000128;BANCO SAFRA S/A;58160789000128;BANCO SAFRA S/A
70507;14220;42447119000157;97110;2024-07-02;2021-10-22;2024-07-02;Classes de Cotas de Fundos FIF;PASIANO FIF INVESTIMENTO EM INFRA CIC DE INVESTIMENTO EM INFRAESTRUTURA RENDA FIXA RESP LIMITADA;Em Funcionamento Normal;2024-07-04;Renda Fixa;DI de um dia;S;Renda Fixa Duração Livre Crédito Livre;;N;N;N;;;;15773652.31;2026-09-02;49928567000111;DELOITTE TOUCHE TOHMATSU AUDITORES INDEPENDENTES LTDA.;58160789000128;BANCO SAFRA S/A;58160789000128;BANCO SAFRA S/A
70508;14221;42447172000158;97128;2024-04-22;2021-10-22;2024-04-22;Classes de Cotas de Fundos FIF;LINCE 4 FIF INVESTIMENTO EM INFRAESTRUTURA CI RENDA FIXA EM INFRAESTRUTURA RESPONSABILIDADE LIMITADA;Em Funcionamento Normal;2024-04-23;Renda Fixa;DI de um dia;N;Renda Fixa Duração Livre Crédito Livre;;N;N;N;;;;60831124.40;2026-09-02;49928567000111;DELOITTE TOUCHE TOHMATSU AUDITORES INDEPENDENTES LTDA.;58160789000128;BANCO SAFRA S/A;58160789000128;BANCO SAFRA S/A
70792;14351;42592438000156;198455;2025-05-30;2025-05-30;2025-05-30;Classes de Cotas de Fundos FIF;BB GR INFRA RENDA FIXA FUNDO INCENTIVADO DE INVESTIMENTO FINANCEIRO EM INFRAESTRUTURA RESP LIMITADA;Em Funcionamento Normal;2025-05-30;Renda Fixa;DI de um dia;N;Renda Fixa Duração Livre Crédito Livre;;N;N;N;Aberto;N;Profissional;32077805.62;2026-09-02;49928567000111;DELOITTE TOUCHE TOHMATSU AUDITORES INDEPENDENTES LTDA.;00000000000191;BANCO DO BRASIL S.A.;00000000000191;BANCO DO BRASIL S.A.
70815;14359;42598117000169;219185;2025-05-21;2025-05-21;2025-05-21;Classes de Cotas de Fundos FIF;SÃO PEDRO FUNDO INCENTIVADO DE INVESTIMENTO EM INFRAESTRUTURA RENDA FIXA CRÉDITO PRIVADO;Em Funcionamento Normal;2025-05-21;Multimercado;Taxa de juro prefixada;N;Multimercados Estrat. Específica;;N;N;N;Aberto;S;Profissional;14947781.05;2026-09-02;15454120000136;MGI ASSURANCE AUDITORES INDEPENDENTES SS;62285390000140;QI CORRETORA DE TÍTULOS E VALORES MOBILIÁRIOS S.A.;62285390000140;QI CORRETORA DE TÍTULOS E VALORES MOBILIÁRIOS S.A.
70822;14361;42619279000136;219258;2025-06-17;2025-06-17;2025-06-17;Classes de Cotas de Fundos FIF;BB BRASÍLIA RENDA FIXA FUNDO INCENTIVADO DE INVESTIMENTO FINANCEIRO EM INFRAESTRUTURA RESP LIMITADA;Em Funcionamento Normal;2025-06-17;Renda Fixa;DI de um dia;N;Renda Fixa Duração Livre Crédito Livre;;N;N;N;Aberto;N;Profissional;125235130.35;2026-09-02;49928567000111;DELOITTE TOUCHE TOHMATSU AUDITORES INDEPENDENTES LTDA.;00000000000191;BANCO DO BRASIL S.A.;00000000000191;BANCO DO BRASIL S.A.
70961;14442;42730834000100;15687;2024-01-30;2021-09-08;2024-01-30;Classes de Cotas de Fundos FIF;SPARTA INFRA FI EM COTAS DE FUNDOS INCENTIVADOS DE INVESTIMENTO EM INFRAESTRUTURA RENDA FIXA;Em Funcionamento Normal;2024-01-30;Renda Fixa;Índice de Mercado Andima todas NTN-B;S;Renda Fixa Duração Livre Crédito Livre;;N;N;N;Fechado;N;Público Geral;2072426041.34;2026-09-02;61366936000125;ERNST & YOUNG AUDITORES INDEPENDENTES S/S LTDA.;30306294000145;BANCO BTG PACTUAL S/A;59281253000123;BTG PACTUAL SERVIÇOS FINANCEIROS S/A DTVM
71065;14498;42774301000112;157066;2025-01-15;2025-01-15;2025-01-15;Classes de Cotas de Fundos FIF;CALATHEA RENDA FIXA CLASSE INCENTIVADA  DE INVESTIMENTO EM INFRAESTRUTURA - RESP LIMITADA;Em Funcionamento Normal;2025-01-15;Renda Fixa;DI de um dia;N;Renda Fixa Duração Livre Crédito Livre;;N;N;N;Aberto;N;Profissional;57179187.42;2026-09-02;61562112000120;PRICEWATERHOUSECOOPERS AUDITORES INDEPENDENTES LTDA.;62318407000119;S3 CACEIS BRASIL DISTRIBUIDORA DE TITULOS E VALORES MOBILIARIOS S.A;62318407000119;S3 CACEIS BRASIL DISTRIBUIDORA DE TITULOS E VALORES MOBILIARIOS S.A
71684;14791;43140450000192;15695;2024-01-30;2021-12-07;2024-01-30;Classes de Cotas de Fundos FIF;SPARTA INFRA MASTER I FUNDO INCENTIVADO DE INVESTIMENTO EM INFRAESTRUTURA RENDA FIXA;Em Funcionamento Normal;2024-01-30;Renda Fixa;Não se aplica;N;Renda Fixa Duração Livre Crédito Livre;;N;N;N;Fechado;N;Público Geral;466676946.59;2026-09-02;61366936000125;ERNST & YOUNG AUDITORES INDEPENDENTES S/S LTDA.;30306294000145;BANCO BTG PACTUAL S/A;59281253000123;BTG PACTUAL SERVIÇOS FINANCEIROS S/A DTVM
71689;14794;43140638000130;185604;2025-05-19;2025-05-19;2025-05-19;Classes de Cotas de Fundos FIF;BOCAINA INFRA MASTER I - FUNDO INCENTIVADO DE INVESTIMENTO EM INFRAESTRUTURA RENDA FIXA;Em Funcionamento Normal;2025-05-19;Renda Fixa;Não se aplica;N;Renda Fixa Duração Livre Crédito Livre;;N;N;N;Aberto;N;Público Geral;261913359.07;2026-09-02;61366936000125;ERNST & YOUNG AUDITORES INDEPENDENTES S/S LTDA.;30306294000145;BANCO BTG PACTUAL S/A;59281253000123;BTG PACTUAL SERVIÇOS FINANCEIROS S/A DTVM
72098;15002;43758715000110;105155;2024-12-27;2022-01-03;2024-12-27;Classes de Cotas de Fundos FIF;ITAOCAIA FIF INVESTIMENTO EM INFRAESTRUTURA CLASSE DE INVESTIMENTO EM INFRA RENDA FIXA RESP LIMITADA;Em Funcionamento Normal;2024-12-27;Renda Fixa;DI de um dia;N;Renda Fixa Duração Livre Crédito Livre;;N;N;N;Aberto;S;Profissional;41229165.09;2026-09-02;49928567000111;DELOITTE TOUCHE TOHMATSU AUDITORES INDEPENDENTES LTDA.;58160789000128;BANCO SAFRA S/A;58160789000128;BANCO SAFRA S/A
72101;15003;43758996000101;281719;2024-10-01;2024-10-01;2024-10-01;Classes de Cotas de Fundos FIF;REUAS FIF INVESTIMENTO EM INFRA CIC DE INVESTIMENTO EM INFRAESTRUTURA RENDA FIXA RESP LIMITADA;Em Funcionamento Normal;2025-09-11;Renda Fixa;DI de um dia;S;Renda Fixa Duração Livre Crédito Livre;;N;N;N;Aberto;S;Profissional;23094492.16;2026-09-02;49928567000111;DELOITTE TOUCHE TOHMATSU AUDITORES INDEPENDENTES LTDA.;58160789000128;BANCO SAFRA S/A;58160789000128;BANCO SAFRA S/A
72430;15183;44212650000176;172120;2025-05-05;2025-05-05;2025-05-05;Classes de Cotas de Fundos FIF;G&J FIF - CLASSE DE INVESTIMENTO RF INCENTIVADO DE INVESTIMENTO EM  INFRAESTRUTURA - RESP LIMITADA;Em Funcionamento Normal;2025-05-05;Renda Fixa;OUTROS;N;Renda Fixa Duração Livre Crédito Livre;;N;N;N;Aberto;S;Profissional;78179066.23;2026-09-02;57755217000129;KPMG AUDITORES INDEPENDENTES LTDA.;60746948000112;BANCO BRADESCO S.A.;60746948000112;BANCO BRADESCO S.A.
72441;15191;44229915000149;1392;2023-10-23;2021-09-21;2023-10-23;Classes de Cotas de Fundos FIF;UBS EVOLUTION MAJESTY FUNDO DE INVESTIMENTO EM INFRAESTRUTURA RENDA FIXA CRÉD PRIV RESP LIMITADA;Em Funcionamento Normal;2023-11-24;Renda Fixa;DI de um dia;N;Renda Fixa Duração Livre Crédito Livre;;N;N;N;Fechado;S;Profissional;25922521.20;2026-09-01;57755217000129;KPMG AUDITORES INDEPENDENTES LTDA.;60701190000104;ITAU UNIBANCO S.A.;60701190000104;ITAU UNIBANCO S.A.
72466;15200;44271539000150;97209;2024-06-10;2022-02-08;2024-06-10;Classes de Cotas de Fundos FIF;ÊXITO FIF INVEST EM INFRA CLASSE DE INVESTIMENTO RENDA FIXA EM INFRAESTRUTURA RESP LIMITADA;Em Funcionamento Normal;2024-07-03;Renda Fixa;DI de um dia;N;Renda Fixa Duração Livre Crédito Livre;;N;N;N;;;;19876002.75;2026-09-02;49928567000111;DELOITTE TOUCHE TOHMATSU AUDITORES INDEPENDENTES LTDA.;58160789000128;BANCO SAFRA S/A;58160789000128;BANCO SAFRA S/A
72468;15201;44271594000140;267937;2025-05-27;2025-05-27;2025-05-27;Classes de Cotas de Fundos FIF;MAMIRA FIF INV EM INFRAESTRUTURA CLASSE DE INVESTIMENTO EM INFRA RENDA FIXA RESP LIMITADA;Em Funcionamento Normal;2025-06-03;Renda Fixa;DI de um dia;N;Renda Fixa Duração Livre Crédito Livre;;N;N;N;Aberto;S;Profissional;27469376.59;2026-09-02;49928567000111;DELOITTE TOUCHE TOHMATSU AUDITORES INDEPENDENTES LTDA.;58160789000128;BANCO SAFRA S/A;58160789000128;BANCO SAFRA S/A
72593;15269;44360319000101;169080;2025-04-30;2025-04-30;2025-04-30;Classes de Cotas de Fundos FIF;HIMALAIA FUNDO INCENTIVADO DE INVESTIMENTO FINANCEIRO EM INFRAESTRUTURA RENDA FIXA;Em Funcionamento Normal;2025-04-30;Renda Fixa;Não se aplica;N;Renda Fixa Duração Livre Crédito Livre;;N;N;N;Aberto;N;Profissional;26794831.38;2026-09-02;61366936000125;ERNST & YOUNG AUDITORES INDEPENDENTES S/S LTDA.;30306294000145;BANCO BTG PACTUAL S/A;59281253000123;BTG PACTUAL SERVIÇOS FINANCEIROS S/A DTVM
72606;15277;44361134000103;143405;2025-01-27;2021-10-22;2025-01-27;Classes de Cotas de Fundos FIF;UBS EVOLUTION MASTER PORTFOLIO CRÉD PRIV CDI FI INCENTIVADO EM INFRAESTRUTURA RF RESP LIMITADA;Em Funcionamento Normal;2025-01-27;Renda Fixa;DI de um dia;N;Renda Fixa Duração Livre Crédito Livre;;N;N;N;Aberto;N;Qualificado;625127440.64;2026-09-01;57755217000129;KPMG AUDITORES INDEPENDENTES LTDA.;60701190000104;ITAU UNIBANCO S.A.;60701190000104;ITAU UNIBANCO S.A.
72629;15289;44371922000180;143421;2025-01-27;2021-12-21;2025-01-27;Classes de Cotas de Fundos FIF;UBS EVOLUTION INFRAESTRUTURA CDI CRED PRIV FC DE FUNDO DE INVESTIMENTO INFRA RF RESP LIMITADA;Em Funcionamento Normal;2025-01-27;Renda Fixa;DI de um dia;S;Renda Fixa Duração Livre Crédito Livre;;N;N;N;Aberto;N;Qualificado;647988205.70;2026-09-01;57755217000129;KPMG AUDITORES INDEPENDENTES LTDA.;60701190000104;ITAU UNIBANCO S.A.;60701190000104;ITAU UNIBANCO S.A.
72667;15313;44417248000128;169129;2025-04-29;2025-04-29;2025-04-29;Classes de Cotas de Fundos FIF;WHISKY INFRA FUNDO INCENTIVADO DE INVESTIMENTO FINANCEIRO EM INFRAESTRUTURA RENDA FIXA;Em Funcionamento Normal;2025-04-29;Renda Fixa;Não se aplica;N;Renda Fixa Duração Livre Crédito Livre;;N;N;N;Aberto;N;Profissional;42893299.76;2026-09-02;61366936000125;ERNST & YOUNG AUDITORES INDEPENDENTES S/S LTDA.;30306294000145;BANCO BTG PACTUAL S/A;59281253000123;BTG PACTUAL SERVIÇOS FINANCEIROS S/A DTVM
72897;15409;44615320000121;267945;2025-02-07;2025-02-07;2025-02-07;Classes de Cotas de Fundos FIF;SPARROW FUNDO DE INV FINANCEIRO INV EM INFRAESTRUTURA CIC DE INV EM INFRA RENDA FIXA;Em Funcionamento Normal;2025-02-07;Renda Fixa;DI de um dia;S;Renda Fixa Duração Livre Crédito Livre;;N;N;N;Fechado;S;Profissional;21009268.20;2026-09-02;49928567000111;DELOITTE TOUCHE TOHMATSU AUDITORES INDEPENDENTES LTDA.;58160789000128;BANCO SAFRA S/A;58160789000128;BANCO SAFRA S/A
73128;15530;44870389000100;23540;2024-03-11;2022-04-05;2024-03-11;Classes de Cotas de Fundos FIF;FOTOVOLTAICO 2 FIF INVESTIMENTO EM INFRAESTRUTURA CIC RENDA FIXA INFRA RESPONSABILIDADE LIMITADA;Em Funcionamento Normal;2024-05-24;Renda Fixa;DI de um dia;S;Renda Fixa Duração Livre Crédito Livre;;N;N;N;Aberto;S;Profissional;32020942.50;2026-08-31;49928567000111;DELOITTE TOUCHE TOHMATSU AUDITORES INDEPENDENTES LTDA.;58160789000128;BANCO SAFRA S/A;58160789000128;BANCO SAFRA S/A
73273;15596;44982118000138;216356;2024-10-01;2024-10-01;2024-10-01;Classes de Cotas de Fundos FIF;RBR INFRA CRÉDITO FIC DE FUNDOS INCENTIVADOS DE INVESTIMENTO DE INFRAESTRUTURA RENDA FIXA RESP LIMIT;Em Funcionamento Normal;2024-10-01;Renda Fixa;Não se aplica;S;Renda Fixa Duração Livre Crédito Livre;;N;N;N;Fechado;N;Público Geral;157943575.20;2026-09-02;57755217000129;KPMG AUDITORES INDEPENDENTES LTDA.;13486793000142;APEX GROUP DISTRIBUIDORA DE TÍTULOS E VALORES MOBILIÁRIOS S.A.;13486793000142;APEX GROUP DISTRIBUIDORA DE TÍTULOS E VALORES MOBILIÁRIOS S.A.
73354;15631;45081662000171;219436;2025-06-10;2025-06-10;2025-06-10;Classes de Cotas de Fundos FIF;BB ITAJU RENDA FIXA FUNDO INCENTIVADO DE INVESTIMENTO FINANCEIRO EM INFRAESTRUTURA  RESP LIMITADA;Em Funcionamento Normal;2025-06-10;Renda Fixa;DI de um dia;N;Renda Fixa Duração Livre Crédito Livre;;N;N;N;Aberto;N;Profissional;29563966.87;2026-09-02;49928567000111;DELOITTE TOUCHE TOHMATSU AUDITORES INDEPENDENTES LTDA.;00000000000191;BANCO DO BRASIL S.A.;00000000000191;BANCO DO BRASIL S.A.
73361;15635;45081835000151;219509;2025-06-16;2025-06-16;2025-06-16;Classes de Cotas de Fundos FIF;BB USBACK RF FUNDO INCENTIVADO DE INVESTIMENTO FINANCEIRO EM INFRAESTRUTURA RESP LIMITADA;Em Funcionamento Normal;2025-06-16;Renda Fixa;DI de um dia;N;Renda Fixa Duração Livre Crédito Livre;;N;N;N;Aberto;N;Profissional;80729206.75;2026-09-02;49928567000111;DELOITTE TOUCHE TOHMATSU AUDITORES INDEPENDENTES LTDA.;00000000000191;BANCO DO BRASIL S.A.;00000000000191;BANCO DO BRASIL S.A.
73371;15640;45088665000137;70963;2024-08-28;2022-03-29;2024-08-28;Classes de Cotas de Fundos FIF;ALETHEIA FUNDO DE INVESTIMENTO EM INFRAESTRUTURA RENDA FIXA CRÉDITO PRIVADO;Em Funcionamento Normal;2024-08-28;Renda Fixa;Não se aplica;N;Renda Fixa Duração Livre Crédito Livre;;N;N;N;Aberto;S;Profissional;34612544.09;2026-09-02;61366936000125;ERNST & YOUNG AUDITORES INDEPENDENTES S/S LTDA.;62318407000119;S3 CACEIS BRASIL DISTRIBUIDORA DE TITULOS E VALORES MOBILIARIOS S.A;62318407000119;S3 CACEIS BRASIL DISTRIBUIDORA DE TITULOS E VALORES MOBILIARIOS S.A
73569;15750;45354855000159;68640;2024-07-24;2022-03-08;2024-07-24;Classes de Cotas de Fundos FIF;PSL 1 FUNDO INCENTIVADO DE INVESTIMENTO EM INFRAESTRUTURA RENDA FIXA;Em Funcionamento Normal;2024-07-24;Renda Fixa;Não se aplica;N;Renda Fixa Duração Livre Crédito Livre;;N;N;N;Aberto;N;Profissional;47776523.06;2026-09-02;61366936000125;ERNST & YOUNG AUDITORES INDEPENDENTES S/S LTDA.;30306294000145;BANCO BTG PACTUAL S/A;59281253000123;BTG PACTUAL SERVIÇOS FINANCEIROS S/A DTVM
73773;15874;45654328000160;67725;2024-07-08;2022-05-03;2024-07-08;Classes de Cotas de Fundos FIF;VINCI CRÉDITO FI EM COTAS DE FUNDOS INCENTIVADOS DE INVESTIMENTO EM INFRAESTRUTURA RENDA FIXA;Em Funcionamento Normal;2024-07-08;Renda Fixa;Não se aplica;S;Renda Fixa Duração Livre Crédito Livre;;N;N;N;Fechado;N;Qualificado;495160034.06;2026-09-02;61366936000125;ERNST & YOUNG AUDITORES INDEPENDENTES S/S LTDA.;30306294000145;BANCO BTG PACTUAL S/A;59281253000123;BTG PACTUAL SERVIÇOS FINANCEIROS S/A DTVM
73899;15936;45912093000169;68829;2024-07-26;2022-05-05;2024-07-26;Classes de Cotas de Fundos FIF;VINCI CRÉDITO INFRA MASTER FUNDO INCENTIVADO DE INVESTIMENTO EM INFRAESTRUTURA RENDA FIXA;Em Funcionamento Normal;2024-07-26;Renda Fixa;Não se aplica;N;Renda Fixa Duração Livre Crédito Livre;;N;N;N;Aberto;N;Qualificado;154078473.84;2026-09-02;61366936000125;ERNST & YOUNG AUDITORES INDEPENDENTES S/S LTDA.;30306294000145;BANCO BTG PACTUAL S/A;59281253000123;BTG PACTUAL SERVIÇOS FINANCEIROS S/A DTVM
73963;15973;46098742000100;143367;2025-03-07;2022-05-17;2025-03-07;Classes de Cotas de Fundos FIF;FL FUNDO INCENTIVADO DE INVEST FINANCEIRO EM  INFRAESTRUTURA RENDA FIXA -  RESPONSABILIDADE LTDA;Em Funcionamento Normal;2025-03-07;Renda Fixa;Não se aplica;N;Renda Fixa Duração Livre Crédito Livre;;N;N;N;Aberto;S;Profissional;71109537.30;2026-09-02;57755217000129;KPMG AUDITORES INDEPENDENTES LTDA.;42272526000170;BNY MELLON BANCO S.A.;02201501000161;BNY MELLON SERVICOS FINANCEIROS DTVM S.A.
74350;16204;46503160000154;162914;2025-04-23;2025-04-23;2025-04-23;Classes de Cotas de Fundos FIF;AVIÃO IV FUNDO INCENTIVADO DE INVESTIMENTO FINANCEIRO EM INFRAESTRUTURA RENDA FIXA;Em Funcionamento Normal;2025-04-23;Renda Fixa;Não se aplica;N;Renda Fixa Duração Livre Crédito Livre;;N;N;N;Aberto;S;Profissional;31829850.31;2026-09-02;57755217000129;KPMG AUDITORES INDEPENDENTES LTDA.;30306294000145;BANCO BTG PACTUAL S/A;59281253000123;BTG PACTUAL SERVIÇOS FINANCEIROS S/A DTVM
74418;16236;46655366000108;198463;2025-05-30;2025-05-30;2025-05-30;Classes de Cotas de Fundos FIF;BB EVANGELISTA INFRA RF FUNDO INCENTIVADO DE INVESTIMENTO FINANCEIRO EM INFRAESTRUTURA RESP LIM;Em Funcionamento Normal;2025-05-30;Renda Fixa;DI de um dia;N;Renda Fixa Duração Livre Crédito Livre;;N;N;N;Fechado;N;Profissional;29030135.95;2026-09-02;49928567000111;DELOITTE TOUCHE TOHMATSU AUDITORES INDEPENDENTES LTDA.;00000000000191;BANCO DO BRASIL S.A.;00000000000191;BANCO DO BRASIL S.A.
74680;16387;47102746000170;84654;2024-10-01;2022-08-18;2024-10-01;Classes de Cotas de Fundos FIF;BTG INFRA MASTER II FUNDO INCENTIVADO DE INVESTIMENTO EM INFRAESTRUTURA RENDA FIXA;Em Funcionamento Normal;2024-10-01;Renda Fixa;Não se aplica;N;Renda Fixa Duração Livre Crédito Livre;;N;N;N;Fechado;N;Público Geral;1064893772.23;2026-09-02;61366936000125;ERNST & YOUNG AUDITORES INDEPENDENTES S/S LTDA.;30306294000145;BANCO BTG PACTUAL S/A;59281253000123;BTG PACTUAL SERVIÇOS FINANCEIROS S/A DTVM
74884;16479;47457540000162;176001;2025-05-07;2025-05-07;2025-05-07;Classes de Cotas de Fundos FIF;FSB INFRA FUNDO INCENTIVADO DE INVESTIMENTO EM INFRAESTRUTURA RENDA FIXA;Em Funcionamento Normal;2025-05-07;Renda Fixa;Não se aplica;N;Renda Fixa Duração Livre Crédito Livre;;N;N;N;Fechado;N;Profissional;66691751.74;2026-09-02;61366936000125;ERNST & YOUNG AUDITORES INDEPENDENTES S/S LTDA.;30306294000145;BANCO BTG PACTUAL S/A;59281253000123;BTG PACTUAL SERVIÇOS FINANCEIROS S/A DTVM
74922;16498;47512582000159;213802;2025-06-12;2025-06-12;2025-06-12;Classes de Cotas de Fundos FIF;CAPITANIA MASTER IV FUNDO INCENTIVADO DE INVESTIMENTO FINANCEIRO EM INFRAESTRUTURA RENDA FIXA;Em Funcionamento Normal;2025-06-12;Renda Fixa;Não se aplica;N;Renda Fixa Duração Livre Crédito Livre;;N;N;N;Aberto;N;Público Geral;42870310.86;2026-09-02;61366936000125;ERNST & YOUNG AUDITORES INDEPENDENTES S/S LTDA.;30306294000145;BANCO BTG PACTUAL S/A;59281253000123;BTG PACTUAL SERVIÇOS FINANCEIROS S/A DTVM
74982;16539;47562268000180;68462;2024-07-22;2022-09-01;2024-07-22;Classes de Cotas de Fundos FIF;PSL 2 FUNDO INCENTIVADO DE INVESTIMENTO EM INFRAESTRUTURA RENDA FIXA;Em Funcionamento Normal;2024-07-22;Renda Fixa;Não se aplica;N;Renda Fixa Duração Livre Crédito Livre;;N;N;N;Aberto;N;Qualificado;2560739.45;2026-09-02;61366936000125;ERNST & YOUNG AUDITORES INDEPENDENTES S/S LTDA.;30306294000145;BANCO BTG PACTUAL S/A;59281253000123;BTG PACTUAL SERVIÇOS FINANCEIROS S/A DTVM
74999;16550;47586467000129;270334;2025-04-28;2025-04-28;2025-04-28;Classes de Cotas de Fundos FIF;BWS SELEÇÃO CRÉDITO  INFRAESTRUTURA CLASSE DE  INVESTIMENTO RENDA FIXA - RESPONSABILIDADE LIMITADA;Em Funcionamento Normal;2025-04-28;Renda Fixa;DI de um dia;N;Renda Fixa Duração Livre Grau de Invest.;;N;N;N;Aberto;N;Qualificado;23831994.30;2026-09-02;61366936000125;ERNST & YOUNG AUDITORES INDEPENDENTES S/S LTDA.;01522368000182;BANCO BNP PARIBAS BRASIL S/A;01522368000182;BANCO BNP PARIBAS BRASIL S/A
75012;16557;47610743000147;213713;2025-05-16;2025-05-16;2025-05-16;Classes de Cotas de Fundos FIF;BUDAPESTE CLASSE DE INVESTIMENTO RENDA  FIXA INCENTIVADO EM INFRAESTRUTURA - RESP LIMITADA;Em Funcionamento Normal;2025-05-16;Renda Fixa;DI de um dia;N;Renda Fixa Duração Livre Crédito Livre;;N;N;N;Aberto;S;Profissional;26807207.02;2026-09-02;61562112000120;PRICEWATERHOUSECOOPERS AUDITORES INDEPENDENTES LTDA.;62318407000119;S3 CACEIS BRASIL DISTRIBUIDORA DE TITULOS E VALORES MOBILIARIOS S.A;62318407000119;S3 CACEIS BRASIL DISTRIBUIDORA DE TITULOS E VALORES MOBILIARIOS S.A
75031;16572;47612737000129;103608;2024-10-18;2022-10-24;2024-10-18;Classes de Cotas de Fundos FIF;ABSOLUTE HIDRA CDI FI EM COTAS DE FUNDOS INCENTIVADOS DE INVESTIMENTO EM INFRAESTRUTURA RENDA FIXA;Em Funcionamento Normal;2024-10-18;Renda Fixa;Não se aplica;S;Renda Fixa Duração Baixa Grau de Invest.;;N;N;N;Aberto;N;Público Geral;2436861230.83;2026-09-02;57755217000129;KPMG AUDITORES INDEPENDENTES LTDA.;30306294000145;BANCO BTG PACTUAL S/A;59281253000123;BTG PACTUAL SERVIÇOS FINANCEIROS S/A DTVM
75037;16578;47628885000131;103616;2024-10-18;2022-10-24;2024-10-18;Classes de Cotas de Fundos FIF;ABSOLUTE HIDRA CDI MASTER FUNDO INCENTIVADO DE INVESTIMENTO FINANCEIRO EM INFRAESTRUTURA RENDA FIXA;Em Funcionamento Normal;2024-10-18;Renda Fixa;Não se aplica;N;Renda Fixa Duração Livre Crédito Livre;;N;N;N;Aberto;N;Público Geral;1115974822.43;2026-09-02;57755217000129;KPMG AUDITORES INDEPENDENTES LTDA.;30306294000145;BANCO BTG PACTUAL S/A;59281253000123;BTG PACTUAL SERVIÇOS FINANCEIROS S/A DTVM
75121;16620;47716553000109;84670;2024-10-11;2022-10-05;2024-10-11;Classes de Cotas de Fundos FIF;JOURNEY CAPITAL 40 FUNDO DE INVESTIMENTO EM INFRAESTRUTURA RENDA FIXA;Em Funcionamento Normal;2024-10-24;Renda Fixa;DI de um dia;N;Renda Fixa Duração Livre Crédito Livre;;N;N;N;Aberto;N;Qualificado;5282664.94;2026-09-02;61366936000125;ERNST & YOUNG AUDITORES INDEPENDENTES S/S LTDA.;30306294000145;BANCO BTG PACTUAL S/A;59281253000123;BTG PACTUAL SERVIÇOS FINANCEIROS S/A DTVM
75162;16638;47757237000185;69205;2024-08-01;2022-12-09;2024-08-01;Classes de Cotas de Fundos FIF;FVI DEBÊNTURES INCENTIVADAS FIF EM COTAS DE FUNDOS INCENTIVADOS DE INVESTIMENTO EM INFRAESTRUTURA RF;Em Funcionamento Normal;2024-08-01;Renda Fixa;Não se aplica;S;Renda Fixa Duração Livre Crédito Livre;;N;N;N;Aberto;N;Qualificado;182932203.46;2026-09-02;61562112000120;PRICEWATERHOUSECOOPERS AUDITORES INDEPENDENTES LTDA.;30306294000145;BANCO BTG PACTUAL S/A;59281253000123;BTG PACTUAL SERVIÇOS FINANCEIROS S/A DTVM
75183;16648;47776713000105;84662;2024-10-01;2022-09-19;2024-10-01;Classes de Cotas de Fundos FIF;TAPEMA DEBENTURES INCENTIVADAS FUNDO INCENTIVADO DE INVESTIMENTO EM INFRAESTRUTURA RENDA FIXA;Em Funcionamento Normal;2024-10-01;Renda Fixa;Não se aplica;N;Renda Fixa Duração Livre Crédito Livre;;N;N;N;Aberto;N;Qualificado;14351070.78;2026-09-02;61366936000125;ERNST & YOUNG AUDITORES INDEPENDENTES S/S LTDA.;30306294000145;BANCO BTG PACTUAL S/A;59281253000123;BTG PACTUAL SERVIÇOS FINANCEIROS S/A DTVM
75459;16761;48393053000146;230030;2025-06-18;2025-06-18;2025-06-18;Classes de Cotas de Fundos FIF;BB MEGLETH RENDA FIXA FUNDO INCENTIVADO DE INVESTIMENTO FINANCEIRO EM INFRAESTRUTURA RESP LIMITADA;Em Funcionamento Normal;2025-06-18;Renda Fixa;DI de um dia;N;Renda Fixa Duração Livre Crédito Livre;;N;N;N;Aberto;N;Profissional;54521214.00;2026-09-02;49928567000111;DELOITTE TOUCHE TOHMATSU AUDITORES INDEPENDENTES LTDA.;00000000000191;BANCO DO BRASIL S.A.;00000000000191;BANCO DO BRASIL S.A.
75481;16770;48553311000104;97470;2024-06-10;2022-12-01;2024-06-10;Classes de Cotas de Fundos FIF;ZOOX FIF INV EM INFRAESTRUTURA CLASSE DE INVESTIMENTO EM INFRAESTRUTURA RENDA FIXA RESP LIMITADA;Em Funcionamento Normal;2024-07-23;Renda Fixa;DI de um dia;N;Renda Fixa Duração Livre Crédito Livre;;N;N;N;;;;17731258.98;2026-09-02;49928567000111;DELOITTE TOUCHE TOHMATSU AUDITORES INDEPENDENTES LTDA.;58160789000128;BANCO SAFRA S/A;58160789000128;BANCO SAFRA S/A
75483;16771;48554073000151;97489;2024-06-12;2022-12-01;2024-06-12;Classes de Cotas de Fundos FIF;DOURO 2 FIF INVEST EM INFRA CLASSE DE INVESTIMENTO RENDA FIXA EM INFRAESTRUTURA RESP LIMITADA;Em Funcionamento Normal;2024-07-10;Renda Fixa;DI de um dia;N;Renda Fixa Duração Livre Crédito Livre;;N;N;N;;;;98292048.10;2026-09-02;49928567000111;DELOITTE TOUCHE TOHMATSU AUDITORES INDEPENDENTES LTDA.;58160789000128;BANCO SAFRA S/A;58160789000128;BANCO SAFRA S/A
75487;16773;48554212000147;105210;2024-12-19;2022-11-22;2024-12-19;Classes de Cotas de Fundos FIF;PGR FIF INVESTIMENTO EM INFRAESTRUTURA CI EM INFRAESTRUTURA RENDA FIXA RESPONSABILIDADE LIMITADA;Em Funcionamento Normal;2024-12-19;Renda Fixa;DI de um dia;N;Renda Fixa Duração Livre Crédito Livre;;N;N;N;;;;150325711.46;2026-09-02;49928567000111;DELOITTE TOUCHE TOHMATSU AUDITORES INDEPENDENTES LTDA.;58160789000128;BANCO SAFRA S/A;58160789000128;BANCO SAFRA S/A
75490;16775;48554260000135;105228;2024-12-19;2022-11-29;2024-12-19;Classes de Cotas de Fundos FIF;CAGINI FIF INVESTIMENTO EM INFRAESTRUTURA CLASSE DE INVESTIMENTO EM INFRA RENDA FIXA RESP LIMITADA;Em Funcionamento Normal;2024-12-19;Renda Fixa;DI de um dia;N;Renda Fixa Duração Livre Crédito Livre;;N;N;N;Aberto;S;Profissional;48527904.54;2026-09-02;49928567000111;DELOITTE TOUCHE TOHMATSU AUDITORES INDEPENDENTES LTDA.;58160789000128;BANCO SAFRA S/A;58160789000128;BANCO SAFRA S/A
75518;16792;48766978000195;97497;2024-07-03;2022-12-06;2024-07-03;Classes de Cotas de Fundos FIF;CASSOLA 3 FIF INV EM INFRAESTRUTURA CLASSE DE INV RENDA FIXA EM INFRAESTRUTURA RESP LIMITADA;Em Funcionamento Normal;2024-07-11;Renda Fixa;DI de um dia;N;Renda Fixa Duração Livre Crédito Livre;;N;N;N;;;;208783573.18;2026-09-02;49928567000111;DELOITTE TOUCHE TOHMATSU AUDITORES INDEPENDENTES LTDA.;58160789000128;BANCO SAFRA S/A;58160789000128;BANCO SAFRA S/A
75521;16795;48785680000122;97527;2024-07-05;2022-12-07;2024-07-05;Classes de Cotas de Fundos FIF;LEGATUM FUNDO DE INV FINANCEIRO INV EM INFRAESTRUTURA CI EM INFRA EM RENDA FIXA RESP LIMITADA;Em Funcionamento Normal;2025-12-23;Renda Fixa;DI de um dia;N;Renda Fixa Duração Livre Crédito Livre;;N;N;N;;;;6791082.98;2026-08-31;49928567000111;DELOITTE TOUCHE TOHMATSU AUDITORES INDEPENDENTES LTDA.;58160789000128;BANCO SAFRA S/A;58160789000128;BANCO SAFRA S/A
75605;16837;48969821000167;233641;2025-06-23;2025-06-23;2025-06-23;Classes de Cotas de Fundos FIF;SUNO INFRA DEBENTURES MASTER I FUNDO INCENTIVADO DE INVESTIMENTO FINANCEIRO EM INFRAESTRUTURA RF;Em Funcionamento Normal;2025-06-23;Renda Fixa;Não se aplica;N;Renda Fixa Duração Livre Crédito Livre;;N;N;N;Aberto;S;Público Geral;31447168.97;2026-09-02;61366936000125;ERNST & YOUNG AUDITORES INDEPENDENTES S/S LTDA.;30306294000145;BANCO BTG PACTUAL S/A;59281253000123;BTG PACTUAL SERVIÇOS FINANCEIROS S/A DTVM
75607;16839;48970212000128;132640;2024-10-01;2022-12-23;2024-10-01;Classes de Cotas de Fundos FIF;SPARTA INFRA CDI MASTER I FUNDO INCENTIVADO DE INVESTIMENTO EM INFRAESTRUTURA RENDA FIXA;Em Funcionamento Normal;2024-10-01;Renda Fixa;Não se aplica;N;Renda Fixa Duração Livre Crédito Livre;;N;N;N;Fechado;N;Público Geral;388539029.24;2026-09-02;61366936000125;ERNST & YOUNG AUDITORES INDEPENDENTES S/S LTDA.;30306294000145;BANCO BTG PACTUAL S/A;59281253000123;BTG PACTUAL SERVIÇOS FINANCEIROS S/A DTVM
75610;16842;48973783000116;271241;2025-06-26;2025-06-26;2025-06-26;Classes de Cotas de Fundos FIF;SPARTA INFRA CDI FI FINANCEIRO EM COTAS DE FUNDOS INCENTIVADOS DE INVESTIMENTO EM INFRAESTRUTURA RF;Em Funcionamento Normal;2025-06-26;Renda Fixa;Não se aplica;S;Renda Fixa Duração Livre Crédito Livre;;N;N;N;Fechado;N;Público Geral;2779258101.46;2026-09-02;61366936000125;ERNST & YOUNG AUDITORES INDEPENDENTES S/S LTDA.;30306294000145;BANCO BTG PACTUAL S/A;59281253000123;BTG PACTUAL SERVIÇOS FINANCEIROS S/A DTVM
75668;16877;49001109000132;172685;2025-05-05;2025-05-05;2025-05-05;Classes de Cotas de Fundos FIF;ARBA FIF - CLASSE DE  INVESTIMENTO RF INCENTIVADO DE INVESTIMENTO EM  INFRAESTRUTURA - RESP LIMITADA;Em Funcionamento Normal;2025-05-05;Renda Fixa;Não se aplica;N;Renda Fixa Duração Livre Crédito Livre;;N;N;N;Aberto;S;Profissional;33102310.63;2026-09-02;61366936000125;ERNST & YOUNG AUDITORES INDEPENDENTES S/S LTDA.;60746948000112;BANCO BRADESCO S.A.;60746948000112;BANCO BRADESCO S.A.
75819;16961;49289104000157;271489;2025-05-15;2025-05-15;2025-05-15;Classes de Cotas de Fundos FIF;JGP CRÉDITO INFRA MASTER I FIF INCENTIVADO DE INVESTIMENTO EM INFRAESTRUTURA RENDA FIXA - RESP LTDA;Em Funcionamento Normal;2025-05-15;Renda Fixa;Não se aplica;N;Renda Fixa Duração Livre Crédito Livre;;N;N;N;Aberto;N;Público Geral;355952650.75;2026-09-02;57755217000129;KPMG AUDITORES INDEPENDENTES LTDA.;42272526000170;BNY MELLON BANCO S.A.;02201501000161;BNY MELLON SERVICOS FINANCEIROS DTVM S.A.
75879;16996;49414058000170;169633;2025-04-29;2025-04-29;2025-04-29;Classes de Cotas de Fundos FIF;ESTEVÃO FUNDO INCENTIVADO DE INVESTIMENTO FINANCEIRO EM INFRAESTRUTURA RENDA FIXA;Em Funcionamento Normal;2025-04-29;Renda Fixa;Não se aplica;N;Renda Fixa Duração Livre Crédito Livre;;N;N;N;Aberto;N;Profissional;81330895.73;2026-09-02;61366936000125;ERNST & YOUNG AUDITORES INDEPENDENTES S/S LTDA.;30306294000145;BANCO BTG PACTUAL S/A;59281253000123;BTG PACTUAL SERVIÇOS FINANCEIROS S/A DTVM
75975;17061;49598896000141;213853;2025-05-28;2025-05-28;2025-05-28;Classes de Cotas de Fundos FIF;AUGME CLASSE DE INVESTIMENTO RENDA FIXA INCENTIVADO EM INFRAESTRUTURA - RESP LIMITADA;Em Funcionamento Normal;2025-05-28;Renda Fixa;DI de um dia;S;Renda Fixa Duração Livre Crédito Livre;;N;N;N;Aberto;N;Público Geral;82398149.88;2026-09-02;61562112000120;PRICEWATERHOUSECOOPERS AUDITORES INDEPENDENTES LTDA.;62318407000119;S3 CACEIS BRASIL DISTRIBUIDORA DE TITULOS E VALORES MOBILIARIOS S.A;62318407000119;S3 CACEIS BRASIL DISTRIBUIDORA DE TITULOS E VALORES MOBILIARIOS S.A
75997;17077;49624023000166;186279;2025-05-19;2025-05-19;2025-05-19;Classes de Cotas de Fundos FIF;PSL 3 FUNDO INCENTIVADO DE INVESTIMENTO EM INFRAESTRUTURA RENDA FIXA;Em Funcionamento Normal;2025-05-19;Renda Fixa;Não se aplica;N;Renda Fixa Duração Livre Crédito Livre;;N;N;N;Aberto;N;Qualificado;11088736.44;2026-09-02;61366936000125;ERNST & YOUNG AUDITORES INDEPENDENTES S/S LTDA.;30306294000145;BANCO BTG PACTUAL S/A;59281253000123;BTG PACTUAL SERVIÇOS FINANCEIROS S/A DTVM
76132;17158;49827171000188;97594;2024-07-03;2023-03-06;2024-07-03;Classes de Cotas de Fundos FIF;HASSENAH 2 FIF INVESTIMENTO EM INFRA CI EM INFRAESTRUTURA RENDA FIXA RESPONSABILIDADE LIMITADA;Em Funcionamento Normal;2024-07-12;Renda Fixa;DI de um dia;N;Renda Fixa Duração Livre Crédito Livre;;N;N;N;;;;27175910.66;2026-08-26;49928567000111;DELOITTE TOUCHE TOHMATSU AUDITORES INDEPENDENTES LTDA.;58160789000128;BANCO SAFRA S/A;58160789000128;BANCO SAFRA S/A
