ID_Registro_Fundo;CNPJ_Fundo;Codigo_CVM;Data_Registro;Data_Constituicao;Tipo_Fundo;Denominacao_Social;Data_Cancelamento;Situacao;Data_Inicio_Situacao;Data_Adaptacao_RCVM175;Data_Inicio_Exercicio_Social;Data_Fim_Exercicio_Social;Patrimonio_Liquido;Data_Patrimonio_Liquido;Diretor;CNPJ_Administrador;Administrador;Tipo_Pessoa_Gestor;CPF_CNPJ_Gestor;Gestor
2787;09277006000185;108008;2008-01-23;2008-01-23;FIP;Brasil Mezanino  Infraestrutura - Fundo de Investimento em Participações Multiestratégia - Responsab;;Em Funcionamento Normal;2008-06-20;2025-06-18;2026-04-01;2027-03-31;15224909.13;2025-04-30;ANA RACY PARENTE;32582247000150;FIDD ADMINISTRAÇÃO DE RECURSOS LTDA;PJ;05977098000155;FRANKLIN TEMPLETON ALTERNATIVES BRASIL ADMINISTRAÇÃO DE INVESTIMENTOS LTDA.
2923;11021363000120;109033;2009-08-07;2009-08-12;FIP;FUNDO DE INVESTIMENTO EM PARTICIPAÇÕES EM INFRAESTRUTURA ENERGIAS RESPONSABILIDADE LIMITADA;;Em Funcionamento Normal;2012-08-22;2025-06-02;2026-04-01;2027-03-31;132971877.37;2025-04-30;JOSE WALTER LUCAS;23025053000162;APEX GROUP INVESTIMENTOS LTDA.;PJ;23025053000162;APEX GROUP INVESTIMENTOS LTDA.
2982;11512690000184;110012;2010-02-11;2010-03-02;FIP;Patria Infraestrutura Fundo de Investimento em Participações Mult Investimento no Exterior;;Em Funcionamento Normal;2010-08-23;2025-01-27;2026-01-01;2026-12-31;1244702953.29;2025-04-30;JOSE WALTER LUCAS;23025053000162;APEX GROUP INVESTIMENTOS LTDA.;PJ;12461756000117;PÁTRIA INVESTIMENTOS LTDA.
3001;11649762000130;110044;2010-04-28;2010-06-23;FIP;PÁTRIA INFRAESTRUTURA TEAM - FUNDO DE INVESTIMENTO EM QUOTAS DE FIP;;Em Funcionamento Normal;2011-02-18;2025-05-28;2026-01-01;2026-12-31;21633046.17;2025-04-30;JOSE WALTER LUCAS;23025053000162;APEX GROUP INVESTIMENTOS LTDA.;PJ;12461756000117;PÁTRIA INVESTIMENTOS LTDA.
3089;12517924000149;110117;2010-10-18;2010-10-26;FIP;Patria Infraestrutura Fundo de Investimentos em Quotas de Fundo de Investimento em Participações;;Em Funcionamento Normal;2011-02-24;2025-05-28;2026-01-01;2026-12-31;51220685.37;2025-04-30;JOSE WALTER LUCAS;23025053000162;APEX GROUP INVESTIMENTOS LTDA.;PJ;12461756000117;PÁTRIA INVESTIMENTOS LTDA.
3151;13301359000140;111059;2011-05-10;2011-05-23;FIP;FUNDO DE INVESTIMENTO EM PARTICIPAÇÕES EM INFRAESTRUTURA ENERGIA SUSTENTÁVEL II;;Em Liquidação;2023-07-20;;2026-01-01;2026-12-31;34169575.72;2023-06-30;RICARDO BARBIERI DE ANDRADE;00066670000100;BEM - DISTRIBUIDORA DE TITULOS E VALORES MOBILIARIOS LTDA.;PJ;03384738000198;TIVIO CAPITAL DISTRIBUIDORA DE TITULOS E VALORES MOBILIARIOS S.A.
3152;13301410000114;111057;2011-05-10;2011-05-23;FIP;FUNDO DE INVESTIMENTO EM PARTICIPAÇÕES EM INFRAESTRUTURA ENERGIA SUSTENTÁVEL III;;Em Liquidação;2023-07-20;;2026-01-01;2026-12-31;29297896.47;2023-06-30;RICARDO BARBIERI DE ANDRADE;00066670000100;BEM - DISTRIBUIDORA DE TITULOS E VALORES MOBILIARIOS LTDA.;PJ;03384738000198;TIVIO CAPITAL DISTRIBUIDORA DE TITULOS E VALORES MOBILIARIOS S.A.
3153;13301469000102;111058;2011-05-10;2011-05-23;FIP;FUNDO DE INVESTIMENTO EM PARTICIPAÇÕES EM INFRAESTRUTURA ENERGIA SUSTENTÁVEL I;;Em Liquidação;2023-07-20;;2026-01-01;2026-12-31;6707291.19;2023-06-30;RICARDO BARBIERI DE ANDRADE;00066670000100;BEM - DISTRIBUIDORA DE TITULOS E VALORES MOBILIARIOS LTDA.;PJ;03384738000198;TIVIO CAPITAL DISTRIBUIDORA DE TITULOS E VALORES MOBILIARIOS S.A.
3172;13416322000168;111048;2011-04-18;2011-04-28;FIP;Pátria Energia Renovável - Fundo de Investimento em Participações - Infraestrutura;2018-12-14;Cancelado;2018-12-14;;2021-01-01;2021-12-31;0.00;2018-12-31;LUCAS DANICEK BORGES;01913198000167;PIP INVESTIMENTOS E PARTICIPAÇÕES LTDA.;PJ;01913198000167;PIP INVESTIMENTOS E PARTICIPAÇÕES LTDA.
3202;13695971000145;111156;2011-11-09;2011-11-25;FIP;FUNDO DE INVESTIMENTOS EM PARTICIPAÇÕES MEZANINO ÓLEO E GÁS INFRAESTRUTURA;2015-07-05;Cancelado;2015-07-05;;;;0.00;2015-03-31;CARLOS ALBERTO SARAIVA;02201501000161;BNY MELLON SERVICOS FINANCEIROS DTVM S.A.;PJ;14400791000151;DMI INVESTIMENTOS E GESTAO DE RECURSOS LTDA
3227;13903012000178;111088;2011-07-06;2011-07-21;FIP;FUNDO DE INVESTIMENTO EM PARTICIPAÇÕES VAREJO, ALIMENTAÇÃO E INFRAESTRUTURA BRASIL 2;2013-01-18;Cancelado;2013-01-18;;2021-01-01;2021-12-31;0.00;2013-03-31;ANTONIO JOSÉ DE LIMA;10274584000147;ICLA TRUST SERVIÇOS FINANCEIROS S.A.;PJ;08113859000119;MHFT INVESTIMENTOS S.A.
3295;14583184000174;111155;2011-11-09;2011-12-12;FIP;GP FUNDO DE INVESTIMENTO EM PARTICIPAÇÕES EM INFRAESTRUTURA - FIP;2016-06-27;Cancelado;2016-06-27;;;;0.00;2016-06-30;HENRY MOREIRA SEMER;07755775000116;GP INVESTIMENTOS LTDA.;PJ;07755775000116;GP INVESTIMENTOS LTDA.
3296;14584094000106;111159;2011-11-14;2011-11-14;FIP;BTG PACTUAL INFRAESTRUTURA II FIC DE FI EM PARTICIPAÇÕES MULTIESTRATÉGIA RESPONSABILIDADE LIMITADA;;Em Funcionamento Normal;2013-03-22;2025-05-21;2026-04-01;2027-03-31;9135155.65;2025-04-30;GUSTAVO COTTA PIERSANTI;59281253000123;BTG PACTUAL SERVIÇOS FINANCEIROS S/A DTVM;PJ;09631542000137;BTG PACTUAL GESTORA DE RECURSOS LTDA
3299;14596751000127;111160;2011-11-14;2011-11-29;FIP;BTG PACTUAL INFRAESTRUTURA II FIP MULTIESTRATÉGIA RESPONSABILIDADE LIMITADA;;Em Funcionamento Normal;2012-07-31;2025-06-02;2026-03-01;2027-02-28;57350490.01;2025-04-30;GUSTAVO COTTA PIERSANTI;59281253000123;BTG PACTUAL SERVIÇOS FINANCEIROS S/A DTVM;PJ;09631542000137;BTG PACTUAL GESTORA DE RECURSOS LTDA
3347;15021335000163;112086;2012-06-19;2012-01-26;FIP;NOVA ENERGY II FUNDO DE INVESTIMENTO EM PARTICIPAÇÕES EM INFRAESTRUTURA;2015-09-18;Cancelado;2015-09-18;;;;0.00;2015-03-31;CARLOS ALBERTO SARAIVA;02201501000161;BNY MELLON SERVICOS FINANCEIROS DTVM S.A.;PJ;11078868000120;NOVA GESTÃO DE RECURSOS LTDA
3355;15056983000155;112037;2012-03-12;2012-02-13;FIP;CASAFORTE ENERGIA I FUNDO DE INVESTIMENTO EM PARTICIPAÇÕES EM INFRAESTRUTURA;2014-08-29;Cancelado;2014-08-29;;;;;;ALLAN HADID;59281253000123;BTG PACTUAL SERVIÇOS FINANCEIROS S/A DTVM;PJ;29650082000100;BTG PACTUAL ASSET MANAGEMENT S/A DTVM
3366;15254448000109;112157;2012-10-26;2012-11-09;FIP;FUNDO DE INVESTIMENTO EM PARTICIPAÇÕES INFRAESTRUTURA MILÃO DE RESPONSABILIDADE ILIMITADA;;Em Funcionamento Normal;2012-12-05;2024-06-09;2026-01-01;2026-12-31;1838456.43;2024-08-31;CLAUDIA SIOLA CIANFARAN;00806535000154;PLANNER CORRETORA DE VALORES S.A.;PJ;12678380000105;VCM GESTÃO DE CAPITAL LTDA
3509;17191738000186;112173;2012-11-23;2012-11-19;FIP;CAIXA BESI INFRAESTRUTURA DESENVOLVIMENTO BRASIL FUNDO DE INVESTIMENTO EM PARTICIPAÇÕES;2014-07-21;Cancelado;2014-07-21;;;;;;DANIEL BOUERES SANDOVAL;00360305000104;CAIXA ECONOMICA FEDERAL;PJ;00360305000104;CAIXA ECONOMICA FEDERAL
3518;17213821000109;112180;2012-11-29;2012-12-04;FIP;FUNDO DE INVESTIMENTO EM PARTICIPACOES CAIS MAUA DO BRASIL INFRAESTRUTURA;2021-03-31;Cancelado;2021-03-31;;2021-01-01;2021-12-31;100193782.88;2020-06-30;JULIUS HAUPT BUCHENRODE;28376231000113;LAD CAPITAL GESTORA DE RECURSOS LTDA;PJ;28376231000113;LAD CAPITAL GESTORA DE RECURSOS LTDA
3528;17322459000104;113015;2013-02-06;2012-12-10;FIP;ASTRA INFRAESTRUTURA I FUNDO DE INVESTIMENTO EM PARTICIPAÇÕES MULTIESTRATÉGIA;;Em Funcionamento Normal;2017-06-21;2025-06-18;2026-01-01;2026-12-31;2288449735.27;2025-04-30;RICARDO ALLEGRETTI MARINHO;57375598000110;IDFIP ADMINISTRAÇÃO FIDUCIARIA LTDA;PJ;48352277000100;ASAROCK ASSET MANAGEMENT LTDA.
3561;17709881000117;113052;2013-04-26;2013-04-30;FIP;FUNDO DE INVESTIMENTO EM PARTICIPAÇÕES EM INFRAESTRUTURA XP OMEGA I;2020-11-30;Cancelado;2020-11-30;;2021-03-01;2022-02-28;124858901.33;2020-09-30;ERNANE DIVINO DOS SANTOS ALVES;22610500000188;VORTX DISTRIBUIDORA DE TITULOS E VALORES MOBILIARIOS LTDA.;PJ;07625200000189;XP GESTÃO DE RECURSOS LTDA
3561;17709881000117;113052;2013-04-26;2013-04-30;FIP;FUNDO DE INVESTIMENTO EM PARTICIPAÇÕES EM INFRAESTRUTURA XP OMEGA I;2020-11-30;Cancelado;2020-11-30;;2021-03-01;2022-02-28;124858901.33;2020-09-30;ERNANE DIVINO DOS SANTOS ALVES;22610500000188;VORTX DISTRIBUIDORA DE TITULOS E VALORES MOBILIARIOS LTDA.;PJ;16789525000198;XP VISTA ASSET MANAGEMENT LTDA.
3573;17870733000180;113033;2013-03-14;2013-03-14;FIP;Patria Infraestrutura III Fundo de Investimento em Participações Multiestratégia;;Em Funcionamento Normal;2014-06-30;2024-05-27;2026-01-01;2026-12-31;2508822796.32;2025-04-30;JOSE WALTER LUCAS;23025053000162;APEX GROUP INVESTIMENTOS LTDA.;PJ;12461756000117;PÁTRIA INVESTIMENTOS LTDA.
3574;17870798000125;113032;2013-03-14;2013-03-14;FIP;PÁTRIA BRASIL INFRAESTRUTURA III FUNDO DE INVESTIMENTO EM COTAS DE FIP RESPONSABILIDADE LIMITADA;;Em Funcionamento Normal;2014-06-25;2024-05-27;2026-01-01;2026-12-31;113156663.31;2025-04-30;JOSE WALTER LUCAS;23025053000162;APEX GROUP INVESTIMENTOS LTDA.;PJ;12461756000117;PÁTRIA INVESTIMENTOS LTDA.
3624;18589220000168;113098;2013-08-08;2013-08-16;FIP;MQS INFRA FUNDO DE INVESTIMENTO EM PARTICIPACOES EM INFRAESTRUTURA;2016-08-29;Cancelado;2016-08-29;;;;;;NELSON BURLAMAQUI PINHEIRO;11916849000126;OURO PRETO GESTÃO DE RECURSOS S.A.;PJ;11916849000126;OURO PRETO GESTÃO DE RECURSOS S.A.
3625;18589238000160;113099;2013-08-09;2013-07-19;FIP;MQS INFRA P FUNDO DE INVESTIMENTO EM PARTICIPAÇÕES EM INFRAESTRUTURA;2016-08-29;Cancelado;2016-08-29;;;;;;NELSON BURLAMAQUI PINHEIRO;11916849000126;OURO PRETO GESTÃO DE RECURSOS S.A.;PJ;11916849000126;OURO PRETO GESTÃO DE RECURSOS S.A.
3628;18623897000175;113104;2013-08-15;2013-08-15;FIP;FUNDO DE INVESTIMENTO EM PARTICIPACOES EM INFRAESTRUTURA ANESSA;;Em Funcionamento Normal;2013-09-18;2023-12-13;2026-01-01;2026-12-31;14390414.61;2024-08-31;ROGÉRIO PENTEADO FELGUEIRAS;67030395000146;TRUSTEE DISTRIBUIDORA DE TITULOS E VALORES MOBILIARIOS LTDA.;PJ;02622448000172;BLUE SOLUTIONS ASSET MANAGEMENT LTDA.
3645;18724865000166;113174;2013-11-22;2013-08-16;FIP;TOTEM FUNDO DE INVESTIMENTO EM PARTICIPAÇÕES INFRAESTRUTURA, ÓLEO & GÁS;2015-03-09;Cancelado;2015-03-09;;;;0.00;2015-03-31;CARLOS ALBERTO SARAIVA;02201501000161;BNY MELLON SERVICOS FINANCEIROS DTVM S.A.;PJ;11089720000191;TOTEM INVESTIMENTOS E GESTÃO DE RECURSOS LTDA.
3678;19095122000137;113150;2013-10-25;2013-10-25;FIP;Patria Infraestrutura III (+100) FIC de Fundo de Investimento em Participações;;Em Funcionamento Normal;2014-07-02;2024-05-27;2026-01-01;2026-12-31;136062579.47;2025-04-30;JOSE WALTER LUCAS;23025053000162;APEX GROUP INVESTIMENTOS LTDA.;PJ;12461756000117;PÁTRIA INVESTIMENTOS LTDA.
3700;19334370000193;113182;2013-12-13;2013-11-27;FIP;OLIME FUNDO DE INVESTIMENTO EM PARTICIPAÇÕES EM INFRAESTRUTURA;2018-11-08;Cancelado;2018-11-08;;2021-08-01;2022-07-31;8954027.73;2018-09-30;EDUARDO CENTOLA;30723886000162;BANCO MODAL S.A.;PJ;01116811000115;APEX ADMINISTRADORA DE RECURSOS LTDA
3738;19932034000142;114042;2014-04-08;2014-04-08;FIP;FUNDO DE INVESTIMENTO EM PARTIPAÇÕES EM INFRAESTRUTURA VOTORANTIM SANEAMENTO;2017-03-09;Cancelado;2017-03-09;;2021-03-01;2022-02-28;0.00;2017-09-30;MARCELO MAYLINCH SIMÃO;03384738000198;TIVIO CAPITAL DISTRIBUIDORA DE TITULOS E VALORES MOBILIARIOS S.A.;PJ;03384738000198;TIVIO CAPITAL DISTRIBUIDORA DE TITULOS E VALORES MOBILIARIOS S.A.
3789;20835717000160;114088;2014-09-02;2014-09-02;FIP;FUNDO DE INVESTIMENTO EM PARTICIPACOES EM INFRAESTRUTURA PARANAGUÁ;;Em Funcionamento Normal;2018-07-13;2025-06-24;2026-01-01;2026-12-31;15814770.81;2025-04-30;ROGÉRIO PENTEADO FELGUEIRAS;67030395000146;TRUSTEE DISTRIBUIDORA DE TITULOS E VALORES MOBILIARIOS LTDA.;PJ;02622448000172;BLUE SOLUTIONS ASSET MANAGEMENT LTDA.
3817;21163276000160;114131;2014-11-25;2014-11-25;FIP;FUNDO DE INVESTIMENTO EM PARTICIPAÇÕES EM INFRAESTRUTURA PIRINEUS;;Em Funcionamento Normal;2015-09-25;2025-06-25;2026-08-01;2027-07-31;509451548.95;2025-04-30;LUCIANO COELHO DE MAGALHÃES NETTO;76621457000185;4UM DTVM S.A.;PJ;03983856000112;4UM GESTÃO DE RECURSOS LTDA.
3863;21523842000106;114150;2014-12-09;2014-11-10;FIP;PRISMA HÉLIOS FUNDO DE INVESTIMENTO EM PARTICIPAÇÕES INFRAESTRUTURA;2023-09-14;Cancelado;2023-09-14;;2023-05-01;2024-04-30;792824.81;2022-12-31;PRISCILA LAZARINI GUIMARÃES;05230601000104;APEX ASSET MANAGEMENT LTDA;PJ;27451028000100;PRISMA CAPITAL LTDA
3905;21798423000179;115017;2015-03-16;2015-01-27;FIP;FUNDO DE INVESTIMENTO EM PARTICIPAÇÕES EM INFRAESTRUTURA LOGÍSTICA GRANEIS I;2023-12-12;Cancelado;2023-12-12;;2023-04-01;2024-03-31;1267.48;2023-04-30;MARCELO CARDOSO LISBOA;14717397000141;BFL ADMINISTRAÇÃO DE RECURSOS LTDA;PJ;10253634000100;RENDA ASSET ADMINISTRADORA DE RECURSOS LTDA
3946;22450865000192;116041;2016-07-28;2016-06-25;FIP;NOVA INFRAESTRUTURA FUNDO DE INVESTIMENTO EM PARTICIPAÇÕES;;Em Funcionamento Normal;2017-04-04;2024-12-23;2026-01-01;2026-12-31;19292018047.49;2024-08-31;PAULO CESAR CARVALHO GARCIA;07885392000162;BROOKFIELD BRASIL ASSET MANAGEMENT INVESTIMENTOS LTDA;PJ;07885392000162;BROOKFIELD BRASIL ASSET MANAGEMENT INVESTIMENTOS LTDA
3977;22945918000146;115079;2015-08-06;2015-07-16;FIP;FUNDO DE INVESTIMENTO EM PARTICIPAÇÕES EM INFRAESTRUTURA SUPERPORTO;;Em Funcionamento Normal;2015-09-30;2025-06-30;2026-01-01;2026-12-31;0.02;2025-04-30;ROGÉRIO PENTEADO FELGUEIRAS;67030395000146;TRUSTEE DISTRIBUIDORA DE TITULOS E VALORES MOBILIARIOS LTDA.;PJ;02622448000172;BLUE SOLUTIONS ASSET MANAGEMENT LTDA.
3988;23109759000102;115125;2015-11-26;2015-08-07;FIP;FUNDO DE INVESTIMENTO EM PARTICIPAÇÕES EM INFRAESTRUTURA PROSPERIDADE;;Em Funcionamento Normal;2015-12-15;2025-06-25;2026-03-01;2027-02-28;750164227.24;2025-04-30;GUSTAVO COTTA PIERSANTI;59281253000123;BTG PACTUAL SERVIÇOS FINANCEIROS S/A DTVM;PJ;07625159000140;BTG PACTUAL GESTORA DE INVESTIMENTOS ALTERNATIVOS LTDA.
4034;23740741000104;115129;2015-11-30;2015-10-29;FIP;FUNDO DE INVESTIMENTO EM PARTICIPAÇÕES EM INFRAESTRUTURA ORIGEM RESPONSABILIDADE LIMITADA;;Em Funcionamento Normal;2015-12-15;2025-06-27;2026-03-01;2027-02-28;114401966.72;2025-04-30;RICARDO FUSCALDI DE FIGUEIREDO BAPTISTA;17595680000136;VÓRTX GRAFENO S.A.;PJ;10464748000107;CVPAR HIERON INVESTIMENTOS LTDA
4122;26314464000166;116057;2016-10-21;2016-10-03;FIP;BTG PACTUAL INFRAESTRUTURA II ENERGIA FUNDO DE INVESTIMENTO EM PARTICIPAÇÕES - INFRAESTRUTURA;2021-03-31;Cancelado;2021-03-31;;2021-04-01;2022-03-31;30826002.88;2020-12-31;ALLAN HADID;59281253000123;BTG PACTUAL SERVIÇOS FINANCEIROS S/A DTVM;PJ;09631542000137;BTG PACTUAL GESTORA DE RECURSOS LTDA
4128;26545503000136;116069;2016-11-25;2017-01-02;FIP;ANTARES FUNDO DE INVESTIMENTO EM PARTICIPACOES MULTIESTRATEGIA EM INFRAESTRUTURA;2017-08-11;Cancelado;2017-08-11;;2021-01-01;2021-12-31;0.00;2017-09-30;DANILO CHRISTÓFARO BARBIERI;23025053000162;APEX GROUP INVESTIMENTOS LTDA.;PJ;23025053000162;APEX GROUP INVESTIMENTOS LTDA.
4147;26691062000180;116085;2016-12-14;2016-11-16;FIP;ARTEON Z TRANSMISSÃO FUNDO DE INVESTIMENTO EM PARTICIPAÇÕES EM INFRAESTRUTURA;2022-12-16;Cancelado;2022-12-16;;2023-04-01;2024-03-31;734586.38;2022-09-30;PAULO ROBERTO MERCADO JUNIOR;15489568000195;INTRA INVESTIMENTOS DTVM LTDA;PJ;35541359000150;INTRA BLACK INVESTIMENTOS GESTÃO DE RECURSOS LTDA
4200;27248864000183;117026;2017-03-08;2017-02-21;FIP;VINCI INFRA COINVESTIMENTO I FIP EM INFRAESTRUTURA - RESP LIMITADA;;Em Funcionamento Normal;2017-06-12;2025-05-21;2026-03-01;2027-02-28;36404099.75;2025-04-30;JOSE WALTER LUCAS;23025053000162;APEX GROUP INVESTIMENTOS LTDA.;PJ;20859417000111;VINCI INFRAESTRUTURA GESTORA DE RECURSOS LTDA.
4211;27467461000125;117038;2017-05-12;2016-08-30;FIP;BTG PACTUAL ENERGIA 3 FUNDO DE INVESTIMENTO EM PARTICIPACOES -INFRAESTRUTURA;2021-03-31;Cancelado;2021-03-31;;2021-04-01;2022-03-31;51356119.34;2020-12-31;ALLAN HADID;59281253000123;BTG PACTUAL SERVIÇOS FINANCEIROS S/A DTVM;PJ;09631542000137;BTG PACTUAL GESTORA DE RECURSOS LTDA
4215;27486559000120;117052;2017-05-29;2017-03-24;FIP;ANTARES ENERGIA FUNDO DE INVESTIMENTO EM PARTICIPAÇÕES EM INFRAESTRUTURA;2018-01-22;Cancelado;2018-01-22;;2021-01-01;2021-12-31;0.00;2018-03-31;DANILO CHRISTÓFARO BARBIERI;23025053000162;APEX GROUP INVESTIMENTOS LTDA.;PJ;23025053000162;APEX GROUP INVESTIMENTOS LTDA.
4220;27635152000117;117106;2017-09-29;2017-03-23;FIP;RB CAPITAL FUNDO DE INVESTIMENTO EM PARTICIPAÇÕES MEZANINO INFRAESTRUTURA;2019-04-29;Cancelado;2019-04-29;;;;;;MARCOS WANDERLEY PEREIRA;22610500000188;VORTX DISTRIBUIDORA DE TITULOS E VALORES MOBILIARIOS LTDA.;PJ;07981934000109;RB ASSET MANAGEMENT LTDA
4259;28332012000132;117093;2017-08-25;2017-05-25;FIP;M. TRANSPORTATION FUNDO DE INVESTIMENTO EM PARTICIPAÇÕES EM INFRAESTRUTURA - RESP LIMITADA;;Em Funcionamento Normal;2017-12-14;2024-10-28;2026-04-01;2027-03-31;1429419939.72;2024-08-31;GUSTAVO COTTA PIERSANTI;59281253000123;BTG PACTUAL SERVIÇOS FINANCEIROS S/A DTVM;PJ;39267921000150;MONTE CAPITAL MANAGEMENT GESTORA DE RECURSOS S.A.
4262;28481369000182;121270;2021-10-22;2017-07-31;FIP;AMBIENTAL METROSUL - FUNDO DE INVESTIMENTO EM PARTICIPACOES EM INFRAESTRUTURA;2022-05-04;Cancelado;2022-05-04;;;;;;JOSÉ ALEXANDRE COSTA DE FREITAS;02150453000120;OLIVEIRA TRUST SERVICER S/A;PJ;02150453000120;OLIVEIRA TRUST SERVICER S/A
4264;28550008000140;118056;2018-07-03;2017-07-28;FIP;PERFIN ARES II FUNDO DE INVESTIMENTOS EM PARTICIPAÇÕES - INFRAESTRUTURA;2021-12-10;Cancelado;2021-12-10;;;;;;EDUARDO CENTOLA;05389174000101;XP SERVIÇOS FINANCEIROS DTVM Ltda.;PJ;04232804000177;PERFIN INFRA ADMINISTRAÇÃO DE RECURSOS
4288;28953897000197;117121;2017-11-13;2017-10-11;FIP;Pátria Infraestrutura IV Feeder Fundo de Investimento em Participações Multiestratégia;2022-04-26;Cancelado;2022-04-26;;;;0.00;2020-03-31;FELIPE ANDRADE PINTO;12461756000117;PÁTRIA INVESTIMENTOS LTDA.;PJ;12461756000117;PÁTRIA INVESTIMENTOS LTDA.
4289;28953928000100;117120;2017-11-13;2017-10-11;FIP;PÁTRIA INFRAESTRUTURA IV FUNDO DE INVESTIMENTO EM PARTICIPAÇÕES MULTIESTRATÉGIA;;Em Funcionamento Normal;2020-02-27;2025-06-25;2026-01-01;2026-12-31;7371607152.57;2025-04-30;MARCELO CERQUEIRA CHERRI;12461756000117;PÁTRIA INVESTIMENTOS LTDA.;PJ;12461756000117;PÁTRIA INVESTIMENTOS LTDA.
4337;29992920000115;118023;2018-03-28;2018-02-08;FIP;FRAM CAPITAL ITAMARACÁ FUNDO DE INVESTIMENTO EM PARTICIPAÇÕES EM INFRAESTRUTURA;;Em Funcionamento Normal;2020-03-18;2025-06-30;2026-03-01;2027-02-28;21281093.66;2025-04-30;ARIANA RENATA PAVAN;13673855000125;OSLO DTVM;PJ;08157028000149;FRAM CAPITAL GESTÃO DE ATIVOS LTDA.
4351;30317464000197;119020;2019-03-08;2018-04-04;FIP;XP INFRA II FUNDO DE INVESTIMENTO EM PARTICIPAÇÕES EM INFRAESTRUTURA - RESPONSABILIDADE LIMITADA;;Em Funcionamento Normal;2019-03-29;2025-06-27;2026-01-01;2026-12-31;1173917436.13;2025-04-30;CINTIA SANT'ANA DE OLIVEIRA;45246410000155;BANCO GENIAL S.A.;PJ;16789525000198;XP VISTA ASSET MANAGEMENT LTDA.
4464;32222790000146;118135;2018-12-13;2018-11-26;FIP;FUNDO DE INVESTIMENTO EM PARTICIPAÇÕES EM INFRAESTRUTURA SOLAR I RESPONSABILIDADE LIMITADA;;Em Funcionamento Normal;2019-09-13;2025-06-25;2026-03-01;2027-02-28;153866179.52;2025-04-30;GUSTAVO COTTA PIERSANTI;59281253000123;BTG PACTUAL SERVIÇOS FINANCEIROS S/A DTVM;PJ;10594490000155;CASAFORTE INVESTIMENTOS S.A.
4488;32313958000129;119081;2019-08-09;2018-12-04;FIP;QUEBRA DENTES FUNDO DE INVESTIMENTO EM PARTICIPAÇÕES - INFRAESTRUTURA;;Em Funcionamento Normal;2019-08-27;2025-06-11;2026-05-01;2027-04-30;156418.41;2025-04-30;ANDRÉ DE PINA DOS SANTOS;36266751000100;FINVEST DISTRIBUIDORA DE TÍTULOS E VALORES MOBILIÁRIOS LTDA.;PJ;48352277000100;ASAROCK ASSET MANAGEMENT LTDA.
4508;32528571000190;119099;2019-09-27;2018-12-13;FIP;POWER FUNDO DE INVESTIMENTO EM PARTICIPAÇÕES INFRAESTRUTURA - RESPONSABILIDADE LIMITADA;;Em Liquidação;2024-12-30;2024-06-13;2026-04-01;2027-03-31;49418742.94;2024-08-31;RICARDO ALLEGRETTI MARINHO;57375598000110;IDFIP ADMINISTRAÇÃO FIDUCIARIA LTDA;PJ;15032609000110;STARBOARD ASSET LTDA.
4510;32625186000160;119008;2019-02-07;2019-01-18;FIP;PÁTRIA INFRAESTRUTURA IV FEEDER-A - FUNDO DE INVESTIMENTO EM PARTICIPAÇÕES MULTIESTRATÉGIA;;Em Funcionamento Normal;2020-03-23;2025-06-25;2026-01-01;2026-12-31;831915398.64;2025-04-30;MARCELO CERQUEIRA CHERRI;12461756000117;PÁTRIA INVESTIMENTOS LTDA.;PJ;12461756000117;PÁTRIA INVESTIMENTOS LTDA.
4533;33255924000198;119136;2019-12-02;2019-02-08;FIP;LYON CAPITAL I FUNDO DE INVESTIMENTO EM PARTICIPAÇÕES INFRAESTRUTURA;;Em Liquidação;2026-06-17;2025-06-30;2026-03-01;2027-02-28;9018276.34;2025-04-30;ARIANA RENATA PAVAN;13673855000125;OSLO DTVM;PJ;13673855000125;OSLO DTVM
4546;33493640000130;119049;2019-06-04;2019-04-04;FIP;PÁTRIA INFRAESTRUTURA IV FEEDER-B FIP MULTIESTRATÉGIA RESPONSABILIDADE LIMITADA;;Em Funcionamento Normal;2020-04-02;2025-06-25;2026-01-01;2026-12-31;299309056.77;2025-04-30;JOSE WALTER LUCAS;23025053000162;APEX GROUP INVESTIMENTOS LTDA.;PJ;12461756000117;PÁTRIA INVESTIMENTOS LTDA.
4547;33493641000184;119056;2019-06-18;2019-04-05;FIP;PÁTRIA INFRAESTRUTURA IV FEEDER - C FIP MULTIESTRATÉGIA RESPONSABILIDADE LIMITADA;;Em Funcionamento Normal;2020-05-07;2025-06-20;2026-01-01;2026-12-31;1174038797.48;2025-04-30;JOSE WALTER LUCAS;23025053000162;APEX GROUP INVESTIMENTOS LTDA.;PJ;12461756000117;PÁTRIA INVESTIMENTOS LTDA.
4557;33601138000103;119078;2019-08-07;2019-08-05;FIP;VINCI ENERGIA FUNDO DE INVESTIMENTO EM PARTICIPAÇÕES EM INFRAESTRUTURA RESPONSABILIDADE LIMITADA;;Em Funcionamento Normal;2019-11-01;2025-06-20;2026-01-01;2026-12-31;627800675.73;2025-04-30;GUSTAVO COTTA PIERSANTI;59281253000123;BTG PACTUAL SERVIÇOS FINANCEIROS S/A DTVM;PJ;20859417000111;VINCI INFRAESTRUTURA GESTORA DE RECURSOS LTDA.
4563;33794381000187;119098;2019-09-25;2019-09-11;FIP;BRAZIL CLEAN ENERGY I FUNDO DE INVESTIMENTO EM PARTICIPAÇÕES EM INFRAESTRUTURA;2025-06-05;Cancelado;2025-06-05;;2025-01-01;2025-12-31;16392553.38;2024-12-31;EDSON ARCHELA;28376231000113;LAD CAPITAL GESTORA DE RECURSOS LTDA;PJ;28376231000113;LAD CAPITAL GESTORA DE RECURSOS LTDA
4566;33925095000103;119129;2019-11-18;2019-06-10;FIP;GUAÍBA FUNDO DE INVESTIMENTO EM PARTICIPAÇÕES EM INFRAESTRUTURA;2025-03-15;Cancelado;2025-03-15;;2025-01-01;2025-12-31;4130900.59;2024-12-31;MARCELO VIEIRA FRANCISCO;23025053000162;APEX GROUP INVESTIMENTOS LTDA.;PJ;23025053000162;APEX GROUP INVESTIMENTOS LTDA.
4568;34027597000180;120224;2020-12-16;2019-06-06;FIP;PATRIA INFRAESTRUTURA ENERGIA CORE FUNDO DE INVESTIMENTO EM PARTICIPAÇÕES EM INFRAESTRUTURA;;Em Funcionamento Normal;2021-01-11;2025-06-27;2026-03-01;2027-02-28;945966026.53;2025-04-30;CINTIA SANT'ANA DE OLIVEIRA;45246410000155;BANCO GENIAL S.A.;PJ;12461756000117;PÁTRIA INVESTIMENTOS LTDA.
4569;34027608000121;120004;2020-01-16;2019-06-06;FIP;XP INFRA III FUNDO DE INVESTIMENTO EM PARTICIPAÇÕES EM INFRAESTRUTURA;;Em Funcionamento Normal;2020-01-30;2025-06-27;2026-04-01;2027-03-31;9711308.94;2025-04-30;LIZANDRO SOMMER ARNONI;02332886000104;XP INVESTIMENTOS CCTVM S.A.;PJ;16789525000198;XP VISTA ASSET MANAGEMENT LTDA.
4583;34218306000130;120105;2020-08-27;2020-08-07;FIP;QUASAR INFRA I  FUNDO DE INVESTIMENTO EM PARTICIPAÇÕES EM INFRAESTRUTURA;2020-10-06;Cancelado;2020-10-06;;;;;;ALLAN HADID;59281253000123;BTG PACTUAL SERVIÇOS FINANCEIROS S/A DTVM;PJ;14084509000174;REAG SPECIALTY FINANCE LTDA.
4600;34644159000160;119117;2019-11-04;2019-07-31;FIP;PÁTRIA INFRAESTRUTURA IV FEEDER-D FUNDO DE INVESTIMENTO EM PARTICIPAÇÕES MULTI RESP LIMITADA;;Em Funcionamento Normal;2020-09-23;2025-06-20;2026-01-01;2026-12-31;378206753.54;2025-04-30;JOSE WALTER LUCAS;23025053000162;APEX GROUP INVESTIMENTOS LTDA.;PJ;12461756000117;PÁTRIA INVESTIMENTOS LTDA.
4630;35533089000136;119138;2019-12-04;2019-10-30;FIP;Patria Infraestrutura III Special Opportunities FI em Participações Multiestratégia;2023-12-19;Cancelado;2023-12-19;;2024-01-01;2024-12-31;1270284810.71;2023-09-30;DANILO CHRISTÓFARO BARBIERI;23025053000162;APEX GROUP INVESTIMENTOS LTDA.;PJ;12461756000117;PÁTRIA INVESTIMENTOS LTDA.
4636;35640741000111;120140;2020-10-14;2020-10-14;FIP;BTG PACTUAL INFRAESTRUTURA DIVIDENDOS FIP EM INFRAESTRUTURA RESPONSABILIDADE LIMITADA;;Em Funcionamento Normal;2020-11-20;2025-05-21;2026-04-01;2027-03-31;417078330.11;2025-04-30;GUSTAVO COTTA PIERSANTI;59281253000123;BTG PACTUAL SERVIÇOS FINANCEIROS S/A DTVM;PJ;09631542000137;BTG PACTUAL GESTORA DE RECURSOS LTDA
4642;35640942000119;120112;2020-09-04;2020-08-10;FIP;PRISMA PROTON ENERGIA FUNDO DE INVESTIMENTO EM PARTICIPACOES EM INFRAESTRUTURA;;Em Funcionamento Normal;2020-10-21;2025-06-17;2026-04-01;2027-03-31;397760348.25;2025-04-30;GUSTAVO COTTA PIERSANTI;59281253000123;BTG PACTUAL SERVIÇOS FINANCEIROS S/A DTVM;PJ;53184854000131;PRISMA PRIVATE EQUITY LTDA.
4645;35641061000112;120224;2020-11-25;2020-11-13;FIP;ENDURANCE DEBT FUNDO DE INVESTIMENTO EM PARTICIPAÇÕES EM INFRAESTRUTURA RESPONSABILIDADE LIMITADA;;Em Funcionamento Normal;2021-01-15;2025-06-20;2026-04-01;2027-03-31;429773631.63;2025-04-30;GUSTAVO COTTA PIERSANTI;59281253000123;BTG PACTUAL SERVIÇOS FINANCEIROS S/A DTVM;PJ;29650082000100;BTG PACTUAL ASSET MANAGEMENT S/A DTVM
4647;35641147000145;120116;2020-09-17;2020-09-17;FIP;VINCI INFRAESTRUTURA ÁGUA E SANEAMENTO FUNDO DE INVESTIMENTO EM PARTICIPAÇÕES EM INFRAESTRUTURA;2021-05-26;Cancelado;2021-05-26;;;;;;ALLAN HADID;59281253000123;BTG PACTUAL SERVIÇOS FINANCEIROS S/A DTVM;PJ;20859417000111;VINCI INFRAESTRUTURA GESTORA DE RECURSOS LTDA.
4648;35654738000157;121192;2021-08-02;2021-07-19;FIP;RODOVIAS DO TIETÊ FUNDO DE INVESTIMENTO EM PARTICIPAÇÕES EM INFRAESTRUTURA RESPONSABILIDADE LIMITADA;;Em Funcionamento Normal;2021-08-03;2025-06-30;2026-04-01;2027-03-31;200091359.03;2025-04-30;DAVID ROSSET;16695922000109;ID CORRETORA DE TITULOS E VALORES MOBILIARIOS S.A.;PJ;10467534000186;GERIBÁ INVESTIMENTOS LTDA
4672;35812806000169;119154;2019-12-19;2019-12-10;FIP;CFO INFRAESTRUTURA I FUNDO DE INVESTIMENTO EM PARTICIPAÇÕES MULTIESTRATÉGIA;;Em Funcionamento Normal;2020-04-20;2025-06-04;2026-01-01;2026-12-31;23225797.39;2025-04-30;RICARDO BARBIERI DE ANDRADE;00066670000100;BEM - DISTRIBUIDORA DE TITULOS E VALORES MOBILIARIOS LTDA.;PJ;12695840000103;BTG PACTUAL GESTÃO E CONSULTORIA DE INVESTIMENTOS LTDA
4682;35950079000104;121001;2021-01-05;2019-12-30;FIP;GTIS ENERGIA FUNDO DE INVESTIMENTO EM PARTICIPAÇÕES EM INFRAESTRUTURA;2021-11-11;Cancelado;2021-11-11;;;;;;DANILO CHRISTÓFARO BARBIERI;23025053000162;APEX GROUP INVESTIMENTOS LTDA.;PJ;23025053000162;APEX GROUP INVESTIMENTOS LTDA.
4714;36642570000122;120224;2020-12-02;2020-12-02;FIP;KNOX DEBT FUNDO DE INVESTIMENTO EM PARTICIPAÇÕES EM INFRAESTRUTURA RESPONSABILIDADE LIMITADA;;Em Funcionamento Normal;2020-12-21;2025-06-24;2026-04-01;2027-03-31;1010632649.83;2025-04-30;GUSTAVO COTTA PIERSANTI;59281253000123;BTG PACTUAL SERVIÇOS FINANCEIROS S/A DTVM;PJ;29650082000100;BTG PACTUAL ASSET MANAGEMENT S/A DTVM
4723;36697081000178;120058;2020-05-29;2020-03-06;FIP;FUNDO DE INVESTIMENTO EM PARTICIPAÇÕES EM INFRAESTRUTURA KAVOM;;Em Funcionamento Normal;2020-05-29;2025-06-26;2026-01-01;2026-12-31;60810814.96;2025-04-30;ROGÉRIO PENTEADO FELGUEIRAS;67030395000146;TRUSTEE DISTRIBUIDORA DE TITULOS E VALORES MOBILIARIOS LTDA.;PJ;02622448000172;BLUE SOLUTIONS ASSET MANAGEMENT LTDA.
4728;36771037000160;120097;2020-08-20;2020-02-19;FIP;PARQUES FUNDO DE INVESTIMENTO EM PARTICIPAÇÕES EM INFRAESTRUTURA RESPONSABILIDADE LIMITADA;;Em Funcionamento Normal;2020-10-28;2025-06-25;2026-04-01;2027-03-31;70714030.18;2025-04-30;ERICK WARNER DE CARVALHO;62232889000190;BANCO DAYCOVAL S.A.;PJ;12147903000189;3Q ASSET LTDA
4777;37950686000191;120099;2020-08-21;2020-07-30;FIP;SANTENSE FUNDO DE INVESTIMENTO EM PARTICIPAÇÕES EM INFRAESTRUTURA;2025-06-30;Cancelado;2025-06-30;;2025-01-01;2025-12-31;-575851.01;2024-12-31;ERNANE DIVINO DOS SANTOS ALVES;23025053000162;APEX GROUP INVESTIMENTOS LTDA.;PJ;23025053000162;APEX GROUP INVESTIMENTOS LTDA.
4782;38057368000169;120094;2020-08-13;2020-07-10;FIP;PÁTRIA INFRAESTRUTURA BRASIL FUNDO DE INVESTIMENTO EM PARTICIPAÇÕES MULTIESTRATÉGIA;;Em Funcionamento Normal;2020-08-19;2025-05-28;2026-01-01;2026-12-31;70737093.79;2025-04-30;JOSE WALTER LUCAS;23025053000162;APEX GROUP INVESTIMENTOS LTDA.;PJ;12461756000117;PÁTRIA INVESTIMENTOS LTDA.
4788;38074629000159;120224;2020-11-17;2020-11-13;FIP;MEZ ENERGIA FUNDO DE INVESTIMENTO EM PARTICIPAÇÕES EM INFRAESTRUTURADE RESPONSABILIDADE LIMITADA;;Em Funcionamento Normal;2021-03-26;2025-06-10;2026-04-01;2027-03-31;54372357.55;2025-04-30;ERICK WARNER DE CARVALHO;62232889000190;BANCO DAYCOVAL S.A.;PJ;72027832000102;DAYCOVAL ASSET MANAGEMENT ADMINISTRACAO DE RECURSOS LTDA
4795;38234336000191;120150;2020-10-22;2020-08-24;FIP;LYNX FUNDO DE INVESTIMENTO EM PARTICIPAÇÕES INFRAESTRUTURA;2023-12-27;Cancelado;2023-12-27;;2024-06-01;2025-05-31;4978460.97;2023-09-30;CLAUDIA SIOLA CIANFARAN;00806535000154;PLANNER CORRETORA DE VALORES S.A.;PJ;11402234000181;4I CAPITAL LTDA
4797;38243225000141;120224;2020-12-21;2020-08-06;FIP;PATRIA INFRAESTRUTURA ENERGIA CORE FEEDER FUNDO DE INVESTIMENTO EM PARTICIPAÇÕES EM INFRAESTRUTURA;;Em Funcionamento Normal;2021-01-12;2025-06-26;2026-03-01;2027-02-28;112632792.31;2025-04-30;CINTIA SANT'ANA DE OLIVEIRA;45246410000155;BANCO GENIAL S.A.;PJ;12461756000117;PÁTRIA INVESTIMENTOS LTDA.
4798;38249321000105;121152;2021-07-01;2020-08-24;FIP;CIDADE ILUMINADA FUNDO DE INVESTIMENTO EM PARTICIPAÇÕES INFRAESTRUTURA;2024-05-28;Cancelado;2024-05-28;;;;;;NILEIDE GUERRA DE ABREU;21046086000163;IDGR;PJ;21046086000163;IDGR
4834;39374648000163;120224;2020-12-04;2020-10-07;FIP;FUNDO DE INVESTIMENTO EM PARTICIPAÇÕES EM INFRAESTRUTURA OMNIUM;2021-02-26;Cancelado;2021-02-26;;2021-01-01;2021-12-31;381544.05;2020-12-31;ARTUR MARTINS DE FIGUEIREDO;67030395000146;TRUSTEE DISTRIBUIDORA DE TITULOS E VALORES MOBILIARIOS LTDA.;PJ;00806535000154;PLANNER CORRETORA DE VALORES S.A.
4841;39581809000190;120224;2020-12-28;2020-10-20;FIP;FUNDO DE INVESTIMENTO EM PARTICIPAÇÕES EM INFRAESTRUTURA ENERGIAS RENOVÁVEIS II;2022-11-10;Cancelado;2022-11-10;;2023-04-01;2024-03-31;149054671.72;2022-09-30;DANILO CHRISTÓFARO BARBIERI;23025053000162;APEX GROUP INVESTIMENTOS LTDA.;PJ;23025053000162;APEX GROUP INVESTIMENTOS LTDA.
4858;39883907000181;121117;2021-06-10;2021-06-10;FIP;N. SANEAMENTO FUNDO DE INVESTIMENTO EM PARTICIPAÇÕES EM INFRAESTRUTURA - RESPONSABILIDADE LIMITADA;;Em Funcionamento Normal;2021-09-10;2024-10-15;2026-04-01;2027-03-31;46968281.18;2024-08-31;GUSTAVO COTTA PIERSANTI;59281253000123;BTG PACTUAL SERVIÇOS FINANCEIROS S/A DTVM;PJ;39267921000150;MONTE CAPITAL MANAGEMENT GESTORA DE RECURSOS S.A.
4874;40011359000189;121207;2021-08-18;2021-08-18;FIP;GUARÁ FUNDO DE INVESTIMENTO EM PARTICIPAÇÕES INFRAESTRUTURA RESPONSABILIDADE LIMITADA;;Em Funcionamento Normal;2021-08-20;2025-05-30;2026-01-01;2026-12-31;22082851.89;2025-04-30;GUSTAVO COTTA PIERSANTI;59281253000123;BTG PACTUAL SERVIÇOS FINANCEIROS S/A DTVM;PJ;07625159000140;BTG PACTUAL GESTORA DE INVESTIMENTOS ALTERNATIVOS LTDA.
4879;40011427000100;121322;2021-11-29;2021-11-22;FIP;FUNDO DE INVESTIMENTO EM PARTICIPAÇÕES EM INFRAESTRUTURA CASAFORTE SERRA VERDE;2022-06-27;Cancelado;2022-06-27;;;;;;ALLAN HADID;59281253000123;BTG PACTUAL SERVIÇOS FINANCEIROS S/A DTVM;PJ;10594490000155;CASAFORTE INVESTIMENTOS S.A.
4888;40054782000166;121102;2021-05-24;2021-05-24;FIP;POLARIS FUNDO DE INVESTIMENTO EM PARTICIPAÇÕES INFRAESTRUTURA;;Em Funcionamento Normal;2021-09-06;2025-06-02;2026-02-01;2027-01-31;122384413.21;2025-04-30;GUSTAVO COTTA PIERSANTI;59281253000123;BTG PACTUAL SERVIÇOS FINANCEIROS S/A DTVM;PJ;28153011000120;APOLO ADMINISTRACAO DE RECURSOS LTDA
4900;40141742000151;120224;2020-12-29;2020-12-03;FIP;PATRIA INFRAESTRUTURA ENERGIA CORE FEEDER II FUNDO DE INVESTIMENTO PARTICIPAÇÕES EM INFRAESTRUTURA;2026-02-27;Cancelado;2026-02-27;2025-06-26;2026-03-01;2027-02-28;23803549.37;2025-04-30;CINTIA SANT'ANA DE OLIVEIRA;45246410000155;BANCO GENIAL S.A.;PJ;12461756000117;PÁTRIA INVESTIMENTOS LTDA.
4918;40670231000127;121081;2021-04-26;2021-01-22;FIP;GERIBÁ MAIS ENERGIA I FUNDO DE INVESTIMENTO EM PARTICIPAÇÕES EM INFRAESTRUTURA RESP LIMITADA;;Em Funcionamento Normal;2021-05-31;2025-03-24;2026-04-01;2027-03-31;272147735.97;2024-12-31;DOUGLAS FABRES PEZZIN;40888143000104;GV ATACAMA CAPITAL LTDA;PJ;10467534000186;GERIBÁ INVESTIMENTOS LTDA
4934;40884088000176;121032;2021-03-05;2021-01-29;FIP;ATHON ENERGIA ESG I FIP INFRAESTRUTURA - INVESTIMENTO SUSTENTÁVEL RESPONSABILIDADE LIMITADA;;Em Funcionamento Normal;2021-07-20;2025-05-23;2026-01-01;2026-12-31;667189585.91;2025-04-30;JOSE WALTER LUCAS;23025053000162;APEX GROUP INVESTIMENTOS LTDA.;PJ;23025053000162;APEX GROUP INVESTIMENTOS LTDA.
4939;40944264000118;121306;2021-11-22;2021-02-09;FIP;TAV-RJSP FUNDO DE INVESTIMENTO EM PARTICIPAÇÕES INFRAESTRUTURA;2023-08-29;Cancelado;2023-08-29;;;;;;ARIANA RENATA PAVAN;13673855000125;OSLO DTVM;PJ;08157028000149;FRAM CAPITAL GESTÃO DE ATIVOS LTDA.
4946;40980983000194;121060;2021-04-01;2021-02-18;FIP;COLIBRI VERDE FUNDO DE INVESTIMENTO EM PARTICIPAÇÕES INFRAESTRUTURA RESPONSABILIDADE LIMITADA;;Em Funcionamento Normal;2021-04-22;2025-06-25;2026-05-01;2027-04-30;863067973.87;2025-04-30;GUSTAVO COTTA PIERSANTI;59281253000123;BTG PACTUAL SERVIÇOS FINANCEIROS S/A DTVM;PJ;07625159000140;BTG PACTUAL GESTORA DE INVESTIMENTOS ALTERNATIVOS LTDA.
4970;41063642000117;121077;2021-04-23;2021-04-23;FIP;PERFIN WATERS ADVISORY FUNDO DE INVESTIMENTO EM PARTICIPAÇÕES EM INFRAESTRUTURA;2021-07-22;Cancelado;2021-07-22;;;;;;ALLAN HADID;59281253000123;BTG PACTUAL SERVIÇOS FINANCEIROS S/A DTVM;PJ;04232804000177;PERFIN INFRA ADMINISTRAÇÃO DE RECURSOS
4975;41082947000176;121072;2021-04-19;2021-04-19;FIP;VINCI INFRAESTRUTURA ÁGUA E SANEAMENTO STRATEGY FIP EM INFRAESTRUTURA RESPONSABILIDADE LIMITADA;;Em Funcionamento Normal;2021-09-14;2025-06-18;2026-03-01;2027-02-28;438343689.76;2025-04-30;GUSTAVO COTTA PIERSANTI;59281253000123;BTG PACTUAL SERVIÇOS FINANCEIROS S/A DTVM;PJ;20859417000111;VINCI INFRAESTRUTURA GESTORA DE RECURSOS LTDA.
4987;41185259000131;121076;2021-04-22;2021-04-22;FIP;PERFIN MERCURY WATERS FUNDO DE INVESTIMENTO EM PARTICIPAÇÕES EM INFRAESTRUTURA;2021-07-22;Cancelado;2021-07-22;;;;;;ALLAN HADID;59281253000123;BTG PACTUAL SERVIÇOS FINANCEIROS S/A DTVM;PJ;04232804000177;PERFIN INFRA ADMINISTRAÇÃO DE RECURSOS
4989;41195840000134;121139;2021-06-24;2021-02-17;FIP;SOLAR FUNDO DE INVESTIMENTO EM PARTICIPAÇÕES EM INFRAESTRUTURA EM LIQUIDAÇÃO;;Em Liquidação;2026-03-24;2025-04-30;2026-03-01;2027-02-28;321327346.86;2024-12-31;DOUGLAS FABRES PEZZIN;40888143000104;GV ATACAMA CAPITAL LTDA;PJ;40888143000104;GV ATACAMA CAPITAL LTDA
5028;41545186000141;121290;2021-11-08;2021-02-17;FIP;WAVE FUNDO DE INVESTIMENTO EM  PARTICIPAÇÕES EM INFRAESTRUTURA;;Em Funcionamento Normal;2021-11-30;2025-04-04;2026-03-01;2027-02-28;1034340.90;2025-04-30;DOUGLAS FABRES PEZZIN;40888143000104;GV ATACAMA CAPITAL LTDA;PJ;40888143000104;GV ATACAMA CAPITAL LTDA
5041;41714441000132;121283;2021-11-03;2021-10-22;FIP;AZEVEDO & TRAVASSOS INFRAESTRUTURA I FUNDO DE INVESTIMENTO EM PARTICIPAÇÕES;;Em Funcionamento Normal;2021-12-29;2024-08-14;2026-04-01;2027-03-31;83382281.21;2024-08-31;CLAUDIA SIOLA CIANFARAN;00806535000154;PLANNER CORRETORA DE VALORES S.A.;PJ;11402234000181;4I CAPITAL LTDA
5084;42196130000191;121315;2021-11-26;2021-11-25;FIP;ABADIA FUNDO DE INVESTIMENTO EM  PARTICIPAÇÕES EM INFRAESTRUTURA;2024-09-27;Cancelado;2024-09-27;;;;0.00;2023-04-30;RAMON PESSOA DANTAS;23863529000134;CBSF TRUST ADMINISTRADORA DE RECURSOS LTDA.;PJ;23863529000134;CBSF TRUST ADMINISTRADORA DE RECURSOS LTDA.
5128;42736004000182;121367;2021-12-29;2021-07-05;FIP;PCS II COSTA ESMERALDA FUNDO DE INVESTIMENTO EM PARTICIPAÇÕES INFRAESTRUTURA;;Em Funcionamento Normal;2022-08-11;2024-10-30;2026-01-01;2026-12-31;11128956.84;2025-08-31;ANA RACY PARENTE;32582247000150;FIDD ADMINISTRAÇÃO DE RECURSOS LTDA;PJ;53184854000131;PRISMA PRIVATE EQUITY LTDA.
5133;42754352000182;123071;2023-04-04;2023-04-04;FIP;KINEA EQUITY INFRA I PRIVATE FIP EM INFRAESTRUTURA RESPONSABILIDADE LIMITADA;;Em Funcionamento Normal;2023-10-05;2023-10-05;2026-04-01;2027-03-31;166389371.04;2024-08-31;ROBERTA ANCHIETA DA SILVA;62418140000131;INTRAG DTVM LTDA.;PJ;04661817000161;KINEA PRIVATE EQUITY INVESTIMENTOS S/A
5133;42754352000182;123071;2023-04-04;2023-04-04;FIP;KINEA EQUITY INFRA I PRIVATE FIP EM INFRAESTRUTURA RESPONSABILIDADE LIMITADA;;Em Funcionamento Normal;2023-10-05;2023-10-05;2026-04-01;2027-03-31;166389371.04;2024-08-31;ROBERTA ANCHIETA DA SILVA;62418140000131;INTRAG DTVM LTDA.;PJ;08604187000144;KINEA INVESTIMENTOS LTDA.
5141;42847106000175;122025;2022-01-28;2022-01-28;FIP;VINCI INFRAESTRUTURA TRANSPORTE E LOGÍSTICA FIP MULTIESTRATÉGIA RESPONSABILIDADE LIMITADA;;Em Funcionamento Normal;2022-05-18;2025-06-18;2026-03-01;2027-02-28;17622373.58;2025-04-30;GUSTAVO COTTA PIERSANTI;59281253000123;BTG PACTUAL SERVIÇOS FINANCEIROS S/A DTVM;PJ;20859417000111;VINCI INFRAESTRUTURA GESTORA DE RECURSOS LTDA.
5144;42847153000119;121345;2021-12-09;2021-12-08;FIP;NAVI ENERGIAS SUSTENTÁVEIS FIP EM INFRAESTRUTURA - IS - RESPONSABILIDADE LIMITADA;;Em Funcionamento Normal;2022-03-17;2025-06-06;2026-04-01;2027-03-31;64357229.48;2025-04-30;GUSTAVO COTTA PIERSANTI;59281253000123;BTG PACTUAL SERVIÇOS FINANCEIROS S/A DTVM;PJ;34745508000130;NAVI YIELD - ADMINISTRADORA E GESTORA DE RECURSOS FINANCEIROS LTDA.
5148;42847217000181;122072;2022-03-17;2022-03-17;FIP;VINCI INFRAESTRUTURA TRANSPORTE E LOGÍTISCA II FUNDO DE INVESTIMENTO EM PARTICIPAÇÕES EM INFRA;2024-10-18;Cancelado;2024-10-18;;;;;;GUSTAVO COTTA PIERSANTI;59281253000123;BTG PACTUAL SERVIÇOS FINANCEIROS S/A DTVM;PJ;20859417000111;VINCI INFRAESTRUTURA GESTORA DE RECURSOS LTDA.
5159;42923063000160;121308;2021-11-24;2021-07-05;FIP;JATOBÁ FUNDO DE INVESTIMENTO EM PARTICIPAÇÕES EM  INFRAESTRUTURA;;Em Funcionamento Normal;2021-12-29;2024-11-18;2026-01-01;2026-12-31;70614629.55;2025-04-30;JOSE WALTER LUCAS;23025053000162;APEX GROUP INVESTIMENTOS LTDA.;PJ;30193431000182;ENGEFORM GESTÃO DE RECURSOS LTDA.
5180;43106883000121;122059;2022-03-15;2021-07-22;FIP;DAEMON HEMERA WTZ FUNDO DE INVESTIMENTO EM PARTICIPAÇÕES EM INFRAESTRUTURA ESG;2022-10-24;Cancelado;2022-10-24;;;;;;DANILO CHRISTÓFARO BARBIERI;23025053000162;APEX GROUP INVESTIMENTOS LTDA.;PJ;10865161000100;DAEMON INVESTIMENTOS LTDA.
5192;43236479000172;121214;2021-08-26;2021-08-18;FIP;ARIEN ENERGY VENTURES I FUNDO DE INVESTIMENTO EM PARTICIPAÇÕES EM INFRAESTRUTURA RESP LIMITADA;;Em Liquidação;2026-05-21;2025-06-30;2026-04-01;2027-03-31;6553378.16;2025-04-30;DAVID ROSSET;16695922000109;ID CORRETORA DE TITULOS E VALORES MOBILIARIOS S.A.;PJ;35255886000107;BPS CAPITAL GESTORA DE RECURSOS LTDA.
5208;43619322000126;121291;2021-11-09;2021-09-14;FIP;ELEA INFRAESTRUTURA - FUNDO DE INVESTIMENTO EM PARTICIPAÇÕES MULTIESTRATÉGIA;;Em Funcionamento Normal;2022-01-19;2025-10-01;2026-01-01;2026-12-31;143148319.71;2025-04-30;FABIO MAEYAMA;18313996000150;TMF BRASIL SERVICOS DE ADMINISTRACAO DE FUNDOS LTDA;PJ;18313996000150;TMF BRASIL SERVICOS DE ADMINISTRACAO DE FUNDOS LTDA
5221;43825544000103;121370;2021-12-29;2021-09-28;FIP;SERRA EÓLICA FUNDO DE INVESTIMENTO EM PARTICIPAÇÕES EM INFRAESTRUTURA;;Em Funcionamento Normal;2021-12-31;2024-11-21;2026-01-01;2026-12-31;606980931.68;2025-04-30;JOSE WALTER LUCAS;23025053000162;APEX GROUP INVESTIMENTOS LTDA.;PJ;30193431000182;ENGEFORM GESTÃO DE RECURSOS LTDA.
5258;44345686000128;121324;2021-11-30;2021-11-18;FIP;BEP ENERGIA FUNDO DE INVESTIMENTO EM PARTICIPAÇÕES  EM INFRAESTRUTURA;;Em Funcionamento Normal;2024-01-12;2024-04-22;2026-03-01;2027-02-28;722351.29;2024-08-31;SERGIO RICARDO QUINTELLA;42039298000193;MF PEPPER SERVIÇOS FINANCEIROS LTDA.;PJ;39526263000174;PATAGÔNIA CAPITAL GESTORA DE RECURSOS LTDA.
5277;44466492000180;122050;2022-03-02;2021-11-29;FIP;XP INFRA IV FUNDO DE INVESTIMENTO EM PARTICIPAÇÕES EM INFRAESTRUTURA;;Em Funcionamento Normal;2022-08-22;2025-06-27;2026-01-01;2026-12-31;319644057.41;2025-04-30;LIZANDRO SOMMER ARNONI;02332886000104;XP INVESTIMENTOS CCTVM S.A.;PJ;16789525000198;XP VISTA ASSET MANAGEMENT LTDA.
5294;44603155000198;122238;2022-09-27;2021-06-10;FIP;RZK ENERGIA FUNDO DE INVESTIMENTO EM PARTICIPAÇÕES INFRAESTRUTURA MULTIESTRATÉGIA;;Em Funcionamento Normal;2022-09-30;2025-06-20;2026-04-01;2027-03-31;353305047.23;2025-04-30;CLAUDIA SIOLA CIANFARAN;00806535000154;PLANNER CORRETORA DE VALORES S.A.;PJ;34989998000110;ERFOLG GESTORA DE RECURSOS S/A
5330;45144609000172;122156;2022-06-24;2022-06-24;FIP;MAV ENERGY FUNDO DE INVESTIMENTO EM PARTICIPAÇÕES EM INFRAESTRUTURA;2024-06-13;Cancelado;2024-06-13;;2025-04-01;2026-03-31;487157.13;2023-09-30;ERICK WARNER DE CARVALHO;62232889000190;BANCO DAYCOVAL S.A.;PJ;43705850000106;VINCI MAV GESTORA DE RECURSOS LTDA.
5333;45146203000129;122139;2022-06-08;2022-06-08;FIP;NOBEL SUSTAINABILITY BRAZIL FUNDO DE INVESTIMENTO EM PARTICIPAÇÕES EM INFRAESTRUTURA;2022-09-14;Cancelado;2022-09-14;;;;;;ALLAN HADID;59281253000123;BTG PACTUAL SERVIÇOS FINANCEIROS S/A DTVM;PJ;43406559000129;TORRE DE MARFIM ASSET LTDA
5338;45147035000196;122155;2022-06-23;2022-06-23;FIP;ROAD FUNDO DE INVESTIMENTO EM PARTICIPAÇÕES EM INFRAESTRUTURA RESPONSABILIDADE LIMITADA;;Em Funcionamento Normal;2022-06-29;2025-06-25;2026-05-01;2027-04-30;842639473.11;2025-04-30;GUSTAVO COTTA PIERSANTI;59281253000123;BTG PACTUAL SERVIÇOS FINANCEIROS S/A DTVM;PJ;07625159000140;BTG PACTUAL GESTORA DE INVESTIMENTOS ALTERNATIVOS LTDA.
5340;45163780000129;122144;2022-06-13;2022-06-13;FIP;FUNDO DE INVESTIMENTO EM PARTICIPAÇÕES EM INFRAESTRUTURA SOLAR II RESPONSABILIDADE LIMITADA;;Em Funcionamento Normal;2022-10-05;2025-07-01;2026-03-01;2027-02-28;233447399.58;2025-04-30;GUSTAVO COTTA PIERSANTI;59281253000123;BTG PACTUAL SERVIÇOS FINANCEIROS S/A DTVM;PJ;10594490000155;CASAFORTE INVESTIMENTOS S.A.
5370;45829737000150;122166;2022-07-01;2022-03-23;FIP;CLASSE A INFRAESTRUTURA RESP LIMITADA DO PÁTRIA INFRAESTRUTURA ENERGIA RENDA CORE FIP EM INFRA;;Em Funcionamento Normal;2022-08-03;2024-09-20;2026-03-01;2027-02-28;720091182.18;2024-08-31;CINTIA SANT'ANA DE OLIVEIRA;45246410000155;BANCO GENIAL S.A.;PJ;12461756000117;PÁTRIA INVESTIMENTOS LTDA.
5391;46247083000119;122124;2022-05-16;2022-04-19;FIP;RIVER FUNDO DE INVESTIMENTO EM PARTICIPAÇÕES EM INFRAESTRUTURA RESPONSABILIDADE LIMITADA;;Em Funcionamento Normal;2022-05-19;2025-05-16;2026-04-01;2027-03-31;155465844.48;2025-04-30;JOSE WALTER LUCAS;23025053000162;APEX GROUP INVESTIMENTOS LTDA.;PJ;23025053000162;APEX GROUP INVESTIMENTOS LTDA.
5406;46323212000100;122194;2022-07-29;2022-04-26;FIP;DOJO GRU IV FUNDO DE INVESTIMENTOS EM PARTICIPAÇÕES EM INFRAESTRUTURA;;Em Funcionamento Normal;2022-08-16;2025-06-30;2026-01-01;2026-12-31;109365.64;2025-04-30;FELIPE SUZANO ALMEIDA MAGALHÃES;05946654000126;AGUILA CAPITAL ADMINISTRAÇÃO E GESTÃO DE CAPITAIS LTDA.;PJ;38183509000190;DOJO CAPITAL INVESTIMENTOS ADMINISTRADORA DE CARTEIRAS DE RECURSOS E CONSULTORIA LTDA.
5408;46375247000193;122186;2022-07-22;2022-07-22;FIP;NM RZK ENERGIA FUNDO DE INVESTIMENTO EM PARTICIPAÇÕES EM INFRAESTRUTURA;;Em Funcionamento Normal;2022-09-30;2025-06-09;2026-04-01;2027-03-31;219099776.46;2025-04-30;GUSTAVO COTTA PIERSANTI;59281253000123;BTG PACTUAL SERVIÇOS FINANCEIROS S/A DTVM;PJ;12263316000155;NOVA MILANO INVESTIMENTOS LTDA
5413;46375484000154;122196;2022-08-01;2022-07-29;FIP;Perfin Voyager Fundo de Investimento em Participações em Infraestrutura;;Em Funcionamento Normal;2022-08-03;2024-12-02;2026-03-01;2027-02-28;1253875136.65;2024-12-31;GUSTAVO COTTA PIERSANTI;59281253000123;BTG PACTUAL SERVIÇOS FINANCEIROS S/A DTVM;PJ;04232804000177;PERFIN INFRA ADMINISTRAÇÃO DE RECURSOS
5419;46405812000118;122200;2022-08-10;2022-08-10;FIP;VALORA INFRA DÍVIDA FUNDO DE INVESTIMENTO EM PARTICIPAÇÕES EM INFRAESTRUTURA - FIP-IE RESP LIMITADA;;Em Funcionamento Normal;2022-09-27;2024-11-08;2026-01-01;2026-12-31;517783023.67;2024-08-31;ERICK WARNER DE CARVALHO;62232889000190;BANCO DAYCOVAL S.A.;PJ;07559989000117;VALORA IMOBILIÁRIO E INFRAESTRUTURA LTDA.
5461;47093536000162;122294;2022-11-18;2022-11-18;FIP;POLARIS 2 FUNDO DE INVESTIMENTO EM PARTICIPAÇÕES EM INFRAESTRUTURA;;Em Funcionamento Normal;2023-05-22;2025-06-02;2026-02-01;2027-01-31;90539521.11;2025-04-30;GUSTAVO COTTA PIERSANTI;59281253000123;BTG PACTUAL SERVIÇOS FINANCEIROS S/A DTVM;PJ;28153011000120;APOLO ADMINISTRACAO DE RECURSOS LTDA
5462;47093801000102;122237;2022-09-23;2022-09-23;FIP;OBB CAPITAL BRASIL SOLAR FUNDO DE INVESTIMENTO EM PARTICIPAÇÕES EM INFRAESTRUTURA;2023-08-22;Cancelado;2023-08-22;;;;;;GUSTAVO COTTA PIERSANTI;59281253000123;BTG PACTUAL SERVIÇOS FINANCEIROS S/A DTVM;PJ;42337065000177;PULSO INVESTIMENTOS LTDA
5463;47093821000183;122210;2022-08-24;2022-08-24;FIP;GRAFITO FUNDO DE INVESTIMENTO EM PARTICIPAÇÕES INFRAESTRUTURA RESPONSABILIDADE LIMITADA;;Em Funcionamento Normal;2023-02-14;2025-06-30;2026-03-01;2027-02-28;166416432.61;2025-04-30;GUSTAVO COTTA PIERSANTI;59281253000123;BTG PACTUAL SERVIÇOS FINANCEIROS S/A DTVM;PJ;15032609000110;STARBOARD ASSET LTDA.
5478;47279969000107;122324;2022-12-08;2022-12-08;FIP;VEGA SOLAR FUNDO DE INVESTIMENTO EM PARTICIPAÇÕES - INFRAESTRUTURA DE RESPONSABILIDADE LIMITADA;;Em Funcionamento Normal;2023-02-07;2025-06-23;2026-01-01;2026-12-31;29895159.17;2025-04-30;ERICK WARNER DE CARVALHO;62232889000190;BANCO DAYCOVAL S.A.;PJ;12600032000107;JIVE INVESTMENTS GESTÃO DE RECURSOS E CONSULTORIA S.A.
5505;47862302000132;122302;2022-12-01;2022-11-29;FIP;FUNDO DE INVESTIMENTO EM PARTICIPAÇÕES GD BRASIL SOLAR - INFRAESTRUTURA;;Em Funcionamento Normal;2022-12-02;2025-06-23;2026-01-01;2026-12-31;135969929.97;2025-04-30;GUSTAVO COTTA PIERSANTI;59281253000123;BTG PACTUAL SERVIÇOS FINANCEIROS S/A DTVM;PJ;45776352000171;VERTENTE CAPITAL GESTORA DE RECURSOS LTDA
5517;48015232000140;122284;2022-11-11;2022-09-13;FIP;FRAM CAPITAL LARSEN FUNDO DE INVESTIMENTO EM PARTICIPAÇÕES EM INFRAESTRUTURA;;Em Liquidação;2026-06-30;2025-06-30;2026-03-01;2027-02-28;3586399.04;2025-04-30;ARIANA RENATA PAVAN;13673855000125;OSLO DTVM;PJ;08157028000149;FRAM CAPITAL GESTÃO DE ATIVOS LTDA.
5519;48038397000137;123017;2023-02-01;2022-09-14;FIP;CAVALLIERI FUNDO DE INVESTIMENTO EM PARTICIPAÇÕES - INFRAESTRUTURA;;Em Funcionamento Normal;2023-02-10;2025-05-15;2026-04-01;2027-03-31;541830348.78;2025-04-30;ANA RACY PARENTE;32582247000150;FIDD ADMINISTRAÇÃO DE RECURSOS LTDA;PJ;32582247000150;FIDD ADMINISTRAÇÃO DE RECURSOS LTDA
5528;48253513000130;122356;2022-12-16;2022-10-05;FIP;GANA ASSET FUNDO DE INVESTIMENTO EM PARTICIPAÇÕES - INFRAESTRUTURA;2024-11-26;Cancelado;2024-11-26;;;;;;ANA RACY PARENTE;32582247000150;FIDD ADMINISTRAÇÃO DE RECURSOS LTDA;PJ;32582247000150;FIDD ADMINISTRAÇÃO DE RECURSOS LTDA
5571;49252656000190;123010;2023-01-19;2023-01-18;FIP;AZ QUEST INFRA YIELD FUNDO DE INVESTIMENTO EM PARTICIPAÇÕES EM INFRAESTRUTURA;;Em Funcionamento Normal;2023-03-03;2024-09-23;2026-03-01;2027-02-28;748565372.65;2025-08-31;LIZANDRO SOMMER ARNONI;02332886000104;XP INVESTIMENTOS CCTVM S.A.;PJ;50544038000101;AZ QUEST INFRA LTDA.
5572;49274036000152;123012;2023-01-20;2023-01-20;FIP;GDO FUNDO DE INVESTIMENTO EM PARTICIPAÇÕES INFRAESTRUTURA;;Em Funcionamento Normal;2023-02-15;2025-06-23;2026-01-01;2026-12-31;58584251.93;2025-04-30;CLAUDIA SIOLA CIANFARAN;00806535000154;PLANNER CORRETORA DE VALORES S.A.;PJ;10405423000145;REDWOOD ADMINISTRAÇÃO DE RECURSOS LTDA
5574;49343067000118;123014;2023-01-26;2023-01-26;FIP;BTG PACTUAL ENERGY DEBT FUNDO DE INVESTIMENTO EM PARTICIPAÇÕES EM INFRAESTRUTURA RESP LIMITADA;;Em Funcionamento Normal;2023-03-03;2025-06-27;2026-04-01;2027-03-31;580851489.64;2025-04-30;GUSTAVO COTTA PIERSANTI;59281253000123;BTG PACTUAL SERVIÇOS FINANCEIROS S/A DTVM;PJ;29650082000100;BTG PACTUAL ASSET MANAGEMENT S/A DTVM
5577;49430776000130;123018;2023-02-01;2023-01-31;FIP;BTG PACTUAL INFRAESTRUTURA III FEEDER FI EM PARTICIPAÇÕES MULTIESTRATÉGIA RESPONSABILIDADE LIMITADA;;Em Funcionamento Normal;2024-06-26;2025-05-02;2026-04-01;2027-03-31;47256326.07;2025-04-30;GUSTAVO COTTA PIERSANTI;59281253000123;BTG PACTUAL SERVIÇOS FINANCEIROS S/A DTVM;PJ;09631542000137;BTG PACTUAL GESTORA DE RECURSOS LTDA
5582;49619678000146;123025;2023-02-15;2023-02-15;FIP;GOLDEN GATE FUNDO DE INVESTIMENTO EM PARTICIPAÇÕES EM INFRAESTRUTURA;;Em Funcionamento Normal;2023-03-17;2025-06-25;2026-01-01;2026-12-31;79878647.04;2025-04-30;LIZANDRO SOMMER ARNONI;02332886000104;XP INVESTIMENTOS CCTVM S.A.;PJ;34848969000139;WEALTH HIGH GOVERNANCE CAPITAL LTDA.
5583;49628326000157;123026;2023-02-16;2023-02-16;FIP;BTG PACTUAL MAVERICK FIP EM INFRAESTRUTURA RESPONSABILIDADE LIMITADA;;Em Funcionamento Normal;2023-02-17;2025-06-13;2026-04-01;2027-03-31;117967077.08;2025-04-30;GUSTAVO COTTA PIERSANTI;59281253000123;BTG PACTUAL SERVIÇOS FINANCEIROS S/A DTVM;PJ;09631542000137;BTG PACTUAL GESTORA DE RECURSOS LTDA
5595;49750515000106;123037;2023-02-28;2023-02-28;FIP;VIA APPIA FUNDO DE INVESTIMENTO EM PARTICIPAÇÕES INFRAESTRUTURA - RESPONSABILIDADE LIMITADA;;Em Funcionamento Normal;2023-03-13;2024-07-18;2026-03-01;2027-02-28;1139239364.63;2024-08-31;GUSTAVO COTTA PIERSANTI;59281253000123;BTG PACTUAL SERVIÇOS FINANCEIROS S/A DTVM;PJ;15032609000110;STARBOARD ASSET LTDA.
5625;50135001000111;123067;2023-03-29;2023-03-29;FIP;TRIÂNGULO FUNDO DE INVESTIMENTO EM PARTICIPAÇÕES INFRAESTRUTURA RESPONSABILIDADE LIMITADA;;Em Funcionamento Normal;2023-12-11;2023-11-28;2026-01-01;2026-12-31;9233833.85;2024-08-31;RICARDO FUSCALDI DE FIGUEIREDO BAPTISTA;17595680000136;VÓRTX GRAFENO S.A.;PJ;01591499000111;TAG INVESTIMENTOS LTDA
5629;50216348000199;123072;2023-04-05;2023-04-04;FIP;NAVI ENERGIAS SUSTENTÁVEIS II FIP EM INFRAESTRUTURA - IS - RESPONSABILIDADE LIMITADA;;Em Funcionamento Normal;2023-05-11;2025-06-05;2026-04-01;2027-03-31;75718510.15;2025-04-30;GUSTAVO COTTA PIERSANTI;59281253000123;BTG PACTUAL SERVIÇOS FINANCEIROS S/A DTVM;PJ;34745508000130;NAVI YIELD - ADMINISTRADORA E GESTORA DE RECURSOS FINANCEIROS LTDA.
5639;50284286000152;123081;2023-04-12;2021-04-10;FIP;GALAPAGOS FOF INFRA FUNDO DE INVESTIMENTO EM PARTICIPAÇÕES EM INFRAESTRUTURA;2025-04-17;Cancelado;2025-04-17;2025-02-27;2025-04-01;2026-03-31;5311077.61;2024-12-31;DOUGLAS FABRES PEZZIN;40888143000104;GV ATACAMA CAPITAL LTDA;PJ;32706879000188;GALAPAGOS CAPITAL INVESTIMENTOS E PARTICIPAÇÕES LTDA.
5650;50382413000156;123091;2023-04-19;2023-04-19;FIP;Confrapar Vivaz Energia Fundo de Investimento em Participações em Infraestrutura;2023-08-25;Cancelado;2023-08-25;;;;;;CARLOS EDUARDO GUILLAUME SILVA;09015597000112;SPE CONFRAPAR ADMINISTRAÇÃO E GESTÃO DE RECURSOS S.A.;PJ;07492836000108;CONFRAPAR ADMINISTRAÇÃO E GESTÃO DE RECURSOS S/A
5652;50452988000106;123093;2023-04-26;2023-04-26;FIP;VILA RICA ENERGIA III FUNDO DE INVESTIMENTO EM PARTICIPAÇÕES EM INFRAESTRUTURA;2025-12-24;Cancelado;2025-12-24;;;;;;ROGÉRIO PENTEADO FELGUEIRAS;67030395000146;TRUSTEE DISTRIBUIDORA DE TITULOS E VALORES MOBILIARIOS LTDA.;PJ;14751574000106;VILA RICA CAPITAL GESTORA DE RECURSOS LTDA
5667;50642706000125;123108;2023-05-11;2023-05-11;FIP;DOJO RE FUNDO DE INVESTIMENTO EM PARTICIPAÇÕES INFRAESTRUTURA;;Em Funcionamento Normal;2023-09-20;2025-06-30;2026-01-01;2026-12-31;1421092.49;2025-04-30;FELIPE SUZANO ALMEIDA MAGALHÃES;05946654000126;AGUILA CAPITAL ADMINISTRAÇÃO E GESTÃO DE CAPITAIS LTDA.;PJ;38183509000190;DOJO CAPITAL INVESTIMENTOS ADMINISTRADORA DE CARTEIRAS DE RECURSOS E CONSULTORIA LTDA.
5693;51138700000188;123133;2023-06-21;2023-06-21;FIP;PÁTRIA INFRAESTRUTURA V FEEDER INSTITUCIONAL I FIP RESP LIMITADA;;Em Funcionamento Normal;2024-01-23;2025-06-23;2026-01-01;2026-12-31;4531422.78;2025-04-30;JOSE WALTER LUCAS;23025053000162;APEX GROUP INVESTIMENTOS LTDA.;PJ;12461756000117;PÁTRIA INVESTIMENTOS LTDA.
5705;51209718000123;123143;2023-06-27;2023-06-23;FIP;PÁTRIA INFRAESTRUTURA V FEEDER BRASIL FUNDO DE INVESTIMENTO EM PARTICIPAÇÕES MULTIESTRATÉGIA;;Em Funcionamento Normal;2024-01-26;2025-06-30;2026-01-01;2026-12-31;79545481.11;2025-04-30;LIZANDRO SOMMER ARNONI;02332886000104;XP INVESTIMENTOS CCTVM S.A.;PJ;12461756000117;PÁTRIA INVESTIMENTOS LTDA.
5709;51248141000169;123147;2023-06-30;2023-06-29;FIP;BTG PACTUAL INFRA DEBT FIP EM INFRAESTRUTURA RESPONSABILIDADE LIMITADA;;Em Funcionamento Normal;2023-07-28;2025-06-16;2026-02-01;2027-01-31;500326434.37;2025-04-30;GUSTAVO COTTA PIERSANTI;59281253000123;BTG PACTUAL SERVIÇOS FINANCEIROS S/A DTVM;PJ;29650082000100;BTG PACTUAL ASSET MANAGEMENT S/A DTVM
5716;51339815000130;123153;2023-07-07;2023-07-07;FIP;AVT LOG FUNDO DE INVESTIMENTO EM PARTICIPAÇÕES INFRAESTRUTURA;;Em Funcionamento Normal;2023-07-25;2025-06-30;2026-07-01;2027-06-30;81792663.77;2025-04-30;DAVID ROSSET;16695922000109;ID CORRETORA DE TITULOS E VALORES MOBILIARIOS S.A.;PJ;44615804000170;GESTORA DE RECURSOS ID - GRID LTDA
5723;51484496000157;123161;2023-07-19;2023-07-19;FIP;AZ QUEST INFRA-YIELD II FUNDO DE INVESTIMENTO  EM PARTICIPAÇÕES EM INFRAESTRUTURA;;Em Funcionamento Normal;2023-10-31;2023-10-17;2026-03-01;2027-02-28;241430549.36;2024-08-31;ERICK WARNER DE CARVALHO;62232889000190;BANCO DAYCOVAL S.A.;PJ;50544038000101;AZ QUEST INFRA LTDA.
5727;51504445000140;123164;2023-07-20;2023-07-20;FIP;PÁTRIA INFRAESTRUTURA V MASTER BRASIL FUNDO DE INVESTIMENTO EM PARTICIPAÇÕES;;Em Funcionamento Normal;2024-01-23;2025-06-27;2026-01-01;2026-12-31;369196666.39;2025-04-30;CINTIA SANT'ANA DE OLIVEIRA;45246410000155;BANCO GENIAL S.A.;PJ;12461756000117;PÁTRIA INVESTIMENTOS LTDA.
5738;51584344000126;123173;2023-07-27;2023-07-27;FIP;Natural Energia I Fundo de Investimento em Participações Infraestrutura;2023-12-13;Cancelado;2023-12-13;;;;;;ALEXANDRE GRAEVER;21046086000163;IDGR;PJ;48392176000162;NATURAL CAPITAL GESTÃO DE RECURSOS LTDA.
5768;51936286000152;123202;2023-08-24;2023-08-23;FIP;SOLAR GD 4M FUNDO DE INVESTIMENTO EM PARTICIPAÇÕES EM INFRAESTRUTURA;2024-01-24;Cancelado;2024-01-24;;;;;;DANILO CHRISTÓFARO BARBIERI;23025053000162;APEX GROUP INVESTIMENTOS LTDA.;PJ;23025053000162;APEX GROUP INVESTIMENTOS LTDA.
5779;52046107000174;123213;2023-09-01;2023-09-01;FIP;BOCAINA DÍVIDA I FUNDO DE INVESTIMENTO EM PARTICIPAÇÕES EM INFRAESTRUTURA RESPONSABILIDADE LIMITADA;;Em Funcionamento Normal;2024-03-25;2024-04-04;2026-03-01;2027-02-28;27403456.26;2024-12-31;ERICK WARNER DE CARVALHO;62232889000190;BANCO DAYCOVAL S.A.;PJ;38347420000111;BOCAINA CAPITAL GESTORA DE RECURSOS LTDA.
5787;52149451000199;123221;2023-09-12;2023-09-12;FIP;CONGEM I FUNDO DE INVESTIMENTO EM PARTICIPAÇÕES INFRAESTRUTURA;;Em Funcionamento Normal;2023-09-28;2025-06-20;2026-06-01;2027-05-31;42178603.37;2025-04-30;CLAUDIA SIOLA CIANFARAN;00806535000154;PLANNER CORRETORA DE VALORES S.A.;PJ;11402234000181;4I CAPITAL LTDA
5789;52171772000190;123223;2023-09-13;2023-09-13;FIP;CAROA FUNDO DE INVESTIMENTO EM PARTICIPAÇÕES EM INFRAESTRUTURA;;Em Funcionamento Normal;2023-12-26;2023-12-20;2026-01-01;2026-12-31;27060137.59;2025-04-30;LIZANDRO SOMMER ARNONI;02332886000104;XP INVESTIMENTOS CCTVM S.A.;PJ;37747986000178;MERCURIO GESTORA DE RECURSOS LTDA.
5790;52171797000193;123224;2023-09-13;2023-09-13;FIP;MERCURIO GF I FUNDO DE INVESTIMENTO EM PARTICIPAÇÕES EM INFRAESTRUTURA;;Em Funcionamento Normal;2023-12-20;2023-12-20;2026-01-01;2026-12-31;107922530.85;2025-04-30;LIZANDRO SOMMER ARNONI;02332886000104;XP INVESTIMENTOS CCTVM S.A.;PJ;37747986000178;MERCURIO GESTORA DE RECURSOS LTDA.
5791;52171799000182;123225;2023-09-13;2023-09-13;FIP;JERICO FUNDO DE INVESTIMENTO EM PARTICIPAÇÕES EM INFRAESTRUTURA;;Em Funcionamento Normal;2023-12-26;2023-12-20;2026-01-01;2026-12-31;304170255.92;2025-04-30;LIZANDRO SOMMER ARNONI;02332886000104;XP INVESTIMENTOS CCTVM S.A.;PJ;37747986000178;MERCURIO GESTORA DE RECURSOS LTDA.
5793;52171803000102;123227;2023-09-13;2023-09-13;FIP;CUMARU FUNDO DE INVESTIMENTO EM PARTICIPAÇÕES EM INFRAESTRUTURA;2026-01-08;Cancelado;2026-01-08;;;;;;LIZANDRO SOMMER ARNONI;02332886000104;XP INVESTIMENTOS CCTVM S.A.;PJ;02332886000104;XP INVESTIMENTOS CCTVM S.A.
5805;52281935000197;123238;2023-09-22;2023-09-22;FIP;PÁTRIA INFRAESTRUTURA V ADVISORY FUNDO DE INVESTIMENTO EM PARTICIPAÇÕES MULTIESTRATÉGIA;;Em Funcionamento Normal;2024-01-23;2025-06-30;2026-04-01;2027-03-31;304170255.92;2025-04-30;LIZANDRO SOMMER ARNONI;02332886000104;XP INVESTIMENTOS CCTVM S.A.;PJ;12461756000117;PÁTRIA INVESTIMENTOS LTDA.
5808;52338356000133;123242;2023-09-27;2023-09-26;FIP;PÁTRIA INFRAESTRUTURA V FEEDER IP LATAM - FIP MULT IE;2025-05-26;Cancelado;2025-05-26;;;;;;MARCELO VIEIRA FRANCISCO;23025053000162;APEX GROUP INVESTIMENTOS LTDA.;PJ;12461756000117;PÁTRIA INVESTIMENTOS LTDA.
5813;52363509000100;123246;2023-09-29;2023-09-29;FIP;BTG PACTUAL INFRAESTRUTURA III FUNDO DE INVESTIMENTO EM PARTICIPAÇÕES MULT RESPONSABILIDADE LIMITADA;;Em Funcionamento Normal;2024-07-11;2024-07-04;2026-04-01;2027-03-31;28560461.57;2024-08-31;GUSTAVO COTTA PIERSANTI;59281253000123;BTG PACTUAL SERVIÇOS FINANCEIROS S/A DTVM;PJ;09631542000137;BTG PACTUAL GESTORA DE RECURSOS LTDA
5818;52555065000105;123251;2023-10-17;2023-10-13;FIP;BOCAINA SANEAMENTO BÁSICO CRÉDITO FIP EM INFRAESTRUTURA - RESPONSABILIDADE LIMITADA;2025-07-29;Cancelado;2025-07-29;2023-10-17;;;;;ERICK WARNER DE CARVALHO;62232889000190;BANCO DAYCOVAL S.A.;PJ;38347420000111;BOCAINA CAPITAL GESTORA DE RECURSOS LTDA.
5822;52653794000196;123255;2023-10-24;2023-10-24;FIP;NATURAL CAPITAL INFRA FUNDO DE INVESTIMENTO EM PARTICIPAÇÕES EM INFRAESTRUTURA-RESPONSABILIDADE LTDA;;Em Funcionamento Normal;2023-10-27;2023-10-24;2026-04-01;2027-03-31;15165891.39;2024-08-31;GUSTAVO COTTA PIERSANTI;59281253000123;BTG PACTUAL SERVIÇOS FINANCEIROS S/A DTVM;PJ;48392176000162;NATURAL CAPITAL GESTÃO DE RECURSOS LTDA.
5826;52702039000154;123259;2023-10-27;2023-10-27;FIP;AZ QUEST INFRA-YIELD III FUNDO DE INVESTIMENTO EM PARTICIPAÇÕES EM INFRAESTRUTURA;;Em Funcionamento Normal;2023-11-30;2023-10-27;2025-12-01;2026-11-30;230161471.42;2024-08-31;GUSTAVO COTTA PIERSANTI;59281253000123;BTG PACTUAL SERVIÇOS FINANCEIROS S/A DTVM;PJ;50544038000101;AZ QUEST INFRA LTDA.
5830;52824996000153;123263;2023-11-08;2023-11-08;FIP;BOCAINA ENERGÉTICA CRÉDITO FIP EM INFRAESTRUTURA - RESPONSABILIDADE LIMITADA;;Em Funcionamento Normal;2024-02-20;2023-11-08;2026-03-01;2027-02-28;87403154.12;2024-08-31;ERICK WARNER DE CARVALHO;62232889000190;BANCO DAYCOVAL S.A.;PJ;38347420000111;BOCAINA CAPITAL GESTORA DE RECURSOS LTDA.
5838;52983240000157;123271;2023-11-23;2023-11-23;FIP;ALBA FUNDO DE INVESTIMENTO EM PARTICIPAÇÕES EM INFRAESTRUTURA;;Em Funcionamento Normal;2023-11-24;2023-11-23;2026-04-01;2027-03-31;23019990.00;2024-08-31;GUSTAVO COTTA PIERSANTI;59281253000123;BTG PACTUAL SERVIÇOS FINANCEIROS S/A DTVM;PJ;07625159000140;BTG PACTUAL GESTORA DE INVESTIMENTOS ALTERNATIVOS LTDA.
5905;53306139000124;123344;2023-12-26;2023-12-26;FIP;GERIBÁ MAIS ENERGIA II FUNDO DE INVESTIMENTO EM PARTICIPAÇÕES EM INFRAESTRUTURA;;Em Funcionamento Normal;2024-06-17;2023-12-26;2026-04-01;2027-03-31;5949208.73;2024-08-31;JOSE WALTER LUCAS;23025053000162;APEX GROUP INVESTIMENTOS LTDA.;PJ;10467534000186;GERIBÁ INVESTIMENTOS LTDA
5908;53306430000100;123347;2023-12-26;2023-12-26;FIP;SOLAR 4M GD 1 FUNDO DE INVESTIMENTO EM PARTICIPAÇÕES EM INFRAESTRUTURA;;Em Funcionamento Normal;2024-01-19;2023-12-26;2026-04-01;2027-03-31;4640805.61;2024-08-31;GUSTAVO COTTA PIERSANTI;59281253000123;BTG PACTUAL SERVIÇOS FINANCEIROS S/A DTVM;PJ;49709341000120;NAJAH GESTÃO DE RECURSOS LTDA.
5910;53312828000141;123350;2023-12-27;2023-12-27;FIP;SKJR FUNDO DE INVESTIMENTO EM PARTICIPAÇÕES INFRAESTRUTURA RESPONSABILIDADE LIMIITADA;;Em Funcionamento Normal;2024-03-22;2023-12-27;2026-01-01;2026-12-31;30959588.57;2024-08-31;CLAUDIA SIOLA CIANFARAN;00806535000154;PLANNER CORRETORA DE VALORES S.A.;PJ;10405423000145;REDWOOD ADMINISTRAÇÃO DE RECURSOS LTDA
5915;53319312000129;123359;2023-12-28;2023-12-26;FIP;FRAM CAPITAL MARAPÉ II FUNDO DE INVESTIMENTO EM PARTICIPAÇÕES EM INFRAESTRUTURA;;Em Liquidação;2026-07-03;2023-12-28;2026-03-01;2027-02-28;36436091.28;2024-08-31;ARIANA RENATA PAVAN;13673855000125;OSLO DTVM;PJ;08157028000149;FRAM CAPITAL GESTÃO DE ATIVOS LTDA.
5927;53468219000186;124009;2024-01-11;2024-01-11;FIP;BTG PACTUAL ENERGY OPPORTUNITIES FUNDO DE INVESTIMENTO EM PARTICIPAÇÕES EM  INFRAESTRUTURA;;Em Funcionamento Normal;2024-01-31;2024-01-11;2026-02-01;2027-01-31;239173884.45;2024-08-31;GUSTAVO COTTA PIERSANTI;59281253000123;BTG PACTUAL SERVIÇOS FINANCEIROS S/A DTVM;PJ;29650082000100;BTG PACTUAL ASSET MANAGEMENT S/A DTVM
5930;53537278000169;124012;2024-01-17;2024-01-16;FIP;POLUX FUNDO DE INVESTIMENTO EM PARTICIPAÇÕES EM INFRAESTRUTURA;;Em Funcionamento Normal;2024-01-29;2024-01-29;2026-01-01;2026-12-31;29627607.26;2024-08-31;DOUGLAS FABRES PEZZIN;40888143000104;GV ATACAMA CAPITAL LTDA;PJ;48392830000138;BLUEOAK INVESTMENTS ASSET LTDA.
5944;53829114000105;124025;2024-02-06;2024-02-06;FIP;EV ENERGIA FUNDO DE INVESTIMENTO EM PARTICIPAÇÕES EM INFRAESTRUTURA RESPONSABILIDADE LIMITADA;;Em Liquidação;2026-02-25;2024-02-06;2026-04-01;2027-03-31;41610348.46;2024-08-31;GUSTAVO COTTA PIERSANTI;59281253000123;BTG PACTUAL SERVIÇOS FINANCEIROS S/A DTVM;PJ;32288914000196;EUQUEROINVESTIR GESTÃO DE RECURSOS LTDA
5985;54511022000145;124069;2024-03-28;2024-03-28;FIP;AZ QUEST INFRA-YIELD IV FUNDO DE INVESTIMENTO EM PARTICIPAÇÕES EM INFRAESTRUTURA;;Em Funcionamento Normal;2024-05-03;2024-03-28;2026-04-01;2027-03-31;153129972.83;2024-08-31;GUSTAVO COTTA PIERSANTI;59281253000123;BTG PACTUAL SERVIÇOS FINANCEIROS S/A DTVM;PJ;50544038000101;AZ QUEST INFRA LTDA.
6037;55067199000167;124122;2024-05-09;2024-05-09;FIP;RIZA AÉRAS TRANSIÇÃO ENERGÉTICA FIP EM INFRAESTRUTURA DE RESPONSABILIDADE LIMITADA;;Fase Pré-Operacional;2024-05-09;2024-05-09;;;;;CINTIA SANT'ANA DE OLIVEIRA;45246410000155;BANCO GENIAL S.A.;PJ;47138945000138;RIZA ALLOCATION GESTORA DE RECURSOS LTDA
6039;55087978000124;124125;2024-05-10;2024-05-10;FIP;G5 PE INFRA I FUNDO DE INVESTIMENTO EM PARTICIPAÇÕES EM INFRAESTRUTURA;;Em Funcionamento Normal;2024-06-26;2024-06-27;2026-06-01;2027-05-31;4626938.17;2024-08-31;DOUGLAS FABRES PEZZIN;40888143000104;GV ATACAMA CAPITAL LTDA;PJ;09446129000100;G5 ADMINISTRADORA DE RECURSOS LTDA.
6054;55250326000169;125013;2025-01-16;2024-05-23;FIP;G5 PE INFRA FUNDO DE INVESTIMENTO EM PARTICIPAÇÕES EM INFRAESTRUTURA;2025-11-06;Cancelado;2025-11-06;2025-01-16;;;;;DOUGLAS FABRES PEZZIN;40888143000104;GV ATACAMA CAPITAL LTDA;PJ;09446129000100;G5 ADMINISTRADORA DE RECURSOS LTDA.
6056;55258886000160;124141;2024-05-23;2024-05-23;FIP;INFRA MARKETS FUNDO DE INVESTIMENTO EM PARTICIPAÇÕES EM INFRAESTRUTURA;2026-08-26;Cancelado;2026-08-26;2024-05-23;;;;;LIZANDRO SOMMER ARNONI;02332886000104;XP INVESTIMENTOS CCTVM S.A.;PJ;41475648000100;CAPITÂNIA ALTERNATIVES S/A
6058;55291703000108;124142;2024-05-27;2024-05-27;FIP;COPÉRNICO FI EM PARTICIPAÇÕES EM INFRAESTRUTURA CLASSE A INFRAESTRUTURA RESP LIMITADA;;Em Funcionamento Normal;2024-07-31;2024-05-27;2026-04-01;2027-03-31;239496119.09;2024-08-31;MARCIO AURELIO DE NOBREGA;65913436000117;SAFRA ASSET CORRETORA DE TÍTULOS E VALORES MOBILIÁRIOS S.A.;PJ;65913436000117;SAFRA ASSET CORRETORA DE TÍTULOS E VALORES MOBILIÁRIOS S.A.
6069;55430054000189;124153;2024-06-06;2024-06-06;FIP;RIZA DELPHI FUNDO DE INVESTIMENTO EM PARTICIPAÇÕES EM INFRAESTRUTURA;;Em Funcionamento Normal;2024-07-25;2024-06-06;2026-04-01;2027-03-31;30598639.22;2024-08-31;CINTIA SANT'ANA DE OLIVEIRA;45246410000155;BANCO GENIAL S.A.;PJ;47138945000138;RIZA ALLOCATION GESTORA DE RECURSOS LTDA
6085;55536520000105;124169;2024-06-14;2024-06-14;FIP;WATER FUNDO DE INVESTIMENTO EM PARTICIPAÇÕES EM INFRAESTRUTURA;;Em Liquidação;2026-07-30;2024-06-14;2026-04-01;2027-03-31;969993.92;2024-08-31;GUSTAVO COTTA PIERSANTI;59281253000123;BTG PACTUAL SERVIÇOS FINANCEIROS S/A DTVM;PJ;07625159000140;BTG PACTUAL GESTORA DE INVESTIMENTOS ALTERNATIVOS LTDA.
6088;55594628000154;124172;2024-06-19;2024-06-19;FIP;AZ QUEST ENERGIA FUNDO DE INVESTIMENTO EM PARTICIPAÇÕES EM INFRAESTRUTURA;;Em Funcionamento Normal;2024-11-12;2024-06-19;2026-04-01;2027-03-31;;;ERICK WARNER DE CARVALHO;62232889000190;BANCO DAYCOVAL S.A.;PJ;50544038000101;AZ QUEST INFRA LTDA.
6131;55993374000147;124215;2024-07-18;2024-07-18;FIP;PERFIN SPECIAL OPPORTUNITIES 5 FUNDO DE INVESTIMENTO EM PARTICIPAÇÕES INFRAESTRUTURA;;Em Funcionamento Normal;2024-08-07;2024-07-18;2026-03-01;2027-02-28;632118.29;2024-08-31;GUSTAVO COTTA PIERSANTI;59281253000123;BTG PACTUAL SERVIÇOS FINANCEIROS S/A DTVM;PJ;04232804000177;PERFIN INFRA ADMINISTRAÇÃO DE RECURSOS
6134;56101373000103;124218;2024-07-26;2024-07-25;FIP;BRASIL GD INFRA FUNDO DE INVESTIMENTO EM PARTICIPAÇÕES EM INFRAESTRUTURA RESPONSABILIDADE LIMITADA;;Em Funcionamento Normal;2024-10-04;2024-07-26;2026-04-01;2027-03-31;;;EDSON ARCHELA;28376231000113;LAD CAPITAL GESTORA DE RECURSOS LTDA;PJ;28376231000113;LAD CAPITAL GESTORA DE RECURSOS LTDA
6145;56248822000140;124229;2024-08-03;2024-08-02;FIP;4UM FUNDO DE INVESTIMENTO EM PARTICIPAÇÕES EM INFRAESTRUTURA DE RESPONSABILIDADE LIMITADA I;;Em Funcionamento Normal;2024-10-25;2024-08-03;2026-05-01;2027-04-30;0.00;2024-08-31;LUCIANO COELHO DE MAGALHÃES NETTO;76621457000185;4UM DTVM S.A.;PJ;03983856000112;4UM GESTÃO DE RECURSOS LTDA.
6172;56873069000184;124255;2024-08-16;2024-08-15;FIP;EV ENERGIA FI EM COTAS DE FUNDOS DE INVESTIMENTO EM  PARTICIPAÇÕES EM INFRAESTRUTURA;;Em Liquidação;2026-02-25;2024-08-16;2026-05-01;2027-04-30;;;GUSTAVO COTTA PIERSANTI;59281253000123;BTG PACTUAL SERVIÇOS FINANCEIROS S/A DTVM;PJ;32288914000196;EUQUEROINVESTIR GESTÃO DE RECURSOS LTDA
6175;56915923000128;124258;2024-08-19;2024-08-19;FIP;G5 ALLOCATION FUNDO DE INVESTIMENTO EM PARTICIPAÇÕES - INFRAESTRUTURA I - RESPONSABILIDADE LIMITADA;;Em Funcionamento Normal;2024-10-25;2024-08-19;2026-05-01;2027-04-30;;;DOUGLAS FABRES PEZZIN;40888143000104;GV ATACAMA CAPITAL LTDA;PJ;09446129000100;G5 ADMINISTRADORA DE RECURSOS LTDA.
6176;56915977000193;124259;2024-08-19;2024-08-19;FIP;G5 ALLOCATION FUNDO DE INVESTIMENTO EM PARTICIPAÇÕES - INFRAESTRUTURA II - RESPONSABILIDADE LIMITADA;;Em Funcionamento Normal;2024-10-25;2024-08-19;2026-05-01;2027-04-30;;;DOUGLAS FABRES PEZZIN;40888143000104;GV ATACAMA CAPITAL LTDA;PJ;09446129000100;G5 ADMINISTRADORA DE RECURSOS LTDA.
6177;56915993000186;124260;2024-08-19;2024-08-19;FIP;G5 ALLOCATION FUNDO DE INVESTIMENTO EM PARTICIPAÇÕES - INFRAESTRUTURA III RESPONSABILIDADE LIMITADA;;Em Funcionamento Normal;2024-10-25;2024-08-19;2026-05-01;2027-04-30;;;DOUGLAS FABRES PEZZIN;40888143000104;GV ATACAMA CAPITAL LTDA;PJ;09446129000100;G5 ADMINISTRADORA DE RECURSOS LTDA.
6182;56958829000156;124265;2024-08-21;2024-08-21;FIP;NAVI INFRA FUNDO DE INVESTIMENTO EM PARTICIPAÇÕES EM INFRAESTRUTURA RESPONSABILIDADE LIMITADA;;Em Funcionamento Normal;2024-12-04;2024-08-21;2025-10-01;2026-09-30;;;LIZANDRO SOMMER ARNONI;02332886000104;XP INVESTIMENTOS CCTVM S.A.;PJ;34745508000130;NAVI YIELD - ADMINISTRADORA E GESTORA DE RECURSOS FINANCEIROS LTDA.
6195;57088683000106;124279;2024-08-30;2024-08-29;FIP;H2 DIGITAL INFRA FIBER N FUNDO DE INVESTIMENTO EM PARTICIPAÇÕES EM INFRAESTRUTURA - RESP LIMITADA;;Em Funcionamento Normal;2026-03-04;2024-08-30;2026-03-04;2027-01-31;;;ERICK WARNER DE CARVALHO;62232889000190;BANCO DAYCOVAL S.A.;PJ;45537532000109;H2 ASSET MANAGEMENT LTDA
6241;57473619000130;124328;2024-09-27;2024-09-27;FIP;KINEA ESTRATÉGIA INFRA CDI FUNDO DE INVESTIMENTO EM PARTICIPAÇÕES EM INFRAESTRUTURA RESP LIMITADA;;Em Funcionamento Normal;2024-11-06;2024-09-27;2026-07-01;2027-06-30;;;ROBERTA ANCHIETA DA SILVA;62418140000131;INTRAG DTVM LTDA.;PJ;08604187000144;KINEA INVESTIMENTOS LTDA.
6246;57553229000170;124333;2024-10-03;2024-10-01;FIP;MAM ALTIS ENERGY FUNDO DE INVESTIMENTO EM PARTICIPAÇÕES EM INFRAESTRUTURA RESPONSABILIDADE LIMITADA;;Fase Pré-Operacional;2024-10-03;2024-10-03;;;;;RICARDO FUSCALDI DE FIGUEIREDO BAPTISTA;17595680000136;VÓRTX GRAFENO S.A.;PJ;21180163000173;MAM ASSET MANAGEMENT GESTORA DE RECURSOS LTDA.
6254;57660341000100;124341;2024-10-11;2024-10-11;FIP;ENGEFORM INFRA I FUNDO DE INVESTIMENTO EM PARTICIPAÇÕES EM INFRAESTRUTURA RESPONSABILIDADE LIMITADA;;Em Funcionamento Normal;2025-01-03;2024-10-11;2026-01-01;2026-12-31;;;JOSE WALTER LUCAS;23025053000162;APEX GROUP INVESTIMENTOS LTDA.;PJ;30193431000182;ENGEFORM GESTÃO DE RECURSOS LTDA.
6264;57738201000108;124351;2024-10-17;2024-10-17;FIP;AZ QUEST INFRA-YIELD V FUNDO DE INVESTIMENTO EM PARTICIPAÇÕES EM  INFRAESTRUTURA;;Em Funcionamento Normal;2024-12-05;2024-10-17;2026-04-01;2027-03-31;;;GUSTAVO COTTA PIERSANTI;59281253000123;BTG PACTUAL SERVIÇOS FINANCEIROS S/A DTVM;PJ;50544038000101;AZ QUEST INFRA LTDA.
6265;57738760000118;124352;2024-10-17;2024-10-17;FIP;G5 RIZA DELPHI FUNDO DE INVESTIMENTO EM PARTICIPAÇÕES EM INFRAESTRUTURA;;Em Funcionamento Normal;2024-10-28;2024-10-17;2026-04-01;2027-03-31;;;CINTIA SANT'ANA DE OLIVEIRA;27652684000162;GENIAL INVESTIMENTOS CORRETORA DE VALORES MOBILIÁRIOS S.A.;PJ;57799384000171;RIZA INFRAESTRUTURA GESTORA DE RECURSOS LTDA.
6266;57752820000157;124353;2024-10-18;2024-10-18;FIP;4UM INFRA SOCIAL FUNDO DE INVESTIMENTO EM PARTICIPAÇÕES EM INFRAESTRUTURA DE RESPONSABILIDADE LIMITA;;Em Funcionamento Normal;2025-10-31;2024-10-18;2026-05-01;2027-04-30;;;LUCIANO COELHO DE MAGALHÃES NETTO;76621457000185;4UM DTVM S.A.;PJ;03983856000112;4UM GESTÃO DE RECURSOS LTDA.
6306;58308517000122;124392;2024-12-02;2024-11-29;FIP;ALLIGATOR FUNDO DE INVESTIMENTO EM PARTICIPAÇÕES INFRAESTRUTURA - RESPONSABILIDADE LIMITADA;;Em Funcionamento Normal;2025-03-24;2024-12-02;2026-02-01;2027-01-31;;;FABIO MAEYAMA;18313996000150;TMF BRASIL SERVICOS DE ADMINISTRACAO DE FUNDOS LTDA;PJ;08204817000193;DRYS CAPITAL LTDA
6307;58308716000130;124393;2024-12-02;2024-11-29;FIP;CLASSE C DO ATLAS INFRAESTRUTURA EDUCACIONAL FIP EM INFRAESTRUTURA;;Fase Pré-Operacional;2024-12-02;2024-12-02;;;;;FABIO MAEYAMA;18313996000150;TMF BRASIL SERVICOS DE ADMINISTRACAO DE FUNDOS LTDA;PJ;18313996000150;TMF BRASIL SERVICOS DE ADMINISTRACAO DE FUNDOS LTDA
6322;58364202000100;124407;2024-12-05;2024-12-05;FIP;BTG PACTUAL COINVESTIMENTO CRÉDITO FI EM PARTICIPAÇÕES INFRAESTRUTURA RESPONSABILIDADE LIMITADA;;Em Funcionamento Normal;2025-01-06;2024-12-05;2026-03-01;2027-02-28;;;GUSTAVO COTTA PIERSANTI;59281253000123;BTG PACTUAL SERVIÇOS FINANCEIROS S/A DTVM;PJ;29650082000100;BTG PACTUAL ASSET MANAGEMENT S/A DTVM
6324;58364474000100;124409;2024-12-05;2024-12-05;FIP;PERFIN INFRA II MASTER E INFRAESTRUTURA RESP LIMITADA FUNDO DE INVESTIMENTO EM PARTICIPAÇÕES;;Em Funcionamento Normal;2025-07-14;2024-12-05;2026-03-01;2027-02-28;;;ROBERTA ANCHIETA DA SILVA;62418140000131;INTRAG DTVM LTDA.;PJ;04232804000177;PERFIN INFRA ADMINISTRAÇÃO DE RECURSOS
6349;58529831000135;124436;2024-12-20;2024-12-20;FIP;KAMAI ENERGIA FUNDO DE INVESTIMENTO EM PARTICIPAÇÕES EM INFRAESTRUTURA - RESPONSABILIDADE LIMITADA;;Em Funcionamento Normal;2025-01-29;2024-12-20;2026-03-01;2027-02-28;;;MARIA CLARA GUIMARÃES GUSMÃO;18945670000146;INTER DISTRIBUIDORA DE TÍTULOS E VALORES MOBILIÁRIOS;PJ;39526263000174;PATAGÔNIA CAPITAL GESTORA DE RECURSOS LTDA.
6368;58587263000129;124456;2024-12-31;2024-12-30;FIP;JANGADA FUNDO DE INVESTIMENTO EM PARTICIPAÇÕES INFRAESTRUTURA RESPONSABILIDADE LIMITADA;;Em Funcionamento Normal;2024-12-31;2024-12-31;2026-05-01;2027-04-30;;;CINTIA SANT'ANA DE OLIVEIRA;27652684000162;GENIAL INVESTIMENTOS CORRETORA DE VALORES MOBILIÁRIOS S.A.;PJ;09630188000126;PLURAL INVESTIMENTOS GESTÃO DE RECURSOS LTDA.
6370;58602917000146;125002;2025-01-02;2024-12-31;FIP;LYON INFRA II FUNDO DE INVESTIMENTO EM PARTICIPAÇÕES EM INFRAESTRUTURA;2026-01-19;Cancelado;2026-01-19;2025-01-02;;;;;GUSTAVO COTTA PIERSANTI;59281253000123;BTG PACTUAL SERVIÇOS FINANCEIROS S/A DTVM;PJ;07625159000140;BTG PACTUAL GESTORA DE INVESTIMENTOS ALTERNATIVOS LTDA.
6373;58689064000121;125005;2025-01-08;2025-01-07;FIP;PERFIN INFRA II MASTER UV FUNDO DE INVESTIMENTO EM PARTICIPAÇÕES  INFRAESTRUTURA;;Em Funcionamento Normal;2025-06-18;2025-01-08;2026-03-01;2027-02-28;;;GUSTAVO COTTA PIERSANTI;59281253000123;BTG PACTUAL SERVIÇOS FINANCEIROS S/A DTVM;PJ;04232804000177;PERFIN INFRA ADMINISTRAÇÃO DE RECURSOS
6393;59174758000199;125027;2025-01-29;2025-01-29;FIP;NEVADA FUNDO DE  INVESTIMENTO EM PARTICIPAÇÕES MULTIESTRATÉGIA INFRAESTRUTURA;2025-12-15;Cancelado;2025-12-15;2025-01-29;;;;;CLAUDIA SIOLA CIANFARAN;00806535000154;PLANNER CORRETORA DE VALORES S.A.;PJ;10405423000145;REDWOOD ADMINISTRAÇÃO DE RECURSOS LTDA
6399;59374394000190;125036;2025-02-10;2025-02-07;FIP;BTG PACTUAL COINVESTIMENTO CRÉDITO II FIP INFRAESTRUTURA RESPONSABILIDADE LIMITADA;;Em Funcionamento Normal;2025-03-26;2025-02-10;2026-03-01;2027-02-28;;;GUSTAVO COTTA PIERSANTI;59281253000123;BTG PACTUAL SERVIÇOS FINANCEIROS S/A DTVM;PJ;29650082000100;BTG PACTUAL ASSET MANAGEMENT S/A DTVM
6407;59482549000102;125045;2025-02-14;2025-02-14;FIP;AZ QUEST RENDA MAIS - INFRA - YIELD VI FUNDO DE INVESTIMENTO EM PARTICIPAÇÕES EM INFRAESTRUTURA;;Em Funcionamento Normal;2025-05-06;2025-02-14;2026-07-01;2027-06-30;;;LIZANDRO SOMMER ARNONI;02332886000104;XP INVESTIMENTOS CCTVM S.A.;PJ;50544038000101;AZ QUEST INFRA LTDA.
6413;59535840000100;125052;2025-02-18;2025-02-18;FIP;SANEAMENTO I PVT FUNDO DE INVESTIMENTO EM PARTICIPAÇÕES EM INFRAESTRUTURA RESPONSABILIDADE LIMITADA;;Em Funcionamento Normal;2025-04-08;2025-02-18;2026-07-01;2027-06-30;;;ROBERTA ANCHIETA DA SILVA;62418140000131;INTRAG DTVM LTDA.;PJ;40430971000196;ITAU UNIBANCO ASSET MANAGEMENT LTDA.
6421;59713576000149;125060;2025-02-28;2025-02-28;FIP;LYON CAPITAL II FUNDO DE  INVESTIMENTO EM PARTICIPAÇÕES INFRAESTRUTURA;;Em Funcionamento Normal;2025-03-27;2025-02-28;2026-01-01;2026-12-31;;;ARIANA RENATA PAVAN;13673855000125;OSLO DTVM;PJ;13673855000125;OSLO DTVM
6427;59794611000100;125234;2025-08-19;2025-03-07;FIP;SHALOM FUNDO DE INVESTIMENTO EM PARTICIPAÇÕES EM INFRAESTRUTURA - RESPONSABILIDADE LIMITADA;;Em Funcionamento Normal;2025-10-17;2025-08-19;2026-04-01;2027-03-31;;;GUSTAVO DANTAS FALCIN;45201272000198;AMERICA P.E. ADMINISTRAÇÃO DE RECURSOS LTDA;PJ;41179663000100;KUARÁ CAPITAL GESTORA DE RECURSOS LTDA.
6436;59939757000198;125072;2025-03-17;2025-03-17;FIP;AZ QUEST INFRA RENDA -INFRA - YIELD VII FUNDO DE INVESTIMENTO EM PARTICIPAÇÕES EM INFRAESTRUTURA;;Em Funcionamento Normal;2025-04-30;2025-03-17;2026-04-01;2027-03-31;;;GUSTAVO COTTA PIERSANTI;59281253000123;BTG PACTUAL SERVIÇOS FINANCEIROS S/A DTVM;PJ;50544038000101;AZ QUEST INFRA LTDA.
6444;60098044000128;125080;2025-03-26;2025-03-25;FIP;TALES INFRACOM FUNDO DE INVESTIMENTO EM PARTICIPAÇÕES EM INFRAESTRUTURA -RESPONSABILIDADE LIMITADA;;Em Funcionamento Normal;2025-03-28;2025-03-26;2026-03-01;2027-02-28;;;AUGUSTO AFONSO TEIXEIRA DE FREITAS;33775974000104;ATIVA INVESTIMENTOS S.A. C.T.C.V.;PJ;05941244000192;OPUS GESTÃO DE RECURSOS LTDA
6477;60645828000129;125115;2025-05-02;2025-05-02;FIP;VALORA INFRA CDI RENDA MAIS FI EM PARTICIPAÇÕES EM INFRAESTRUTURA  RESPONSABILIDADE LIMITADA;;Em Funcionamento Normal;2025-05-29;2025-05-02;2026-04-01;2027-03-31;;;GUSTAVO COTTA PIERSANTI;59281253000123;BTG PACTUAL SERVIÇOS FINANCEIROS S/A DTVM;PJ;07559989000117;VALORA IMOBILIÁRIO E INFRAESTRUTURA LTDA.
6493;61078541000127;125135;2025-05-30;2025-05-29;FIP;BTG PACTUAL COINVESTIMENTO CRÉDITO III FI EM PARTICIPAÇÕES INFRAESTRUTURA RESPONSABILIDADE LIMITADA;;Em Funcionamento Normal;2025-06-30;2025-05-30;2026-03-01;2027-02-28;;;GUSTAVO COTTA PIERSANTI;59281253000123;BTG PACTUAL SERVIÇOS FINANCEIROS S/A DTVM;PJ;29650082000100;BTG PACTUAL ASSET MANAGEMENT S/A DTVM
6501;61258419000132;125143;2025-06-11;2025-06-06;FIP;AZ-AXS ENERGIA FUNDO DE INVESTIMENTO EM PARTICIPAÇÕES EM INFRAESTRUTURA;;Em Funcionamento Normal;2025-06-27;2025-06-11;2026-01-01;2026-12-31;;;ERICK WARNER DE CARVALHO;62232889000190;BANCO DAYCOVAL S.A.;PJ;50544038000101;AZ QUEST INFRA LTDA.
6504;61303199000111;125147;2025-06-13;2025-06-13;FIP;INFRACAPITAL BRASIL FUNDO DE INVESTIMENTO EM PARTICIPAÇÕES INFRAESTRUTURA RESPONSABILIDADE LIMITADA;;Em Funcionamento Normal;2026-02-02;2025-06-13;2026-03-01;2027-02-28;;;EDSON ARCHELA;28376231000113;LAD CAPITAL GESTORA DE RECURSOS LTDA;PJ;28376231000113;LAD CAPITAL GESTORA DE RECURSOS LTDA
6519;61475764000128;125163;2025-06-26;2025-06-26;FIP;PATRIA INFRAESTRUTURA V MASTER FIP MULT RESPONSABILIDADE LIMITADA;;Em Funcionamento Normal;2025-06-26;2025-06-26;2026-01-01;2026-12-31;;;CINTIA SANT'ANA DE OLIVEIRA;45246410000155;BANCO GENIAL S.A.;PJ;22119959000183;GENIAL GESTÃO LTDA.
6551;61955459000133;125196;2025-07-28;2025-07-24;FIP;VALORA INFRA IPCA RENDA MAIS FIP EM INFRAESTRUTURA - RESPONSABILIDADE LIMITADA;;Em Funcionamento Normal;2025-08-28;2025-07-28;2026-04-01;2027-03-31;;;GUSTAVO COTTA PIERSANTI;59281253000123;BTG PACTUAL SERVIÇOS FINANCEIROS S/A DTVM;PJ;07559989000117;VALORA IMOBILIÁRIO E INFRAESTRUTURA LTDA.
6558;62049106000137;125210;2025-08-04;2025-08-04;FIP;CREARE FUNDO DE INVESTIMENTO EM PARTICIPAÇÕES INFRAESTRUTURA;;Fase Pré-Operacional;2025-08-04;2025-08-04;;;;;CLAUDIA SIOLA CIANFARAN;00806535000154;PLANNER CORRETORA DE VALORES S.A.;PJ;10405423000145;REDWOOD ADMINISTRAÇÃO DE RECURSOS LTDA
6578;62292392000167;125230;2025-08-19;2025-08-19;FIP;VALORA INFRA RENDA MAIS FIP EM INFRAESTRUTURA - RESPONSABILIDADE;;Em Funcionamento Normal;2025-10-02;2025-08-19;2025-10-02;2026-09-30;;;ERICK WARNER DE CARVALHO;62232889000190;BANCO DAYCOVAL S.A.;PJ;07559989000117;VALORA IMOBILIÁRIO E INFRAESTRUTURA LTDA.
6583;62361728000104;125239;2025-08-22;2025-08-22;FIP;AZ QUEST INFRA-YIELD VIII FUNDO DE INVESTIMENTO EM PARTICIPAÇÕES EM INFRAESTRUTURA;;Em Funcionamento Normal;2025-10-03;2025-08-22;2026-04-01;2027-03-31;;;GUSTAVO COTTA PIERSANTI;59281253000123;BTG PACTUAL SERVIÇOS FINANCEIROS S/A DTVM;PJ;50544038000101;AZ QUEST INFRA LTDA.
6584;62362591000102;125240;2025-08-22;2025-08-22;FIP;AZ QUEST - PRÉ - INFRA-YIELD IX FUNDO DE INVESTIMENTO EM PARTICIPAÇÕES EM INFRAESTRUTURA;;Em Funcionamento Normal;2025-10-03;2025-08-22;2026-04-01;2027-03-31;;;GUSTAVO COTTA PIERSANTI;59281253000123;BTG PACTUAL SERVIÇOS FINANCEIROS S/A DTVM;PJ;50544038000101;AZ QUEST INFRA LTDA.
6586;62380842000173;125242;2025-08-25;2025-08-21;FIP;AF INFRA FUNDO DE INVESTIMENTO EM PARTICIPAÇÕES EM INFRAESTRUTURA;;Em Funcionamento Normal;2025-11-12;2025-08-25;2026-08-01;2027-07-31;;;GUILHERME MOURAO VAZ;32764855000185;LIBERTAS ASSET S/A;PJ;03226533000184;AF INVEST ADMINISTRAÇÃO DE RECURSOS LTDA
6592;62415181000174;125249;2025-08-26;2025-08-26;FIP;BPAC INFRA FUNDO DE INVESTIMENTO EM PARTICIPAÇÕES INFRAESTRUTURA RESPONSABILIDADE LIMITADA;;Em Funcionamento Normal;2025-12-30;2025-08-26;2026-04-01;2027-03-31;;;GUSTAVO COTTA PIERSANTI;59281253000123;BTG PACTUAL SERVIÇOS FINANCEIROS S/A DTVM;PJ;09631542000137;BTG PACTUAL GESTORA DE RECURSOS LTDA
6632;63033207000182;125292;2025-10-03;2025-10-02;FIP;TIVIO PAGE FUNDO DE INVESTIMENTO EM PARTICIPAÇÕES INFRAESTRUTURA RESPONSABILIDADE LIMITADA;2026-06-01;Cancelado;2026-06-01;2025-10-03;;;;;GUSTAVO COTTA PIERSANTI;59281253000123;BTG PACTUAL SERVIÇOS FINANCEIROS S/A DTVM;PJ;48967547000197;PAGE CAPITAL LTDA.
6636;63084459000130;125296;2025-10-07;2025-10-07;FIP;RBR INFRA CRÉDITO PRÉ FUNDO DE INVESTIMENTO EM PARTICIPAÇÕES INFRAESTRUTURA RESP LIMITADA;;Em Funcionamento Normal;2025-10-31;2025-10-07;2025-11-01;2026-10-31;;;GUSTAVO COTTA PIERSANTI;59281253000123;BTG PACTUAL SERVIÇOS FINANCEIROS S/A DTVM;PJ;44361607000172;RBR INFRA GESTORA DE RECURSOS LTDA.
6637;63085032000157;125297;2025-10-07;2025-10-07;FIP;RBR INFRA CRÉDITO CDI FUNDO DE INVESTIMENTO EM PARTICIPAÇÕES INFRAESTRUTURA RESP LIMITADA;;Em Funcionamento Normal;2025-10-31;2025-10-07;2025-11-01;2026-10-31;;;GUSTAVO COTTA PIERSANTI;59281253000123;BTG PACTUAL SERVIÇOS FINANCEIROS S/A DTVM;PJ;44361607000172;RBR INFRA GESTORA DE RECURSOS LTDA.
6643;63141464000138;125303;2025-10-10;2025-10-10;FIP;PÁTRIA INFRAESTRUTURA CRÉDITO DI I FIP EM INFRAESTRUTURA RESPONSABILIDADE LIMITADA;;Em Funcionamento Normal;2025-10-30;2025-10-10;2026-03-01;2027-02-28;;;GUSTAVO COTTA PIERSANTI;59281253000123;BTG PACTUAL SERVIÇOS FINANCEIROS S/A DTVM;PJ;12461756000117;PÁTRIA INVESTIMENTOS LTDA.
6644;63141710000151;125304;2025-10-10;2025-10-10;FIP;PÁTRIA INFRAESTRUTURA CRÉDITO DI II FIP EM INFRAESTRUTURA RESPONSABILIDADE LIMITADA;;Em Funcionamento Normal;2025-10-30;2025-10-10;2026-03-01;2027-02-28;;;GUSTAVO COTTA PIERSANTI;59281253000123;BTG PACTUAL SERVIÇOS FINANCEIROS S/A DTVM;PJ;12461756000117;PÁTRIA INVESTIMENTOS LTDA.
6647;63211570000140;125307;2025-10-15;2025-10-14;FIP;PATRIA INFRAESTRUTURA LATAM SMA I FUNDO DE  INVESTIMENTO EM PARTICIPAÇÕES;;Em Funcionamento Normal;2026-04-30;2025-10-15;2026-04-30;2026-12-31;;;CINTIA SANT'ANA DE OLIVEIRA;45246410000155;BANCO GENIAL S.A.;PJ;12461756000117;PÁTRIA INVESTIMENTOS LTDA.
6651;63249043000125;125311;2025-10-17;2025-10-16;FIP;PATRIA INFRAESTRUTURA BRASIL DATA CENTER FI EM PARTICIPAÇÕES RESPONSABILIDADE LIMITADA;;Fase Pré-Operacional;2025-10-17;2025-10-17;;;;;CINTIA SANT'ANA DE OLIVEIRA;45246410000155;BANCO GENIAL S.A.;PJ;22119959000183;GENIAL GESTÃO LTDA.
6658;63280112000163;125318;2025-10-20;2025-10-20;FIP;FIDES FUNDO DE INVESTIMENTO EM PARTICIPAÇÕES INFRAESTRUTURA;;Em Funcionamento Normal;2026-05-14;2025-10-20;2026-05-14;2027-01-31;;;GUSTAVO COTTA PIERSANTI;59281253000123;BTG PACTUAL SERVIÇOS FINANCEIROS S/A DTVM;PJ;07625159000140;BTG PACTUAL GESTORA DE INVESTIMENTOS ALTERNATIVOS LTDA.
6659;63280707000119;125319;2025-10-20;2025-10-07;FIP;PERFIN MARINER FUNDO DE INVESTIMENTO EM PARTICIPAÇÕES INFRAESTRUTURA RESPONSABILIDADE LIMITADA;;Em Funcionamento Normal;2025-12-19;2025-10-20;2026-03-01;2027-02-28;;;GUSTAVO COTTA PIERSANTI;59281253000123;BTG PACTUAL SERVIÇOS FINANCEIROS S/A DTVM;PJ;04232804000177;PERFIN INFRA ADMINISTRAÇÃO DE RECURSOS
6666;63351903000137;125325;2025-10-24;2025-10-24;FIP;MILAN FUNDO DE INVESTIMENTO EM PARTICIPAÇÕES  EM INFRAESTRUTURA RESPONSABILIDADE LIMITADA;;Em Funcionamento Normal;2026-07-23;2025-10-24;2026-07-23;2027-04-30;;;SERGIO RICARDO QUINTELLA;42039298000193;MF PEPPER SERVIÇOS FINANCEIROS LTDA.;PJ;41397045000129;XMS S/A
6713;63976688000160;125375;2025-12-08;2025-12-08;FIP;RBR INFRA CRÉDITO PRÉ II FUNDO DE INVESTIMENTO EM PARTICIPAÇÕES INFRAESTRUTURA RESP LIMITADA;;Em Funcionamento Normal;2025-12-29;2025-12-08;2025-12-29;2026-11-30;;;GUSTAVO COTTA PIERSANTI;59281253000123;BTG PACTUAL SERVIÇOS FINANCEIROS S/A DTVM;PJ;44361607000172;RBR INFRA GESTORA DE RECURSOS LTDA.
6718;64015762000144;125380;2025-12-11;2025-12-11;FIP;ARTEMIS AIRPORT MANAGERS FUNDO DE INVESTIMENTO EM PARTICIPAÇÕES INFRAESTRUTURA;;Em Liquidação;2026-04-14;2025-12-11;2026-03-01;2027-02-28;;;CLAUDIA SIOLA CIANFARAN;00806535000154;PLANNER CORRETORA DE VALORES S.A.;PJ;13741074000120;VERSAL FINANCE GESTÃO DE RECURSOS LTDA
6721;64025384000180;125383;2025-12-11;2025-12-11;FIP;MAGNA MOBILIDADE E INFRAESTRUTURA FUNDO DE INVESTIMENTO EM PARTICIPAÇÕES EM  INFRAESTRUTURA;;Em Liquidação;2026-01-13;2025-12-11;2026-03-01;2027-02-28;;;Edison Benedito Alexandre;00329598000167;SEFER INVESTIMENTOS DISTRIBUIDORA DE TÍTULOS E VALORES MOBILIÁRIOS LTDA.;PJ;13741074000120;VERSAL FINANCE GESTÃO DE RECURSOS LTDA
6729;64124715000139;125392;2025-12-19;2025-12-19;FIP;VALORA INFRA DÍVIDA PRÉ FIP EM INFRAESTRUTURA - RESPONSABILIDADE LIMITADA;;Em Funcionamento Normal;2026-02-04;2025-12-19;2026-02-04;2027-01-31;;;GUSTAVO COTTA PIERSANTI;59281253000123;BTG PACTUAL SERVIÇOS FINANCEIROS S/A DTVM;PJ;07559989000117;VALORA IMOBILIÁRIO E INFRAESTRUTURA LTDA.
6730;64125652000135;125393;2025-12-19;2025-12-19;FIP;VALORA INFRA DÍVIDA CDI FIP EM INFRAESTRUTURA - RESPONSABILIDADE LIMITADA;;Em Funcionamento Normal;2026-02-04;2025-12-19;2026-02-04;2027-01-31;;;GUSTAVO COTTA PIERSANTI;59281253000123;BTG PACTUAL SERVIÇOS FINANCEIROS S/A DTVM;PJ;07559989000117;VALORA IMOBILIÁRIO E INFRAESTRUTURA LTDA.
6732;64128426000108;125395;2025-12-19;2025-12-19;FIP;ATLANTERHAVSVEGEN FUNDO DE INVESTIMENTO EM PARTICIPAÇÕES INFRAESTRUTURA RESPONSABILIDADE LIMITADA;;Em Funcionamento Normal;2025-12-29;2025-12-19;2026-04-01;2027-03-31;;;GUSTAVO COTTA PIERSANTI;59281253000123;BTG PACTUAL SERVIÇOS FINANCEIROS S/A DTVM;PJ;17723993000122;CHARLES RIVER ADMINISTRADORA DE RECURSOS FINANCEIROS LTDA.
6745;64160513000142;125408;2025-12-24;2025-12-23;FIP;MOUNT KILIMANJARO FUNDO DE INVESTIMENTO EM PARTICIPAÇÕES EM INFRAESTRUTURA;;Em Funcionamento Normal;2026-05-11;2025-12-24;2026-05-11;2027-03-31;;;GUSTAVO DANTAS FALCIN;45201272000198;AMERICA P.E. ADMINISTRAÇÃO DE RECURSOS LTDA;PJ;31384260000131;ORIZ ASSET MANAGEMENT LTDA.
6747;64191278000176;125410;2025-12-29;2025-12-16;FIP;YVY CAPITAL ATLAS RODOVIAS FUNDO DE INVESTIMENTO EM PARTICIPAÇÕES EM INFRAESTRUTURA RESPONSABILIDADE;;Em Funcionamento Normal;2026-06-25;2025-12-29;2026-06-25;2027-04-30;;;LIZANDRO SOMMER ARNONI;02332886000104;XP INVESTIMENTOS CCTVM S.A.;PJ;51233251000157;YVY CAPITAL ASSET MANAGEMENT LTDA.
6758;64381969000132;126007;2026-01-09;2026-01-09;FIP;WASTE FUNDO DE INVESTIMENTO EM PARTICIPAÇÕES EM INFRAESTRUTURA RESPONSABILIDADE LIMITADA;;Fase Pré-Operacional;2026-01-09;2026-01-09;;;;;JOSE WALTER LUCAS;23025053000162;APEX GROUP INVESTIMENTOS LTDA.;PJ;23025053000162;APEX GROUP INVESTIMENTOS LTDA.
6769;64720849000112;126018;2026-01-26;2026-01-26;FIP;BTG PACTUAL COINVESTIMENTO CRÉDITO IV FIP INFRAESTRUTURA RESPONSABILIDADE LIMITADA;;Em Funcionamento Normal;2026-02-19;2026-01-26;2026-05-01;2027-04-30;;;GUSTAVO COTTA PIERSANTI;59281253000123;BTG PACTUAL SERVIÇOS FINANCEIROS S/A DTVM;PJ;29650082000100;BTG PACTUAL ASSET MANAGEMENT S/A DTVM
6774;64768982000149;126023;2026-01-28;2026-01-28;FIP;PÁTRIA INFRAESTRUTURA CRÉDITO DI III FIP EM INFRAESTRUTURA RESPONSABILIDADE LIMITADA;;Em Funcionamento Normal;2026-03-03;2026-01-28;2026-03-03;2027-02-28;;;GUSTAVO COTTA PIERSANTI;59281253000123;BTG PACTUAL SERVIÇOS FINANCEIROS S/A DTVM;PJ;12461756000117;PÁTRIA INVESTIMENTOS LTDA.
6780;64889987000120;126029;2026-02-03;2026-02-03;FIP;VALORA ESTRUTURA TESOURARIA FEEDER FUNDO DE INVESTIMENTO EM PARTICIPAÇÕES EM INFRAESTRUTURA - FIP-IE;;Em Funcionamento Normal;2026-03-12;2026-02-03;2026-03-12;2026-12-31;;;ERICK WARNER DE CARVALHO;62232889000190;BANCO DAYCOVAL S.A.;PJ;07559989000117;VALORA IMOBILIÁRIO E INFRAESTRUTURA LTDA.
6787;65028019000191;126036;2026-02-09;2026-02-04;FIP;4W WTE BIOENERGIA FUNDO DE INVESTIMENTO EM PARTICIPAÇÕES EM  INFRAESTRUTURA;;Em Funcionamento Normal;2026-06-19;2026-02-09;2026-06-19;2027-03-31;;;GUSTAVO DANTAS FALCIN;45201272000198;AMERICA P.E. ADMINISTRAÇÃO DE RECURSOS LTDA;PJ;45201272000198;AMERICA P.E. ADMINISTRAÇÃO DE RECURSOS LTDA
6801;65323706000130;126050;2026-02-25;2026-02-25;FIP;NATURAL CAPITAL INFRA II FUNDO DE INVESTIMENTO EM PARTICIPAÇÕES EM INFRAESTRUTURA - RESP LIMITADA;;Em Funcionamento Normal;2026-04-24;2026-02-25;2026-04-24;2026-12-31;;;FABIO MAEYAMA;18313996000150;TMF BRASIL SERVICOS DE ADMINISTRACAO DE FUNDOS LTDA;PJ;48392176000162;NATURAL CAPITAL GESTÃO DE RECURSOS LTDA.
6807;65482590000181;126056;2026-03-04;2026-03-03;FIP;ARARA-AZUL FUNDO DE INVESTIMENTO EM PARTICIPAÇÕES INFRAESTRUTURA RESPONSABILIDADE LIMITADA;;Fase Pré-Operacional;2026-03-04;2026-03-04;;;;;JOSE WALTER LUCAS;23025053000162;APEX GROUP INVESTIMENTOS LTDA.;PJ;23025053000162;APEX GROUP INVESTIMENTOS LTDA.
6814;65680653000104;126063;2026-03-13;2026-03-13;FIP;ITAÚ INFRACORE TRANSMISSÃO II FUNDO DE INVESTIMENTO EM PARTICIPAÇÕES EM INFRAESTRUTURA RESP LIMITADA;;Em Funcionamento Normal;2026-06-10;2026-03-13;2026-06-10;2027-02-28;;;ROBERTA ANCHIETA DA SILVA;62418140000131;INTRAG DTVM LTDA.;PJ;40430971000196;ITAU UNIBANCO ASSET MANAGEMENT LTDA.
6815;65680663000140;126064;2026-03-13;2026-03-13;FIP;ITAÚ INFRACORE TRANSMISSÃO I FUNDO DE INVESTIMENTO EM PARTICIPAÇÕES EM INFRAESTRUTURA RESP LIMITADA;;Em Funcionamento Normal;2026-06-10;2026-03-13;2026-06-10;2027-02-28;;;ROBERTA ANCHIETA DA SILVA;62418140000131;INTRAG DTVM LTDA.;PJ;40430971000196;ITAU UNIBANCO ASSET MANAGEMENT LTDA.
6821;65796061000152;126069;2026-03-19;2026-03-19;FIP;ITAÚBA FUNDO DE INVESTIMENTO EM PARTICIPAÇÕES EM INFRAESTRUTURA RESPONSABILIDADE LIMITADA;;Em Funcionamento Normal;2026-04-17;2026-03-19;2026-07-01;2027-06-30;;;ROBERTA ANCHIETA DA SILVA;62418140000131;INTRAG DTVM LTDA.;PJ;40430971000196;ITAU UNIBANCO ASSET MANAGEMENT LTDA.
6829;65878226000135;126078;2026-03-24;2026-03-24;FIP;HERITAGE FUNDO DE INVESTIMENTO EM PARTICIPAÇÕES INFRAESTRUTURA RESPONSABILIDADE LIMITADA;;Em Funcionamento Normal;2026-03-31;2026-03-24;2026-03-31;2026-12-31;;;ALEXANDRE LODI DE OLIVEIRA;02150453000120;OLIVEIRA TRUST SERVICER S/A;PJ;02150453000120;OLIVEIRA TRUST SERVICER S/A
6832;65881979000108;126081;2026-03-24;2026-03-24;FIP;KINEA EQUITY INFRA II A PRIVATE FIP EM INFRAESTRUTURA RESPONSABILIDADE LIMITADA;;Fase Pré-Operacional;2026-03-24;2026-03-24;;;;;ROBERTA ANCHIETA DA SILVA;62418140000131;INTRAG DTVM LTDA.;PJ;08604187000144;KINEA INVESTIMENTOS LTDA.
6832;65881979000108;126081;2026-03-24;2026-03-24;FIP;KINEA EQUITY INFRA II A PRIVATE FIP EM INFRAESTRUTURA RESPONSABILIDADE LIMITADA;;Fase Pré-Operacional;2026-03-24;2026-03-24;;;;;ROBERTA ANCHIETA DA SILVA;62418140000131;INTRAG DTVM LTDA.;PJ;04661817000161;KINEA PRIVATE EQUITY INVESTIMENTOS S/A
6840;66051037000157;126089;2026-04-02;2026-04-01;FIP;AZ QUEST INFRA EXCESS RETURN FUNDO DE INVESTIMENTO EM PARTICIPAÇÕES EM INFRAESTRUTURA;;Em Funcionamento Normal;2026-04-17;2026-04-02;2026-04-17;2027-03-31;;;ERICK WARNER DE CARVALHO;62232889000190;BANCO DAYCOVAL S.A.;PJ;50544038000101;AZ QUEST INFRA LTDA.
6841;66061064000100;126090;2026-04-02;2026-04-02;FIP;PATRIA INFRAESTRUTURA IV EIXO COINVESTIMENTO FUNDO DE INVESTIMENTO EM PARTICIPAÇÕES;;Em Funcionamento Normal;2026-07-03;2026-04-02;2026-07-03;2026-12-31;;;CINTIA SANT'ANA DE OLIVEIRA;45246410000155;BANCO GENIAL S.A.;PJ;22119959000183;GENIAL GESTÃO LTDA.
6846;66149567000132;126095;2026-04-08;2026-04-08;FIP;VENTOS DO SUL FUNDO DE INVESTIMENTO EM PARTICIPAÇÕES EM INFRAESTRUTURA;;Fase Pré-Operacional;2026-04-08;2026-04-08;;;;;ANGELA AMODEO;62318407000119;S3 CACEIS BRASIL DISTRIBUIDORA DE TITULOS E VALORES MOBILIARIOS S.A;PJ;11013757000136;TRIUS CAPITAL GESTÃO DE INVESTIMENTOS E CONSULTORIA LTDA
6847;66151388000130;126096;2026-04-08;2026-04-08;FIP;BTG PACTUAL ARES INFRA FUNDO DE INVESTIMENTO EM PARTICIPAÇÕES EM INFRAESTRUTURA RESPONSABILIDADE;;Em Funcionamento Normal;2026-04-30;2026-04-08;2026-04-30;2027-01-31;;;GUSTAVO COTTA PIERSANTI;59281253000123;BTG PACTUAL SERVIÇOS FINANCEIROS S/A DTVM;PJ;29650082000100;BTG PACTUAL ASSET MANAGEMENT S/A DTVM
6853;66361653000104;126103;2026-04-20;2024-11-29;FIP;ATLAS INFRAESTRUTURA EDUCACIONAL FIP EM INFRAESTRUTURA RESP LIMITADA;;Em Funcionamento Normal;2026-05-04;2026-04-20;2026-05-04;2026-12-31;;;FABIO MAEYAMA;18313996000150;TMF BRASIL SERVICOS DE ADMINISTRACAO DE FUNDOS LTDA;PJ;18313996000150;TMF BRASIL SERVICOS DE ADMINISTRACAO DE FUNDOS LTDA
6860;66574586000106;126110;2026-05-04;2026-04-25;FIP;FUNDO DE INV EM PARTICIPAÇÃO INFRAESTRUTURA, IMOBILIÁRIO, SANEAMENTO, HABIT E MOBILIDADE SUSTENTÁVEL;;Em Funcionamento Normal;2026-06-26;2026-05-04;2026-06-26;2026-12-31;;;VITOR CARNEVALE ISOLDI;58252526000149;VV CAPITAL LTDA.;PJ;58252526000149;VV CAPITAL LTDA.
6866;66581239000100;126116;2026-05-04;2026-04-24;FIP;INFRA I FUNDO DE INVESTIMENTO EM PARTICIPAÇÕES EM INFRAESTRUTURA RESPONSABILIDADE LIMITADA;;Em Funcionamento Normal;2026-08-24;2026-05-04;2026-08-24;2027-03-31;;;DOUGLAS FABRES PEZZIN;40888143000104;GV ATACAMA CAPITAL LTDA;PJ;32706879000188;GALAPAGOS CAPITAL INVESTIMENTOS E PARTICIPAÇÕES LTDA.
6872;66662528000134;126122;2026-05-07;2026-05-07;FIP;ARCH CAPITAL DATA CENTERS FUNDO DE INVESTIMENTO EM PARTICIPAÇÕES EM INFRAESTRUTURA RESP LIMT;;Em Funcionamento Normal;2026-07-21;2026-05-07;2026-07-21;2026-12-31;;;ERICK WARNER DE CARVALHO;62232889000190;BANCO DAYCOVAL S.A.;PJ;13189560000188;ARCH CAPITAL LTDA.
6880;66801916000159;126130;2026-05-15;2026-05-14;FIP;RBR SMART CITIES I FUNDO DE INVESTIMENTO EM PARTICIPAÇÕES INFRAESTRUTURA RESPONSABILIDADE LIMITADA;;Em Funcionamento Normal;2026-07-27;2026-05-15;2026-07-27;2027-03-31;;;GUSTAVO COTTA PIERSANTI;59281253000123;BTG PACTUAL SERVIÇOS FINANCEIROS S/A DTVM;PJ;44361607000172;RBR INFRA GESTORA DE RECURSOS LTDA.
6884;66872229000124;126134;2026-05-19;2026-05-19;FIP;RBR INFRA ADVISORY PRÉ III RENDA+ FUNDO DE INVESTIMENTO EM PARTICIPAÇÕES INFRAESTRUTURA;;Em Funcionamento Normal;2026-07-03;2026-05-19;2026-07-03;2027-06-30;;;GUSTAVO COTTA PIERSANTI;59281253000123;BTG PACTUAL SERVIÇOS FINANCEIROS S/A DTVM;PJ;44361607000172;RBR INFRA GESTORA DE RECURSOS LTDA.
6889;66916326000171;126139;2026-05-21;2026-05-21;FIP;INFRA BRASIL INVESTIMENTO FUNDO DE INVESTIMENTO EM PARTICIPAÇÕES EM INFRAESTRUTURA RESPONSABILIDADE;;Em Funcionamento Normal;2026-06-30;2026-05-21;2026-06-30;2027-04-30;;;LIZANDRO SOMMER ARNONI;02332886000104;XP INVESTIMENTOS CCTVM S.A.;PJ;51233251000157;YVY CAPITAL ASSET MANAGEMENT LTDA.
6891;66997525000151;126142;2026-05-26;2026-05-26;FIP;MONTERENZIO FUNDO DE INVESTIMENTO EM  PARTICIPAÇÕES EM INFRAESTRUTURA - RESPONSABILIDADE  LIMITADA;;Fase Pré-Operacional;2026-05-26;2026-05-26;;;;;GUSTAVO DANTAS FALCIN;45201272000198;AMERICA P.E. ADMINISTRAÇÃO DE RECURSOS LTDA;PJ;45201272000198;AMERICA P.E. ADMINISTRAÇÃO DE RECURSOS LTDA
6904;67561599000103;126156;2026-06-18;2026-06-18;FIP;VALORA INFRA PRÉ TITANIUM FUNDO DE INVESTIMENTO EM PARTICIPAÇÕES EM INFRAESTRUTURA RESPONSABILIDADE;;Em Funcionamento Normal;2026-08-04;2026-06-18;2026-08-04;2027-07-31;;;ERICK WARNER DE CARVALHO;62232889000190;BANCO DAYCOVAL S.A.;PJ;07559989000117;VALORA IMOBILIÁRIO E INFRAESTRUTURA LTDA.
6916;67673651000113;126168;2026-06-25;2026-06-25;FIP;PILAR FUNDO DE INVESTIMENTO EM PARTICIPAÇÕES EM INFRAESTRUTURA RESPONSABILIDADE LIMITADA;;Em Funcionamento Normal;2026-07-03;2026-06-25;2026-07-03;2027-03-31;;;RICARDO FUSCALDI DE FIGUEIREDO BAPTISTA;17595680000136;VÓRTX GRAFENO S.A.;PJ;37747986000178;MERCURIO GESTORA DE RECURSOS LTDA.
6918;67710184000154;126170;2026-06-26;2026-06-26;FIP;NATURAL ENERGIA NOVA ERA FUNDO DE INVESTIMENTO EM PARTICIPAÇÕES EM INFRAESTRUTURA RESPONSABILIDADE L;;Em Funcionamento Normal;2026-06-30;2026-06-26;2026-06-30;2027-05-31;;;GUSTAVO COTTA PIERSANTI;59281253000123;BTG PACTUAL SERVIÇOS FINANCEIROS S/A DTVM;PJ;48392176000162;NATURAL CAPITAL GESTÃO DE RECURSOS LTDA.
6921;67756124000172;126173;2026-06-30;2026-06-30;FIP;AMAMBAI FUNDO DE INVESTIMENTO EM PARTICIPAÇÕES EM INFRAESTRUTURA RESPONSABILIDADE LIMITADA;;Em Funcionamento Normal;2026-07-02;2026-06-30;2026-07-02;2027-05-31;;;GUSTAVO COTTA PIERSANTI;59281253000123;BTG PACTUAL SERVIÇOS FINANCEIROS S/A DTVM;PJ;10957035000177;ATMOS CAPITAL GESTÃO DE RECURSOS LTDA
6924;67796964000169;126176;2026-07-02;2026-07-02;FIP;4UM FUNDO DE INVESTIMENTO EM PARTICIPAÇÕES EM INFRAESTRUTURA EM ENERGIA DE RESPONSABILIDADE LIMITADA;;Fase Pré-Operacional;2026-07-02;2026-07-02;;;;;LUCIANO COELHO DE MAGALHÃES NETTO;76621457000185;4UM DTVM S.A.;PJ;03983856000112;4UM GESTÃO DE RECURSOS LTDA.
6930;68033613000169;126182;2026-07-15;2026-07-15;FIP;VANTAGE INFRA DEBT FUNDO DE INVESTIMENTO EM PARTICIPAÇÕES EM INFRAESTRUTURA;;Em Funcionamento Normal;2026-08-28;2026-07-15;2026-08-28;2027-03-31;;;ERICK WARNER DE CARVALHO;62232889000190;BANCO DAYCOVAL S.A.;PJ;50544038000101;AZ QUEST INFRA LTDA.
6931;68066617000143;126183;2026-07-17;2026-07-17;FIP;RUYZ FUNDO DE INVESTIMENTO EM PARTICIPAÇÕES EM INFRAESTRUTURA;;Fase Pré-Operacional;2026-07-17;2026-07-17;;;;;RICARDO ALLEGRETTI MARINHO;57375598000110;IDFIP ADMINISTRAÇÃO FIDUCIARIA LTDA;PJ;53286395000105;W14 - ASSET MANAGEMENT LTDA.
6944;68566574000165;126196;2026-08-13;2026-08-13;FIP;AZEVEDO & TRAVASSOS INFRAESTRUTURA II FUNDO DE INVESTIMENTO EM PARTICIPAÇÕES;;Em Funcionamento Normal;2026-08-14;2026-08-13;2026-08-14;2026-12-31;;;CLAUDIA SIOLA CIANFARAN;00806535000154;PLANNER CORRETORA DE VALORES S.A.;PJ;11402234000181;4I CAPITAL LTDA
6946;68681061000103;126198;2026-08-19;2026-08-19;FIP;633 FUNDO DE INVESTIMENTO EM PARTICIPAÇÕES EM INFRAESTRUTURA RESPONSABILIDADE LIMITADA;;Fase Pré-Operacional;2026-08-19;2026-08-19;;;;;GUSTAVO COTTA PIERSANTI;59281253000123;BTG PACTUAL SERVIÇOS FINANCEIROS S/A DTVM;PJ;10957035000177;ATMOS CAPITAL GESTÃO DE RECURSOS LTDA
6949;68724753000183;126201;2026-08-21;2026-08-21;FIP;ATLÂNTICO FUNDO DE INVESTIMENTO EM PARTICIPAÇÕES INFRAESTRUTURA;;Em Funcionamento Normal;2026-08-25;2026-08-21;2026-08-25;2027-02-28;;;GUSTAVO COTTA PIERSANTI;59281253000123;BTG PACTUAL SERVIÇOS FINANCEIROS S/A DTVM;PJ;07625159000140;BTG PACTUAL GESTORA DE INVESTIMENTOS ALTERNATIVOS LTDA.
6950;68725526000172;126202;2026-08-21;2026-08-21;FIP;PORTO SEGURO FUNDO DE INVESTIMENTO EM PARTICIPAÇÕES INFRAESTRUTURA;;Em Funcionamento Normal;2026-08-27;2026-08-21;2026-08-27;2027-02-28;;;GUSTAVO COTTA PIERSANTI;59281253000123;BTG PACTUAL SERVIÇOS FINANCEIROS S/A DTVM;PJ;07625159000140;BTG PACTUAL GESTORA DE INVESTIMENTOS ALTERNATIVOS LTDA.
6951;68726073000107;126203;2026-08-21;2026-08-21;FIP;MONTE CARLO FUNDO DE INVESTIMENTO EM PARTICIPAÇÕES INFRAESTRUTURA;;Em Funcionamento Normal;2026-08-25;2026-08-21;2026-08-25;2027-02-28;;;GUSTAVO COTTA PIERSANTI;59281253000123;BTG PACTUAL SERVIÇOS FINANCEIROS S/A DTVM;PJ;07625159000140;BTG PACTUAL GESTORA DE INVESTIMENTOS ALTERNATIVOS LTDA.
6952;68782314000127;126204;2026-08-25;2026-08-25;FIP;VETRA FUNDO DE INVESTIMENTO EM PARTICIPAÇÕES EM INFRAESTRUTURA RESPONSABILIDADE LIMITADA;;Fase Pré-Operacional;2026-08-25;2026-08-25;;;;;HEIDY FERREIRA SANTANA;15489568000195;INTRA INVESTIMENTOS DTVM LTDA;PJ;35541359000150;INTRA BLACK INVESTIMENTOS GESTÃO DE RECURSOS LTDA
6955;68872657000182;126207;2026-08-31;2026-08-31;FIP;Kinea Equity Infra II Master Fundo de Investimento em Participações em Infraestrutura Resp Limitada;;Fase Pré-Operacional;2026-08-31;2026-08-31;;;;;ROBERTA ANCHIETA DA SILVA;62418140000131;INTRAG DTVM LTDA.;PJ;04661817000161;KINEA PRIVATE EQUITY INVESTIMENTOS S/A
7300;01963414000189;8915;1997-09-18;;FMIA-CL;BB PRIVATE EQUITY INFRAESTRUTURA NORDESTE FUNDO DE INVESTIMENTO EM AÇÕES;2000-03-31;Cancelado;2000-03-31;;;;4153000.00;1999-12-31;;;;;;
7928;61155077000125;1805;2025-06-04;2025-06-04;FIIM;BTG PACTUAL TEVA DEBÊNTURES DE INFRAESTRUTURA FUNDO DE ÍNDICE;2026-05-11;Cancelado;2026-05-11;2025-06-04;;;;;GUSTAVO COTTA PIERSANTI;59281253000123;BTG PACTUAL SERVIÇOS FINANCEIROS S/A DTVM;PJ;29650082000100;BTG PACTUAL ASSET MANAGEMENT S/A DTVM
8004;65421381000128;2577;2026-03-02;2026-03-02;FIIM;TREND ETF INFRAESTRUTURA ESG B3 CLASSE DE  ÍNDICE - RESPONSABILIDADE LIMITADA;;Em Funcionamento Normal;2026-09-04;2026-03-02;2026-09-04;2027-03-31;;;MARIA LUIZA GREGÓRIO PAIVA;01522368000182;BANCO BNP PARIBAS BRASIL S/A;PJ;37918829000188;XP ALLOCATION ASSET MANAGEMENT LTDA
8046;68008712000190;2992;2026-07-14;2026-07-14;FIIM;BTG PACTUAL TEVA INFRAESTRUTURA HÍBRIDO FUNDO DE ÍNDICE;;Em Funcionamento Normal;2026-09-01;2026-07-14;2026-09-01;2027-03-31;;;GUSTAVO COTTA PIERSANTI;59281253000123;BTG PACTUAL SERVIÇOS FINANCEIROS S/A DTVM;PJ;29650082000100;BTG PACTUAL ASSET MANAGEMENT S/A DTVM
8234;01963414000189;2461;1997-09-18;1997-09-18;FITVM;BB PRIVATE EQUITY INFRAESTRUTURA NORDESTE FUNDO DE INVESTIMENTO EM AÇÕES;2005-03-10;Cancelado;2005-03-10;;;;10826465.71;2005-03-09;;;;;;
9409;11390498000162;209084;2009-12-11;2009-12-24;FIDC;FIDC FINANCEIROS CREDIT SUISSE INFRAESTRUTURA;2010-11-23;Cancelado;2010-11-23;;;;;;EDUARDO ESTEFAN VENTURA;62418140000131;INTRAG DTVM LTDA.;PJ;02150453000120;OLIVEIRA TRUST SERVICER S/A
9680;14561043000150;211097;2011-11-07;2011-11-25;FIDC;FIDC DA SANEAMENTO DE GOIAS S.A. - SANEAGO - INFRAESTRUTURA;2015-12-23;Cancelado;2015-12-23;;2021-10-01;2022-09-30;0.00;2016-01-31;ANDRE BERNARDINO DA CRUZ FILHO;00066670000100;BEM - DISTRIBUIDORA DE TITULOS E VALORES MOBILIARIOS LTDA.;PJ;06576569000186;INTEGRAL INVESTIMENTOS LTDA.
9768;16959261000173;212069;2012-11-16;2012-11-16;FIDC;FUNDO DE INVESTIMENTO EM DIREITOS CREDITÓRIOS DA SANEAMENTO DE GOIÁS - SANEAGO - INFRAESTRUTURA II;2015-12-23;Cancelado;2015-12-23;;2021-10-01;2022-09-30;270188593.53;2015-11-30;ANDRE BERNARDINO DA CRUZ FILHO;00066670000100;BEM - DISTRIBUIDORA DE TITULOS E VALORES MOBILIARIOS LTDA.;PJ;06576569000186;INTEGRAL INVESTIMENTOS LTDA.
9866;18289873000121;213096;2013-11-19;2013-12-03;FIDC;FUNDO DE INVEST. EM DIR. CREDITÓRIOS BB VOTORANTIM HIGHLAND INFRAESTRUTURA RESPONSABILIDADE LIMITADA;;Em Funcionamento Normal;2013-12-30;2024-11-29;2026-01-01;2026-12-31;88575100.51;2024-11-30;DANIEL ALMEIDA BOGADO LEITE;30822936000169;BB GESTAO DE RECURSOS DTVM S.A;PJ;03384738000198;TIVIO CAPITAL DISTRIBUIDORA DE TITULOS E VALORES MOBILIARIOS S.A.
9958;20045862000148;214034;2014-04-14;2014-07-11;FIDC;FUNDO DE INVESTIMENTO EM DIREITOS CREDITORIOS DA SANEAMENTO DE GOIAS S.A. SANEAGO INFRAESTRUTURA IV;2022-12-29;Cancelado;2022-12-29;;2023-10-01;2024-09-30;0.00;2022-12-31;JOSÉ ALEXANDRE COSTA DE FREITAS;36113876000191;OLIVEIRA TRUST DTVM S.A.;PJ;06576569000186;INTEGRAL INVESTIMENTOS LTDA.
10055;21545641000100;214116;2014-12-16;2014-12-18;FIDC;FUNDO DE INVESTIMENTO EM DIREITOS CREDITÓRIOS DA SANEAMENTO DE GOIÁS S.A. SANEAGO INFRAESTRUTURA III;2015-12-23;Cancelado;2015-12-23;;2021-10-01;2022-09-30;127722303.45;2015-11-30;ANDRE BERNARDINO DA CRUZ FILHO;00066670000100;BEM - DISTRIBUIDORA DE TITULOS E VALORES MOBILIARIOS LTDA.;PJ;06576569000186;INTEGRAL INVESTIMENTOS LTDA.
10555;28693003000177;217118;2017-10-26;2017-09-12;FIDC;KINEA INFRA II   FUNDO DE INVESTIMENTO EM DIREITOS CREDITÓRIOS DE INFRAESTRUTURA;2020-12-10;Cancelado;2020-12-10;;2021-07-01;2022-06-30;0.00;2022-02-28;;;;;;
10669;29328779000150;218013;2018-01-29;2017-12-20;FIDC;FUNDO DE INVESTIMENTO EM DIREITOS CREDITÓRIOS BNP PARIBAS CAFAM INFRAESTRUTURA I;2021-02-10;Cancelado;2021-02-10;;;;;;DANILO CHRISTÓFARO BARBIERI;13486793000142;APEX GROUP DISTRIBUIDORA DE TÍTULOS E VALORES MOBILIÁRIOS S.A.;PJ;02562663000125;BNP PARIBAS ASSET MANAGEMENT BRASIL LTDA
10867;31457390000157;218182;2018-11-08;2018-08-03;FIDC;KINEA INFRA III - FUNDO DE INVESTIMENTO EM DIREITOS CREDITÓRIOS DE INFRAESTRUTURA;2021-05-10;Cancelado;2021-05-10;;2021-07-01;2022-06-30;0.00;2021-08-31;ROBERTA ANCHIETA DA SILVA;62418140000131;INTRAG DTVM LTDA.;PJ;08604187000144;KINEA INVESTIMENTOS LTDA.
10936;32159538000130;219126;2019-07-26;2018-11-09;FIDC;KINEA INFRA IV FUNDO DE INVESTIMENTO EM DIREITOS CREDITORIOS DE INFRAESTRUTURA;2021-11-10;Cancelado;2021-11-10;;2021-07-01;2022-06-30;0.00;2022-02-28;ROBERTA ANCHIETA DA SILVA;62418140000131;INTRAG DTVM LTDA.;PJ;08604187000144;KINEA INVESTIMENTOS LTDA.
11153;34218609000153;220024;2020-01-22;2019-06-27;FIDC;SANTANDER INFRAESTRUTURA INCENTIVADO - FUNDO DE INVESTIMENTO EM COTAS DE FIDC;2021-03-15;Cancelado;2021-03-15;;;;;;MARCELO VIEIRA FRANCISCO;62318407000119;S3 CACEIS BRASIL DISTRIBUIDORA DE TITULOS E VALORES MOBILIARIOS S.A;PJ;10231177000152;SANTANDER BRASIL GESTÃO DE RECURSOS LTDA
11154;34218619000199;220023;2020-01-22;2019-06-27;FIDC;SANTANDER INFRAESTRUTURA INCENTIVADO - FUNDO DE INVESTIMENTO EM DIREITOS CREDITÓRIOS I;2021-03-15;Cancelado;2021-03-15;;;;;;MARCELO VIEIRA FRANCISCO;62318407000119;S3 CACEIS BRASIL DISTRIBUIDORA DE TITULOS E VALORES MOBILIARIOS S.A;PJ;10231177000152;SANTANDER BRASIL GESTÃO DE RECURSOS LTDA
11190;34633504000160;220001;2020-01-03;2019-08-05;FIDC;KINEA INFRA V - FUNDO INCENTIVADO DE INVESTIMENTO EM INFRAESTRUTURA RENDA FIXA CRÉDITO PRIVADO;2021-11-17;Cancelado;2021-11-17;;2021-07-01;2022-06-30;97208294.82;2021-10-31;ROBERTA ANCHIETA DA SILVA;62418140000131;INTRAG DTVM LTDA.;PJ;08604187000144;KINEA INVESTIMENTOS LTDA.
11295;35864178000165;220205;2020-08-31;2020-08-31;FIDC;ITAÚ II FUNDO DE INVESTIMENTO EM DIREITOS CREDITÓRIOS DE INFRAESTRUTURA;2023-09-13;Cancelado;2023-09-13;;;;;;ROBERTA ANCHIETA DA SILVA;62418140000131;INTRAG DTVM LTDA.;PJ;60701190000104;ITAU UNIBANCO S.A.
11953;42479574000134;221399;2021-10-18;2021-10-08;FIDC;KINEA INFRA VI - FUNDO INCENTIVADO DE INVESTIMENTO EM INFRAESTRUTURA RENDA FIXA CRÉDITO PRIVADO;2021-11-17;Cancelado;2021-11-17;;2021-10-22;2022-06-30;;;ROBERTA ANCHIETA DA SILVA;62418140000131;INTRAG DTVM LTDA.;PJ;08604187000144;KINEA INVESTIMENTOS LTDA.
13174;52258677000128;223449;2023-09-20;2023-09-20;FIDC;ITAÚ PIRINEUS FUNDO DE INVESTIMENTOS EM DIREITOS CREDITÓRIOS DE INFRAESTRUTURA - RESP LIMITADA;;Em Funcionamento Normal;2023-09-27;2024-03-27;2026-07-01;2027-06-30;528258414.79;2024-09-30;ROBERTA ANCHIETA DA SILVA;62418140000131;INTRAG DTVM LTDA.;PJ;40430971000196;ITAU UNIBANCO ASSET MANAGEMENT LTDA.
13274;52757245000161;223539;2023-11-01;2023-10-31;FIDC;SAFRA SELECTION  FUNDO DE INVESTIMENTO EM DIREITOS CREDITÓRIOS DE INFRAESTRUTURA COM RESP. LIMITADA;2024-08-05;Cancelado;2024-08-05;2023-11-01;;;;;MARCIO AURELIO DE NOBREGA;03017677000120;BANCO J. SAFRA S.A.;PJ;62180047000131;SAFRA ASSET MANAGEMENT LTDA.
14166;57325251000163;224745;2024-09-17;2024-09-17;FIDC;ANGICO FIDC SEGMENTO INFRAESTRUTURA E AGRONEGÓCIO DE RESPONSABILIDADE LIMITADA;;Em Funcionamento Normal;2024-12-20;2024-09-17;2026-07-01;2027-06-30;;;ROBERTA ANCHIETA DA SILVA;62418140000131;INTRAG DTVM LTDA.;PJ;60701190000104;ITAU UNIBANCO S.A.
14657;59688936000108;225176;2025-02-27;2025-02-27;FIDC;ITAÚ PIRINEUS III FUNDO DE INVESTIMENTOS EM DIREITOS CREDITÓRIOS DE INFRAESTRUTURA RESP LIMITADA;;Em Funcionamento Normal;2025-04-09;2025-02-27;2026-07-01;2027-06-30;;;ROBERTA ANCHIETA DA SILVA;62418140000131;INTRAG DTVM LTDA.;PJ;40430971000196;ITAU UNIBANCO ASSET MANAGEMENT LTDA.
14686;59773698000120;225206;2025-03-06;2025-03-06;FIDC;ITAÚ PIRINEUS III DISTRIBUIDORES FIC FIDC DE INFRAESTRUTURA RESPONSABILIDADE LIMITADA;;Em Funcionamento Normal;2025-04-24;2025-03-06;2026-07-01;2027-06-30;;;ROBERTA ANCHIETA DA SILVA;62418140000131;INTRAG DTVM LTDA.;PJ;40430971000196;ITAU UNIBANCO ASSET MANAGEMENT LTDA.
15636;63588528000143;225129;2025-11-10;2025-11-06;FIDC;EUGÊNIA FIDC SEGMENTO  INFRAESTRUTURA E AGRONEGÓCIO DE RESPONSABILIDADE LIMITADA;;Em Funcionamento Normal;2025-11-25;2025-11-10;2026-07-01;2027-06-30;;;CINTIA SANT'ANA DE OLIVEIRA;27652684000162;GENIAL INVESTIMENTOS CORRETORA DE VALORES MOBILIÁRIOS S.A.;PJ;22119959000183;GENIAL GESTÃO LTDA.
15968;64756178000140;226096;2026-01-28;2026-01-28;FIDC;G5 FUNDO DE INVESTIMENTO EM DIREITOS CREDITÓRIOS DE INFRAESTRUTURA ALLOCATION;;Em Funcionamento Normal;2026-02-05;2026-01-28;2026-03-01;2027-02-28;;;DANIEL DOLL LEMOS;62285390000140;QI CORRETORA DE TÍTULOS E VALORES MOBILIÁRIOS S.A.;PJ;09446129000100;G5 ADMINISTRADORA DE RECURSOS LTDA.
16039;65411764000115;226170;2026-03-02;2026-03-02;FIDC;ATENA FUNDO DE INVESTIMENTO EM DIREITOS CREDITÓRIOS SEGMENTO INFRAESTRUTURA DE RESP LIMITADA;;Em Funcionamento Normal;2026-04-27;2026-03-02;2026-04-27;2026-12-31;;;ALESSANDRO CHAGAS FARIAS;03502968000104;SANTANDER DISTRIBUIDORA DE TÍTULOS E VALORES MOBILIÁRIOS S.A.;PJ;90400888000142;BANCO SANTANDER (BRASIL) S.A.
16056;65505678000171;226188;2026-03-05;2026-03-05;FIDC;ERYTHRINA FIDC SEGMENTO INFRAESTRUTURA E AGRONEGÓCIO DE RESPONSABILIDADE LIMITADA;;Em Funcionamento Normal;2026-03-23;2026-03-05;2026-07-01;2027-06-30;;;ROBERTA ANCHIETA DA SILVA;62418140000131;INTRAG DTVM LTDA.;PJ;60701190000104;ITAU UNIBANCO S.A.
16781;97525452000129;218075;2017-12-07;2011-08-09;FIDC;G5 SCB II FIF - CLASSE DE  INVESTIMENTO RENDA FIXA INCENTIVADO EM INFRAESTRUTURA CRÉDITO  PRIVADO;2020-02-12;Cancelado;2020-02-12;;2021-03-01;2022-02-28;17510649.90;2020-01-31;DANIEL DOLL LEMOS;62285390000140;QI CORRETORA DE TÍTULOS E VALORES MOBILIÁRIOS S.A.;PJ;09446129000100;G5 ADMINISTRADORA DE RECURSOS LTDA.
28037;01963414000189;22837;2005-03-16;1999-06-01;FI;BB PRIVATE EQUITY INFRAESTRUTURA NORDESTE FUNDO DE INVESTIMENTO EM AÇÕES;2007-02-01;Cancelado;2007-02-01;;2021-10-01;2022-09-30;0.00;2007-01-26;;;;;;
35462;08471087000197;77550;2007-01-30;2007-01-24;FI;SAFRA AÇÕES INFRAESTRUTURA FIF CLASSE DE INVESTIMENTO EM AÇÕES RESPONSABILIDADE LIMITADA;;Em Funcionamento Normal;2007-01-30;2025-04-23;2026-01-01;2026-12-31;32771159.43;2025-07-01;MARCIO AURELIO DE NOBREGA;65913436000117;SAFRA ASSET CORRETORA DE TÍTULOS E VALORES MOBILIÁRIOS S.A.;PJ;65913436000117;SAFRA ASSET CORRETORA DE TÍTULOS E VALORES MOBILIÁRIOS S.A.
36612;08831466000140;85553;2007-05-28;2007-05-28;FI;SÃO LUIZ FIF INVESTIMENTO EM INFRA CIC DE INVESTIMENTO EM INFRAESTRUTURA RENDA FIXA RESP LIMITADA;;Em Funcionamento Normal;2007-05-28;2024-08-30;2026-04-01;2027-03-31;104567896.35;2024-12-19;MARCIO AURELIO DE NOBREGA;65913436000117;SAFRA ASSET CORRETORA DE TÍTULOS E VALORES MOBILIÁRIOS S.A.;PJ;01638542000157;SAFRA DISTRIBUIDORA DE TÍTULOS E VALORES MOBILIÁRIOS LTDA.
39705;10347253000190;115983;2008-10-02;2008-09-29;FI;JLC FIF INVESTIMENTO EM INFRAESTRUTURA CIC RENDA FIXA EM INFRAESTRUTURA RESPONSABILIDADE LIMITADA;2026-04-08;Cancelado;2026-04-08;2025-01-31;2025-10-01;2026-09-30;7384055.81;2025-07-01;MARCIO AURELIO DE NOBREGA;65913436000117;SAFRA ASSET CORRETORA DE TÍTULOS E VALORES MOBILIÁRIOS S.A.;PJ;65913436000117;SAFRA ASSET CORRETORA DE TÍTULOS E VALORES MOBILIÁRIOS S.A.
39757;10355529000181;118958;2008-12-29;2008-09-17;FI;CORLEONE II FUNDO INCENTIVADO DE INVESTIMENTO FINANCEIRO EM INFRAESTRUTURA RENDA FIXA;2026-06-18;Cancelado;2026-06-18;2024-05-20;2026-07-01;2027-06-30;44925629.48;2024-09-27;GUSTAVO COTTA PIERSANTI;59281253000123;BTG PACTUAL SERVIÇOS FINANCEIROS S/A DTVM;PJ;12695840000103;BTG PACTUAL GESTÃO E CONSULTORIA DE INVESTIMENTOS LTDA
40120;10551382000103;139076;2010-04-12;2008-11-28;FI;CAIXA INFRAESTRUTURA FUNDO DE INVESTIMENTO FINANCEIRO EM AÇÕES - RESPONSABILIDADE LIMITADA;;Em Funcionamento Normal;2010-04-19;2025-03-07;2025-10-01;2026-09-30;118925903.40;2025-03-10;RICARDO TROES;00360305000104;CAIXA ECONOMICA FEDERAL;PJ;42040639000140;CAIXA DISTRIBUIDORA DE TÍTULOS E VALORES MOBILIÁRIOS S.A.
41041;11180611000185;133159;2009-12-10;2009-09-08;FI;SANTANDER FUNDO DE INVESTIMENTO INFRAESTRUTURA MASTER AÇÕES;2014-12-19;Cancelado;2014-12-19;;2021-10-01;2022-09-30;0.00;2014-12-26;JOSE DE PAIVA FERREIRA;90400888000142;BANCO SANTANDER (BRASIL) S.A.;PJ;10231177000152;SANTANDER BRASIL GESTÃO DE RECURSOS LTDA
41293;11328904000167;140660;2010-05-04;2010-04-28;FI;BB AÇÕES INFRAESTRUTURA FUNDO DE INVESTIMENTO EM COTAS DE FIF RESPONSABILIDADE LIMITADA;;Em Funcionamento Normal;2010-05-07;2025-05-08;2025-10-01;2026-09-30;45761576.66;2025-05-08;DANIEL ALMEIDA BOGADO LEITE;30822936000169;BB GESTAO DE RECURSOS DTVM S.A;PJ;30822936000169;BB GESTAO DE RECURSOS DTVM S.A
41572;11451187000166;140686;2010-05-04;2010-05-04;FI;BB TOP AÇÕES INFRAESTRUTURA FUNDO DE INVESTIMENTO FINANCEIRO RESPONSABILIDADE LIMITADA;;Em Funcionamento Normal;2010-05-07;2025-06-16;2026-01-01;2026-12-31;46716919.32;2025-06-18;DANIEL ALMEIDA BOGADO LEITE;30822936000169;BB GESTAO DE RECURSOS DTVM S.A;PJ;30822936000169;BB GESTAO DE RECURSOS DTVM S.A
42980;12602818000163;149225;2010-10-15;2010-10-15;FI;MB INFRAESTRUTURA FUNDO DE INVESTIMENTO EM COTAS DE FUNDO DE INVESTIMENTO AÇÕES BNP;2012-10-01;Cancelado;2012-10-01;;2021-01-01;2021-12-31;0.00;2012-10-24;;;;;;
45634;15029147000181;324701;2019-05-09;2019-03-15;FI;BB RENDA FIXA INCENTIVADO FIC FIF INVESTIMENTO EM INFRAESTRUTURA RESPONSABILIDADE LIMITADA;;Em Funcionamento Normal;2019-05-13;2025-06-24;2026-07-01;2027-06-30;109016242.49;2025-06-24;DANIEL ALMEIDA BOGADO LEITE;30822936000169;BB GESTAO DE RECURSOS DTVM S.A;PJ;30822936000169;BB GESTAO DE RECURSOS DTVM S.A
46488;16555522000190;186678;2012-08-23;2012-08-23;FI;BTG PACTUAL INFRAESTRUTURA II FEEDER FIC FI MULTIMERCADO CRÉDITO PRIVADO;2025-05-05;Cancelado;2025-05-05;;2025-04-01;2026-03-31;0.00;2025-05-26;GUSTAVO COTTA PIERSANTI;59281253000123;BTG PACTUAL SERVIÇOS FINANCEIROS S/A DTVM;PJ;60451242000123;BTG PACTUAL WM GESTÃO DE RECURSOS LTDA
46642;16703345000141;190047;2012-10-15;2012-10-09;FI;ALGARAVIA CDI DEB INCENTIVADAS FUNDO DE INVESTIMENTO EM INFRAESTRUTURA RENDA FIXA CRÉDITO PRIVADO;;Em Funcionamento Normal;2012-10-19;2024-03-22;2026-09-01;2027-08-31;58626312.99;2024-09-27;LIZANDRO SOMMER ARNONI;02332886000104;XP INVESTIMENTOS CCTVM S.A.;PJ;15289957000177;XP ADVISORY GESTAO DE RECURSOS LTDA
47839;17488648000151;203262;2013-04-24;2013-04-24;FI;BRADESCO FUNDO DE INVESTIMENTO EM AÇÕES MÁSTER INFRAESTRUTURA;2017-07-05;Cancelado;2017-07-05;;2021-03-01;2022-02-28;1509697.25;2017-07-04;ANDRE BERNARDINO DA CRUZ FILHO;60746948000112;BANCO BRADESCO S.A.;PJ;62375134000144;BRAM - BRADESCO ASSET MANAGEMENT S.A. DISTRIBUIDORA DE TITULOS E VALORES MOBILIARIOS
48090;17712539000176;200581;2013-03-15;2013-03-15;FI;BTG PACTUAL INFRAESTRUTURA II FEEDER M13 FIC DE FI MULTIMERCADO CRÉDITO PRIVADO;2013-06-03;Cancelado;2013-06-03;;2021-04-01;2022-03-31;0.00;2013-06-07;ALLAN HADID;59281253000123;BTG PACTUAL SERVIÇOS FINANCEIROS S/A DTVM;PJ;60451242000123;BTG PACTUAL WM GESTÃO DE RECURSOS LTDA
48476;18007780000167;218448;2013-12-10;2013-03-18;FI;CAIXA FUNDO DE INVESTIMENTO CRÉDITO PRIVADO RENDA FIXA INFRAESTRUTURA I;2014-12-12;Cancelado;2014-12-12;;;;;;;;;;;
48551;18077390000163;205141;2013-05-21;2013-05-21;FI;BTG PACTUAL INFRAESTRUTURA II FEEDER III FIC FI MULTIMERCADO CRÉDITO PRIVADO;2014-09-16;Cancelado;2014-09-16;;;;;;;;;;;
48575;18079414000113;211958;2013-08-27;2013-08-27;FI;BRADESCO FIF  - CLASSE DE INVESTIMENTO RF CRED PRIV INCENTIVADO DE INVESTIMENTO EM INFRAESTRUTURA;2025-10-23;Cancelado;2025-10-23;2025-06-23;2025-08-01;2026-07-31;29848003.34;2025-06-23;LUIS CLAUDIO DE FREITAS COELHO PEREIRA;60746948000112;BANCO BRADESCO S.A.;PJ;60746948000112;BANCO BRADESCO S.A.
49261;18679362000116;214884;2013-10-08;2013-08-08;FI;UBS AS 77 FUNDO DE INVESTIMENTO EM INFRAESTRUTURA  RENDA FIXA CRÉDITO PRIVADO RESP LIMITADA;;Em Funcionamento Normal;2013-12-05;2025-02-10;2025-12-01;2026-11-30;85961528.88;2025-03-28;ROGÉRIO JEMES GITIRANA;61809182000130;UBS (BRASIL) CORRETORA DE VALORES S.A;PJ;11519438000105;UBS BRASIL ADMINISTRADORA DE VALORES MOBILIÁRIOS LTDA.
49270;18679900000172;214906;2013-10-08;2013-08-08;FI;BRADESCO 392 FIF - CLASSE DE INVESTIMENTO RENDA FIXA INCENTIVADO DE INVESTIMENTO EM INFRAESTRUTURA;;Em Funcionamento Normal;2013-11-07;2025-03-18;2025-12-01;2026-11-30;13962098.47;2025-03-17;RICARDO BARBIERI DE ANDRADE;60746948000112;BANCO BRADESCO S.A.;PJ;60746948000112;BANCO BRADESCO S.A.
49856;19294771000167;220469;2014-01-10;2014-01-09;FI;BTG PACTUAL INFRAESTRUTURA II FEEDER 3 FIC DE FI MULTIMERCADO CRÉDITO PRIVADO;2014-01-17;Cancelado;2014-01-17;;;;0.00;2014-02-03;;;;;;
50578;20173113000104;227870;2014-06-03;2014-06-03;FI;FUNDO DE INVESTIMENTO RENDA FIXA BTG PACTUAL INFRAESTRUTURA - CRÉDITO PRIVADO;2016-09-16;Cancelado;2016-09-16;;;;;;;;;;;
50809;20468321000122;236748;2014-12-12;2014-05-16;FI;TFO INFRA RENDA FIXA FIC DE FUNDO INCENTIVADO DE INVESTIMENTO EM INFRAESTRUTURA;2021-09-06;Cancelado;2021-09-06;;2021-01-01;2021-12-31;0.00;2021-09-27;MARCELO VIEIRA FRANCISCO;62318407000119;S3 CACEIS BRASIL DISTRIBUIDORA DE TITULOS E VALORES MOBILIARIOS S.A;PJ;04686893000121;TURIM 21 INVESTIMENTOS LTDA
51102;20889637000198;233439;2014-09-29;2014-08-08;FI;ÔMEGA FUNDO INCENTIVADO DE INVESTIMENTO FINANCEIRO EM INFRAESTRUTURA RENDA FIXA;;Em Funcionamento Normal;2014-12-08;2025-04-29;2025-12-01;2026-11-30;296818038.75;2025-05-02;GUSTAVO COTTA PIERSANTI;59281253000123;BTG PACTUAL SERVIÇOS FINANCEIROS S/A DTVM;PJ;12695840000103;BTG PACTUAL GESTÃO E CONSULTORIA DE INVESTIMENTOS LTDA
51844;21780714000130;241784;2015-04-13;2015-04-13;FI;DEUTSCHE FUNDO DE INVESTIMENTO MULTIMERCADO INFRAESTRUTURA GLOBAL INVESTIMENTO NO EXTERIOR;2018-06-01;Cancelado;2018-06-01;;2021-07-01;2022-06-30;0.00;2018-06-15;;;;;;
51856;21818795000110;241903;2015-04-15;2015-04-13;FI;DEUTSCHE FI EM COTAS DE FI MULTIMERCADO INFRAESTRUTURA GLOBAL INVESTIMENTO NO EXTERIOR;2018-06-12;Cancelado;2018-06-12;;2021-07-01;2022-06-30;0.00;2018-07-03;;;;;;
52422;22759995000101;245011;2015-07-10;2015-07-10;FI;SULAMÉRICA INFRA FIF INCENTIVADO DE INFRAESTRUTURA RENDA FIXA DE RESPONSABILIDADE LIMITADA;;Em Funcionamento Normal;2017-05-10;2025-05-23;2026-04-01;2027-03-31;41248116.65;2025-05-22;MARIA AUGUSTA CRESPO MOSCA TOMITA;32206435000183;SUL AMERICA INVESTIMENTOS DTVM S.A.;PJ;21813291000107;SUL AMÉRICA INVESTIMENTOS GESTORA DE RECURSOS S.A.
52422;22759995000101;245011;2015-07-10;2015-07-10;FI;SULAMÉRICA INFRA FIF INCENTIVADO DE INFRAESTRUTURA RENDA FIXA DE RESPONSABILIDADE LIMITADA;;Em Funcionamento Normal;2017-05-10;2025-05-23;2026-04-01;2027-03-31;41248116.65;2025-05-22;MARIA AUGUSTA CRESPO MOSCA TOMITA;32206435000183;SUL AMERICA INVESTIMENTOS DTVM S.A.;PJ;54286457000133;Sul América Gestão de Investimentos S.A.
52434;22773625000129;279269;2017-06-07;2015-06-18;FI;BNP PARIBAS DEBÊNTURES INCENTIVADAS DE INFRAESTRUTURA II FI MULTIMERCADO CRÉDITO PRIVADO;2018-04-25;Cancelado;2018-04-25;;2021-01-01;2021-12-31;50350255.08;2018-04-24;ORONZO CHIARELLA;01522368000182;BANCO BNP PARIBAS BRASIL S/A;PJ;02562663000125;BNP PARIBAS ASSET MANAGEMENT BRASIL LTDA
52589;23034963000101;258539;2016-05-12;2015-07-15;FI;PEDRA NEGRA CLASSE DE INVESTIMENTO INCENTIVADA RF CRÉDITO PRIVADO INFRAESTRUTURA - RESP LIMITADA;;Em Funcionamento Normal;2016-06-23;2025-01-15;2025-11-01;2026-10-31;759253062.45;2025-04-11;ANGELA AMODEO;62318407000119;S3 CACEIS BRASIL DISTRIBUIDORA DE TITULOS E VALORES MOBILIARIOS S.A;PJ;12695840000103;BTG PACTUAL GESTÃO E CONSULTORIA DE INVESTIMENTOS LTDA
52653;23186354000178;249874;2015-10-26;2015-10-26;FI;BUTIÁ DEBÊNTURES FUNDO INCENTIVADO DE INVESTIMENTO EM INFRAESTRUTURA RENDA FIXA;;Em Funcionamento Normal;2015-11-12;2024-10-24;2026-01-01;2026-12-31;15479091.27;2024-11-01;GUSTAVO COTTA PIERSANTI;59281253000123;BTG PACTUAL SERVIÇOS FINANCEIROS S/A DTVM;PJ;22899452000190;BUTIÁ GESTÃO DE INVESTIMENTOS LTDA.
52738;23352177000152;250597;2015-11-10;2015-11-10;FI;ALOCAÇÃO FUNDO INCENTIVADO DE INVESTIMENTO EM INFRAESTRUTURA RENDA FIXA;2022-08-11;Cancelado;2022-08-11;;2021-11-01;2022-10-31;0.00;2022-08-22;ANDRE BERNARDINO DA CRUZ FILHO;00066670000100;BEM - DISTRIBUIDORA DE TITULOS E VALORES MOBILIARIOS LTDA.;PJ;12695840000103;BTG PACTUAL GESTÃO E CONSULTORIA DE INVESTIMENTOS LTDA
52897;23631350000151;277274;2017-05-04;2015-10-26;FI;ÁGUIA FIF INV EM INFRAESTRUTURA  CLASSE DE INVESTIMENTO EM INFRAESTRUTURA RENDA FIXA RESP LIMITADA;;Em Funcionamento Normal;2017-05-09;2025-05-28;2026-04-01;2027-03-31;13557431.84;2025-07-01;MARCIO AURELIO DE NOBREGA;01638542000157;SAFRA DISTRIBUIDORA DE TÍTULOS E VALORES MOBILIÁRIOS LTDA.;PJ;01638542000157;SAFRA DISTRIBUIDORA DE TÍTULOS E VALORES MOBILIÁRIOS LTDA.
53015;23714022000119;294276;2018-02-01;2015-10-26;FI;SAFRA DEBÊNTURES INCENTIVADAS MASTER II FIF INV EM INFRAESTRUTURA CI EM INFRA RF RESP LIMITADA;;Em Funcionamento Normal;2019-03-27;2025-04-30;2025-10-01;2026-09-30;778413702.73;2025-07-01;MARCIO AURELIO DE NOBREGA;01638542000157;SAFRA DISTRIBUIDORA DE TÍTULOS E VALORES MOBILIÁRIOS LTDA.;PJ;01638542000157;SAFRA DISTRIBUIDORA DE TÍTULOS E VALORES MOBILIÁRIOS LTDA.
53210;23884614000189;255505;2016-02-25;2015-12-01;FI;UBS 1630 FUNDO DE INVESTIMENTO EM INFRAESTRUTURA - RENDA FIXA CREDITO PRIVADO RESP LIMITADA;;Em Funcionamento Normal;2016-05-10;2025-02-10;2026-02-01;2027-01-31;32481091.77;2025-03-28;ROGÉRIO JEMES GITIRANA;61809182000130;UBS (BRASIL) CORRETORA DE VALORES S.A;PJ;11519438000105;UBS BRASIL ADMINISTRADORA DE VALORES MOBILIÁRIOS LTDA.
53221;23884659000153;254142;2016-01-27;2015-12-01;FI;SIEBEN CDI DEB INCENTIVADAS FUNDO DE INVESTIMENTO EM INFRAESTRUTURA RENDA FIXA CRÉDITO PRIVADO;;Em Funcionamento Normal;2016-05-03;2024-01-15;2026-03-01;2027-02-28;32020610.49;2024-09-27;LIZANDRO SOMMER ARNONI;02332886000104;XP INVESTIMENTOS CCTVM S.A.;PJ;15289957000177;XP ADVISORY GESTAO DE RECURSOS LTDA
53625;24552346000160;265438;2016-09-30;2016-09-28;FI;NIKOS DEBÊNTURES INCENTIVADAS FUNDO DE INVESTIMENTO EM INFRAESTRUTURA  RENDA FIXA CRÉDITO PRIVADO LP;;Em Funcionamento Normal;2016-10-03;2024-05-15;2026-04-01;2027-03-31;14506540.45;2025-03-21;GUSTAVO COTTA PIERSANTI;59281253000123;BTG PACTUAL SERVIÇOS FINANCEIROS S/A DTVM;PJ;52906220000182;NIKOS GESTAO DE RECURSOS LTDA.
53667;24601713000179;261556;2016-07-27;2016-07-19;FI;PLURAL MASTER II DEB INCENTIVADAS CRÉDITO PRIVADO FIF RENDA FIXA INVESTIMENTO EM INFRAESTRUTURA - RL;;Em Funcionamento Normal;2016-08-08;2025-01-06;2026-04-01;2027-03-31;142820590.49;2025-03-28;PETERSON ANTONIO DA PAZ;02201501000161;BNY MELLON SERVICOS FINANCEIROS DTVM S.A.;PJ;11397672000280;PLURAL GESTÃO DE RECURSOS LTDA
53704;24669263000156;262420;2016-08-11;2016-08-11;FI;AZBWM QUEST LEVANTE FIC DE FI FINANCEIRO INCENTIVADO EM INFRAESTRUTURA RENDA FIXA CRÉDITO PRIVADO;;Em Funcionamento Normal;2016-09-06;2025-05-09;2026-04-01;2027-03-31;46229110.15;2025-07-01;GUSTAVO COTTA PIERSANTI;59281253000123;BTG PACTUAL SERVIÇOS FINANCEIROS S/A DTVM;PJ;03829051000119;AZIMUT BRASIL WEALTH MANAGEMENT LTDA
53704;24669263000156;262420;2016-08-11;2016-08-11;FI;AZBWM QUEST LEVANTE FIC DE FI FINANCEIRO INCENTIVADO EM INFRAESTRUTURA RENDA FIXA CRÉDITO PRIVADO;;Em Funcionamento Normal;2016-09-06;2025-05-09;2026-04-01;2027-03-31;46229110.15;2025-07-01;GUSTAVO COTTA PIERSANTI;59281253000123;BTG PACTUAL SERVIÇOS FINANCEIROS S/A DTVM;PJ;50544038000101;AZ QUEST INFRA LTDA.
53907;25097707000199;260533;2016-07-07;2016-07-07;FI;BTG SUPRA 90 FUNDO INCENTIVADO DE INVESTIMENTO FINANCEIRO EM INFRAESTRUTURA RENDA FIXA;;Em Funcionamento Normal;2016-08-18;2025-06-30;2026-06-01;2027-05-31;1970024108.93;2025-07-01;GUSTAVO COTTA PIERSANTI;59281253000123;BTG PACTUAL SERVIÇOS FINANCEIROS S/A DTVM;PJ;12695840000103;BTG PACTUAL GESTÃO E CONSULTORIA DE INVESTIMENTOS LTDA
53939;25108905000100;268828;2016-12-09;2016-06-02;FI;BNP PARIBAS MASTER INFRAESTRUTURA CLASSE DE INVESTIMENTO RENDA FIXA SUSTENTÁVEL IS - RESP LIMITADA;;Em Funcionamento Normal;2016-12-29;2025-06-20;2026-01-01;2026-12-31;104042826.00;2025-08-22;MARIA LUIZA GREGÓRIO PAIVA;01522368000182;BANCO BNP PARIBAS BRASIL S/A;PJ;02562663000125;BNP PARIBAS ASSET MANAGEMENT BRASIL LTDA
54200;26104747000183;277878;2017-05-16;2017-05-12;FI;BANESTES FIC DE FIF INCENTIVADOS DE INVESTIMENTO EM INFRAESTRUTURA RF CRED PRIV RESP LIMITADA;;Em Funcionamento Normal;2017-05-18;2025-03-05;2026-01-01;2026-12-31;53482817.08;2025-03-28;FÁBIO ROBERTO DE OLIVEIRA;28156057000101;BANESTES DISTRIBUIDORA DE TÍTULOS E VALORES MOBILIÁRIOS S.A.;PJ;28156057000101;BANESTES DISTRIBUIDORA DE TÍTULOS E VALORES MOBILIÁRIOS S.A.
54226;26142839000158;267031;2016-11-07;2016-08-19;FI;CRICA I FUNDO INCENTIVADO DE INVESTIMENTO FINANCEIRO EM INFRAESTRUTURA RENDA FIXA;2025-08-12;Cancelado;2025-08-12;2024-12-30;2024-10-01;2025-09-30;90380564.42;2025-01-07;GUSTAVO COTTA PIERSANTI;59281253000123;BTG PACTUAL SERVIÇOS FINANCEIROS S/A DTVM;PJ;60451242000123;BTG PACTUAL WM GESTÃO DE RECURSOS LTDA
54568;26362387000110;267678;2016-11-21;2016-09-29;FI;TFO BP INFRA RENDA FIXA FIC DE FUNDO INCENTIVADO DE INVESTIMENTO EM INFRAESTRUTURA;2023-07-06;Cancelado;2023-07-06;;2022-12-01;2023-11-30;0.00;2023-07-10;ANGELA AMODEO;62318407000119;S3 CACEIS BRASIL DISTRIBUIDORA DE TITULOS E VALORES MOBILIARIOS S.A;PJ;04686893000121;TURIM 21 INVESTIMENTOS LTDA
54575;26362496000137;268593;2016-12-06;2016-09-28;FI;SAFRA INFRAESTRUTURA MASTER FIF INV EM INFRAESTRUTURA CI EM INFRA RF LONGO PRAZO RESP LIMITADA;;Em Funcionamento Normal;2017-06-20;2025-04-14;2025-10-01;2026-09-30;165767324.50;2025-07-01;MARCIO AURELIO DE NOBREGA;65913436000117;SAFRA ASSET CORRETORA DE TÍTULOS E VALORES MOBILIÁRIOS S.A.;PJ;01638542000157;SAFRA DISTRIBUIDORA DE TÍTULOS E VALORES MOBILIÁRIOS LTDA.
54835;26605199000175;313246;2018-11-29;2018-11-21;FI;CAPITÂNIA INFRA 30 IPCA FUNDO DE INVESTIMENTO FINANCEIRO RENDA FIXA INVESTIMENTO EM INFRAESTRUTURA;;Em Funcionamento Normal;2018-12-27;2025-06-11;2026-01-01;2026-12-31;118858684.93;2025-06-12;GUSTAVO COTTA PIERSANTI;59281253000123;BTG PACTUAL SERVIÇOS FINANCEIROS S/A DTVM;PJ;41793345000127;CAPITANIA CAPITAL S.A.
54890;26680212000150;272981;2017-02-17;2017-02-17;FI;VIC INFRA II - FUNDO DE INVESTIMENTO RENDA FIXA CRÉDITO PRIVADO INFRAESTRUTURA INCENTIVADO;2017-06-08;Cancelado;2017-06-08;;2021-03-01;2022-02-28;81249602.83;2017-06-07;ANDRE BERNARDINO DA CRUZ FILHO;00066670000100;BEM - DISTRIBUIDORA DE TITULOS E VALORES MOBILIARIOS LTDA.;PJ;03356267000104;GPS PLANEJAMENTO FINANCEIRO LTDA
55010;26740634000174;273023;2017-02-17;2017-02-16;FI;MUSTANG FIF INVESTIMENTO EM INFRA CIC DE INVESTIMENTO EM INFRAESTRUTURA RENDA FIXA RESP LIMITADA;;Em Funcionamento Normal;2017-02-23;2024-07-31;2026-01-01;2026-12-31;9508214.88;2024-12-19;MARCIO AURELIO DE NOBREGA;65913436000117;SAFRA ASSET CORRETORA DE TÍTULOS E VALORES MOBILIÁRIOS S.A.;PJ;01638542000157;SAFRA DISTRIBUIDORA DE TÍTULOS E VALORES MOBILIÁRIOS LTDA.
55109;26803233000116;296821;2018-03-21;2018-03-19;FI;XP DEB INCENT CDI CRÉD PRIV FIF INCENTIVADO DE INVESTIMENTO EM INFRAESTRUTURA RENDA FIXA - RESP LTDA;;Em Funcionamento Normal;2018-03-29;2025-05-07;2026-01-01;2026-12-31;1937046765.36;2025-07-01;PETERSON ANTONIO DA PAZ;02201501000161;BNY MELLON SERVICOS FINANCEIROS DTVM S.A.;PJ;16789525000198;XP VISTA ASSET MANAGEMENT LTDA.
55291;27036368000166;274003;2017-03-06;2017-03-06;FI;CRODO FUNDO INCENTIVADO DE INVESTIMENTO FINANCEIRO EM INFRAESTRUTURA RENDA FIXA;;Em Funcionamento Normal;2017-03-21;2025-04-14;2026-03-01;2027-02-28;92772937.86;2025-04-24;GUSTAVO COTTA PIERSANTI;59281253000123;BTG PACTUAL SERVIÇOS FINANCEIROS S/A DTVM;PJ;12695840000103;BTG PACTUAL GESTÃO E CONSULTORIA DE INVESTIMENTOS LTDA
55323;27146983000125;279820;2017-06-16;2017-06-08;FI;SAFRA INFRAESTRUTURA VIP FIF INV EM INFRAESTRUTURA CIC DE INV EM INFRA RF LONGO PRAZO RESP LIMITADA;;Em Funcionamento Normal;2017-06-20;2025-04-14;2026-04-01;2027-03-31;39413564.88;2025-07-01;MARCIO AURELIO DE NOBREGA;65913436000117;SAFRA ASSET CORRETORA DE TÍTULOS E VALORES MOBILIÁRIOS S.A.;PJ;65913436000117;SAFRA ASSET CORRETORA DE TÍTULOS E VALORES MOBILIÁRIOS S.A.
55324;27146997000149;279811;2017-06-16;2017-06-08;FI;SAFRA INFRAESTRUTURA PREMIUM FIF INV EM INFRA CIC DE INV EM INFRA RF LONGO PRAZO RESP LIMITADA;;Em Funcionamento Normal;2017-06-20;2025-04-14;2026-04-01;2027-03-31;43818866.12;2025-07-01;MARCIO AURELIO DE NOBREGA;65913436000117;SAFRA ASSET CORRETORA DE TÍTULOS E VALORES MOBILIÁRIOS S.A.;PJ;65913436000117;SAFRA ASSET CORRETORA DE TÍTULOS E VALORES MOBILIÁRIOS S.A.
55326;27147055000185;275387;2017-03-24;2017-03-22;FI;RAMU FUNDO DE INVESTIMENTO FINANCEIRO INVESTIMENTO EM INFRAESTRUTURA CIC DE INV EM INFRA RENDA FIXA;;Em Funcionamento Normal;2017-04-19;2025-04-24;2026-07-01;2027-06-30;27636153.00;2025-07-01;MARCIO AURELIO DE NOBREGA;65913436000117;SAFRA ASSET CORRETORA DE TÍTULOS E VALORES MOBILIÁRIOS S.A.;PJ;65913436000117;SAFRA ASSET CORRETORA DE TÍTULOS E VALORES MOBILIÁRIOS S.A.
55346;27202414000150;279803;2017-06-16;2017-06-08;FI;SAFRA INFRAESTRUTURA MAX FIF INV EM INFRAESTRUTURA CIC DE INV EM INFRA RF LONGO PRAZO RESP LIMITADA;;Em Funcionamento Normal;2017-06-20;2025-04-14;2026-07-01;2027-06-30;39777276.57;2025-07-01;MARCIO AURELIO DE NOBREGA;65913436000117;SAFRA ASSET CORRETORA DE TÍTULOS E VALORES MOBILIÁRIOS S.A.;PJ;65913436000117;SAFRA ASSET CORRETORA DE TÍTULOS E VALORES MOBILIÁRIOS S.A.
55423;27328595000165;276022;2017-04-05;2017-04-05;FI;SPEED INFRA CLASSE DE INVESTIMENTO EM RENDA FIXA INFRAESTRUTURA INCENTIVADO - RESP LIMITADA;2025-08-13;Cancelado;2025-08-13;2025-01-15;2025-03-01;2026-02-28;27215376.12;2025-04-11;ANGELA AMODEO;62318407000119;S3 CACEIS BRASIL DISTRIBUIDORA DE TITULOS E VALORES MOBILIARIOS S.A;PJ;12695840000103;BTG PACTUAL GESTÃO E CONSULTORIA DE INVESTIMENTOS LTDA
55468;27381496000147;276790;2017-04-20;2017-04-20;FI;II ALOCAÇÃO FUNDO INCENTIVADO DE INVESTIMENTO EM INFRAESTRUTURA RENDA FIXA;2022-08-11;Cancelado;2022-08-11;;2022-03-01;2023-02-28;0.00;2022-08-22;ANDRE BERNARDINO DA CRUZ FILHO;00066670000100;BEM - DISTRIBUIDORA DE TITULOS E VALORES MOBILIARIOS LTDA.;PJ;12695840000103;BTG PACTUAL GESTÃO E CONSULTORIA DE INVESTIMENTOS LTDA
55527;27477351000144;296651;2018-03-16;2017-02-21;FI;PEDRA NEGRA SUPRA FUNDO DE INVESTIMENTO MULTIMERCADO CRÉDITO PRIVADO INFRAESTRUTURA;2018-11-30;Cancelado;2018-11-30;;2020-11-01;2021-10-31;0.00;2018-12-10;;;;;;
55593;27565982000115;312770;2018-11-23;2017-02-21;FI;PRECIOSO FUNDO INCENTIVADO DE INVESTIMENTO FINANCEIRO EM INFRAESTRUTURA RENDA FIXA;;Em Funcionamento Normal;2018-12-18;2025-06-26;2026-09-01;2027-08-31;29559224.26;2025-07-01;GUSTAVO COTTA PIERSANTI;59281253000123;BTG PACTUAL SERVIÇOS FINANCEIROS S/A DTVM;PJ;12695840000103;BTG PACTUAL GESTÃO E CONSULTORIA DE INVESTIMENTOS LTDA
55644;27619673000180;313106;2018-11-29;2017-04-12;FI;BV INFRAESTRUTURA HEDGE RENDA FIXA CRÉDITO PRIVADO FUNDO DE INVESTIMENTO;2021-05-26;Cancelado;2021-05-26;;2020-12-01;2021-11-30;0.00;2021-06-08;ALEXANDRE LUIZ ZIMATH;03384738000198;TIVIO CAPITAL DISTRIBUIDORA DE TITULOS E VALORES MOBILIARIOS S.A.;PJ;03384738000198;TIVIO CAPITAL DISTRIBUIDORA DE TITULOS E VALORES MOBILIARIOS S.A.
55679;27696698000188;280828;2017-06-30;2017-06-30;FI;G5 FUNDO INCENTIVADO DE INVESTIMENTO FINANCEIRO EM INFRAESTRUTURA RENDA FIXA;;Em Funcionamento Normal;2017-08-03;2024-12-02;2026-07-01;2027-06-30;204921810.12;2025-03-21;GUSTAVO COTTA PIERSANTI;59281253000123;BTG PACTUAL SERVIÇOS FINANCEIROS S/A DTVM;PJ;09446129000100;G5 ADMINISTRADORA DE RECURSOS LTDA.
55691;27717045000138;279528;2017-06-12;2017-06-08;FI;RB VITÓRIA FIC DE FUNDOS INCENTIVADO DE INVESTIMENTO FINANCEIRO EM INFRAESTRUTURA RENDA FIXA - RL;;Em Funcionamento Normal;2017-08-15;2025-03-26;2026-07-01;2027-06-30;238427875.20;2025-03-28;PETERSON ANTONIO DA PAZ;02201501000161;BNY MELLON SERVICOS FINANCEIROS DTVM S.A.;PJ;07981934000109;RB ASSET MANAGEMENT LTDA
55749;27782888000118;280542;2017-06-27;2017-05-11;FI;SAFRA INFRAESTRUTURA PREMIUM PROFISSIONAL FIF INV EM INFRAESTRUTURA CI EM INFRA RF RESP LIMITADA;;Em Funcionamento Normal;2017-08-22;2025-04-14;2026-04-01;2027-03-31;27665111.14;2025-07-01;MARCIO AURELIO DE NOBREGA;65913436000117;SAFRA ASSET CORRETORA DE TÍTULOS E VALORES MOBILIÁRIOS S.A.;PJ;65913436000117;SAFRA ASSET CORRETORA DE TÍTULOS E VALORES MOBILIÁRIOS S.A.
55752;27782944000114;284165;2017-08-17;2017-08-14;FI;SAFRA INFRAESTRUTURA PROFIT FIF INV EM INFRA CIC DE INV EM INFRA RF LONGO PRAZO RESP LIMITADA;;Em Funcionamento Normal;2017-08-22;2025-04-14;2026-04-01;2027-03-31;13868538.41;2025-07-01;MARCIO AURELIO DE NOBREGA;65913436000117;SAFRA ASSET CORRETORA DE TÍTULOS E VALORES MOBILIÁRIOS S.A.;PJ;65913436000117;SAFRA ASSET CORRETORA DE TÍTULOS E VALORES MOBILIÁRIOS S.A.
55828;27923072000167;313203;2018-11-29;2018-11-21;FI;CAPITÂNIA INFRA 90 FUNDO INCENTIVADO DE INVESTIMENTO FINANCEIRO EM INFRAESTRUTURA RENDA FIXA II;2025-12-08;Cancelado;2025-12-08;2025-06-11;2025-01-01;2025-12-31;115456429.69;2025-06-12;GUSTAVO COTTA PIERSANTI;59281253000123;BTG PACTUAL SERVIÇOS FINANCEIROS S/A DTVM;PJ;41793345000127;CAPITANIA CAPITAL S.A.
55857;27933923000152;302481;2018-06-11;2018-06-07;FI;TONDELA 2 FIF INVESTIMENTO EM INFRAESTRUTURA CIC DE INVESTIMENTO EM INFRAESTRUTURA RENDA FIXA;2026-01-15;Cancelado;2026-01-15;2025-03-27;2025-09-01;2026-08-31;34849453.19;2025-04-09;MARCIO AURELIO DE NOBREGA;65913436000117;SAFRA ASSET CORRETORA DE TÍTULOS E VALORES MOBILIÁRIOS S.A.;PJ;65913436000117;SAFRA ASSET CORRETORA DE TÍTULOS E VALORES MOBILIÁRIOS S.A.
55910;27954376000191;281557;2017-07-10;2017-07-07;FI;NAVI HIGH INCOME FI EM COTAS DE FUNDOS INCENTIVADOS DE INVESTIMENTO EM INFRAESTRUTURA RENDA FIXA;2022-12-29;Cancelado;2022-12-29;;2022-07-01;2023-06-30;0.00;2023-02-13;ALLAN HADID;59281253000123;BTG PACTUAL SERVIÇOS FINANCEIROS S/A DTVM;PJ;34745508000130;NAVI YIELD - ADMINISTRADORA E GESTORA DE RECURSOS FINANCEIROS LTDA.
55979;28025408000137;324710;2019-05-09;2019-05-08;FI;BB RENDA FIXA INCENTIVADO FIC FIF INVESTIMENTO EM INFRAESTRUTURA PRIVATE RESPONSABILIDADE LIMITADA;;Em Funcionamento Normal;2019-05-13;2025-06-24;2026-07-01;2027-06-30;213705075.91;2025-06-24;DANIEL ALMEIDA BOGADO LEITE;30822936000169;BB GESTAO DE RECURSOS DTVM S.A;PJ;30822936000169;BB GESTAO DE RECURSOS DTVM S.A
56066;28075258000176;281760;2017-07-12;2017-07-10;FI;EMAC FIF INVESTIMENTO EM INFRAESTRUTURA CIC DE INVESTIMENTO EM INFRAESTRUTURA RENDA FIXA;;Em Funcionamento Normal;2017-07-17;2025-03-10;2025-10-01;2026-09-30;14300907.73;2025-07-01;MARCIO AURELIO DE NOBREGA;65913436000117;SAFRA ASSET CORRETORA DE TÍTULOS E VALORES MOBILIÁRIOS S.A.;PJ;65913436000117;SAFRA ASSET CORRETORA DE TÍTULOS E VALORES MOBILIÁRIOS S.A.
56267;28254592000197;283975;2017-08-15;2017-06-26;FI;XP SMM 2 FUNDO DE INVESTIMENTO EM INFRAESTRUTURA RENDA FIXA CRÉDITO PRIVADO;2025-05-13;Cancelado;2025-05-13;2025-01-30;2024-08-01;2025-07-31;12482104.46;2025-03-31;LIZANDRO SOMMER ARNONI;02332886000104;XP INVESTIMENTOS CCTVM S.A.;PJ;15289957000177;XP ADVISORY GESTAO DE RECURSOS LTDA
56442;28454176000132;287130;2017-10-05;2017-10-04;FI;ZETA FIF INVEST EM INFRAESTRUTURA CLASSE DE INVESTIMENTO EM INFRAESTRUTURA RENDA FIXA RESP LIMITADA;;Em Funcionamento Normal;2017-10-17;2025-02-11;2025-10-01;2026-09-30;200678114.86;2025-07-01;MARCIO AURELIO DE NOBREGA;65913436000117;SAFRA ASSET CORRETORA DE TÍTULOS E VALORES MOBILIÁRIOS S.A.;PJ;65913436000117;SAFRA ASSET CORRETORA DE TÍTULOS E VALORES MOBILIÁRIOS S.A.
56635;28651550000190;291625;2017-12-20;2017-12-20;FI;TONDELA FIF INV EM INFRAESTRUTURA CIC DE INV EM INFRAESTRUTURA RENDA FIXA;;Em Funcionamento Normal;2018-01-29;2025-02-04;2025-10-01;2026-09-30;16214055.75;2025-07-01;MARCIO AURELIO DE NOBREGA;65913436000117;SAFRA ASSET CORRETORA DE TÍTULOS E VALORES MOBILIÁRIOS S.A.;PJ;65913436000117;SAFRA ASSET CORRETORA DE TÍTULOS E VALORES MOBILIÁRIOS S.A.
57572;29733775000158;307475;2018-09-17;2018-09-17;FI;III ALOCAÇÃO FUNDO INCENTIVADO DE INVESTIMENTO EM INFRAESTRUTURA RENDA FIXA;2022-08-11;Cancelado;2022-08-11;;2021-09-01;2022-08-31;0.00;2022-08-22;ANDRE BERNARDINO DA CRUZ FILHO;00066670000100;BEM - DISTRIBUIDORA DE TITULOS E VALORES MOBILIARIOS LTDA.;PJ;12695840000103;BTG PACTUAL GESTÃO E CONSULTORIA DE INVESTIMENTOS LTDA
57819;30102276000141;302953;2018-06-18;2018-01-19;FI;SANTANDER HERMES RENDA FIXA FUNDO INCENTIVADO DE INVESTIMENTO EM INFRAESTRUTURA - FIF;;Em Funcionamento Normal;2018-11-23;2025-05-13;2026-01-01;2026-12-31;965156798.25;2025-06-04;ALESSANDRO CHAGAS FARIAS;03502968000104;SANTANDER DISTRIBUIDORA DE TÍTULOS E VALORES MOBILIÁRIOS S.A.;PJ;90400888000142;BANCO SANTANDER (BRASIL) S.A.
57838;30103421000109;301388;2018-05-29;2018-05-28;FI;CAPARARI FIF INVESTIMENTO EM INFRAESTRUTURA CIC DE INVESTIMENTO EM INFRA RENDA FIXA;2026-06-23;Cancelado;2026-06-23;2025-02-28;2025-10-01;2026-09-30;14266959.88;2025-07-01;MARCIO AURELIO DE NOBREGA;65913436000117;SAFRA ASSET CORRETORA DE TÍTULOS E VALORES MOBILIÁRIOS S.A.;PJ;65913436000117;SAFRA ASSET CORRETORA DE TÍTULOS E VALORES MOBILIÁRIOS S.A.
58010;30354057000150;318744;2019-02-26;2018-03-28;FI;ACATUS FIF INVESTIMENTO EM INFRAESTRUTURA CIC DE INVESTIMENTO EM INFRAESTRUTURA RENDA FIXA;2026-05-20;Cancelado;2026-05-20;2025-02-28;2026-01-01;2026-12-31;18306188.36;2025-07-01;MARCIO AURELIO DE NOBREGA;65913436000117;SAFRA ASSET CORRETORA DE TÍTULOS E VALORES MOBILIÁRIOS S.A.;PJ;65913436000117;SAFRA ASSET CORRETORA DE TÍTULOS E VALORES MOBILIÁRIOS S.A.
58160;30493677000170;318892;2019-02-26;2018-04-03;FI;SANTANDER INFLAÇÃO FUNDO INCENTIVADO DE INVESTIMENTO EM INFRAESTRUTURA - FIF RESP LIMITADA;;Em Funcionamento Normal;2019-03-11;2025-03-24;2026-03-01;2027-02-28;965235315.61;2025-03-27;ALESSANDRO CHAGAS FARIAS;03502968000104;SANTANDER DISTRIBUIDORA DE TÍTULOS E VALORES MOBILIÁRIOS S.A.;PJ;10231177000152;SANTANDER BRASIL GESTÃO DE RECURSOS LTDA
58162;30493708000192;318906;2019-02-26;2018-04-03;FI;SANTANDER FUNDO INCENTIVADO CDI INVESTIMENTO EM INFRAESTRUTURA RF CRED PRIV - FIF RESP LIMITADA;2025-08-25;Cancelado;2025-08-25;2025-03-24;2025-03-01;2026-02-28;1868547474.89;2025-03-27;ALESSANDRO CHAGAS FARIAS;03502968000104;SANTANDER DISTRIBUIDORA DE TÍTULOS E VALORES MOBILIÁRIOS S.A.;PJ;10231177000152;SANTANDER BRASIL GESTÃO DE RECURSOS LTDA
58341;30568861000131;328316;2019-06-19;2018-04-13;FI;AGADIR FUNDO INCENTIVADO DE INVESTIMENTO EM INFRAESTRUTURA RENDA FIXA;;Em Funcionamento Normal;2019-07-23;2025-05-13;2026-05-01;2027-04-30;150880772.86;2025-05-13;GUSTAVO COTTA PIERSANTI;59281253000123;BTG PACTUAL SERVIÇOS FINANCEIROS S/A DTVM;PJ;12695840000103;BTG PACTUAL GESTÃO E CONSULTORIA DE INVESTIMENTOS LTDA
58420;30618457000125;320340;2019-03-22;2019-03-20;FI;PLURAL DEBÊNTURES INCENTIVADAS HEDGE MASTER FIF RENDA FIXA INVESTIMENTO EM INFRAESTRUTURA - RL;;Em Funcionamento Normal;2019-04-01;2024-12-27;2026-01-01;2026-12-31;698493247.58;2024-12-26;PETERSON ANTONIO DA PAZ;02201501000161;BNY MELLON SERVICOS FINANCEIROS DTVM S.A.;PJ;11397672000280;PLURAL GESTÃO DE RECURSOS LTDA
58428;30624441000125;303542;2018-06-28;2018-06-28;FI;BAMBU9 FIF EM INFRAESTRUTURA CIC DE INVESTIMENTO EM INFRAESTRUTURA RENDA FIXA;2026-01-20;Cancelado;2026-01-20;2025-01-13;2025-10-01;2026-09-30;11164330.26;2025-07-01;MARCIO AURELIO DE NOBREGA;65913436000117;SAFRA ASSET CORRETORA DE TÍTULOS E VALORES MOBILIÁRIOS S.A.;PJ;65913436000117;SAFRA ASSET CORRETORA DE TÍTULOS E VALORES MOBILIÁRIOS S.A.
58467;30652413000111;305570;2018-08-13;2018-08-08;FI;SPARTA MASTER FIC DE FUNDOS INCENTIVADOS DE INVESTIMENTO EM INFRAESTRUTURA RENDA FIXA;2020-10-22;Cancelado;2020-10-22;;2021-01-01;2021-12-31;0.00;2020-12-17;CARLOS ALBERTO SARAIVA;02201501000161;BNY MELLON SERVICOS FINANCEIROS DTVM S.A.;PJ;72745714000130;SPARTA ADMINISTRADORA DE RECURSOS LTDA
58490;30665679000107;303879;2018-07-04;2018-06-28;FI;XPA GGG FUNDO DE INVESTIMENTO EM INFRAESTRUTURA RENDA FIXA CRÉDITO PRIVADO;;Em Funcionamento Normal;2018-07-23;2024-09-06;2026-01-01;2026-12-31;24484618.44;2024-10-09;LIZANDRO SOMMER ARNONI;02332886000104;XP INVESTIMENTOS CCTVM S.A.;PJ;15289957000177;XP ADVISORY GESTAO DE RECURSOS LTDA
58563;30909986000188;306568;2018-08-29;2018-08-27;FI;DEVANT FUNDO INCENTIVADO DE INVESTIMENTO EM INFRAESTRUTURA RENDA FIXA CP;2023-02-23;Cancelado;2023-02-23;;2023-01-01;2023-12-31;728254.95;2023-02-16;ERICK WARNER DE CARVALHO;62232889000190;BANCO DAYCOVAL S.A.;PJ;28363263000184;DEVANT ASSET INVESTIMENTOS LTDA
58766;31120420000135;313033;2018-11-28;2018-11-28;FI;JOURNEY CAPITAL ENDURANCE FUNDO INCENTIVADO DE INVESTIMENTO FINANCEIRO EM INFRAESTRUTURA RENDA FIXA;;Em Funcionamento Normal;2018-11-29;2024-03-24;2026-07-01;2027-06-30;52950951.23;2025-04-09;GUSTAVO COTTA PIERSANTI;59281253000123;BTG PACTUAL SERVIÇOS FINANCEIROS S/A DTVM;PJ;20316689000175;JOURNEY CAPITAL ADMINISTRACAO DE RECURSOS LTDA
